src_idx,dst_idx,weight
463,150,3.3614
80,684,3.3614
80,156,3.3614
80,743,3.3614
38,833,3.3614
38,71,3.3614
354,485,3.3614
354,848,3.3614
354,496,3.3614
106,234,3.3614
106,144,3.3614
482,256,3.3614
234,144,3.3614
850,231,3.3614
518,523,3.3614
176,595,3.3614
176,243,3.3614
176,697,3.3614
176,628,3.3614
398,223,3.3614
398,194,3.3614
398,200,3.3614
852,88,3.3614
852,79,3.3614
852,846,3.3614
852,254,3.3614
852,231,3.3614
852,646,3.3614
852,771,3.3614
852,498,3.3614
548,252,3.3614
595,243,3.3614
595,697,3.3614
595,628,3.3614
661,576,3.3614
661,721,3.3614
661,539,3.3614
806,684,3.3614
806,378,3.3614
658,72,3.3614
85,254,3.3614
593,833,3.3614
296,6,3.3614
485,848,3.3614
485,496,3.3614
88,846,3.3614
88,355,3.3614
583,792,3.3614
684,434,3.3614
684,645,3.3614
684,156,3.3614
684,743,3.3614
434,645,3.3614
833,191,3.3614
833,370,3.3614
193,687,3.3614
569,689,3.3614
79,645,3.3614
79,846,3.3614
79,254,3.3614
79,231,3.3614
79,355,3.3614
79,771,3.3614
79,498,3.3614
461,846,3.3614
461,35,3.3614
461,355,3.3614
461,788,3.3614
283,792,3.3614
191,780,3.3614
645,254,3.3614
645,378,3.3614
576,721,3.3614
576,616,3.3614
576,89,3.3614
576,351,3.3614
576,17,3.3614
576,104,3.3614
767,450,3.3614
156,743,3.3614
379,425,3.3614
721,616,3.3614
139,780,3.3614
848,496,3.3614
243,697,3.3614
243,628,3.3614
149,780,3.3614
149,262,3.3614
149,843,3.3614
149,396,3.3614
846,254,3.3614
846,250,3.3614
846,524,3.3614
846,797,3.3614
846,35,3.3614
846,355,3.3614
846,788,3.3614
195,859,3.3614
254,231,3.3614
254,646,3.3614
254,355,3.3614
254,771,3.3614
254,498,3.3614
223,194,3.3614
141,378,3.3614
780,262,3.3614
780,843,3.3614
780,396,3.3614
697,628,3.3614
231,771,3.3614
231,498,3.3614
194,200,3.3614
250,355,3.3614
250,788,3.3614
378,355,3.3614
165,104,3.3614
725,472,3.3614
616,17,3.3614
616,104,3.3614
524,35,3.3614
524,355,3.3614
204,72,3.3614
89,17,3.3614
262,843,3.3614
262,396,3.3614
797,35,3.3614
797,355,3.3614
797,788,3.3614
35,355,3.3614
35,788,3.3614
355,788,3.3614
17,104,3.3614
771,498,3.3614
482,165,3.36139999999999
612,399,3.36139999999999
743,378,3.36139999999999
661,17,3.3613999999998
658,204,3.3613999999998
583,283,3.3613999999998
576,539,3.3613999999998
721,539,3.3613999999998
223,200,3.3613999999998
539,17,3.3613999999998
89,104,3.36139999999965
833,378,3.36139999999915
850,852,3.36139999999808
852,722,3.36139999999808
249,551,3.36139999999795
249,167,3.36139999999795
623,526,3.36139999999795
494,382,3.36139999999795
494,230,3.36139999999795
2,839,3.36139999999795
2,766,3.36139999999795
2,794,3.36139999999795
2,786,3.36139999999795
2,395,3.36139999999795
382,230,3.36139999999795
839,766,3.36139999999795
839,794,3.36139999999795
839,786,3.36139999999795
839,395,3.36139999999795
766,794,3.36139999999795
766,786,3.36139999999795
766,395,3.36139999999795
469,336,3.36139999999795
794,786,3.36139999999795
794,395,3.36139999999795
629,68,3.36139999999795
551,167,3.36139999999795
786,395,3.36139999999795
294,355,3.36139999999782
80,806,3.36139999999736
80,434,3.36139999999736
806,156,3.36139999999736
862,811,3.36139999999736
862,138,3.36139999999736
434,156,3.36139999999736
231,646,3.36139999999736
631,524,3.36139999999736
593,191,3.36139999999663
846,231,3.36139999999663
461,797,3.3613999999958
88,250,3.36139999999161
463,635,3.36139999998681
80,141,3.36139999998681
156,141,3.36139999998681
139,149,3.36139999998585
165,86,3.36139999998585
482,86,3.36139999998289
607,149,3.36139999998289
837,616,3.36139999998289
616,351,3.36139999998289
86,662,3.36139999998289
384,266,3.36139999996067
384,375,3.36139999996067
530,512,3.36139999995668
25,625,3.36139999995668
249,728,3.36139999995668
482,239,3.36139999995668
548,2,3.36139999995668
548,839,3.36139999995668
548,766,3.36139999995668
548,794,3.36139999995668
548,786,3.36139999995668
548,395,3.36139999995668
2,830,3.36139999995668
239,662,3.36139999995668
728,551,3.36139999995668
728,167,3.36139999995668
839,830,3.36139999995668
766,830,3.36139999995668
614,629,3.36139999995668
614,68,3.36139999995668
508,469,3.36139999995668
508,336,3.36139999995668
712,186,3.36139999995668
712,263,3.36139999995668
712,512,3.36139999995668
794,830,3.36139999995668
786,830,3.36139999995668
89,690,3.36139999995668
395,830,3.36139999995668
539,104,3.36139999995421
806,743,3.3613999999537
593,370,3.3613999999537
434,743,3.3613999999537
231,250,3.3613999999537
250,771,3.3613999999537
593,645,3.36139999995167
282,658,3.36139999993366
88,788,3.36139999993366
576,462,3.36139999993366
721,17,3.36139999993366
462,17,3.36139999993366
607,780,3.36139999991811
254,250,3.36139999990588
852,355,3.36139999990485
86,104,3.36139999989538
461,524,3.36139999987061
106,503,3.36139999982371
635,560,3.36139999982371
767,144,3.36139999982371
743,141,3.36139999982371
165,256,3.36139999982371
25,646,3.36139999969981
477,283,3.36139999969981
661,690,3.36139999969981
2,252,3.36139999969981
839,252,3.36139999969981
766,252,3.36139999969981
794,252,3.36139999969981
629,21,3.36139999969981
68,21,3.36139999969981
114,247,3.36139999969981
539,690,3.36139999969981
786,252,3.36139999969981
97,215,3.36139999969981
395,252,3.36139999969981
294,846,3.36139999968864
282,72,3.36139999968742
613,654,3.36139999968742
866,689,3.36139999968742
88,231,3.36139999968742
123,318,3.36139999968742
231,788,3.36139999968742
631,35,3.36139999968742
645,141,3.36139999961784
38,370,3.36139999946064
593,378,3.36139999943452
79,646,3.36139999943074
661,616,3.36139999929142
539,616,3.36139999929142
530,712,3.36139999919772
482,662,3.36139999919772
850,722,3.36139999919772
176,618,3.36139999919772
548,830,3.36139999919772
595,618,3.36139999919772
804,837,3.36139999919772
243,618,3.36139999919772
195,529,3.36139999919772
77,356,3.36139999919772
697,618,3.36139999919772
837,89,3.36139999919772
628,618,3.36139999919772
576,165,3.36139999888969
721,165,3.36139999888969
852,191,3.3613999987495
249,716,3.36139999872249
477,792,3.36139999872249
709,560,3.36139999872249
494,716,3.36139999872249
449,716,3.36139999872249
239,256,3.36139999872249
361,57,3.36139999872249
382,716,3.36139999872249
560,84,3.36139999872249
577,381,3.36139999872249
716,551,3.36139999872249
716,230,3.36139999872249
716,167,3.36139999872249
256,215,3.36139999872249
593,231,3.36139999861086
852,250,3.3613999985788
461,250,3.3613999985788
645,797,3.36139999816045
137,254,3.36139999808103
254,788,3.36139999808103
451,799,3.36139999672581
721,104,3.36139999672581
462,104,3.36139999672581
477,583,3.36139999590939
866,629,3.36139999590939
866,68,3.36139999590939
784,493,3.36139999590939
576,690,3.36139999590939
721,690,3.36139999590939
123,752,3.36139999590939
513,647,3.36139999590939
462,690,3.36139999590939
690,17,3.36139999590939
589,165,3.36139999520325
139,396,3.36139999520325
843,396,3.36139999520325
152,625,3.36139999461422
661,89,3.36139999461422
661,351,3.36139999461422
625,646,3.36139999461422
614,21,3.36139999461422
859,529,3.36139999461422
539,89,3.36139999461422
539,351,3.36139999461422
252,830,3.36139999461422
86,256,3.36139999274795
852,788,3.36139999156152
88,461,3.36139999156152
61,11,3.36139999092081
231,355,3.36139999019083
631,355,3.36139999019083
850,254,3.3613999895026
254,722,3.3613999895026
25,231,3.36139998915449
280,186,3.36139998915449
862,834,3.36139998915449
569,278,3.36139998915449
569,430,3.36139998915449
589,717,3.36139998915449
589,215,3.36139998915449
278,689,3.36139998915449
487,725,3.36139998915449
689,430,3.36139998915449
498,855,3.36139998915449
191,149,3.36139998863173
79,191,3.36139998848614
38,593,3.3613999860807
631,797,3.3613999860807
234,767,3.36139998536539
234,503,3.36139998536539
829,846,3.36139998536539
38,378,3.36139998500516
378,797,3.36139998500516
833,645,3.36139997890713
150,560,3.36139997738788
147,767,3.36139997738788
728,716,3.36139997738788
767,677,3.36139997738788
503,450,3.36139997738788
256,662,3.36139997738788
709,635,3.36139997487826
239,165,3.36139997487826
141,46,3.36139997487826
141,366,3.36139997487826
144,499,3.36139997487826
165,717,3.36139997487826
80,378,3.36139997487172
156,378,3.36139997487172
716,780,3.36139997211982
829,79,3.36139997014327
79,250,3.36139997014327
852,593,3.36139996449137
561,811,3.36139996417038
561,138,3.36139996417038
811,138,3.36139996417038
539,247,3.36139996417038
137,85,3.36139995798719
79,797,3.36139995510885
451,144,3.36139995304813
139,425,3.36139995304813
257,645,3.36139994940327
645,370,3.36139994940327
344,104,3.3613999474391
690,104,3.3613999474391
141,355,3.36139994689394
354,71,3.3613999281416
482,721,3.3613999281416
485,71,3.3613999281416
866,614,3.3613999281416
799,195,3.3613999281416
799,529,3.3613999281416
576,837,3.3613999281416
721,89,3.3613999281416
721,351,3.3613999281416
837,17,3.3613999281416
462,89,3.3613999281416
462,351,3.3613999281416
351,17,3.3613999281416
645,355,3.36139992283867
806,833,3.36139991803935
668,817,3.36139991803935
684,689,3.36139991803935
153,11,3.36139991191527
25,852,3.36139989843413
461,497,3.36139989843413
765,557,3.36139989843413
557,758,3.36139989843413
294,797,3.36139986571103
463,560,3.36139985026449
153,352,3.36139985026449
250,524,3.36139985026449
97,256,3.36139985026449
780,472,3.36139984837788
684,378,3.36139984102018
593,616,3.36139982540457
589,86,3.36139982540457
684,278,3.36139981589019
817,271,3.36139981589019
530,280,3.36139981043996
280,712,3.36139981043996
850,593,3.36139981043996
176,668,3.36139981043996
595,668,3.36139981043996
593,722,3.36139981043996
625,231,3.36139981043996
668,243,3.36139981043996
668,697,3.36139981043996
668,628,3.36139981043996
668,266,3.36139981043996
668,618,3.36139981043996
569,756,3.36139981043996
756,689,3.36139981043996
607,396,3.36139981043996
722,231,3.36139981043996
79,461,3.36139977514782
79,557,3.36139977514782
378,370,3.36139975931255
684,141,3.36139972641048
137,645,3.36139971218303
239,86,3.36139968333706
344,616,3.36139968333706
86,717,3.36139968333706
294,461,3.36139966087387
451,254,3.36139965456443
191,396,3.36139965180468
846,631,3.36139965180468
846,771,3.36139965180468
102,720,3.36139964844659
159,383,3.36139964844659
159,471,3.36139964844659
159,371,3.36139964844659
159,542,3.36139964844659
404,187,3.36139964844659
404,363,3.36139964844659
404,224,3.36139964844659
404,443,3.36139964844659
404,838,3.36139964844659
404,746,3.36139964844659
404,337,3.36139964844659
404,824,3.36139964844659
404,738,3.36139964844659
404,109,3.36139964844659
187,363,3.36139964844659
187,224,3.36139964844659
187,443,3.36139964844659
187,838,3.36139964844659
187,746,3.36139964844659
187,337,3.36139964844659
187,824,3.36139964844659
187,738,3.36139964844659
187,109,3.36139964844659
745,304,3.36139964844659
642,615,3.36139964844659
642,545,3.36139964844659
642,322,3.36139964844659
220,405,3.36139964844659
220,284,3.36139964844659
63,306,3.36139964844659
63,424,3.36139964844659
363,224,3.36139964844659
363,443,3.36139964844659
363,838,3.36139964844659
363,746,3.36139964844659
363,337,3.36139964844659
363,824,3.36139964844659
363,738,3.36139964844659
363,109,3.36139964844659
224,443,3.36139964844659
224,838,3.36139964844659
224,746,3.36139964844659
224,337,3.36139964844659
224,824,3.36139964844659
224,738,3.36139964844659
224,109,3.36139964844659
443,838,3.36139964844659
443,746,3.36139964844659
443,337,3.36139964844659
443,824,3.36139964844659
443,738,3.36139964844659
443,109,3.36139964844659
168,75,3.36139964844659
742,10,3.36139964844659
132,357,3.36139964844659
838,746,3.36139964844659
838,337,3.36139964844659
838,824,3.36139964844659
838,738,3.36139964844659
838,109,3.36139964844659
519,270,3.36139964844659
519,798,3.36139964844659
519,520,3.36139964844659
519,64,3.36139964844659
405,284,3.36139964844659
706,403,3.36139964844659
706,293,3.36139964844659
615,545,3.36139964844659
615,322,3.36139964844659
746,337,3.36139964844659
746,824,3.36139964844659
746,738,3.36139964844659
746,109,3.36139964844659
306,424,3.36139964844659
383,471,3.36139964844659
383,371,3.36139964844659
383,542,3.36139964844659
120,559,3.36139964844659
120,307,3.36139964844659
337,824,3.36139964844659
337,738,3.36139964844659
337,109,3.36139964844659
471,371,3.36139964844659
471,542,3.36139964844659
559,307,3.36139964844659
400,854,3.36139964844659
824,738,3.36139964844659
824,109,3.36139964844659
460,678,3.36139964844659
251,372,3.36139964844659
403,293,3.36139964844659
270,798,3.36139964844659
270,520,3.36139964844659
270,64,3.36139964844659
798,520,3.36139964844659
798,64,3.36139964844659
545,322,3.36139964844659
520,64,3.36139964844659
738,109,3.36139964844659
371,542,3.36139964844659
137,79,3.36139961029004
88,79,3.36139961029004
79,788,3.36139961029004
106,450,3.36139956258344
150,635,3.36139956258344
147,144,3.36139956258344
607,843,3.36139956258344
4,144,3.36139956258344
379,266,3.36139956258344
379,375,3.36139956258344
144,677,3.36139956258344
165,351,3.36139956258344
165,662,3.36139956258344
61,698,3.36139952566778
661,462,3.36139952566778
866,21,3.36139952566778
88,524,3.36139952566778
583,500,3.36139952566778
71,848,3.36139952566778
71,496,3.36139952566778
799,859,3.36139952566778
539,462,3.36139952566778
247,17,3.36139952566778
524,788,3.36139952566778
234,499,3.36139947876509
234,366,3.36139947876509
623,384,3.36139947876509
526,384,3.36139947876509
191,278,3.36139947876509
165,616,3.36139941928116
829,250,3.36139937604314
153,560,3.36139937604314
767,503,3.36139937604314
850,79,3.36139935194297
79,722,3.36139935194297
487,472,3.36139917346402
684,79,3.36139910062348
354,425,3.36139908765482
482,104,3.36139908765482
485,425,3.36139908765482
425,375,3.36139908765482
837,104,3.36139908765482
351,104,3.36139908765482
797,208,3.36139908765482
797,649,3.36139908765482
191,378,3.36139896117633
234,141,3.36139884540919
191,139,3.36139884540919
379,384,3.36139884540919
806,645,3.36139881694229
645,631,3.36139881694229
561,862,3.3613987519193
152,231,3.3613987519193
589,97,3.3613987519193
646,498,3.3613987519193
645,33,3.3613987307407
645,27,3.3613987307407
71,378,3.36139864555127
378,788,3.36139864555127
149,425,3.36139835600601
616,797,3.36139835600601
852,625,3.36139824178337
461,105,3.36139824178337
829,355,3.36139809258883
829,88,3.36139802798351
721,256,3.36139802798351
123,792,3.36139802798351
250,35,3.36139802798351
79,378,3.36139730761308
829,254,3.36139727455099
593,79,3.36139720243005
61,843,3.3613971264664
661,165,3.3613971264664
141,163,3.3613971264664
539,165,3.3613971264664
85,79,3.36139694887288
38,191,3.36139673963699
451,191,3.36139673963699
466,129,3.36139660496719
787,216,3.36139660496719
28,82,3.36139660496719
249,404,3.36139660496719
249,187,3.36139660496719
249,363,3.36139660496719
249,224,3.36139660496719
249,443,3.36139660496719
249,838,3.36139660496719
249,746,3.36139660496719
249,337,3.36139660496719
249,824,3.36139660496719
249,738,3.36139660496719
249,109,3.36139660496719
159,2,3.36139660496719
159,839,3.36139660496719
159,766,3.36139660496719
159,794,3.36139660496719
159,786,3.36139660496719
159,395,3.36139660496719
404,494,3.36139660496719
404,449,3.36139660496719
404,382,3.36139660496719
404,551,3.36139660496719
404,230,3.36139660496719
404,167,3.36139660496719
187,494,3.36139660496719
187,449,3.36139660496719
187,382,3.36139660496719
187,551,3.36139660496719
187,230,3.36139660496719
187,167,3.36139660496719
642,744,3.36139660496719
642,344,3.36139660496719
642,690,3.36139660496719
470,723,3.36139660496719
313,218,3.36139660496719
757,95,3.36139660496719
133,168,3.36139660496719
133,75,3.36139660496719
100,365,3.36139660496719
744,615,3.36139660496719
744,545,3.36139660496719
744,322,3.36139660496719
115,671,3.36139660496719
63,594,3.36139660496719
63,27,3.36139660496719
363,494,3.36139660496719
363,449,3.36139660496719
363,382,3.36139660496719
363,551,3.36139660496719
363,230,3.36139660496719
363,167,3.36139660496719
224,494,3.36139660496719
224,449,3.36139660496719
224,382,3.36139660496719
224,551,3.36139660496719
224,230,3.36139660496719
224,167,3.36139660496719
443,494,3.36139660496719
443,449,3.36139660496719
443,382,3.36139660496719
443,551,3.36139660496719
443,230,3.36139660496719
443,167,3.36139660496719
494,838,3.36139660496719
494,746,3.36139660496719
494,337,3.36139660496719
494,824,3.36139660496719
494,738,3.36139660496719
494,109,3.36139660496719
132,577,3.36139660496719
838,449,3.36139660496719
838,382,3.36139660496719
838,551,3.36139660496719
838,230,3.36139660496719
838,167,3.36139660496719
2,383,3.36139660496719
2,471,3.36139660496719
2,371,3.36139660496719
2,542,3.36139660496719
519,59,3.36139660496719
449,746,3.36139660496719
449,337,3.36139660496719
449,824,3.36139660496719
449,738,3.36139660496719
449,253,3.36139660496719
449,109,3.36139660496719
599,688,3.36139660496719
393,439,3.36139660496719
594,306,3.36139660496719
594,424,3.36139660496719
382,746,3.36139660496719
382,337,3.36139660496719
382,824,3.36139660496719
382,738,3.36139660496719
382,109,3.36139660496719
791,573,3.36139660496719
615,344,3.36139660496719
615,690,3.36139660496719
359,626,3.36139660496719
746,551,3.36139660496719
746,230,3.36139660496719
746,167,3.36139660496719
306,27,3.36139660496719
703,834,3.36139660496719
344,545,3.36139660496719
344,322,3.36139660496719
383,839,3.36139660496719
383,766,3.36139660496719
383,794,3.36139660496719
383,786,3.36139660496719
383,395,3.36139660496719
839,471,3.36139660496719
839,371,3.36139660496719
839,542,3.36139660496719
577,357,3.36139660496719
120,263,3.36139660496719
120,512,3.36139660496719
337,551,3.36139660496719
337,230,3.36139660496719
337,167,3.36139660496719
610,468,3.36139660496719
474,627,3.36139660496719
471,766,3.36139660496719
471,794,3.36139660496719
471,786,3.36139660496719
471,395,3.36139660496719
559,263,3.36139660496719
559,512,3.36139660496719
766,371,3.36139660496719
766,542,3.36139660496719
400,151,3.36139660496719
206,510,3.36139660496719
824,551,3.36139660496719
824,230,3.36139660496719
824,167,3.36139660496719
794,371,3.36139660496719
794,542,3.36139660496719
479,253,3.36139660496719
251,468,3.36139660496719
27,69,3.36139660496719
27,424,3.36139660496719
777,723,3.36139660496719
270,59,3.36139660496719
510,13,3.36139660496719
372,468,3.36139660496719
798,59,3.36139660496719
166,348,3.36139660496719
551,738,3.36139660496719
551,109,3.36139660496719
307,263,3.36139660496719
307,512,3.36139660496719
545,690,3.36139660496719
786,371,3.36139660496719
786,542,3.36139660496719
520,59,3.36139660496719
854,151,3.36139660496719
738,230,3.36139660496719
738,167,3.36139660496719
758,793,3.36139660496719
690,322,3.36139660496719
230,109,3.36139660496719
395,371,3.36139660496719
395,542,3.36139660496719
167,109,3.36139660496719
59,64,3.36139660496719
852,85,3.36139588299134
684,833,3.36139555711888
829,593,3.36139482182916
829,231,3.36139482182916
589,256,3.36139482182916
250,498,3.36139482182916
804,616,3.36139454389776
616,89,3.36139454389776
616,355,3.36139419747578
661,104,3.36139401893323
848,425,3.36139401893323
425,496,3.36139401893323
247,104,3.36139401893323
524,797,3.36139401893323
262,472,3.36139387831114
88,35,3.36139378000707
583,123,3.36139378000707
721,462,3.36139378000707
11,843,3.36139326818206
234,4,3.36139103833439
234,450,3.36139103833439
234,677,3.36139103833439
850,191,3.36139103833439
850,846,3.36139103833439
607,191,3.36139103833439
191,722,3.36139103833439
846,722,3.36139103833439
846,208,3.36139103833439
576,355,3.36138940336125
355,17,3.36138940336125
38,645,3.3613890297432
152,852,3.36138849639404
106,767,3.3613881010722
141,250,3.3613881010722
191,355,3.36138604658985
530,726,3.36138580320733
530,120,3.36138580320733
530,559,3.36138580320733
530,307,3.36138580320733
648,726,3.36138580320733
159,548,3.36138580320733
159,830,3.36138580320733
404,728,3.36138580320733
187,728,3.36138580320733
745,176,3.36138580320733
745,595,3.36138580320733
745,243,3.36138580320733
745,697,3.36138580320733
745,628,3.36138580320733
745,618,3.36138580320733
642,804,3.36138580320733
642,837,3.36138580320733
642,89,3.36138580320733
642,351,3.36138580320733
176,304,3.36138580320733
176,16,3.36138580320733
630,400,3.36138580320733
630,596,3.36138580320733
630,854,3.36138580320733
150,835,3.36138580320733
548,383,3.36138580320733
548,471,3.36138580320733
548,371,3.36138580320733
548,542,3.36138580320733
595,304,3.36138580320733
595,16,3.36138580320733
363,728,3.36138580320733
224,728,3.36138580320733
443,728,3.36138580320733
168,77,3.36138580320733
168,356,3.36138580320733
132,285,3.36138580320733
838,728,3.36138580320733
519,193,3.36138580320733
519,687,3.36138580320733
599,193,3.36138580320733
599,687,3.36138580320733
267,0,3.36138580320733
804,615,3.36138580320733
804,545,3.36138580320733
804,314,3.36138580320733
804,322,3.36138580320733
413,345,3.36138580320733
706,508,3.36138580320733
615,837,3.36138580320733
615,89,3.36138580320733
615,351,3.36138580320733
193,270,3.36138580320733
193,798,3.36138580320733
193,520,3.36138580320733
193,64,3.36138580320733
746,728,3.36138580320733
728,337,3.36138580320733
728,824,3.36138580320733
728,738,3.36138580320733
728,109,3.36138580320733
285,357,3.36138580320733
383,830,3.36138580320733
4,390,3.36138580320733
338,581,3.36138580320733
120,712,3.36138580320733
243,304,3.36138580320733
243,16,3.36138580320733
471,830,3.36138580320733
559,712,3.36138580320733
508,403,3.36138580320733
508,293,3.36138580320733
77,75,3.36138580320733
77,516,3.36138580320733
712,307,3.36138580320733
356,75,3.36138580320733
697,304,3.36138580320733
697,16,3.36138580320733
304,628,3.36138580320733
304,618,3.36138580320733
270,687,3.36138580320733
687,798,3.36138580320733
687,520,3.36138580320733
687,64,3.36138580320733
837,545,3.36138580320733
837,314,3.36138580320733
837,673,3.36138580320733
837,322,3.36138580320733
628,16,3.36138580320733
545,89,3.36138580320733
545,351,3.36138580320733
89,673,3.36138580320733
89,322,3.36138580320733
351,322,3.36138580320733
16,618,3.36138580320733
830,371,3.36138580320733
830,542,3.36138580320733
88,254,3.36138489272287
799,254,3.36138489272287
806,71,3.36138369833865
613,318,3.36138369833865
866,569,3.36138369833865
71,631,3.36138369833865
799,231,3.36138369833865
123,396,3.36138369833865
654,124,3.36138369833865
788,771,3.36138369833865
152,79,3.36138305998072
365,355,3.36138197276088
355,497,3.36138197276088
684,191,3.36138151793585
616,86,3.36138032167782
191,254,3.36137824968262
25,254,3.36137652787161
570,254,3.36137652787161
41,254,3.36137652787161
254,27,3.36137652787161
254,778,3.36137652787161
38,257,3.36137527949973
716,262,3.36137527949973
250,797,3.36137527949973
414,797,3.36137527949973
256,104,3.36137527949973
852,645,3.36137270477158
607,11,3.36136760556833
249,494,3.36136726696391
249,449,3.36136726696391
249,382,3.36136726696391
249,230,3.36136726696391
477,660,3.36136726696391
477,752,3.36136726696391
470,777,3.36136726696391
570,41,3.36136726696391
570,778,3.36136726696391
744,344,3.36136726696391
744,690,3.36136726696391
494,449,3.36136726696391
494,551,3.36136726696391
494,167,3.36136726696391
2,629,3.36136726696391
2,68,3.36136726696391
449,382,3.36136726696391
449,479,3.36136726696391
449,551,3.36136726696391
449,230,3.36136726696391
449,167,3.36136726696391
239,717,3.36136726696391
239,215,3.36136726696391
594,27,3.36136726696391
594,3,3.36136726696391
408,278,3.36136726696391
382,551,3.36136726696391
382,167,3.36136726696391
344,690,3.36136726696391
839,629,3.36136726696391
839,68,3.36136726696391
41,778,3.36136726696391
766,629,3.36136726696391
766,68,3.36136726696391
421,263,3.36136726696391
794,629,3.36136726696391
794,68,3.36136726696391
629,786,3.36136726696391
629,395,3.36136726696391
3,46,3.36136726696391
68,786,3.36136726696391
68,395,3.36136726696391
114,690,3.36136726696391
114,301,3.36136726696391
487,430,3.36136726696391
551,230,3.36136726696391
186,263,3.36136726696391
186,512,3.36136726696391
263,512,3.36136726696391
230,167,3.36136726696391
717,215,3.36136726696391
61,149,3.36136443671517
539,86,3.36136443671517
247,86,3.36136443671517
88,141,3.36136260920055
141,788,3.36136260920055
165,462,3.36136260920055
165,17,3.36136260920055
85,191,3.36136122314397
463,516,3.36135925345481
463,835,3.36135925345481
561,703,3.36135925345481
159,252,3.36135925345481
642,661,3.36135925345481
642,539,3.36135925345481
152,100,3.36135925345481
661,615,3.36135925345481
661,545,3.36135925345481
661,322,3.36135925345481
742,163,3.36135925345481
849,6,3.36135925345481
364,6,3.36135925345481
729,163,3.36135925345481
211,524,3.36135925345481
615,539,3.36135925345481
703,811,3.36135925345481
703,138,3.36135925345481
6,160,3.36135925345481
383,252,3.36135925345481
259,163,3.36135925345481
471,252,3.36135925345481
460,21,3.36135925345481
811,116,3.36135925345481
710,539,3.36135925345481
539,545,3.36135925345481
539,322,3.36135925345481
596,138,3.36135925345481
500,807,3.36135925345481
500,290,3.36135925345481
163,10,3.36135925345481
252,371,3.36135925345481
252,542,3.36135925345481
21,678,3.36135925345481
806,593,3.36135735399437
806,434,3.36135735399437
434,654,3.36135735399437
318,396,3.36135735399437
593,355,3.36135724817085
589,355,3.36135724817085
355,771,3.36135724817085
829,852,3.36135254131315
451,378,3.36134943310402
38,79,3.36134512326701
451,79,3.36134512326701
152,384,3.36134169483942
593,254,3.36133917422605
149,472,3.36132764047739
88,294,3.36132245977419
88,797,3.36132245977419
294,35,3.36132245977419
294,788,3.36132245977419
71,425,3.36132245977419
123,262,3.36132245977419
61,780,3.36130790255879
54,503,3.36130591121084
836,153,3.36130591121084
404,716,3.36130591121084
829,377,3.36130591121084
187,716,3.36130591121084
153,711,3.36130591121084
153,506,3.36130591121084
100,250,3.36130591121084
257,415,3.36130591121084
363,716,3.36130591121084
224,716,3.36130591121084
443,716,3.36130591121084
168,315,3.36130591121084
168,560,3.36130591121084
315,75,3.36130591121084
132,381,3.36130591121084
838,716,3.36130591121084
361,255,3.36130591121084
211,250,3.36130591121084
746,716,3.36130591121084
560,75,3.36130591121084
560,506,3.36130591121084
337,716,3.36130591121084
716,824,3.36130591121084
716,738,3.36130591121084
716,253,3.36130591121084
716,109,3.36130591121084
381,357,3.36130591121084
792,290,3.36130591121084
806,141,3.36130236009858
434,141,3.36130236009858
589,612,3.36130236009858
843,771,3.36130236009858
645,616,3.36127110904413
530,316,3.36126334166269
530,186,3.36126334166269
530,263,3.36126334166269
25,850,3.36126334166269
482,623,3.36126334166269
482,526,3.36126334166269
482,717,3.36126334166269
482,215,3.36126334166269
850,570,3.36126334166269
850,41,3.36126334166269
850,778,3.36126334166269
639,271,3.36126334166269
176,271,3.36126334166269
313,768,3.36126334166269
630,487,3.36126334166269
630,151,3.36126334166269
570,722,3.36126334166269
150,709,3.36126334166269
548,629,3.36126334166269
548,68,3.36126334166269
133,77,3.36126334166269
133,356,3.36126334166269
595,271,3.36126334166269
744,804,3.36126334166269
744,837,3.36126334166269
744,89,3.36126334166269
744,351,3.36126334166269
812,57,3.36126334166269
695,750,3.36126334166269
494,728,3.36126334166269
2,614,3.36126334166269
449,728,3.36126334166269
804,344,3.36126334166269
804,690,3.36126334166269
856,399,3.36126334166269
382,728,3.36126334166269
193,688,3.36126334166269
193,59,3.36126334166269
344,837,3.36126334166269
344,89,3.36126334166269
344,351,3.36126334166269
728,230,3.36126334166269
756,487,3.36126334166269
756,430,3.36126334166269
285,577,3.36126334166269
4,499,3.36126334166269
839,614,3.36126334166269
41,722,3.36126334166269
243,271,3.36126334166269
766,614,3.36126334166269
614,794,3.36126334166269
614,786,3.36126334166269
614,395,3.36126334166269
421,712,3.36126334166269
195,232,3.36126334166269
688,687,3.36126334166269
629,830,3.36126334166269
722,778,3.36126334166269
697,271,3.36126334166269
68,830,3.36126334166269
114,89,3.36126334166269
687,59,3.36126334166269
837,690,3.36126334166269
499,677,3.36126334166269
628,271,3.36126334166269
142,450,3.36126334166269
142,677,3.36126334166269
89,301,3.36126334166269
351,690,3.36126334166269
750,182,3.36126334166269
750,208,3.36126334166269
717,662,3.36126334166269
662,215,3.36126334166269
208,855,3.36126334166269
208,497,3.36126334166269
113,375,3.36126334166269
612,355,3.36126132506512
80,645,3.36125911022137
152,645,3.36125911022137
645,156,3.36125911022137
645,163,3.36125911022137
85,792,3.36125381248769
716,149,3.36125381248769
137,557,3.36125140547074
557,124,3.36125140547074
361,79,3.36124679789774
79,414,3.36124679789774
79,370,3.36124679789774
466,866,3.36121157853733
137,742,3.36121157853733
137,10,3.36121157853733
404,698,3.36121157853733
187,698,3.36121157853733
642,576,3.36121157853733
642,721,3.36121157853733
642,462,3.36121157853733
642,17,3.36121157853733
282,132,3.36121157853733
282,357,3.36121157853733
100,88,3.36121157853733
100,788,3.36121157853733
63,124,3.36121157853733
363,698,3.36121157853733
224,698,3.36121157853733
443,698,3.36121157853733
613,188,3.36121157853733
838,698,3.36121157853733
849,296,3.36121157853733
296,364,3.36121157853733
296,160,3.36121157853733
88,211,3.36121157853733
88,389,3.36121157853733
583,69,3.36121157853733
583,290,3.36121157853733
211,35,3.36121157853733
211,788,3.36121157853733
615,576,3.36121157853733
615,721,3.36121157853733
615,462,3.36121157853733
615,17,3.36121157853733
746,698,3.36121157853733
306,124,3.36121157853733
698,337,3.36121157853733
698,824,3.36121157853733
698,738,3.36121157853733
698,109,3.36121157853733
576,545,3.36121157853733
576,673,3.36121157853733
576,322,3.36121157853733
184,35,3.36121157853733
184,788,3.36121157853733
721,66,3.36121157853733
721,545,3.36121157853733
721,322,3.36121157853733
439,462,3.36121157853733
123,290,3.36121157853733
545,462,3.36121157853733
545,17,3.36121157853733
462,322,3.36121157853733
124,424,3.36121157853733
673,17,3.36121157853733
17,322,3.36121157853733
38,806,3.36119788046741
38,631,3.36119788046741
451,231,3.36119788046741
806,104,3.36119788046741
593,104,3.36119788046741
294,589,3.36119788046741
569,323,3.36119788046741
589,104,3.36119788046741
689,323,3.36119788046741
262,318,3.36119788046741
11,352,3.36119038859073
149,11,3.36117945251488
635,139,3.36117685113668
829,191,3.36116076198034
361,191,3.36116076198034
191,370,3.36116076198034
191,645,3.36114750565979
645,846,3.36114750565979
866,684,3.36113277789351
833,71,3.36113277789351
850,355,3.36109591941444
722,355,3.36109591941444
89,355,3.36109591941444
355,105,3.36109591941444
466,689,3.36105882683072
726,280,3.36105882683072
280,65,3.36105882683072
401,593,3.36105882683072
745,668,3.36105882683072
100,231,3.36105882683072
862,703,3.36105882683072
862,116,3.36105882683072
132,72,3.36105882683072
668,416,3.36105882683072
668,304,3.36105882683072
668,657,3.36105882683072
668,16,3.36105882683072
364,318,3.36105882683072
587,434,3.36105882683072
211,231,3.36105882683072
211,631,3.36105882683072
211,771,3.36105882683072
434,290,3.36105882683072
569,237,3.36105882683072
631,205,3.36105882683072
689,237,3.36105882683072
725,253,3.36105882683072
255,318,3.36105882683072
72,357,3.36105882683072
315,780,3.36102279064633
361,780,3.36102279064633
716,472,3.36102279064633
451,355,3.36101638557238
355,104,3.36101638557238
461,631,3.3610133684387
461,771,3.3610133684387
557,654,3.3610133684387
463,709,3.36100842107878
80,3,3.36100842107878
80,46,3.36100842107878
842,352,3.36100842107878
25,152,3.36100842107878
61,449,3.36100842107878
61,660,3.36100842107878
561,834,3.36100842107878
518,470,3.36100842107878
470,523,3.36100842107878
152,365,3.36100842107878
744,661,3.36100842107878
744,539,3.36100842107878
661,239,3.36100842107878
661,344,3.36100842107878
661,114,3.36100842107878
2,21,3.36100842107878
239,539,3.36100842107878
239,97,3.36100842107878
856,859,3.36100842107878
344,539,3.36100842107878
283,660,3.36100842107878
283,752,3.36100842107878
671,73,3.36100842107878
839,21,3.36100842107878
156,3,3.36100842107878
156,46,3.36100842107878
848,113,3.36100842107878
766,21,3.36100842107878
794,21,3.36100842107878
629,252,3.36100842107878
811,834,3.36100842107878
3,163,3.36100842107878
859,232,3.36100842107878
68,252,3.36100842107878
114,539,3.36100842107878
247,690,3.36100842107878
247,301,3.36100842107878
500,82,3.36100842107878
29,163,3.36100842107878
786,21,3.36100842107878
84,754,3.36100842107878
46,163,3.36100842107878
97,717,3.36100842107878
395,21,3.36100842107878
138,834,3.36100842107878
496,113,3.36100842107878
625,254,3.36100480707727
378,163,3.36096763426026
85,583,3.36094393807301
576,86,3.36094393807301
721,86,3.36094393807301
149,123,3.36094393807301
462,616,3.36094393807301
86,17,3.36094393807301
635,425,3.36093890926668
139,262,3.36093890926668
141,797,3.36093890926668
612,262,3.36093890926668
25,79,3.36092435551049
570,79,3.36092435551049
79,41,3.36092435551049
79,27,3.36092435551049
79,778,3.36092435551049
79,57,3.36092435551049
79,29,3.36092435551049
79,365,3.36092435551049
79,82,3.36092435551049
38,254,3.36085634483677
254,797,3.36085634483677
530,648,3.36083042533877
648,486,3.36083042533877
850,625,3.36083042533877
639,176,3.36083042533877
639,595,3.36083042533877
639,243,3.36083042533877
639,697,3.36083042533877
639,628,3.36083042533877
548,614,3.36083042533877
695,208,3.36083042533877
804,89,3.36083042533877
804,351,3.36083042533877
406,345,3.36083042533877
756,581,3.36083042533877
4,677,3.36083042533877
614,830,3.36083042533877
837,351,3.36083042533877
89,351,3.36083042533877
266,375,3.36083042533877
450,677,3.36083042533877
100,141,3.3608269354934
742,141,3.3608269354934
635,533,3.3608269354934
635,516,3.3608269354934
863,843,3.3608269354934
143,612,3.3608269354934
379,474,3.3608269354934
66,165,3.3608269354934
141,10,3.3608269354934
645,743,3.36082400470548
378,616,3.36081629999495
593,684,3.36070598654771
684,569,3.36070598654771
684,831,3.36070598654771
434,833,3.36070598654771
234,124,3.36065502427742
721,384,3.36065502427742
11,780,3.36060160176295
79,799,3.36057636527228
79,123,3.36057636527228
560,11,3.36054464203682
461,141,3.3605196226343
842,716,3.36049738023587
153,509,3.36049738023587
570,250,3.36049738023587
570,370,3.36049738023587
133,315,3.36049738023587
133,560,3.36049738023587
623,256,3.36049738023587
526,256,3.36049738023587
361,272,3.36049738023587
361,82,3.36049738023587
572,414,3.36049738023587
767,499,3.36049738023587
767,142,3.36049738023587
41,250,3.36049738023587
41,370,3.36049738023587
716,479,3.36049738023587
743,3,3.36049738023587
743,46,3.36049738023587
701,370,3.36049738023587
33,370,3.36049738023587
503,142,3.36049738023587
778,250,3.36049738023587
778,370,3.36049738023587
660,792,3.36049738023587
250,365,3.36049738023587
792,752,3.36049738023587
752,370,3.36049738023587
717,256,3.36049738023587
642,104,3.36049184747318
735,323,3.36049184747318
294,184,3.36049184747318
294,95,3.36049184747318
211,797,3.36049184747318
615,104,3.36049184747318
338,323,3.36049184747318
184,797,3.36049184747318
66,104,3.36049184747318
857,323,3.36049184747318
819,323,3.36049184747318
545,104,3.36049184747318
226,323,3.36049184747318
673,104,3.36049184747318
323,237,3.36049184747318
104,322,3.36049184747318
38,451,3.3604490275549
846,378,3.36026325311873
384,378,3.36026325311873
613,472,3.36022759824781
780,123,3.36022759824781
664,86,3.36021777598368
806,616,3.36021777598368
85,231,3.36021777598368
85,771,3.36021777598368
85,498,3.36021777598368
149,318,3.36021777598368
631,616,3.36021777598368
79,616,3.36010246224957
461,254,3.36007113620832
852,100,3.36002613826037
852,211,3.36002613826037
63,557,3.36002613826037
211,461,3.36002613826037
461,184,3.36002613826037
306,557,3.36002613826037
120,557,3.36002613826037
559,557,3.36002613826037
307,557,3.36002613826037
557,793,3.36002613826037
557,424,3.36002613826037
463,77,3.35977106280451
61,607,3.35977106280451
482,661,3.35977106280451
482,539,3.35977106280451
482,97,3.35977106280451
850,646,3.35977106280451
630,138,3.35977106280451
548,21,3.35977106280451
661,804,3.35977106280451
661,837,3.35977106280451
661,105,3.35977106280451
661,662,3.35977106280451
804,539,3.35977106280451
6,105,3.35977106280451
283,508,3.35977106280451
283,830,3.35977106280451
848,375,3.35977106280451
614,252,3.35977106280451
722,646,3.35977106280451
859,399,3.35977106280451
539,837,3.35977106280451
539,662,3.35977106280451
247,89,3.35977106280451
524,105,3.35977106280451
97,662,3.35977106280451
830,21,3.35977106280451
496,375,3.35977106280451
250,378,3.35964238665795
378,414,3.35964238665795
583,645,3.3596132260898
71,645,3.3596132260898
645,576,3.3596132260898
645,124,3.3596132260898
645,35,3.3596132260898
645,788,3.3596132260898
645,17,3.3596132260898
137,27,3.35959587828798
137,29,3.35959587828798
249,698,3.35959587828798
477,123,3.35959587828798
282,577,3.35959587828798
282,276,3.35959587828798
282,750,3.35959587828798
570,296,3.35959587828798
570,799,3.35959587828798
570,223,3.35959587828798
570,788,3.35959587828798
744,576,3.35959587828798
744,721,3.35959587828798
744,462,3.35959587828798
744,17,3.35959587828798
658,276,3.35959587828798
623,721,3.35959587828798
613,572,3.35959587828798
494,698,3.35959587828798
2,866,3.35959587828798
449,698,3.35959587828798
526,721,3.35959587828798
296,41,3.35959587828798
296,778,3.35959587828798
393,462,3.35959587828798
239,576,3.35959587828798
239,721,3.35959587828798
594,124,3.35959587828798
408,866,3.35959587828798
866,839,3.35959587828798
866,766,3.35959587828798
866,278,3.35959587828798
866,794,3.35959587828798
866,129,3.35959587828798
866,786,3.35959587828798
866,395,3.35959587828798
866,430,3.35959587828798
866,94,3.35959587828798
88,365,3.35959587828798
583,27,3.35959587828798
583,660,3.35959587828798
583,752,3.35959587828798
583,82,3.35959587828798
382,698,3.35959587828798
344,576,3.35959587828798
344,721,3.35959587828798
344,462,3.35959587828798
344,17,3.35959587828798
698,660,3.35959587828798
698,551,3.35959587828798
698,230,3.35959587828798
698,167,3.35959587828798
71,33,3.35959587828798
799,41,3.35959587828798
799,778,3.35959587828798
799,29,3.35959587828798
576,114,3.35959587828798
576,301,3.35959587828798
721,114,3.35959587828798
41,223,3.35959587828798
41,788,3.35959587828798
223,778,3.35959587828798
223,694,3.35959587828798
27,124,3.35959587828798
778,788,3.35959587828798
3,124,3.35959587828798
114,462,3.35959587828798
114,17,3.35959587828798
46,124,3.35959587828798
365,788,3.35959587828798
301,17,3.35959587828798
35,497,3.35959587828798
788,497,3.35959587828798
38,852,3.35958780847434
852,451,3.35958780847434
593,846,3.35947261306199
668,384,3.35947261306199
569,191,3.35947261306199
191,231,3.35947261306199
191,689,3.35947261306199
191,318,3.35947261306199
846,498,3.35947261306199
152,355,3.35945797413024
661,355,3.35945797413024
247,355,3.35945797413024
466,684,3.35939900148916
684,456,3.35939900148916
833,543,3.35939900148916
657,817,3.35939900148916
833,355,3.359310288862
378,472,3.35930374353839
152,254,3.35888109507691
698,11,3.35875197004365
11,123,3.35875197004365
635,149,3.35871864525267
149,612,3.35871864525267
642,616,3.35857625542805
619,85,3.35857625542805
85,587,3.35857625542805
85,574,3.35857625542805
718,86,3.35857625542805
615,616,3.35857625542805
66,616,3.35857625542805
14,616,3.35857625542805
710,616,3.35857625542805
710,86,3.35857625542805
545,616,3.35857625542805
616,314,3.35857625542805
616,673,3.35857625542805
616,322,3.35857625542805
86,216,3.35857625542805
684,254,3.35845058695719
833,254,3.35845058695719
780,318,3.3583730191562
318,472,3.3583730191562
396,472,3.3583730191562
79,631,3.358182301855
79,318,3.358182301855
451,833,3.3581600695526
833,104,3.3581600695526
25,593,3.35814028479591
25,498,3.35814028479591
280,316,3.35814028479591
280,263,3.35814028479591
280,512,3.35814028479591
570,593,3.35814028479591
570,231,3.35814028479591
744,434,3.35814028479591
806,344,3.35814028479591
806,33,3.35814028479591
806,3,3.35814028479591
593,344,3.35814028479591
593,41,3.35814028479591
593,688,3.35814028479591
593,701,3.35814028479591
593,33,3.35814028479591
593,778,3.35814028479591
449,725,3.35814028479591
668,271,3.35814028479591
239,589,3.35814028479591
408,569,3.35814028479591
408,689,3.35814028479591
408,498,3.35814028479591
434,572,3.35814028479591
434,3,3.35814028479591
434,46,3.35814028479591
434,430,3.35814028479591
572,654,3.35814028479591
569,487,3.35814028479591
569,690,3.35814028479591
589,288,3.35814028479591
589,755,3.35814028479591
589,301,3.35814028479591
589,497,3.35814028479591
577,72,3.35814028479591
41,231,3.35814028479591
278,831,3.35814028479591
831,688,3.35814028479591
33,631,3.35814028479591
479,725,3.35814028479591
778,231,3.35814028479591
129,689,3.35814028479591
3,654,3.35814028479591
231,29,3.35814028479591
231,365,3.35814028479591
231,855,3.35814028479591
487,689,3.35814028479591
689,94,3.35814028479591
492,725,3.35814028479591
654,46,3.35814028479591
725,272,3.35814028479591
725,430,3.35814028479591
272,318,3.35814028479591
276,72,3.35814028479591
771,855,3.35814028479591
396,509,3.35814028479591
852,461,3.35795389023806
354,257,3.35765372871211
850,829,3.35765372871211
850,250,3.35765372871211
850,370,3.35765372871211
829,722,3.35765372871211
257,485,3.35765372871211
812,361,3.35765372871211
300,285,3.35765372871211
315,77,3.35765372871211
315,356,3.35765372871211
285,381,3.35765372871211
4,767,3.35765372871211
560,77,3.35765372871211
560,356,3.35765372871211
508,792,3.35765372871211
508,414,3.35765372871211
503,677,3.35765372871211
722,250,3.35765372871211
722,370,3.35765372871211
250,105,3.35765372871211
792,830,3.35765372871211
414,649,3.35765372871211
128,234,3.35752037243798
234,706,3.35752037243798
234,403,3.35752037243798
234,293,3.35752037243798
100,846,3.35752037243798
100,384,3.35752037243798
211,846,3.35752037243798
184,846,3.35752037243798
384,820,3.35752037243798
149,355,3.35710278765163
191,843,3.3570380708294
846,141,3.3570380708294
384,612,3.3570380708294
645,231,3.35679688124542
80,163,3.35675274587208
152,661,3.35675274587208
152,646,3.35675274587208
661,247,3.35675274587208
156,163,3.35675274587208
252,21,3.35675274587208
376,472,3.35619051628541
780,183,3.35619051628541
780,253,3.35619051628541
253,472,3.35619051628541
116,472,3.35619051628541
613,378,3.35598243123764
576,378,3.35598243123764
378,17,3.35598243123764
787,612,3.35593812299772
106,499,3.35593812299772
106,142,3.35593812299772
106,366,3.35593812299772
478,379,3.35593812299772
623,165,3.35593812299772
536,165,3.35593812299772
526,165,3.35593812299772
856,612,3.35593812299772
635,84,3.35593812299772
577,379,3.35593812299772
379,627,3.35593812299772
379,113,3.35593812299772
139,27,3.35593812299772
139,660,3.35593812299772
288,612,3.35593812299772
755,612,3.35593812299772
141,3,3.35593812299772
141,365,3.35593812299772
114,165,3.35593812299772
612,717,3.35593812299772
144,29,3.35593812299772
165,690,3.35593812299772
165,215,3.35593812299772
165,497,3.35593812299772
843,509,3.35593812299772
38,85,3.35590460278902
451,85,3.35590460278902
294,616,3.35590460278902
852,833,3.35525321500103
280,11,3.3545942200976
11,654,3.3545942200976
11,318,3.3545942200976
11,396,3.3545942200976
635,780,3.3545658197031
780,612,3.3545658197031
612,472,3.3545658197031
100,645,3.35454264603429
63,645,3.35454264603429
742,645,3.35454264603429
587,645,3.35454264603429
306,645,3.35454264603429
645,184,3.35454264603429
645,69,3.35454264603429
645,793,3.35454264603429
645,424,3.35454264603429
645,10,3.35454264603429
268,282,3.35393339015318
268,658,3.35393339015318
268,291,3.35393339015318
482,576,3.35393339015318
850,296,3.35393339015318
850,88,3.35393339015318
850,799,3.35393339015318
850,223,3.35393339015318
850,788,3.35393339015318
282,285,3.35393339015318
282,182,3.35393339015318
548,866,3.35393339015318
613,756,3.35393339015318
296,722,3.35393339015318
296,105,3.35393339015318
804,576,3.35393339015318
804,721,3.35393339015318
804,462,3.35393339015318
804,17,3.35393339015318
866,830,3.35393339015318
88,722,3.35393339015318
88,105,3.35393339015318
728,698,3.35393339015318
756,698,3.35393339015318
698,208,3.35393339015318
607,123,3.35393339015318
350,35,3.35393339015318
350,788,3.35393339015318
799,722,3.35393339015318
799,399,3.35393339015318
576,105,3.35393339015318
576,662,3.35393339015318
721,837,3.35393339015318
721,105,3.35393339015318
721,662,3.35393339015318
223,722,3.35393339015318
722,788,3.35393339015318
837,462,3.35393339015318
462,662,3.35393339015318
399,788,3.35393339015318
35,105,3.35393339015318
35,208,3.35393339015318
788,105,3.35393339015318
788,208,3.35393339015318
105,17,3.35393339015318
812,79,3.35362893311214
625,79,3.35362893311214
267,79,3.35362893311214
743,355,3.35359083148791
414,355,3.35359083148791
370,355,3.35359083148791
38,249,3.35276910808797
38,570,3.35276910808797
38,41,3.35276910808797
38,701,3.35276910808797
38,33,3.35276910808797
38,778,3.35276910808797
38,551,3.35276910808797
38,167,3.35276910808797
757,294,3.35276910808797
570,451,3.35276910808797
451,41,3.35276910808797
451,778,3.35276910808797
451,29,3.35276910808797
451,499,3.35276910808797
744,104,3.35276910808797
623,104,3.35276910808797
526,104,3.35276910808797
239,104,3.35276910808797
294,288,3.35276910808797
294,750,3.35276910808797
33,797,3.35276910808797
33,104,3.35276910808797
425,694,3.35276910808797
425,113,3.35276910808797
114,104,3.35276910808797
262,509,3.35276910808797
750,797,3.35276910808797
301,104,3.35276910808797
797,497,3.35276910808797
717,104,3.35276910808797
215,104,3.35276910808797
309,11,3.35252960750838
11,506,3.35252960750838
11,24,3.35252960750838
234,451,3.35248305417681
191,262,3.35248305417681
384,425,3.35248305417681
79,141,3.35130832641468
79,843,3.35130832641468
254,792,3.35129694805415
254,414,3.35129694805415
254,370,3.35129694805415
85,557,3.35100192427049
61,716,3.35074785969356
829,646,3.35074785969356
152,250,3.35074785969356
257,848,3.35074785969356
257,204,3.35074785969356
257,496,3.35074785969356
661,256,3.35074785969356
300,500,3.35074785969356
315,617,3.35074785969356
283,414,3.35074785969356
560,352,3.35074785969356
560,754,3.35074785969356
716,352,3.35074785969356
743,163,3.35074785969356
539,256,3.35074785969356
500,792,3.35074785969356
250,646,3.35074785969356
852,570,3.34838701027777
852,41,3.34838701027777
852,778,3.34838701027777
852,365,3.34838701027777
39,461,3.34838701027777
594,557,3.34838701027777
27,557,3.34838701027777
557,263,3.34838701027777
557,512,3.34838701027777
648,280,3.34795832422666
268,72,3.34795832422666
280,486,3.34795832422666
354,434,3.34795832422666
664,695,3.34795832422666
482,589,3.34795832422666
850,771,3.34795832422666
850,498,3.34795832422666
639,668,3.34795832422666
630,725,3.34795832422666
806,351,3.34795832422666
593,625,3.34795832422666
593,351,3.34795832422666
625,498,3.34795832422666
485,434,3.34795832422666
569,89,3.34795832422666
756,725,3.34795832422666
285,72,3.34795832422666
607,318,3.34795832422666
589,89,3.34795832422666
589,662,3.34795832422666
589,208,3.34795832422666
831,351,3.34795832422666
72,182,3.34795832422666
72,375,3.34795832422666
208,498,3.34795832422666
434,378,3.34755221982606
231,378,3.34755221982606
378,631,3.34755221982606
780,425,3.34746992305634
100,378,3.34720477578963
742,378,3.34720477578963
729,378,3.34720477578963
184,378,3.34720477578963
378,10,3.34720477578963
139,11,3.34612093069565
85,833,3.34296348747554
833,616,3.34296348747554
570,833,3.34252238505065
744,684,3.34252238505065
744,833,3.34252238505065
408,684,3.34252238505065
684,344,3.34252238505065
684,688,3.34252238505065
684,27,3.34252238505065
684,129,3.34252238505065
684,3,3.34252238505065
684,46,3.34252238505065
684,82,3.34252238505065
684,94,3.34252238505065
833,344,3.34252238505065
833,41,3.34252238505065
833,701,3.34252238505065
833,33,3.34252238505065
833,778,3.34252238505065
645,104,3.34034491699595
80,124,3.34026907961946
137,283,3.34026907961946
137,163,3.34026907961946
61,123,3.34026907961946
152,88,3.34026907961946
152,576,3.34026907961946
152,721,3.34026907961946
152,788,3.34026907961946
152,17,3.34026907961946
282,204,3.34026907961946
613,283,3.34026907961946
613,352,3.34026907961946
866,252,3.34026907961946
88,646,3.34026907961946
617,647,3.34026907961946
617,35,3.34026907961946
617,788,3.34026907961946
283,123,3.34026907961946
576,247,3.34026907961946
156,124,3.34026907961946
721,247,3.34026907961946
721,97,3.34026907961946
291,204,3.34026907961946
493,500,3.34026907961946
493,73,3.34026907961946
123,500,3.34026907961946
247,462,3.34026907961946
646,788,3.34026907961946
163,124,3.34026907961946
106,4,3.33898345555141
106,677,3.33898345555141
635,77,3.33898345555141
607,139,3.33898345555141
141,105,3.33898345555141
141,649,3.33898345555141
144,450,3.33898345555141
165,89,3.33898345555141
296,355,3.33767521563538
799,355,3.33767521563538
721,355,3.33767521563538
462,355,3.33767521563538
300,381,3.33710852906246
315,560,3.33710852906246
743,414,3.33710852906246
250,370,3.33710852906246
792,414,3.33710852906246
842,85,3.33488656611708
787,86,3.33488656611708
249,85,3.33488656611708
744,616,3.33488656611708
85,551,3.33488656611708
85,167,3.33488656611708
85,82,3.33488656611708
623,86,3.33488656611708
526,86,3.33488656611708
149,27,3.33488656611708
149,509,3.33488656611708
701,616,3.33488656611708
33,616,3.33488656611708
616,690,3.33488656611708
301,86,3.33488656611708
86,215,3.33488656611708
79,104,3.33452424988959
296,254,3.33082564853607
583,254,3.33082564853607
254,223,3.33082564853607
254,35,3.33082564853607
139,378,3.33054386144304
612,378,3.33054386144304
38,354,3.32619199599894
38,850,3.32619199599894
38,485,3.32619199599894
38,728,3.32619199599894
38,722,3.32619199599894
38,581,3.32619199599894
850,451,3.32619199599894
451,4,3.32619199599894
451,722,3.32619199599894
451,677,3.32619199599894
695,294,3.32619199599894
695,797,3.32619199599894
804,104,3.32619199599894
147,323,3.32619199599894
294,350,3.32619199599894
294,105,3.32619199599894
294,208,3.32619199599894
294,649,3.32619199599894
756,323,3.32619199599894
607,262,3.32619199599894
350,797,3.32619199599894
797,399,3.32619199599894
797,105,3.32619199599894
581,323,3.32619199599894
662,104,3.32619199599894
234,791,3.32517676776052
234,46,3.32517676776052
234,142,3.32517676776052
478,384,3.32517676776052
313,384,3.32517676776052
570,191,3.32517676776052
570,846,3.32517676776052
408,191,3.32517676776052
344,191,3.32517676776052
191,41,3.32517676776052
191,778,3.32517676776052
191,57,3.32517676776052
191,82,3.32517676776052
41,846,3.32517676776052
846,777,3.32517676776052
846,778,3.32517676776052
846,365,3.32517676776052
846,750,3.32517676776052
846,497,3.32517676776052
384,365,3.32517676776052
384,113,3.32517676776052
100,355,3.32368865616457
742,355,3.32368865616457
211,355,3.32368865616457
143,355,3.32368865616457
184,355,3.32368865616457
95,355,3.32368865616457
355,10,3.32368865616457
355,673,3.32368865616457
80,654,3.32360917589257
61,725,3.32360917589257
61,318,3.32360917589257
518,589,3.32360917589257
152,593,3.32360917589257
661,569,3.32360917589257
661,831,3.32360917589257
806,163,3.32360917589257
593,646,3.32360917589257
434,848,3.32360917589257
434,500,3.32360917589257
434,163,3.32360917589257
434,73,3.32360917589257
434,496,3.32360917589257
569,539,3.32360917589257
569,500,3.32360917589257
6,654,3.32360917589257
6,318,3.32360917589257
283,654,3.32360917589257
589,523,3.32360917589257
156,654,3.32360917589257
831,539,3.32360917589257
231,524,3.32360917589257
500,689,3.32360917589257
500,725,3.32360917589257
631,204,3.32360917589257
654,163,3.32360917589257
654,73,3.32360917589257
524,771,3.32360917589257
646,771,3.32360917589257
645,557,3.32201827778329
11,355,3.31787509727557
100,254,3.31675350209708
63,254,3.31675350209708
742,254,3.31675350209708
587,254,3.31675350209708
211,254,3.31675350209708
306,254,3.31675350209708
254,298,3.31675350209708
254,69,3.31675350209708
254,793,3.31675350209708
254,424,3.31675350209708
254,10,3.31675350209708
833,472,3.31540741591959
79,163,3.3140069525393
137,257,3.31358402620557
137,361,3.31358402620557
137,792,3.31358402620557
137,414,3.31358402620557
829,788,3.31358402620557
282,381,3.31358402620557
257,71,3.31358402620557
613,792,3.31358402620557
613,414,3.31358402620557
296,361,3.31358402620557
296,250,3.31358402620557
296,370,3.31358402620557
88,414,3.31358402620557
698,716,3.31358402620557
71,370,3.31358402620557
799,250,3.31358402620557
799,370,3.31358402620557
576,256,3.31358402620557
743,124,3.31358402620557
223,250,3.31358402620557
223,370,3.31358402620557
503,124,3.31358402620557
123,414,3.31358402620557
123,370,3.31358402620557
370,788,3.31358402620557
494,780,3.31308275705263
494,472,3.31308275705263
449,780,3.31308275705263
449,472,3.31308275705263
408,780,3.31308275705263
382,780,3.31308275705263
382,472,3.31308275705263
572,472,3.31308275705263
479,780,3.31308275705263
479,472,3.31308275705263
780,230,3.31308275705263
780,509,3.31308275705263
492,472,3.31308275705263
272,472,3.31308275705263
230,472,3.31308275705263
752,472,3.31308275705263
430,472,3.31308275705263
191,616,3.31178647295852
846,616,3.31178647295852
530,557,3.30872701953793
267,557,3.30872701953793
461,350,3.30872701953793
461,208,3.30872701953793
461,618,3.30872701953793
712,557,3.30872701953793
280,355,3.30205557288862
355,498,3.30205557288862
425,378,3.29964624872646
378,104,3.29964624872646
61,139,3.29894497574254
152,141,3.29894497574254
152,612,3.29894497574254
661,141,3.29894497574254
635,754,3.29894497574254
379,848,3.29894497574254
379,200,3.29894497574254
379,496,3.29894497574254
139,21,3.29894497574254
141,524,3.29894497574254
859,612,3.29894497574254
247,165,3.29894497574254
165,97,3.29894497574254
25,645,3.29829483100138
744,645,3.29829483100138
39,645,3.29829483100138
594,645,3.29829483100138
408,645,3.29829483100138
344,645,3.29829483100138
645,278,3.29829483100138
645,688,3.29829483100138
645,701,3.29829483100138
645,3,3.29829483100138
645,620,3.29829483100138
645,46,3.29829483100138
645,758,3.29829483100138
645,365,3.29829483100138
645,82,3.29829483100138
850,833,3.28573385556852
639,817,3.28573385556852
176,817,3.28573385556852
595,817,3.28573385556852
833,722,3.28573385556852
833,351,3.28573385556852
833,581,3.28573385556852
243,817,3.28573385556852
697,817,3.28573385556852
817,628,3.28573385556852
817,266,3.28573385556852
434,254,3.28541762457003
191,846,3.28244162990233
842,11,3.28051324409511
494,11,3.28051324409511
382,11,3.28051324409511
626,11,3.28051324409511
11,660,3.28051324409511
11,232,3.28051324409511
11,230,3.28051324409511
829,771,3.27684543413868
829,498,3.27684543413868
257,434,3.27684543413868
257,631,3.27684543413868
257,72,3.27684543413868
806,370,3.27684543413868
593,250,3.27684543413868
361,318,3.27684543413868
361,396,3.27684543413868
434,792,3.27684543413868
434,414,3.27684543413868
716,725,3.27684543413868
716,396,3.27684543413868
743,831,3.27684543413868
743,654,3.27684543413868
831,256,3.27684543413868
231,414,3.27684543413868
231,370,3.27684543413868
250,631,3.27684543413868
631,370,3.27684543413868
381,72,3.27684543413868
792,654,3.27684543413868
654,414,3.27684543413868
725,414,3.27684543413868
414,318,3.27684543413868
414,771,3.27684543413868
137,613,3.2684108946501
137,583,3.2684108946501
137,799,3.2684108946501
658,291,3.2684108946501
613,583,3.2684108946501
613,124,3.2684108946501
296,799,3.2684108946501
296,223,3.2684108946501
296,788,3.2684108946501
866,583,3.2684108946501
698,123,3.2684108946501
799,223,3.2684108946501
799,788,3.2684108946501
223,788,3.2684108946501
38,848,3.26448921159752
38,496,3.26448921159752
61,262,3.26448921159752
294,524,3.26448921159752
617,797,3.26448921159752
97,104,3.26448921159752
343,454,3.26058902035031
343,420,3.26058902035031
343,691,3.26058902035031
343,169,3.26058902035031
343,692,3.26058902035031
343,707,3.26058902035031
343,157,3.26058902035031
343,37,3.26058902035031
343,731,3.26058902035031
343,302,3.26058902035031
343,227,3.26058902035031
343,696,3.26058902035031
343,339,3.26058902035031
343,748,3.26058902035031
343,571,3.26058902035031
343,507,3.26058902035031
343,452,3.26058902035031
739,558,3.26058902035031
739,448,3.26058902035031
739,714,3.26058902035031
739,868,3.26058902035031
739,861,3.26058902035031
454,420,3.26058902035031
454,691,3.26058902035031
454,169,3.26058902035031
454,692,3.26058902035031
454,707,3.26058902035031
454,157,3.26058902035031
454,37,3.26058902035031
454,731,3.26058902035031
454,302,3.26058902035031
454,227,3.26058902035031
454,696,3.26058902035031
454,339,3.26058902035031
454,748,3.26058902035031
454,571,3.26058902035031
454,507,3.26058902035031
454,452,3.26058902035031
42,174,3.26058902035031
42,622,3.26058902035031
42,809,3.26058902035031
42,67,3.26058902035031
42,311,3.26058902035031
42,107,3.26058902035031
42,805,3.26058902035031
42,704,3.26058902035031
42,782,3.26058902035031
42,556,3.26058902035031
42,127,3.26058902035031
42,22,3.26058902035031
175,847,3.26058902035031
175,666,3.26058902035031
175,588,3.26058902035031
175,410,3.26058902035031
175,299,3.26058902035031
175,464,3.26058902035031
175,699,3.26058902035031
175,455,3.26058902035031
175,447,3.26058902035031
175,292,3.26058902035031
175,826,3.26058902035031
175,118,3.26058902035031
175,683,3.26058902035031
175,457,3.26058902035031
175,119,3.26058902035031
175,473,3.26058902035031
175,78,3.26058902035031
175,1,3.26058902035031
420,691,3.26058902035031
420,169,3.26058902035031
420,692,3.26058902035031
420,707,3.26058902035031
420,157,3.26058902035031
420,37,3.26058902035031
420,731,3.26058902035031
420,302,3.26058902035031
420,227,3.26058902035031
420,696,3.26058902035031
420,339,3.26058902035031
420,748,3.26058902035031
420,571,3.26058902035031
420,507,3.26058902035031
420,452,3.26058902035031
189,818,3.26058902035031
189,45,3.26058902035031
736,810,3.26058902035031
736,598,3.26058902035031
736,624,3.26058902035031
736,8,3.26058902035031
578,858,3.26058902035031
578,759,3.26058902035031
578,273,3.26058902035031
578,590,3.26058902035031
578,640,3.26058902035031
578,225,3.26058902035031
578,814,3.26058902035031
185,535,3.26058902035031
185,367,3.26058902035031
185,242,3.26058902035031
185,775,3.26058902035031
185,12,3.26058902035031
185,550,3.26058902035031
185,681,3.26058902035031
691,169,3.26058902035031
691,692,3.26058902035031
691,707,3.26058902035031
691,157,3.26058902035031
691,37,3.26058902035031
691,731,3.26058902035031
691,302,3.26058902035031
691,227,3.26058902035031
691,696,3.26058902035031
691,339,3.26058902035031
691,748,3.26058902035031
691,571,3.26058902035031
691,507,3.26058902035031
691,452,3.26058902035031
385,90,3.26058902035031
385,540,3.26058902035031
385,219,3.26058902035031
385,30,3.26058902035031
385,96,3.26058902035031
789,277,3.26058902035031
789,246,3.26058902035031
789,544,3.26058902035031
789,659,3.26058902035031
214,537,3.26058902035031
334,56,3.26058902035031
287,776,3.26058902035031
287,801,3.26058902035031
287,608,3.26058902035031
23,58,3.26058902035031
23,724,3.26058902035031
331,525,3.26058902035031
331,261,3.26058902035031
621,333,3.26058902035031
621,264,3.26058902035031
810,598,3.26058902035031
810,624,3.26058902035031
810,8,3.26058902035031
90,540,3.26058902035031
90,219,3.26058902035031
90,30,3.26058902035031
90,96,3.26058902035031
480,491,3.26058902035031
480,459,3.26058902035031
480,203,3.26058902035031
480,417,3.26058902035031
174,622,3.26058902035031
174,809,3.26058902035031
174,67,3.26058902035031
174,311,3.26058902035031
174,107,3.26058902035031
174,805,3.26058902035031
174,704,3.26058902035031
174,782,3.26058902035031
174,556,3.26058902035031
174,127,3.26058902035031
174,22,3.26058902035031
643,749,3.26058902035031
643,538,3.26058902035031
643,773,3.26058902035031
643,609,3.26058902035031
643,40,3.26058902035031
643,851,3.26058902035031
643,407,3.26058902035031
847,666,3.26058902035031
847,588,3.26058902035031
847,410,3.26058902035031
847,299,3.26058902035031
847,464,3.26058902035031
847,699,3.26058902035031
847,455,3.26058902035031
847,447,3.26058902035031
847,292,3.26058902035031
847,826,3.26058902035031
847,118,3.26058902035031
847,683,3.26058902035031
847,457,3.26058902035031
847,119,3.26058902035031
847,473,3.26058902035031
847,78,3.26058902035031
847,1,3.26058902035031
74,546,3.26058902035031
74,641,3.26058902035031
74,490,3.26058902035031
179,484,3.26058902035031
179,53,3.26058902035031
693,821,3.26058902035031
397,368,3.26058902035031
391,207,3.26058902035031
391,87,3.26058902035031
391,522,3.26058902035031
391,442,3.26058902035031
391,679,3.26058902035031
391,521,3.26058902035031
749,538,3.26058902035031
749,773,3.26058902035031
749,609,3.26058902035031
749,40,3.26058902035031
749,851,3.26058902035031
749,407,3.26058902035031
666,588,3.26058902035031
666,410,3.26058902035031
666,299,3.26058902035031
666,464,3.26058902035031
666,699,3.26058902035031
666,455,3.26058902035031
666,447,3.26058902035031
666,292,3.26058902035031
666,826,3.26058902035031
666,118,3.26058902035031
666,683,3.26058902035031
666,457,3.26058902035031
666,119,3.26058902035031
666,473,3.26058902035031
666,78,3.26058902035031
666,1,3.26058902035031
117,134,3.26058902035031
117,428,3.26058902035031
117,201,3.26058902035031
117,865,3.26058902035031
117,669,3.26058902035031
558,448,3.26058902035031
558,714,3.26058902035031
558,868,3.26058902035031
558,861,3.26058902035031
772,81,3.26058902035031
760,446,3.26058902035031
760,514,3.26058902035031
422,172,3.26058902035031
422,427,3.26058902035031
422,279,3.26058902035031
422,353,3.26058902035031
422,653,3.26058902035031
740,32,3.26058902035031
740,9,3.26058902035031
740,592,3.26058902035031
858,759,3.26058902035031
858,273,3.26058902035031
858,590,3.26058902035031
858,640,3.26058902035031
858,225,3.26058902035031
858,814,3.26058902035031
277,246,3.26058902035031
277,544,3.26058902035031
277,659,3.26058902035031
637,713,3.26058902035031
308,790,3.26058902035031
308,808,3.26058902035031
702,860,3.26058902035031
140,374,3.26058902035031
140,281,3.26058902035031
140,719,3.26058902035031
140,7,3.26058902035031
373,431,3.26058902035031
638,305,3.26058902035031
708,435,3.26058902035031
708,555,3.26058902035031
161,164,3.26058902035031
161,528,3.26058902035031
504,18,3.26058902035031
504,418,3.26058902035031
504,426,3.26058902035031
504,511,3.26058902035031
402,795,3.26058902035031
402,552,3.26058902035031
402,221,3.26058902035031
58,724,3.26058902035031
169,692,3.26058902035031
169,707,3.26058902035031
169,157,3.26058902035031
169,37,3.26058902035031
169,731,3.26058902035031
169,302,3.26058902035031
169,227,3.26058902035031
169,696,3.26058902035031
169,339,3.26058902035031
169,748,3.26058902035031
169,571,3.26058902035031
169,507,3.26058902035031
169,452,3.26058902035031
374,281,3.26058902035031
374,719,3.26058902035031
374,7,3.26058902035031
535,367,3.26058902035031
535,242,3.26058902035031
535,775,3.26058902035031
535,12,3.26058902035031
535,550,3.26058902035031
535,681,3.26058902035031
776,801,3.26058902035031
776,608,3.26058902035031
815,190,3.26058902035031
433,244,3.26058902035031
692,707,3.26058902035031
692,157,3.26058902035031
692,37,3.26058902035031
692,731,3.26058902035031
692,302,3.26058902035031
692,227,3.26058902035031
692,696,3.26058902035031
692,339,3.26058902035031
692,748,3.26058902035031
692,571,3.26058902035031
692,507,3.26058902035031
692,452,3.26058902035031
730,604,3.26058902035031
779,241,3.26058902035031
779,437,3.26058902035031
779,245,3.26058902035031
779,125,3.26058902035031
281,719,3.26058902035031
281,7,3.26058902035031
588,410,3.26058902035031
588,299,3.26058902035031
588,464,3.26058902035031
588,699,3.26058902035031
588,455,3.26058902035031
588,447,3.26058902035031
588,292,3.26058902035031
588,826,3.26058902035031
588,118,3.26058902035031
588,683,3.26058902035031
588,457,3.26058902035031
588,119,3.26058902035031
588,473,3.26058902035031
588,78,3.26058902035031
588,1,3.26058902035031
297,34,3.26058902035031
297,467,3.26058902035031
297,130,3.26058902035031
297,213,3.26058902035031
297,233,3.26058902035031
108,733,3.26058902035031
655,240,3.26058902035031
655,121,3.26058902035031
622,809,3.26058902035031
622,67,3.26058902035031
622,311,3.26058902035031
622,107,3.26058902035031
622,805,3.26058902035031
622,704,3.26058902035031
622,782,3.26058902035031
622,556,3.26058902035031
622,127,3.26058902035031
622,22,3.26058902035031
410,299,3.26058902035031
410,464,3.26058902035031
410,699,3.26058902035031
410,455,3.26058902035031
410,447,3.26058902035031
410,292,3.26058902035031
410,826,3.26058902035031
410,118,3.26058902035031
410,683,3.26058902035031
410,457,3.26058902035031
410,119,3.26058902035031
410,473,3.26058902035031
410,78,3.26058902035031
410,1,3.26058902035031
18,418,3.26058902035031
18,426,3.26058902035031
18,511,3.26058902035031
484,53,3.26058902035031
598,624,3.26058902035031
598,8,3.26058902035031
458,269,3.26058902035031
770,553,3.26058902035031
380,667,3.26058902035031
380,274,3.26058902035031
380,822,3.26058902035031
380,411,3.26058902035031
380,606,3.26058902035031
380,840,3.26058902035031
380,122,3.26058902035031
380,586,3.26058902035031
380,20,3.26058902035031
809,67,3.26058902035031
809,311,3.26058902035031
809,107,3.26058902035031
809,805,3.26058902035031
809,704,3.26058902035031
809,782,3.26058902035031
809,556,3.26058902035031
809,127,3.26058902035031
809,22,3.26058902035031
299,464,3.26058902035031
299,699,3.26058902035031
299,455,3.26058902035031
299,447,3.26058902035031
299,292,3.26058902035031
299,826,3.26058902035031
299,118,3.26058902035031
299,683,3.26058902035031
299,457,3.26058902035031
299,119,3.26058902035031
299,473,3.26058902035031
299,78,3.26058902035031
299,1,3.26058902035031
719,7,3.26058902035031
135,432,3.26058902035031
135,825,3.26058902035031
135,763,3.26058902035031
135,419,3.26058902035031
135,177,3.26058902035031
367,242,3.26058902035031
367,775,3.26058902035031
367,12,3.26058902035031
367,550,3.26058902035031
367,681,3.26058902035031
795,552,3.26058902035031
795,221,3.26058902035031
248,761,3.26058902035031
248,751,3.26058902035031
248,171,3.26058902035031
656,99,3.26058902035031
656,527,3.26058902035031
715,60,3.26058902035031
340,222,3.26058902035031
340,563,3.26058902035031
246,544,3.26058902035031
246,659,3.26058902035031
670,341,3.26058902035031
670,347,3.26058902035031
448,714,3.26058902035031
448,868,3.26058902035031
448,861,3.26058902035031
634,192,3.26058902035031
634,48,3.26058902035031
634,146,3.26058902035031
634,783,3.26058902035031
634,534,3.26058902035031
634,394,3.26058902035031
229,326,3.26058902035031
481,198,3.26058902035031
481,429,3.26058902035031
481,386,3.26058902035031
481,112,3.26058902035031
481,324,3.26058902035031
481,358,3.26058902035031
481,423,3.26058902035031
481,83,3.26058902035031
481,453,3.26058902035031
481,747,3.26058902035031
134,428,3.26058902035031
134,201,3.26058902035031
134,865,3.26058902035031
134,669,3.26058902035031
538,773,3.26058902035031
538,609,3.26058902035031
538,40,3.26058902035031
538,851,3.26058902035031
538,407,3.26058902035031
554,265,3.26058902035031
759,273,3.26058902035031
759,590,3.26058902035031
759,640,3.26058902035031
759,225,3.26058902035031
759,814,3.26058902035031
464,699,3.26058902035031
464,455,3.26058902035031
464,447,3.26058902035031
464,292,3.26058902035031
464,826,3.26058902035031
464,118,3.26058902035031
464,683,3.26058902035031
464,457,3.26058902035031
464,119,3.26058902035031
464,473,3.26058902035031
464,78,3.26058902035031
464,1,3.26058902035031
317,388,3.26058902035031
317,547,3.26058902035031
222,563,3.26058902035031
67,311,3.26058902035031
67,107,3.26058902035031
67,805,3.26058902035031
67,704,3.26058902035031
67,782,3.26058902035031
67,556,3.26058902035031
67,127,3.26058902035031
67,22,3.26058902035031
275,26,3.26058902035031
275,737,3.26058902035031
310,663,3.26058902035031
192,48,3.26058902035031
192,146,3.26058902035031
192,783,3.26058902035031
192,534,3.26058902035031
192,394,3.26058902035031
667,274,3.26058902035031
667,822,3.26058902035031
667,411,3.26058902035031
667,606,3.26058902035031
667,840,3.26058902035031
667,122,3.26058902035031
667,586,3.26058902035031
667,20,3.26058902035031
242,775,3.26058902035031
242,12,3.26058902035031
242,550,3.26058902035031
242,681,3.26058902035031
311,107,3.26058902035031
311,805,3.26058902035031
311,704,3.26058902035031
311,782,3.26058902035031
311,556,3.26058902035031
311,127,3.26058902035031
311,22,3.26058902035031
362,705,3.26058902035031
362,672,3.26058902035031
362,148,3.26058902035031
446,514,3.26058902035031
775,12,3.26058902035031
775,550,3.26058902035031
775,681,3.26058902035031
699,455,3.26058902035031
699,447,3.26058902035031
699,292,3.26058902035031
699,826,3.26058902035031
699,118,3.26058902035031
699,683,3.26058902035031
699,457,3.26058902035031
699,119,3.26058902035031
699,473,3.26058902035031
699,78,3.26058902035031
699,1,3.26058902035031
455,447,3.26058902035031
455,292,3.26058902035031
455,826,3.26058902035031
455,118,3.26058902035031
455,683,3.26058902035031
455,457,3.26058902035031
455,119,3.26058902035031
455,473,3.26058902035031
455,78,3.26058902035031
455,1,3.26058902035031
164,528,3.26058902035031
273,590,3.26058902035031
273,640,3.26058902035031
273,225,3.26058902035031
273,814,3.26058902035031
26,737,3.26058902035031
274,822,3.26058902035031
274,411,3.26058902035031
274,606,3.26058902035031
274,840,3.26058902035031
274,122,3.26058902035031
274,586,3.26058902035031
274,20,3.26058902035031
818,45,3.26058902035031
346,19,3.26058902035031
346,803,3.26058902035031
346,387,3.26058902035031
346,636,3.26058902035031
346,841,3.26058902035031
241,437,3.26058902035031
241,245,3.26058902035031
241,125,3.26058902035031
48,146,3.26058902035031
48,783,3.26058902035031
48,534,3.26058902035031
48,394,3.26058902035031
491,459,3.26058902035031
491,203,3.26058902035031
491,417,3.26058902035031
707,157,3.26058902035031
707,37,3.26058902035031
707,731,3.26058902035031
707,302,3.26058902035031
707,227,3.26058902035031
707,696,3.26058902035031
707,339,3.26058902035031
707,748,3.26058902035031
707,571,3.26058902035031
707,507,3.26058902035031
707,452,3.26058902035031
303,319,3.26058902035031
107,805,3.26058902035031
107,704,3.26058902035031
107,782,3.26058902035031
107,556,3.26058902035031
107,127,3.26058902035031
107,22,3.26058902035031
517,91,3.26058902035031
327,680,3.26058902035031
773,609,3.26058902035031
773,40,3.26058902035031
773,851,3.26058902035031
773,407,3.26058902035031
436,827,3.26058902035031
676,727,3.26058902035031
198,429,3.26058902035031
198,386,3.26058902035031
198,112,3.26058902035031
198,324,3.26058902035031
198,358,3.26058902035031
198,423,3.26058902035031
198,83,3.26058902035031
198,453,3.26058902035031
198,747,3.26058902035031
207,87,3.26058902035031
207,522,3.26058902035031
207,442,3.26058902035031
207,679,3.26058902035031
207,521,3.26058902035031
429,386,3.26058902035031
429,112,3.26058902035031
429,324,3.26058902035031
429,358,3.26058902035031
429,423,3.26058902035031
429,83,3.26058902035031
429,453,3.26058902035031
429,747,3.26058902035031
172,427,3.26058902035031
172,279,3.26058902035031
172,353,3.26058902035031
172,653,3.26058902035031
437,245,3.26058902035031
437,125,3.26058902035031
447,292,3.26058902035031
447,826,3.26058902035031
447,118,3.26058902035031
447,683,3.26058902035031
447,457,3.26058902035031
447,119,3.26058902035031
447,473,3.26058902035031
447,78,3.26058902035031
447,1,3.26058902035031
99,527,3.26058902035031
333,264,3.26058902035031
427,279,3.26058902035031
427,353,3.26058902035031
427,653,3.26058902035031
87,522,3.26058902035031
87,442,3.26058902035031
87,679,3.26058902035031
87,521,3.26058902035031
329,762,3.26058902035031
329,562,3.26058902035031
329,55,3.26058902035031
292,826,3.26058902035031
292,118,3.26058902035031
292,683,3.26058902035031
292,457,3.26058902035031
292,119,3.26058902035031
292,473,3.26058902035031
292,78,3.26058902035031
292,1,3.26058902035031
822,411,3.26058902035031
822,606,3.26058902035031
822,840,3.26058902035031
822,122,3.26058902035031
822,586,3.26058902035031
822,20,3.26058902035031
34,467,3.26058902035031
34,130,3.26058902035031
34,213,3.26058902035031
34,233,3.26058902035031
435,555,3.26058902035031
705,672,3.26058902035031
705,148,3.26058902035031
552,221,3.26058902035031
428,201,3.26058902035031
428,865,3.26058902035031
428,669,3.26058902035031
522,442,3.26058902035031
522,679,3.26058902035031
522,521,3.26058902035031
170,769,3.26058902035031
170,47,3.26058902035031
170,591,3.26058902035031
442,679,3.26058902035031
442,521,3.26058902035031
432,825,3.26058902035031
432,763,3.26058902035031
432,419,3.26058902035031
432,177,3.26058902035031
805,704,3.26058902035031
805,782,3.26058902035031
805,556,3.26058902035031
805,127,3.26058902035031
805,22,3.26058902035031
686,235,3.26058902035031
686,312,3.26058902035031
386,112,3.26058902035031
386,324,3.26058902035031
386,358,3.26058902035031
386,423,3.26058902035031
386,83,3.26058902035031
386,453,3.26058902035031
386,747,3.26058902035031
544,659,3.26058902035031
238,844,3.26058902035031
388,547,3.26058902035031
157,37,3.26058902035031
157,731,3.26058902035031
157,302,3.26058902035031
157,227,3.26058902035031
157,696,3.26058902035031
157,339,3.26058902035031
157,748,3.26058902035031
157,571,3.26058902035031
157,507,3.26058902035031
157,452,3.26058902035031
12,550,3.26058902035031
12,681,3.26058902035031
31,335,3.26058902035031
201,865,3.26058902035031
201,669,3.26058902035031
32,9,3.26058902035031
32,592,3.26058902035031
467,130,3.26058902035031
467,213,3.26058902035031
467,233,3.26058902035031
816,445,3.26058902035031
130,213,3.26058902035031
130,233,3.26058902035031
418,426,3.26058902035031
418,511,3.26058902035031
624,8,3.26058902035031
790,808,3.26058902035031
590,640,3.26058902035031
590,225,3.26058902035031
590,814,3.26058902035031
37,731,3.26058902035031
37,302,3.26058902035031
37,227,3.26058902035031
37,696,3.26058902035031
37,339,3.26058902035031
37,748,3.26058902035031
37,571,3.26058902035031
37,507,3.26058902035031
37,452,3.26058902035031
546,641,3.26058902035031
546,490,3.26058902035031
704,782,3.26058902035031
704,556,3.26058902035031
704,127,3.26058902035031
704,22,3.26058902035031
761,751,3.26058902035031
761,171,3.26058902035031
146,783,3.26058902035031
146,534,3.26058902035031
146,394,3.26058902035031
411,606,3.26058902035031
411,840,3.26058902035031
411,122,3.26058902035031
411,586,3.26058902035031
411,20,3.26058902035031
459,203,3.26058902035031
459,417,3.26058902035031
782,556,3.26058902035031
782,127,3.26058902035031
782,22,3.26058902035031
714,868,3.26058902035031
714,861,3.26058902035031
279,353,3.26058902035031
279,653,3.26058902035031
341,347,3.26058902035031
556,127,3.26058902035031
556,22,3.26058902035031
640,225,3.26058902035031
640,814,3.26058902035031
155,781,3.26058902035031
825,763,3.26058902035031
825,419,3.26058902035031
825,177,3.26058902035031
98,585,3.26058902035031
783,534,3.26058902035031
783,394,3.26058902035031
679,521,3.26058902035031
763,419,3.26058902035031
763,177,3.26058902035031
225,814,3.26058902035031
868,861,3.26058902035031
550,681,3.26058902035031
180,674,3.26058902035031
826,118,3.26058902035031
826,683,3.26058902035031
826,457,3.26058902035031
826,119,3.26058902035031
826,473,3.26058902035031
826,78,3.26058902035031
826,1,3.26058902035031
19,803,3.26058902035031
19,387,3.26058902035031
19,636,3.26058902035031
19,841,3.26058902035031
609,40,3.26058902035031
609,851,3.26058902035031
609,407,3.26058902035031
769,47,3.26058902035031
769,591,3.26058902035031
731,302,3.26058902035031
731,227,3.26058902035031
731,696,3.26058902035031
731,339,3.26058902035031
731,748,3.26058902035031
731,571,3.26058902035031
731,507,3.26058902035031
731,452,3.26058902035031
9,592,3.26058902035031
803,387,3.26058902035031
803,636,3.26058902035031
803,841,3.26058902035031
245,125,3.26058902035031
127,22,3.26058902035031
112,324,3.26058902035031
112,358,3.26058902035031
112,423,3.26058902035031
112,83,3.26058902035031
112,453,3.26058902035031
112,747,3.26058902035031
302,227,3.26058902035031
302,696,3.26058902035031
302,339,3.26058902035031
302,748,3.26058902035031
302,571,3.26058902035031
302,507,3.26058902035031
302,452,3.26058902035031
751,171,3.26058902035031
865,669,3.26058902035031
235,312,3.26058902035031
353,653,3.26058902035031
540,219,3.26058902035031
540,30,3.26058902035031
540,96,3.26058902035031
387,636,3.26058902035031
387,841,3.26058902035031
801,608,3.26058902035031
213,233,3.26058902035031
606,840,3.26058902035031
606,122,3.26058902035031
606,586,3.26058902035031
606,20,3.26058902035031
203,417,3.26058902035031
227,696,3.26058902035031
227,339,3.26058902035031
227,748,3.26058902035031
227,571,3.26058902035031
227,507,3.26058902035031
227,452,3.26058902035031
219,30,3.26058902035031
219,96,3.26058902035031
582,196,3.26058902035031
582,600,3.26058902035031
641,490,3.26058902035031
196,600,3.26058902035031
47,591,3.26058902035031
40,851,3.26058902035031
40,407,3.26058902035031
813,734,3.26058902035031
240,121,3.26058902035031
840,122,3.26058902035031
840,586,3.26058902035031
840,20,3.26058902035031
30,96,3.26058902035031
426,511,3.26058902035031
696,339,3.26058902035031
696,748,3.26058902035031
696,571,3.26058902035031
696,507,3.26058902035031
696,452,3.26058902035031
118,683,3.26058902035031
118,457,3.26058902035031
118,119,3.26058902035031
118,473,3.26058902035031
118,78,3.26058902035031
118,1,3.26058902035031
324,358,3.26058902035031
324,423,3.26058902035031
324,83,3.26058902035031
324,453,3.26058902035031
324,747,3.26058902035031
525,261,3.26058902035031
358,423,3.26058902035031
358,83,3.26058902035031
358,453,3.26058902035031
358,747,3.26058902035031
419,177,3.26058902035031
683,457,3.26058902035031
683,119,3.26058902035031
683,473,3.26058902035031
683,78,3.26058902035031
683,1,3.26058902035031
672,148,3.26058902035031
423,83,3.26058902035031
423,453,3.26058902035031
423,747,3.26058902035031
83,453,3.26058902035031
83,747,3.26058902035031
339,748,3.26058902035031
339,571,3.26058902035031
339,507,3.26058902035031
339,452,3.26058902035031
762,562,3.26058902035031
762,55,3.26058902035031
457,119,3.26058902035031
457,473,3.26058902035031
457,78,3.26058902035031
457,1,3.26058902035031
562,55,3.26058902035031
748,571,3.26058902035031
748,507,3.26058902035031
748,452,3.26058902035031
122,586,3.26058902035031
122,20,3.26058902035031
652,685,3.26058902035031
119,473,3.26058902035031
119,78,3.26058902035031
119,1,3.26058902035031
851,407,3.26058902035031
571,507,3.26058902035031
571,452,3.26058902035031
473,78,3.26058902035031
473,1,3.26058902035031
586,20,3.26058902035031
453,747,3.26058902035031
534,394,3.26058902035031
507,452,3.26058902035031
636,841,3.26058902035031
78,1,3.26058902035031
482,616,3.25641293161823
850,85,3.25641293161823
85,728,3.25641293161823
85,722,3.25641293161823
85,581,3.25641293161823
695,616,3.25641293161823
149,649,3.25641293161823
616,105,3.25641293161823
616,649,3.25641293161823
89,86,3.25641293161823
852,378,3.2483409253874
461,378,3.2483409253874
85,645,3.24831964477884
645,149,3.24831964477884
384,780,3.24106485767334
570,378,3.23488437392705
594,378,3.23488437392705
572,378,3.23488437392705
344,378,3.23488437392705
41,378,3.23488437392705
755,378,3.23488437392705
701,378,3.23488437392705
33,378,3.23488437392705
778,378,3.23488437392705
3,378,3.23488437392705
378,29,3.23488437392705
378,365,3.23488437392705
378,113,3.23488437392705
378,366,3.23488437392705
165,355,3.23358131287106
843,355,3.23358131287106
833,79,3.23019135369356
829,141,3.22384610440815
315,139,3.22384610440815
361,612,3.22384610440815
379,381,3.22384610440815
139,716,3.22384610440815
716,843,3.22384610440815
503,144,3.22384610440815
141,414,3.22384610440815
612,414,3.22384610440815
612,370,3.22384610440815
414,843,3.22384610440815
482,384,3.22008025217119
234,147,3.22008025217119
234,508,3.22008025217119
695,846,3.22008025217119
350,846,3.22008025217119
846,399,3.22008025217119
846,182,3.22008025217119
846,105,3.22008025217119
846,649,3.22008025217119
384,399,3.22008025217119
852,524,3.21868680437157
661,461,3.21868680437157
461,617,3.21868680437157
461,811,3.21868680437157
283,557,3.21868680437157
254,378,3.21481865880532
137,434,3.19986039939461
137,231,3.19986039939461
137,654,3.19986039939461
137,771,3.19986039939461
137,498,3.19986039939461
664,35,3.19986039939461
664,788,3.19986039939461
806,576,3.19986039939461
806,462,3.19986039939461
806,17,3.19986039939461
593,296,3.19986039939461
593,88,3.19986039939461
593,71,3.19986039939461
593,799,3.19986039939461
593,576,3.19986039939461
593,223,3.19986039939461
593,462,3.19986039939461
593,788,3.19986039939461
593,17,3.19986039939461
613,434,3.19986039939461
862,223,3.19986039939461
296,231,3.19986039939461
296,654,3.19986039939461
296,318,3.19986039939461
88,631,3.19986039939461
88,771,3.19986039939461
583,434,3.19986039939461
583,569,3.19986039939461
583,689,3.19986039939461
583,654,3.19986039939461
434,698,3.19986039939461
434,71,3.19986039939461
434,123,3.19986039939461
434,124,3.19986039939461
569,698,3.19986039939461
569,576,3.19986039939461
569,721,3.19986039939461
569,462,3.19986039939461
569,17,3.19986039939461
698,689,3.19986039939461
698,725,3.19986039939461
698,318,3.19986039939461
589,576,3.19986039939461
589,35,3.19986039939461
589,788,3.19986039939461
589,17,3.19986039939461
799,771,3.19986039939461
799,498,3.19986039939461
576,831,3.19986039939461
576,631,3.19986039939461
721,831,3.19986039939461
291,72,3.19986039939461
223,231,3.19986039939461
493,725,3.19986039939461
231,35,3.19986039939461
631,788,3.19986039939461
631,17,3.19986039939461
35,771,3.19986039939461
788,498,3.19986039939461
254,141,3.19949308905044
254,843,3.19949308905044
85,11,3.19945592451221
257,79,3.18682275806578
79,792,3.18682275806578
630,472,3.17623157021153
756,472,3.17623157021153
80,833,3.16043448074543
684,500,3.16043448074543
684,163,3.16043448074543
833,156,3.16043448074543
833,500,3.16043448074543
38,716,3.15239647532312
38,250,3.15239647532312
451,767,3.15239647532312
451,250,3.15239647532312
451,414,3.15239647532312
451,370,3.15239647532312
361,262,3.15239647532312
294,250,3.15239647532312
797,370,3.15239647532312
370,104,3.15239647532312
354,645,3.12460235824135
625,645,3.12460235824135
485,645,3.12460235824135
645,351,3.12460235824135
645,399,3.12460235824135
645,649,3.12460235824135
38,355,3.11865639080489
79,149,3.11429025821932
79,86,3.11429025821932
191,11,3.11270557189803
137,139,3.10494310627117
137,141,3.10494310627117
137,144,3.10494310627117
137,843,3.10494310627117
106,124,3.10494310627117
296,612,3.10494310627117
866,139,3.10494310627117
583,139,3.10494310627117
698,139,3.10494310627117
799,612,3.10494310627117
799,144,3.10494310627117
799,843,3.10494310627117
576,141,3.10494310627117
721,141,3.10494310627117
139,123,3.10494310627117
141,124,3.10494310627117
141,35,3.10494310627117
141,17,3.10494310627117
123,612,3.10494310627117
612,788,3.10494310627117
144,124,3.10494310627117
661,86,3.08929297801069
85,283,3.08929297801069
85,500,3.08929297801069
85,352,3.08929297801069
247,616,3.08929297801069
97,86,3.08929297801069
806,631,3.08786051096892
593,831,3.08786051096892
593,631,3.08786051096892
593,498,3.08786051096892
434,569,3.08786051096892
434,689,3.08786051096892
569,831,3.08786051096892
569,725,3.08786051096892
831,689,3.08786051096892
231,631,3.08786051096892
631,72,3.08786051096892
631,771,3.08786051096892
689,725,3.08786051096892
654,318,3.08786051096892
28,79,3.07703751399271
100,79,3.07703751399271
377,79,3.07703751399271
63,79,3.07703751399271
742,79,3.07703751399271
729,79,3.07703751399271
587,79,3.07703751399271
211,79,3.07703751399271
79,306,3.07703751399271
79,14,3.07703751399271
79,298,3.07703751399271
79,69,3.07703751399271
79,793,3.07703751399271
79,424,3.07703751399271
79,10,3.07703751399271
648,11,3.06521733152527
195,11,3.06521733152527
356,11,3.06521733152527
11,529,3.06521733152527
829,461,3.06174234055602
852,361,3.06174234055602
852,370,3.06174234055602
792,557,3.06174234055602
757,355,3.05424154869408
570,355,3.05424154869408
393,355,3.05424154869408
344,355,3.05424154869408
41,355,3.05424154869408
755,355,3.05424154869408
778,355,3.05424154869408
114,355,3.05424154869408
732,355,3.05424154869408
690,355,3.05424154869408
301,355,3.05424154869408
355,332,3.05424154869408
594,254,3.00653878615712
254,29,3.00653878615712
254,758,3.00653878615712
254,365,3.00653878615712
254,43,3.00653878615712
254,82,3.00653878615712
254,855,3.00653878615712
80,234,3.00564052486081
61,191,3.00564052486081
234,156,3.00564052486081
152,846,3.00564052486081
661,384,3.00564052486081
617,846,3.00564052486081
191,500,3.00564052486081
848,384,3.00564052486081
846,646,3.00564052486081
384,496,3.00564052486081
343,466,2.99451890040477
343,642,2.99451890040477
343,599,2.99451890040477
343,615,2.99451890040477
343,545,2.99451890040477
343,456,2.99451890040477
343,322,2.99451890040477
466,454,2.99451890040477
466,420,2.99451890040477
466,691,2.99451890040477
466,169,2.99451890040477
466,692,2.99451890040477
466,707,2.99451890040477
466,157,2.99451890040477
466,37,2.99451890040477
466,731,2.99451890040477
466,302,2.99451890040477
466,227,2.99451890040477
466,696,2.99451890040477
466,339,2.99451890040477
466,748,2.99451890040477
466,571,2.99451890040477
466,507,2.99451890040477
466,452,2.99451890040477
197,807,2.99451890040477
739,642,2.99451890040477
739,5,2.99451890040477
739,615,2.99451890040477
739,66,2.99451890040477
739,800,2.99451890040477
739,545,2.99451890040477
739,314,2.99451890040477
739,673,2.99451890040477
739,322,2.99451890040477
454,642,2.99451890040477
454,599,2.99451890040477
454,615,2.99451890040477
454,545,2.99451890040477
454,456,2.99451890040477
454,322,2.99451890040477
42,488,2.99451890040477
42,703,2.99451890040477
42,400,2.99451890040477
42,376,2.99451890040477
42,596,2.99451890040477
42,854,2.99451890040477
42,116,2.99451890040477
175,404,2.99451890040477
175,187,2.99451890040477
175,363,2.99451890040477
175,224,2.99451890040477
175,443,2.99451890040477
175,838,2.99451890040477
175,746,2.99451890040477
175,337,2.99451890040477
175,824,2.99451890040477
175,738,2.99451890040477
175,253,2.99451890040477
175,109,2.99451890040477
54,655,2.99451890040477
54,240,2.99451890040477
54,121,2.99451890040477
420,642,2.99451890040477
420,599,2.99451890040477
420,615,2.99451890040477
420,545,2.99451890040477
420,456,2.99451890040477
420,322,2.99451890040477
189,460,2.99451890040477
189,678,2.99451890040477
736,76,2.99451890040477
736,166,2.99451890040477
736,764,2.99451890040477
836,565,2.99451890040477
578,718,2.99451890040477
578,143,2.99451890040477
578,820,2.99451890040477
295,726,2.99451890040477
691,642,2.99451890040477
691,599,2.99451890040477
691,615,2.99451890040477
691,545,2.99451890040477
691,456,2.99451890040477
691,322,2.99451890040477
385,389,2.99451890040477
385,290,2.99451890040477
385,515,2.99451890040477
212,101,2.99451890040477
136,74,2.99451890040477
136,481,2.99451890040477
136,198,2.99451890040477
136,429,2.99451890040477
136,386,2.99451890040477
136,546,2.99451890040477
136,112,2.99451890040477
136,641,2.99451890040477
136,324,2.99451890040477
136,358,2.99451890040477
136,423,2.99451890040477
136,83,2.99451890040477
136,490,2.99451890040477
136,453,2.99451890040477
136,747,2.99451890040477
605,179,2.99451890040477
605,484,2.99451890040477
605,317,2.99451890040477
605,388,2.99451890040477
605,53,2.99451890040477
605,547,2.99451890040477
675,166,2.99451890040477
28,637,2.99451890040477
28,297,2.99451890040477
28,34,2.99451890040477
28,713,2.99451890040477
28,467,2.99451890040477
28,130,2.99451890040477
28,213,2.99451890040477
28,233,2.99451890040477
789,474,2.99451890040477
154,415,2.99451890040477
214,718,2.99451890040477
181,517,2.99451890040477
181,170,2.99451890040477
181,91,2.99451890040477
181,769,2.99451890040477
181,47,2.99451890040477
181,591,2.99451890040477
145,140,2.99451890040477
145,374,2.99451890040477
145,281,2.99451890040477
145,655,2.99451890040477
145,719,2.99451890040477
145,240,2.99451890040477
145,7,2.99451890040477
145,121,2.99451890040477
287,330,2.99451890040477
102,575,2.99451890040477
401,481,2.99451890040477
401,198,2.99451890040477
401,429,2.99451890040477
401,386,2.99451890040477
401,112,2.99451890040477
401,324,2.99451890040477
401,358,2.99451890040477
401,423,2.99451890040477
401,83,2.99451890040477
401,453,2.99451890040477
401,747,2.99451890040477
23,320,2.99451890040477
331,400,2.99451890040477
331,854,2.99451890040477
621,703,2.99451890040477
810,76,2.99451890040477
810,166,2.99451890040477
810,764,2.99451890040477
90,389,2.99451890040477
90,290,2.99451890040477
90,515,2.99451890040477
159,297,2.99451890040477
159,634,2.99451890040477
159,192,2.99451890040477
159,48,2.99451890040477
159,34,2.99451890040477
159,467,2.99451890040477
159,130,2.99451890040477
159,146,2.99451890040477
159,783,2.99451890040477
159,213,2.99451890040477
159,233,2.99451890040477
159,534,2.99451890040477
159,394,2.99451890040477
404,847,2.99451890040477
404,666,2.99451890040477
404,588,2.99451890040477
404,410,2.99451890040477
404,380,2.99451890040477
404,299,2.99451890040477
404,464,2.99451890040477
404,667,2.99451890040477
404,699,2.99451890040477
404,455,2.99451890040477
404,274,2.99451890040477
404,447,2.99451890040477
404,292,2.99451890040477
404,822,2.99451890040477
404,411,2.99451890040477
404,826,2.99451890040477
404,606,2.99451890040477
404,840,2.99451890040477
404,118,2.99451890040477
404,683,2.99451890040477
404,457,2.99451890040477
404,122,2.99451890040477
404,119,2.99451890040477
404,473,2.99451890040477
404,586,2.99451890040477
404,20,2.99451890040477
404,78,2.99451890040477
404,1,2.99451890040477
488,174,2.99451890040477
488,655,2.99451890040477
488,622,2.99451890040477
488,809,2.99451890040477
488,67,2.99451890040477
488,311,2.99451890040477
488,107,2.99451890040477
488,805,2.99451890040477
488,704,2.99451890040477
488,782,2.99451890040477
488,556,2.99451890040477
488,127,2.99451890040477
488,240,2.99451890040477
488,22,2.99451890040477
488,121,2.99451890040477
174,703,2.99451890040477
174,400,2.99451890040477
174,376,2.99451890040477
174,596,2.99451890040477
174,854,2.99451890040477
174,116,2.99451890040477
643,320,2.99451890040477
845,665,2.99451890040477
847,187,2.99451890040477
847,363,2.99451890040477
847,224,2.99451890040477
847,443,2.99451890040477
847,838,2.99451890040477
847,746,2.99451890040477
847,337,2.99451890040477
847,824,2.99451890040477
847,738,2.99451890040477
847,253,2.99451890040477
847,109,2.99451890040477
187,666,2.99451890040477
187,588,2.99451890040477
187,410,2.99451890040477
187,380,2.99451890040477
187,299,2.99451890040477
187,464,2.99451890040477
187,667,2.99451890040477
187,699,2.99451890040477
187,455,2.99451890040477
187,274,2.99451890040477
187,447,2.99451890040477
187,292,2.99451890040477
187,822,2.99451890040477
187,411,2.99451890040477
187,826,2.99451890040477
187,606,2.99451890040477
187,840,2.99451890040477
187,118,2.99451890040477
187,683,2.99451890040477
187,457,2.99451890040477
187,122,2.99451890040477
187,119,2.99451890040477
187,473,2.99451890040477
187,586,2.99451890040477
187,20,2.99451890040477
187,78,2.99451890040477
187,1,2.99451890040477
745,779,2.99451890040477
745,241,2.99451890040477
745,437,2.99451890040477
745,245,2.99451890040477
745,125,2.99451890040477
74,360,2.99451890040477
342,70,2.99451890040477
179,69,2.99451890040477
693,211,2.99451890040477
693,298,2.99451890040477
693,644,2.99451890040477
397,644,2.99451890040477
391,360,2.99451890040477
642,558,2.99451890040477
642,169,2.99451890040477
642,692,2.99451890040477
642,448,2.99451890040477
642,707,2.99451890040477
642,157,2.99451890040477
642,37,2.99451890040477
642,714,2.99451890040477
642,868,2.99451890040477
642,731,2.99451890040477
642,302,2.99451890040477
642,227,2.99451890040477
642,696,2.99451890040477
642,339,2.99451890040477
642,748,2.99451890040477
642,571,2.99451890040477
642,507,2.99451890040477
642,452,2.99451890040477
642,861,2.99451890040477
76,598,2.99451890040477
76,624,2.99451890040477
76,289,2.99451890040477
76,8,2.99451890040477
537,718,2.99451890040477
162,5,2.99451890040477
162,206,2.99451890040477
162,13,2.99451890040477
749,320,2.99451890040477
666,363,2.99451890040477
666,224,2.99451890040477
666,443,2.99451890040477
666,838,2.99451890040477
666,746,2.99451890040477
666,337,2.99451890040477
666,824,2.99451890040477
666,738,2.99451890040477
666,253,2.99451890040477
666,109,2.99451890040477
853,413,2.99451890040477
853,120,2.99451890040477
853,559,2.99451890040477
853,307,2.99451890040477
558,5,2.99451890040477
558,615,2.99451890040477
558,66,2.99451890040477
558,800,2.99451890040477
558,545,2.99451890040477
558,314,2.99451890040477
558,673,2.99451890040477
558,322,2.99451890040477
760,673,2.99451890040477
422,184,2.99451890040477
422,95,2.99451890040477
422,568,2.99451890040477
858,718,2.99451890040477
858,143,2.99451890040477
858,820,2.99451890040477
309,36,2.99451890040477
277,474,2.99451890040477
158,24,2.99451890040477
220,532,2.99451890040477
637,587,2.99451890040477
637,543,2.99451890040477
637,290,2.99451890040477
308,735,2.99451890040477
308,338,2.99451890040477
308,857,2.99451890040477
308,819,2.99451890040477
308,226,2.99451890040477
308,237,2.99451890040477
100,652,2.99451890040477
100,685,2.99451890040477
140,132,2.99451890040477
140,475,2.99451890040477
140,357,2.99451890040477
140,441,2.99451890040477
373,531,2.99451890040477
373,120,2.99451890040477
373,559,2.99451890040477
373,307,2.99451890040477
735,790,2.99451890040477
735,808,2.99451890040477
638,376,2.99451890040477
377,652,2.99451890040477
377,685,2.99451890040477
161,515,2.99451890040477
115,110,2.99451890040477
115,289,2.99451890040477
504,0,2.99451890040477
402,710,2.99451890040477
58,320,2.99451890040477
169,599,2.99451890040477
169,615,2.99451890040477
169,545,2.99451890040477
169,456,2.99451890040477
169,322,2.99451890040477
374,132,2.99451890040477
374,475,2.99451890040477
374,357,2.99451890040477
374,441,2.99451890040477
63,170,2.99451890040477
63,650,2.99451890040477
63,769,2.99451890040477
63,47,2.99451890040477
63,591,2.99451890040477
776,330,2.99451890040477
363,588,2.99451890040477
363,410,2.99451890040477
363,380,2.99451890040477
363,299,2.99451890040477
363,464,2.99451890040477
363,667,2.99451890040477
363,699,2.99451890040477
363,455,2.99451890040477
363,274,2.99451890040477
363,447,2.99451890040477
363,292,2.99451890040477
363,822,2.99451890040477
363,411,2.99451890040477
363,826,2.99451890040477
363,606,2.99451890040477
363,840,2.99451890040477
363,118,2.99451890040477
363,683,2.99451890040477
363,457,2.99451890040477
363,122,2.99451890040477
363,119,2.99451890040477
363,473,2.99451890040477
363,586,2.99451890040477
363,20,2.99451890040477
363,78,2.99451890040477
363,1,2.99451890040477
224,588,2.99451890040477
224,410,2.99451890040477
224,380,2.99451890040477
224,299,2.99451890040477
224,464,2.99451890040477
224,667,2.99451890040477
224,699,2.99451890040477
224,455,2.99451890040477
224,274,2.99451890040477
224,447,2.99451890040477
224,292,2.99451890040477
224,822,2.99451890040477
224,411,2.99451890040477
224,826,2.99451890040477
224,606,2.99451890040477
224,840,2.99451890040477
224,118,2.99451890040477
224,683,2.99451890040477
224,457,2.99451890040477
224,122,2.99451890040477
224,119,2.99451890040477
224,473,2.99451890040477
224,586,2.99451890040477
224,20,2.99451890040477
224,78,2.99451890040477
224,1,2.99451890040477
443,588,2.99451890040477
443,410,2.99451890040477
443,380,2.99451890040477
443,299,2.99451890040477
443,464,2.99451890040477
443,667,2.99451890040477
443,699,2.99451890040477
443,455,2.99451890040477
443,274,2.99451890040477
443,447,2.99451890040477
443,292,2.99451890040477
443,822,2.99451890040477
443,411,2.99451890040477
443,826,2.99451890040477
443,606,2.99451890040477
443,840,2.99451890040477
443,118,2.99451890040477
443,683,2.99451890040477
443,457,2.99451890040477
443,122,2.99451890040477
443,119,2.99451890040477
443,473,2.99451890040477
443,586,2.99451890040477
443,20,2.99451890040477
443,78,2.99451890040477
443,1,2.99451890040477
131,543,2.99451890040477
168,248,2.99451890040477
168,565,2.99451890040477
168,761,2.99451890040477
168,751,2.99451890040477
168,171,2.99451890040477
692,599,2.99451890040477
692,615,2.99451890040477
692,545,2.99451890040477
692,456,2.99451890040477
692,322,2.99451890040477
730,416,2.99451890040477
730,440,2.99451890040477
779,304,2.99451890040477
779,16,2.99451890040477
281,132,2.99451890040477
281,475,2.99451890040477
281,357,2.99451890040477
281,441,2.99451890040477
742,650,2.99451890040477
742,652,2.99451890040477
742,685,2.99451890040477
588,838,2.99451890040477
588,746,2.99451890040477
588,337,2.99451890040477
588,824,2.99451890040477
588,738,2.99451890040477
588,253,2.99451890040477
588,109,2.99451890040477
297,383,2.99451890040477
297,471,2.99451890040477
297,255,2.99451890040477
297,371,2.99451890040477
297,542,2.99451890040477
622,703,2.99451890040477
622,400,2.99451890040477
622,376,2.99451890040477
622,596,2.99451890040477
622,854,2.99451890040477
622,116,2.99451890040477
132,719,2.99451890040477
132,7,2.99451890040477
838,410,2.99451890040477
838,380,2.99451890040477
838,299,2.99451890040477
838,464,2.99451890040477
838,667,2.99451890040477
838,699,2.99451890040477
838,455,2.99451890040477
838,274,2.99451890040477
838,447,2.99451890040477
838,292,2.99451890040477
838,822,2.99451890040477
838,411,2.99451890040477
838,826,2.99451890040477
838,606,2.99451890040477
838,840,2.99451890040477
838,118,2.99451890040477
838,683,2.99451890040477
838,457,2.99451890040477
838,122,2.99451890040477
838,119,2.99451890040477
838,473,2.99451890040477
838,586,2.99451890040477
838,20,2.99451890040477
838,78,2.99451890040477
838,1,2.99451890040477
849,209,2.99451890040477
531,431,2.99451890040477
531,823,2.99451890040477
5,448,2.99451890040477
5,714,2.99451890040477
5,868,2.99451890040477
5,861,2.99451890040477
410,746,2.99451890040477
410,337,2.99451890040477
410,824,2.99451890040477
410,738,2.99451890040477
410,253,2.99451890040477
410,109,2.99451890040477
18,0,2.99451890040477
484,69,2.99451890040477
405,532,2.99451890040477
599,707,2.99451890040477
599,157,2.99451890040477
599,37,2.99451890040477
599,731,2.99451890040477
599,302,2.99451890040477
599,227,2.99451890040477
599,696,2.99451890040477
599,339,2.99451890040477
599,748,2.99451890040477
599,571,2.99451890040477
599,507,2.99451890040477
599,452,2.99451890040477
598,166,2.99451890040477
598,764,2.99451890040477
458,723,2.99451890040477
209,764,2.99451890040477
380,746,2.99451890040477
380,337,2.99451890040477
380,824,2.99451890040477
380,738,2.99451890040477
380,109,2.99451890040477
718,759,2.99451890040477
718,273,2.99451890040477
718,590,2.99451890040477
718,640,2.99451890040477
718,225,2.99451890040477
718,814,2.99451890040477
809,703,2.99451890040477
809,400,2.99451890040477
809,376,2.99451890040477
809,596,2.99451890040477
809,854,2.99451890040477
809,116,2.99451890040477
299,746,2.99451890040477
299,337,2.99451890040477
299,824,2.99451890040477
299,738,2.99451890040477
299,253,2.99451890040477
299,109,2.99451890040477
364,49,2.99451890040477
719,475,2.99451890040477
719,357,2.99451890040477
719,441,2.99451890040477
135,729,2.99451890040477
135,440,2.99451890040477
135,259,2.99451890040477
729,432,2.99451890040477
729,825,2.99451890040477
729,763,2.99451890040477
729,650,2.99451890040477
729,419,2.99451890040477
729,177,2.99451890040477
416,329,2.99451890040477
416,604,2.99451890040477
416,762,2.99451890040477
416,562,2.99451890040477
416,55,2.99451890040477
795,710,2.99451890040477
248,75,2.99451890040477
248,533,2.99451890040477
248,516,2.99451890040477
706,329,2.99451890040477
706,762,2.99451890040477
706,562,2.99451890040477
706,55,2.99451890040477
706,823,2.99451890040477
246,474,2.99451890040477
587,713,2.99451890040477
670,183,2.99451890040477
286,62,2.99451890040477
448,615,2.99451890040477
448,66,2.99451890040477
448,800,2.99451890040477
448,545,2.99451890040477
448,314,2.99451890040477
448,673,2.99451890040477
448,322,2.99451890040477
634,383,2.99451890040477
634,471,2.99451890040477
634,460,2.99451890040477
634,371,2.99451890040477
634,678,2.99451890040477
634,542,2.99451890040477
49,255,2.99451890040477
211,821,2.99451890040477
229,610,2.99451890040477
229,251,2.99451890040477
229,372,2.99451890040477
320,538,2.99451890040477
320,773,2.99451890040477
320,609,2.99451890040477
320,724,2.99451890040477
320,40,2.99451890040477
320,851,2.99451890040477
320,407,2.99451890040477
0,170,2.99451890040477
0,418,2.99451890040477
0,769,2.99451890040477
0,47,2.99451890040477
0,426,2.99451890040477
0,511,2.99451890040477
0,591,2.99451890040477
759,143,2.99451890040477
759,820,2.99451890040477
464,746,2.99451890040477
464,337,2.99451890040477
464,824,2.99451890040477
464,738,2.99451890040477
464,253,2.99451890040477
464,109,2.99451890040477
615,707,2.99451890040477
615,157,2.99451890040477
615,37,2.99451890040477
615,714,2.99451890040477
615,868,2.99451890040477
615,731,2.99451890040477
615,302,2.99451890040477
615,227,2.99451890040477
615,696,2.99451890040477
615,339,2.99451890040477
615,748,2.99451890040477
615,571,2.99451890040477
615,507,2.99451890040477
615,452,2.99451890040477
615,861,2.99451890040477
317,321,2.99451890040477
317,566,2.99451890040477
236,774,2.99451890040477
110,835,2.99451890040477
711,565,2.99451890040477
67,703,2.99451890040477
67,400,2.99451890040477
67,376,2.99451890040477
67,596,2.99451890040477
67,854,2.99451890040477
67,116,2.99451890040477
275,567,2.99451890040477
275,228,2.99451890040477
440,432,2.99451890040477
440,825,2.99451890040477
440,763,2.99451890040477
440,604,2.99451890040477
440,419,2.99451890040477
440,177,2.99451890040477
746,667,2.99451890040477
746,699,2.99451890040477
746,455,2.99451890040477
746,274,2.99451890040477
746,447,2.99451890040477
746,292,2.99451890040477
746,822,2.99451890040477
746,411,2.99451890040477
746,826,2.99451890040477
746,606,2.99451890040477
746,840,2.99451890040477
746,118,2.99451890040477
746,683,2.99451890040477
746,457,2.99451890040477
746,122,2.99451890040477
746,119,2.99451890040477
746,473,2.99451890040477
746,586,2.99451890040477
746,20,2.99451890040477
746,78,2.99451890040477
746,1,2.99451890040477
192,383,2.99451890040477
192,471,2.99451890040477
192,460,2.99451890040477
192,371,2.99451890040477
192,678,2.99451890040477
192,542,2.99451890040477
667,337,2.99451890040477
667,824,2.99451890040477
667,738,2.99451890040477
667,109,2.99451890040477
311,703,2.99451890040477
311,400,2.99451890040477
311,376,2.99451890040477
311,596,2.99451890040477
311,854,2.99451890040477
311,116,2.99451890040477
362,14,2.99451890040477
362,568,2.99451890040477
306,170,2.99451890040477
306,650,2.99451890040477
306,769,2.99451890040477
306,47,2.99451890040477
306,591,2.99451890040477
446,673,2.99451890040477
703,107,2.99451890040477
703,333,2.99451890040477
703,805,2.99451890040477
703,264,2.99451890040477
703,704,2.99451890040477
703,782,2.99451890040477
703,556,2.99451890040477
703,127,2.99451890040477
703,22,2.99451890040477
699,337,2.99451890040477
699,824,2.99451890040477
699,738,2.99451890040477
699,253,2.99451890040477
699,109,2.99451890040477
455,337,2.99451890040477
455,824,2.99451890040477
455,738,2.99451890040477
455,253,2.99451890040477
455,109,2.99451890040477
164,515,2.99451890040477
273,143,2.99451890040477
273,820,2.99451890040477
564,741,2.99451890040477
160,392,2.99451890040477
682,338,2.99451890040477
26,567,2.99451890040477
26,228,2.99451890040477
514,673,2.99451890040477
274,337,2.99451890040477
274,824,2.99451890040477
274,738,2.99451890040477
274,109,2.99451890040477
383,48,2.99451890040477
383,34,2.99451890040477
383,467,2.99451890040477
383,130,2.99451890040477
383,146,2.99451890040477
383,783,2.99451890040477
383,213,2.99451890040477
383,233,2.99451890040477
383,534,2.99451890040477
383,394,2.99451890040477
818,460,2.99451890040477
818,678,2.99451890040477
346,474,2.99451890040477
346,800,2.99451890040477
241,304,2.99451890040477
241,16,2.99451890040477
573,633,2.99451890040477
103,610,2.99451890040477
48,471,2.99451890040477
48,460,2.99451890040477
48,371,2.99451890040477
48,678,2.99451890040477
48,542,2.99451890040477
178,835,2.99451890040477
707,545,2.99451890040477
707,456,2.99451890040477
707,322,2.99451890040477
303,205,2.99451890040477
107,400,2.99451890040477
107,376,2.99451890040477
107,596,2.99451890040477
107,854,2.99451890040477
107,116,2.99451890040477
565,75,2.99451890040477
565,475,2.99451890040477
565,506,2.99451890040477
517,785,2.99451890040477
517,15,2.99451890040477
676,820,2.99451890040477
207,360,2.99451890040477
338,790,2.99451890040477
338,808,2.99451890040477
120,431,2.99451890040477
505,31,2.99451890040477
505,126,2.99451890040477
505,335,2.99451890040477
337,447,2.99451890040477
337,292,2.99451890040477
337,822,2.99451890040477
337,411,2.99451890040477
337,826,2.99451890040477
337,606,2.99451890040477
337,840,2.99451890040477
337,118,2.99451890040477
337,683,2.99451890040477
337,457,2.99451890040477
337,122,2.99451890040477
337,119,2.99451890040477
337,473,2.99451890040477
337,586,2.99451890040477
337,20,2.99451890040477
337,78,2.99451890040477
337,1,2.99451890040477
610,326,2.99451890040477
172,184,2.99451890040477
172,95,2.99451890040477
172,568,2.99451890040477
437,304,2.99451890040477
437,16,2.99451890040477
143,590,2.99451890040477
143,640,2.99451890040477
143,225,2.99451890040477
143,814,2.99451890040477
184,427,2.99451890040477
184,279,2.99451890040477
184,353,2.99451890040477
184,653,2.99451890040477
259,432,2.99451890040477
259,825,2.99451890040477
259,763,2.99451890040477
259,419,2.99451890040477
259,177,2.99451890040477
95,427,2.99451890040477
95,279,2.99451890040477
95,353,2.99451890040477
95,653,2.99451890040477
447,824,2.99451890040477
447,738,2.99451890040477
447,253,2.99451890040477
447,109,2.99451890040477
427,568,2.99451890040477
431,559,2.99451890040477
431,307,2.99451890040477
87,360,2.99451890040477
329,403,2.99451890040477
329,293,2.99451890040477
329,228,2.99451890040477
292,824,2.99451890040477
292,738,2.99451890040477
292,253,2.99451890040477
292,109,2.99451890040477
66,714,2.99451890040477
66,868,2.99451890040477
66,861,2.99451890040477
822,824,2.99451890040477
822,738,2.99451890040477
822,109,2.99451890040477
34,471,2.99451890040477
34,255,2.99451890040477
34,371,2.99451890040477
34,542,2.99451890040477
474,544,2.99451890040477
474,19,2.99451890040477
474,659,2.99451890040477
474,803,2.99451890040477
474,387,2.99451890040477
474,636,2.99451890040477
474,841,2.99451890040477
321,388,2.99451890040477
321,547,2.99451890040477
321,828,2.99451890040477
471,467,2.99451890040477
471,130,2.99451890040477
471,146,2.99451890040477
471,783,2.99451890040477
471,213,2.99451890040477
471,233,2.99451890040477
471,534,2.99451890040477
471,394,2.99451890040477
705,14,2.99451890040477
705,568,2.99451890040477
552,710,2.99451890040477
857,790,2.99451890040477
857,808,2.99451890040477
665,93,2.99451890040477
522,360,2.99451890040477
330,532,2.99451890040477
330,801,2.99451890040477
330,608,2.99451890040477
305,376,2.99451890040477
170,298,2.99451890040477
170,69,2.99451890040477
170,793,2.99451890040477
170,424,2.99451890040477
442,360,2.99451890040477
400,805,2.99451890040477
400,704,2.99451890040477
400,782,2.99451890040477
400,556,2.99451890040477
400,127,2.99451890040477
400,525,2.99451890040477
400,22,2.99451890040477
400,261,2.99451890040477
376,805,2.99451890040477
376,704,2.99451890040477
376,782,2.99451890040477
376,556,2.99451890040477
376,127,2.99451890040477
376,22,2.99451890040477
713,543,2.99451890040477
713,290,2.99451890040477
805,596,2.99451890040477
805,854,2.99451890040477
805,116,2.99451890040477
686,253,2.99451890040477
388,566,2.99451890040477
157,545,2.99451890040477
157,456,2.99451890040477
157,322,2.99451890040477
31,567,2.99451890040477
824,411,2.99451890040477
824,826,2.99451890040477
824,606,2.99451890040477
824,840,2.99451890040477
824,118,2.99451890040477
824,683,2.99451890040477
824,457,2.99451890040477
824,122,2.99451890040477
824,119,2.99451890040477
824,473,2.99451890040477
824,586,2.99451890040477
824,20,2.99451890040477
824,78,2.99451890040477
824,1,2.99451890040477
467,255,2.99451890040477
467,371,2.99451890040477
467,542,2.99451890040477
75,761,2.99451890040477
75,751,2.99451890040477
75,171,2.99451890040477
741,807,2.99451890040477
460,146,2.99451890040477
460,783,2.99451890040477
460,45,2.99451890040477
460,534,2.99451890040477
460,394,2.99451890040477
130,255,2.99451890040477
130,371,2.99451890040477
130,542,2.99451890040477
624,166,2.99451890040477
624,764,2.99451890040477
790,819,2.99451890040477
790,226,2.99451890040477
790,237,2.99451890040477
251,326,2.99451890040477
590,820,2.99451890040477
37,545,2.99451890040477
37,456,2.99451890040477
37,322,2.99451890040477
91,785,2.99451890040477
91,15,2.99451890040477
546,360,2.99451890040477
704,596,2.99451890040477
704,854,2.99451890040477
704,116,2.99451890040477
761,533,2.99451890040477
761,516,2.99451890040477
146,371,2.99451890040477
146,678,2.99451890040477
146,542,2.99451890040477
411,738,2.99451890040477
411,109,2.99451890040477
304,245,2.99451890040477
304,125,2.99451890040477
188,632,2.99451890040477
782,596,2.99451890040477
782,854,2.99451890040477
782,116,2.99451890040477
714,800,2.99451890040477
714,545,2.99451890040477
714,314,2.99451890040477
714,673,2.99451890040477
714,322,2.99451890040477
53,69,2.99451890040477
279,568,2.99451890040477
14,672,2.99451890040477
14,148,2.99451890040477
298,769,2.99451890040477
298,47,2.99451890040477
298,821,2.99451890040477
298,591,2.99451890040477
403,762,2.99451890040477
403,562,2.99451890040477
403,55,2.99451890040477
403,823,2.99451890040477
341,183,2.99451890040477
475,7,2.99451890040477
319,205,2.99451890040477
710,221,2.99451890040477
556,596,2.99451890040477
556,854,2.99451890040477
556,116,2.99451890040477
819,808,2.99451890040477
640,820,2.99451890040477
98,217,2.99451890040477
98,101,2.99451890040477
217,585,2.99451890040477
783,371,2.99451890040477
783,678,2.99451890040477
783,542,2.99451890040477
679,360,2.99451890040477
225,820,2.99451890040477
372,326,2.99451890040477
868,800,2.99451890040477
868,545,2.99451890040477
868,314,2.99451890040477
868,673,2.99451890040477
868,322,2.99451890040477
389,540,2.99451890040477
389,219,2.99451890040477
389,30,2.99451890040477
389,96,2.99451890040477
596,127,2.99451890040477
596,22,2.99451890040477
532,284,2.99451890040477
166,8,2.99451890040477
826,738,2.99451890040477
826,253,2.99451890040477
826,109,2.99451890040477
69,769,2.99451890040477
69,47,2.99451890040477
69,591,2.99451890040477
579,183,2.99451890040477
347,183,2.99451890040477
800,19,2.99451890040477
800,803,2.99451890040477
800,387,2.99451890040477
800,861,2.99451890040477
800,636,2.99451890040477
800,841,2.99451890040477
650,62,2.99451890040477
650,424,2.99451890040477
650,10,2.99451890040477
808,226,2.99451890040477
808,237,2.99451890040477
769,793,2.99451890040477
769,424,2.99451890040477
731,545,2.99451890040477
731,456,2.99451890040477
731,322,2.99451890040477
644,368,2.99451890040477
644,821,2.99451890040477
269,723,2.99451890040477
720,575,2.99451890040477
205,611,2.99451890040477
45,678,2.99451890040477
820,814,2.99451890040477
820,727,2.99451890040477
245,16,2.99451890040477
127,854,2.99451890040477
127,116,2.99451890040477
774,813,2.99451890040477
774,734,2.99451890040477
302,545,2.99451890040477
302,456,2.99451890040477
302,322,2.99451890040477
585,101,2.99451890040477
545,227,2.99451890040477
545,696,2.99451890040477
545,339,2.99451890040477
545,748,2.99451890040477
545,571,2.99451890040477
545,507,2.99451890040477
545,452,2.99451890040477
545,861,2.99451890040477
549,828,2.99451890040477
547,566,2.99451890040477
751,533,2.99451890040477
751,516,2.99451890040477
235,253,2.99451890040477
293,762,2.99451890040477
293,562,2.99451890040477
293,55,2.99451890040477
293,823,2.99451890040477
353,568,2.99451890040477
540,290,2.99451890040477
540,515,2.99451890040477
737,567,2.99451890040477
737,228,2.99451890040477
854,525,2.99451890040477
854,22,2.99451890040477
854,261,2.99451890040477
213,255,2.99451890040477
213,371,2.99451890040477
213,542,2.99451890040477
738,606,2.99451890040477
738,840,2.99451890040477
738,118,2.99451890040477
738,683,2.99451890040477
738,457,2.99451890040477
738,122,2.99451890040477
738,119,2.99451890040477
738,473,2.99451890040477
738,586,2.99451890040477
738,20,2.99451890040477
738,78,2.99451890040477
738,1,2.99451890040477
606,109,2.99451890040477
171,533,2.99451890040477
171,516,2.99451890040477
255,233,2.99451890040477
227,456,2.99451890040477
227,322,2.99451890040477
567,335,2.99451890040477
219,290,2.99451890040477
219,515,2.99451890040477
641,360,2.99451890040477
653,568,2.99451890040477
47,793,2.99451890040477
47,424,2.99451890040477
840,109,2.99451890040477
16,125,2.99451890040477
30,290,2.99451890040477
30,515,2.99451890040477
584,116,2.99451890040477
696,456,2.99451890040477
696,322,2.99451890040477
118,253,2.99451890040477
118,109,2.99451890040477
8,764,2.99451890040477
360,521,2.99451890040477
360,490,2.99451890040477
253,683,2.99451890040477
253,312,2.99451890040477
253,457,2.99451890040477
253,119,2.99451890040477
253,473,2.99451890040477
253,78,2.99451890040477
253,1,2.99451890040477
683,109,2.99451890040477
672,568,2.99451890040477
96,290,2.99451890040477
96,515,2.99451890040477
793,591,2.99451890040477
424,591,2.99451890040477
233,371,2.99451890040477
233,542,2.99451890040477
357,7,2.99451890040477
632,314,2.99451890040477
339,456,2.99451890040477
339,322,2.99451890040477
762,228,2.99451890040477
10,652,2.99451890040477
10,685,2.99451890040477
457,109,2.99451890040477
314,861,2.99451890040477
562,228,2.99451890040477
371,534,2.99451890040477
371,394,2.99451890040477
748,456,2.99451890040477
748,322,2.99451890040477
122,109,2.99451890040477
673,861,2.99451890040477
119,109,2.99451890040477
571,456,2.99451890040477
571,322,2.99451890040477
55,228,2.99451890040477
116,22,2.99451890040477
473,109,2.99451890040477
586,109,2.99451890040477
7,441,2.99451890040477
534,678,2.99451890040477
534,542,2.99451890040477
456,507,2.99451890040477
456,452,2.99451890040477
507,322,2.99451890040477
452,322,2.99451890040477
678,394,2.99451890040477
109,20,2.99451890040477
109,78,2.99451890040477
109,1,2.99451890040477
861,322,2.99451890040477
148,568,2.99451890040477
515,528,2.99451890040477
15,828,2.99451890040477
394,542,2.99451890040477
38,137,2.98379463811932
38,296,2.98379463811932
38,698,2.98379463811932
38,799,2.98379463811932
38,223,2.98379463811932
38,788,2.98379463811932
137,451,2.98379463811932
282,294,2.98379463811932
451,296,2.98379463811932
451,223,2.98379463811932
451,788,2.98379463811932
613,797,2.98379463811932
294,576,2.98379463811932
294,17,2.98379463811932
698,323,2.98379463811932
71,797,2.98379463811932
71,104,2.98379463811932
576,797,2.98379463811932
493,323,2.98379463811932
797,17,2.98379463811932
829,833,2.95296769055197
833,743,2.95296769055197
833,250,2.95296769055197
280,843,2.94154298207835
593,141,2.94154298207835
668,379,2.94154298207835
635,396,2.94154298207835
379,72,2.94154298207835
139,318,2.94154298207835
141,231,2.94154298207835
141,654,2.94154298207835
612,654,2.94154298207835
612,318,2.94154298207835
612,396,2.94154298207835
231,144,2.94154298207835
231,843,2.94154298207835
631,165,2.94154298207835
843,498,2.94154298207835
234,79,2.94069264441768
79,384,2.94069264441768
850,378,2.9248609571907
722,378,2.9248609571907
378,351,2.9248609571907
378,399,2.9248609571907
378,375,2.9248609571907
378,649,2.9248609571907
234,378,2.91561620437179
296,79,2.91357573808225
583,79,2.91357573808225
79,576,2.91357573808225
79,721,2.91357573808225
79,223,2.91357573808225
79,35,2.91357573808225
79,17,2.91357573808225
61,472,2.91072693515042
811,472,2.91072693515042
500,472,2.91072693515042
352,472,2.91072693515042
254,557,2.86001202548472
137,852,2.8402428863723
852,296,2.8402428863723
852,799,2.8402428863723
852,223,2.8402428863723
852,35,2.8402428863723
613,557,2.8402428863723
583,557,2.8402428863723
461,576,2.8402428863723
461,721,2.8402428863723
461,17,2.8402428863723
829,616,2.82904945557916
315,149,2.82904945557916
85,716,2.82904945557916
361,149,2.82904945557916
616,370,2.82904945557916
616,256,2.82904945557916
661,645,2.80659674956436
645,848,2.80659674956436
645,500,2.80659674956436
645,524,2.80659674956436
645,646,2.80659674956436
645,496,2.80659674956436
38,434,2.76803910346669
38,231,2.76803910346669
38,498,2.76803910346669
280,294,2.76803910346669
664,294,2.76803910346669
664,797,2.76803910346669
451,593,2.76803910346669
451,668,2.76803910346669
451,771,2.76803910346669
451,498,2.76803910346669
806,797,2.76803910346669
593,797,2.76803910346669
434,425,2.76803910346669
569,104,2.76803910346669
589,797,2.76803910346669
425,396,2.76803910346669
231,797,2.76803910346669
631,104,2.76803910346669
725,323,2.76803910346669
797,771,2.76803910346669
780,378,2.74344652950705
106,141,2.74339674032315
139,843,2.74339674032315
141,144,2.74339674032315
612,165,2.74339674032315
684,355,2.73224087599117
283,11,2.6958940450161
11,859,2.6958940450161
234,743,2.69449461736061
234,414,2.69449461736061
257,846,2.69449461736061
191,716,2.69449461736061
191,250,2.69449461736061
846,370,2.69449461736061
384,250,2.69449461736061
384,414,2.69449461736061
384,256,2.69449461736061
137,684,2.68131135847393
296,833,2.68131135847393
583,684,2.68131135847393
684,71,2.68131135847393
684,124,2.68131135847393
833,799,2.68131135847393
833,576,2.68131135847393
833,223,2.68131135847393
833,123,2.68131135847393
833,462,2.68131135847393
833,788,2.68131135847393
833,17,2.68131135847393
343,744,2.66873612104487
343,408,2.66873612104487
343,344,2.66873612104487
343,278,2.66873612104487
343,688,2.66873612104487
343,129,2.66873612104487
343,690,2.66873612104487
343,430,2.66873612104487
197,732,2.66873612104487
197,492,2.66873612104487
739,744,2.66873612104487
739,536,2.66873612104487
739,344,2.66873612104487
739,114,2.66873612104487
739,690,2.66873612104487
739,497,2.66873612104487
454,744,2.66873612104487
454,408,2.66873612104487
454,344,2.66873612104487
454,278,2.66873612104487
454,688,2.66873612104487
454,129,2.66873612104487
454,690,2.66873612104487
454,430,2.66873612104487
42,487,2.66873612104487
42,151,2.66873612104487
42,834,2.66873612104487
175,249,2.66873612104487
175,494,2.66873612104487
175,449,2.66873612104487
175,408,2.66873612104487
175,382,2.66873612104487
175,479,2.66873612104487
175,551,2.66873612104487
175,230,2.66873612104487
175,167,2.66873612104487
175,855,2.66873612104487
420,744,2.66873612104487
420,408,2.66873612104487
420,344,2.66873612104487
420,278,2.66873612104487
420,688,2.66873612104487
420,129,2.66873612104487
420,690,2.66873612104487
420,430,2.66873612104487
189,758,2.66873612104487
736,348,2.66873612104487
842,541,2.66873612104487
578,313,2.66873612104487
578,623,2.66873612104487
578,526,2.66873612104487
578,239,2.66873612104487
578,755,2.66873612104487
578,114,2.66873612104487
578,732,2.66873612104487
578,690,2.66873612104487
578,301,2.66873612104487
578,717,2.66873612104487
578,215,2.66873612104487
25,433,2.66873612104487
25,481,2.66873612104487
25,198,2.66873612104487
25,429,2.66873612104487
25,386,2.66873612104487
25,112,2.66873612104487
25,244,2.66873612104487
25,324,2.66873612104487
25,358,2.66873612104487
25,423,2.66873612104487
25,83,2.66873612104487
25,652,2.66873612104487
25,453,2.66873612104487
25,747,2.66873612104487
25,685,2.66873612104487
295,316,2.66873612104487
691,744,2.66873612104487
691,408,2.66873612104487
691,344,2.66873612104487
691,278,2.66873612104487
691,688,2.66873612104487
691,129,2.66873612104487
691,690,2.66873612104487
691,430,2.66873612104487
385,477,2.66873612104487
385,572,2.66873612104487
385,784,2.66873612104487
385,469,2.66873612104487
385,336,2.66873612104487
385,660,2.66873612104487
385,487,2.66873612104487
385,272,2.66873612104487
385,752,2.66873612104487
385,430,2.66873612104487
212,651,2.66873612104487
212,832,2.66873612104487
675,348,2.66873612104487
789,802,2.66873612104487
789,577,2.66873612104487
789,627,2.66873612104487
154,834,2.66873612104487
495,161,2.66873612104487
495,286,2.66873612104487
495,164,2.66873612104487
495,178,2.66873612104487
495,528,2.66873612104487
249,847,2.66873612104487
249,666,2.66873612104487
249,588,2.66873612104487
249,410,2.66873612104487
249,380,2.66873612104487
249,299,2.66873612104487
249,464,2.66873612104487
249,667,2.66873612104487
249,699,2.66873612104487
249,455,2.66873612104487
249,274,2.66873612104487
249,447,2.66873612104487
249,292,2.66873612104487
249,822,2.66873612104487
249,411,2.66873612104487
249,826,2.66873612104487
249,606,2.66873612104487
249,840,2.66873612104487
249,118,2.66873612104487
249,683,2.66873612104487
249,457,2.66873612104487
249,122,2.66873612104487
249,119,2.66873612104487
249,473,2.66873612104487
249,586,2.66873612104487
249,20,2.66873612104487
249,78,2.66873612104487
249,1,2.66873612104487
334,476,2.66873612104487
334,479,2.66873612104487
287,651,2.66873612104487
331,151,2.66873612104487
621,92,2.66873612104487
621,732,2.66873612104487
621,332,2.66873612104487
621,834,2.66873612104487
621,366,2.66873612104487
810,348,2.66873612104487
90,477,2.66873612104487
90,572,2.66873612104487
90,784,2.66873612104487
90,469,2.66873612104487
90,336,2.66873612104487
90,660,2.66873612104487
90,487,2.66873612104487
90,272,2.66873612104487
90,752,2.66873612104487
90,430,2.66873612104487
174,487,2.66873612104487
174,151,2.66873612104487
174,834,2.66873612104487
477,634,2.66873612104487
477,192,2.66873612104487
477,48,2.66873612104487
477,170,2.66873612104487
477,146,2.66873612104487
477,783,2.66873612104487
477,769,2.66873612104487
477,540,2.66873612104487
477,219,2.66873612104487
477,47,2.66873612104487
477,30,2.66873612104487
477,96,2.66873612104487
477,534,2.66873612104487
477,394,2.66873612104487
477,591,2.66873612104487
478,436,2.66873612104487
478,827,2.66873612104487
478,796,2.66873612104487
847,494,2.66873612104487
847,449,2.66873612104487
847,408,2.66873612104487
847,382,2.66873612104487
847,479,2.66873612104487
847,551,2.66873612104487
847,230,2.66873612104487
847,167,2.66873612104487
847,855,2.66873612104487
179,408,2.66873612104487
179,278,2.66873612104487
179,27,2.66873612104487
179,82,2.66873612104487
693,777,2.66873612104487
693,855,2.66873612104487
693,497,2.66873612104487
476,248,2.66873612104487
476,310,2.66873612104487
476,56,2.66873612104487
476,761,2.66873612104487
476,751,2.66873612104487
476,171,2.66873612104487
476,663,2.66873612104487
651,776,2.66873612104487
651,801,2.66873612104487
651,608,2.66873612104487
470,458,2.66873612104487
470,269,2.66873612104487
470,51,2.66873612104487
162,510,2.66873612104487
666,494,2.66873612104487
666,449,2.66873612104487
666,408,2.66873612104487
666,382,2.66873612104487
666,479,2.66873612104487
666,551,2.66873612104487
666,230,2.66873612104487
666,167,2.66873612104487
666,855,2.66873612104487
853,316,2.66873612104487
853,186,2.66873612104487
853,263,2.66873612104487
853,512,2.66873612104487
853,332,2.66873612104487
202,601,2.66873612104487
117,325,2.66873612104487
313,858,2.66873612104487
313,759,2.66873612104487
313,273,2.66873612104487
313,590,2.66873612104487
313,640,2.66873612104487
313,225,2.66873612104487
313,814,2.66873612104487
558,744,2.66873612104487
558,536,2.66873612104487
558,344,2.66873612104487
558,114,2.66873612104487
558,690,2.66873612104487
558,497,2.66873612104487
760,301,2.66873612104487
422,757,2.66873612104487
422,39,2.66873612104487
422,288,2.66873612104487
422,755,2.66873612104487
422,750,2.66873612104487
422,497,2.66873612104487
740,750,2.66873612104487
757,172,2.66873612104487
757,427,2.66873612104487
757,279,2.66873612104487
757,155,2.66873612104487
757,353,2.66873612104487
757,653,2.66873612104487
757,781,2.66873612104487
858,623,2.66873612104487
858,526,2.66873612104487
858,239,2.66873612104487
858,755,2.66873612104487
858,114,2.66873612104487
858,732,2.66873612104487
858,690,2.66873612104487
858,301,2.66873612104487
858,717,2.66873612104487
858,215,2.66873612104487
277,802,2.66873612104487
277,577,2.66873612104487
277,627,2.66873612104487
570,483,2.66873612104487
570,289,2.66873612104487
570,652,2.66873612104487
570,685,2.66873612104487
637,744,2.66873612104487
637,620,2.66873612104487
637,82,2.66873612104487
702,802,2.66873612104487
133,248,2.66873612104487
133,753,2.66873612104487
133,565,2.66873612104487
133,761,2.66873612104487
133,751,2.66873612104487
133,171,2.66873612104487
140,577,2.66873612104487
373,536,2.66873612104487
373,421,2.66873612104487
373,263,2.66873612104487
373,512,2.66873612104487
709,248,2.66873612104487
709,761,2.66873612104487
709,751,2.66873612104487
709,369,2.66873612104487
709,171,2.66873612104487
638,92,2.66873612104487
638,752,2.66873612104487
161,492,2.66873612104487
744,169,2.66873612104487
744,692,2.66873612104487
744,448,2.66873612104487
744,707,2.66873612104487
744,713,2.66873612104487
744,157,2.66873612104487
744,37,2.66873612104487
744,714,2.66873612104487
744,868,2.66873612104487
744,731,2.66873612104487
744,302,2.66873612104487
744,227,2.66873612104487
744,696,2.66873612104487
744,339,2.66873612104487
744,748,2.66873612104487
744,571,2.66873612104487
744,507,2.66873612104487
744,452,2.66873612104487
744,861,2.66873612104487
402,239,2.66873612104487
832,210,2.66873612104487
169,408,2.66873612104487
169,344,2.66873612104487
169,278,2.66873612104487
169,688,2.66873612104487
169,129,2.66873612104487
169,690,2.66873612104487
169,430,2.66873612104487
374,577,2.66873612104487
39,779,2.66873612104487
39,481,2.66873612104487
39,241,2.66873612104487
39,198,2.66873612104487
39,429,2.66873612104487
39,172,2.66873612104487
39,437,2.66873612104487
39,427,2.66873612104487
39,386,2.66873612104487
39,279,2.66873612104487
39,245,2.66873612104487
39,112,2.66873612104487
39,353,2.66873612104487
39,653,2.66873612104487
39,324,2.66873612104487
39,358,2.66873612104487
39,423,2.66873612104487
39,83,2.66873612104487
39,453,2.66873612104487
39,125,2.66873612104487
39,747,2.66873612104487
692,408,2.66873612104487
692,344,2.66873612104487
692,278,2.66873612104487
692,688,2.66873612104487
692,129,2.66873612104487
692,690,2.66873612104487
692,430,2.66873612104487
730,271,2.66873612104487
779,671,2.66873612104487
325,134,2.66873612104487
325,428,2.66873612104487
325,201,2.66873612104487
325,865,2.66873612104487
325,669,2.66873612104487
325,823,2.66873612104487
281,577,2.66873612104487
623,759,2.66873612104487
623,273,2.66873612104487
623,590,2.66873612104487
623,640,2.66873612104487
623,225,2.66873612104487
623,814,2.66873612104487
588,494,2.66873612104487
588,449,2.66873612104487
588,408,2.66873612104487
588,382,2.66873612104487
588,479,2.66873612104487
588,551,2.66873612104487
588,230,2.66873612104487
588,167,2.66873612104487
588,855,2.66873612104487
802,246,2.66873612104487
802,310,2.66873612104487
802,544,2.66873612104487
802,860,2.66873612104487
802,659,2.66873612104487
802,663,2.66873612104487
297,2,2.66873612104487
297,839,2.66873612104487
297,766,2.66873612104487
297,794,2.66873612104487
297,57,2.66873612104487
297,786,2.66873612104487
297,272,2.66873612104487
297,395,2.66873612104487
297,82,2.66873612104487
494,410,2.66873612104487
494,380,2.66873612104487
494,299,2.66873612104487
494,464,2.66873612104487
494,667,2.66873612104487
494,699,2.66873612104487
494,455,2.66873612104487
494,274,2.66873612104487
494,447,2.66873612104487
494,292,2.66873612104487
494,822,2.66873612104487
494,411,2.66873612104487
494,826,2.66873612104487
494,606,2.66873612104487
494,840,2.66873612104487
494,118,2.66873612104487
494,683,2.66873612104487
494,457,2.66873612104487
494,122,2.66873612104487
494,119,2.66873612104487
494,473,2.66873612104487
494,586,2.66873612104487
494,20,2.66873612104487
494,78,2.66873612104487
494,1,2.66873612104487
655,114,2.66873612104487
655,301,2.66873612104487
536,448,2.66873612104487
536,431,2.66873612104487
536,714,2.66873612104487
536,868,2.66873612104487
536,861,2.66873612104487
622,487,2.66873612104487
622,151,2.66873612104487
622,834,2.66873612104487
2,634,2.66873612104487
2,192,2.66873612104487
2,48,2.66873612104487
2,34,2.66873612104487
2,467,2.66873612104487
2,130,2.66873612104487
2,146,2.66873612104487
2,783,2.66873612104487
2,213,2.66873612104487
2,52,2.66873612104487
2,233,2.66873612104487
2,534,2.66873612104487
2,394,2.66873612104487
410,449,2.66873612104487
410,408,2.66873612104487
410,382,2.66873612104487
410,479,2.66873612104487
410,551,2.66873612104487
410,230,2.66873612104487
410,167,2.66873612104487
410,855,2.66873612104487
449,380,2.66873612104487
449,299,2.66873612104487
449,464,2.66873612104487
449,667,2.66873612104487
449,699,2.66873612104487
449,455,2.66873612104487
449,274,2.66873612104487
449,447,2.66873612104487
449,292,2.66873612104487
449,822,2.66873612104487
449,686,2.66873612104487
449,411,2.66873612104487
449,826,2.66873612104487
449,235,2.66873612104487
449,606,2.66873612104487
449,840,2.66873612104487
449,118,2.66873612104487
449,683,2.66873612104487
449,312,2.66873612104487
449,457,2.66873612104487
449,122,2.66873612104487
449,119,2.66873612104487
449,473,2.66873612104487
449,586,2.66873612104487
449,20,2.66873612104487
449,78,2.66873612104487
449,1,2.66873612104487
484,408,2.66873612104487
484,278,2.66873612104487
484,27,2.66873612104487
484,82,2.66873612104487
526,759,2.66873612104487
526,273,2.66873612104487
526,590,2.66873612104487
526,640,2.66873612104487
526,225,2.66873612104487
526,814,2.66873612104487
598,348,2.66873612104487
458,777,2.66873612104487
380,382,2.66873612104487
380,660,2.66873612104487
380,551,2.66873612104487
380,230,2.66873612104487
380,167,2.66873612104487
239,795,2.66873612104487
239,759,2.66873612104487
239,273,2.66873612104487
239,552,2.66873612104487
239,238,2.66873612104487
239,590,2.66873612104487
239,640,2.66873612104487
239,225,2.66873612104487
239,844,2.66873612104487
239,814,2.66873612104487
239,221,2.66873612104487
594,170,2.66873612104487
594,650,2.66873612104487
594,769,2.66873612104487
594,47,2.66873612104487
594,591,2.66873612104487
809,487,2.66873612104487
809,151,2.66873612104487
809,834,2.66873612104487
299,408,2.66873612104487
299,382,2.66873612104487
299,479,2.66873612104487
299,551,2.66873612104487
299,230,2.66873612104487
299,167,2.66873612104487
299,855,2.66873612104487
408,464,2.66873612104487
408,699,2.66873612104487
408,455,2.66873612104487
408,707,2.66873612104487
408,447,2.66873612104487
408,292,2.66873612104487
408,157,2.66873612104487
408,37,2.66873612104487
408,53,2.66873612104487
408,826,2.66873612104487
408,731,2.66873612104487
408,302,2.66873612104487
408,227,2.66873612104487
408,696,2.66873612104487
408,118,2.66873612104487
408,683,2.66873612104487
408,339,2.66873612104487
408,457,2.66873612104487
408,748,2.66873612104487
408,119,2.66873612104487
408,571,2.66873612104487
408,473,2.66873612104487
408,507,2.66873612104487
408,452,2.66873612104487
408,78,2.66873612104487
408,1,2.66873612104487
719,577,2.66873612104487
135,755,2.66873612104487
135,29,2.66873612104487
856,258,2.66873612104487
340,627,2.66873612104487
246,577,2.66873612104487
246,627,2.66873612104487
670,316,2.66873612104487
448,344,2.66873612104487
448,114,2.66873612104487
448,690,2.66873612104487
448,497,2.66873612104487
634,839,2.66873612104487
634,766,2.66873612104487
634,794,2.66873612104487
634,629,2.66873612104487
634,660,2.66873612104487
634,68,2.66873612104487
634,786,2.66873612104487
634,395,2.66873612104487
501,421,2.66873612104487
501,186,2.66873612104487
501,263,2.66873612104487
229,468,2.66873612104487
481,688,2.66873612104487
554,694,2.66873612104487
554,113,2.66873612104487
382,464,2.66873612104487
382,667,2.66873612104487
382,699,2.66873612104487
382,455,2.66873612104487
382,274,2.66873612104487
382,447,2.66873612104487
382,292,2.66873612104487
382,822,2.66873612104487
382,411,2.66873612104487
382,826,2.66873612104487
382,606,2.66873612104487
382,840,2.66873612104487
382,118,2.66873612104487
382,683,2.66873612104487
382,457,2.66873612104487
382,122,2.66873612104487
382,119,2.66873612104487
382,473,2.66873612104487
382,586,2.66873612104487
382,20,2.66873612104487
382,78,2.66873612104487
382,1,2.66873612104487
791,633,2.66873612104487
572,650,2.66873612104487
572,540,2.66873612104487
572,219,2.66873612104487
572,30,2.66873612104487
572,96,2.66873612104487
759,755,2.66873612104487
759,114,2.66873612104487
759,732,2.66873612104487
759,690,2.66873612104487
759,301,2.66873612104487
759,717,2.66873612104487
759,215,2.66873612104487
464,479,2.66873612104487
464,551,2.66873612104487
464,230,2.66873612104487
464,167,2.66873612104487
464,855,2.66873612104487
317,469,2.66873612104487
317,336,2.66873612104487
222,627,2.66873612104487
316,341,2.66873612104487
316,347,2.66873612104487
110,671,2.66873612104487
110,700,2.66873612104487
67,487,2.66873612104487
67,151,2.66873612104487
67,834,2.66873612104487
275,33,2.66873612104487
275,620,2.66873612104487
192,839,2.66873612104487
192,766,2.66873612104487
192,794,2.66873612104487
192,629,2.66873612104487
192,660,2.66873612104487
192,68,2.66873612104487
192,786,2.66873612104487
192,395,2.66873612104487
667,660,2.66873612104487
667,551,2.66873612104487
667,230,2.66873612104487
667,167,2.66873612104487
311,487,2.66873612104487
311,151,2.66873612104487
311,834,2.66873612104487
362,701,2.66873612104487
362,44,2.66873612104487
446,301,2.66873612104487
344,707,2.66873612104487
344,157,2.66873612104487
344,37,2.66873612104487
344,714,2.66873612104487
344,868,2.66873612104487
344,731,2.66873612104487
344,302,2.66873612104487
344,227,2.66873612104487
344,696,2.66873612104487
344,339,2.66873612104487
344,748,2.66873612104487
344,571,2.66873612104487
344,507,2.66873612104487
344,452,2.66873612104487
344,861,2.66873612104487
699,479,2.66873612104487
699,551,2.66873612104487
699,230,2.66873612104487
699,167,2.66873612104487
699,855,2.66873612104487
455,479,2.66873612104487
455,551,2.66873612104487
455,230,2.66873612104487
455,167,2.66873612104487
455,855,2.66873612104487
784,70,2.66873612104487
784,682,2.66873612104487
784,540,2.66873612104487
784,219,2.66873612104487
784,30,2.66873612104487
784,96,2.66873612104487
164,492,2.66873612104487
273,755,2.66873612104487
273,114,2.66873612104487
273,732,2.66873612104487
273,690,2.66873612104487
273,301,2.66873612104487
273,717,2.66873612104487
273,215,2.66873612104487
173,796,2.66873612104487
26,33,2.66873612104487
26,620,2.66873612104487
514,301,2.66873612104487
274,660,2.66873612104487
274,551,2.66873612104487
274,230,2.66873612104487
274,167,2.66873612104487
818,758,2.66873612104487
765,541,2.66873612104487
765,51,2.66873612104487
346,627,2.66873612104487
346,113,2.66873612104487
241,671,2.66873612104487
103,468,2.66873612104487
48,839,2.66873612104487
48,766,2.66873612104487
48,794,2.66873612104487
48,629,2.66873612104487
48,660,2.66873612104487
48,68,2.66873612104487
48,786,2.66873612104487
48,395,2.66873612104487
671,437,2.66873612104487
671,245,2.66873612104487
671,289,2.66873612104487
671,125,2.66873612104487
178,84,2.66873612104487
707,278,2.66873612104487
707,688,2.66873612104487
707,129,2.66873612104487
707,690,2.66873612104487
707,430,2.66873612104487
107,487,2.66873612104487
107,151,2.66873612104487
107,834,2.66873612104487
565,84,2.66873612104487
517,276,2.66873612104487
517,750,2.66873612104487
839,34,2.66873612104487
839,467,2.66873612104487
839,130,2.66873612104487
839,146,2.66873612104487
839,783,2.66873612104487
839,213,2.66873612104487
839,52,2.66873612104487
839,233,2.66873612104487
839,534,2.66873612104487
839,394,2.66873612104487
327,348,2.66873612104487
198,688,2.66873612104487
429,688,2.66873612104487
577,544,2.66873612104487
577,659,2.66873612104487
577,7,2.66873612104487
172,288,2.66873612104487
172,755,2.66873612104487
172,750,2.66873612104487
172,497,2.66873612104487
56,479,2.66873612104487
447,479,2.66873612104487
447,551,2.66873612104487
447,230,2.66873612104487
447,167,2.66873612104487
447,855,2.66873612104487
333,92,2.66873612104487
333,732,2.66873612104487
333,332,2.66873612104487
333,834,2.66873612104487
333,366,2.66873612104487
427,288,2.66873612104487
427,755,2.66873612104487
427,750,2.66873612104487
427,497,2.66873612104487
431,421,2.66873612104487
431,263,2.66873612104487
431,512,2.66873612104487
329,29,2.66873612104487
329,855,2.66873612104487
292,479,2.66873612104487
292,551,2.66873612104487
292,230,2.66873612104487
292,167,2.66873612104487
292,855,2.66873612104487
41,483,2.66873612104487
41,489,2.66873612104487
41,652,2.66873612104487
41,685,2.66873612104487
822,660,2.66873612104487
822,551,2.66873612104487
822,230,2.66873612104487
822,167,2.66873612104487
34,766,2.66873612104487
34,794,2.66873612104487
34,57,2.66873612104487
34,786,2.66873612104487
34,272,2.66873612104487
34,395,2.66873612104487
34,82,2.66873612104487
288,741,2.66873612104487
288,279,2.66873612104487
288,353,2.66873612104487
288,653,2.66873612104487
705,701,2.66873612104487
705,44,2.66873612104487
766,467,2.66873612104487
766,130,2.66873612104487
766,146,2.66873612104487
766,783,2.66873612104487
766,213,2.66873612104487
766,52,2.66873612104487
766,233,2.66873612104487
766,534,2.66873612104487
766,394,2.66873612104487
278,157,2.66873612104487
278,37,2.66873612104487
278,53,2.66873612104487
278,731,2.66873612104487
278,302,2.66873612104487
278,227,2.66873612104487
278,696,2.66873612104487
278,339,2.66873612104487
278,748,2.66873612104487
278,571,2.66873612104487
278,507,2.66873612104487
278,452,2.66873612104487
421,652,2.66873612104487
421,685,2.66873612104487
755,432,2.66873612104487
755,590,2.66873612104487
755,279,2.66873612104487
755,640,2.66873612104487
755,825,2.66873612104487
755,763,2.66873612104487
755,225,2.66873612104487
755,814,2.66873612104487
755,353,2.66873612104487
755,653,2.66873612104487
755,419,2.66873612104487
755,177,2.66873612104487
305,92,2.66873612104487
305,752,2.66873612104487
170,27,2.66873612104487
170,758,2.66873612104487
170,43,2.66873612104487
170,752,2.66873612104487
265,694,2.66873612104487
265,113,2.66873612104487
432,29,2.66873612104487
688,386,2.66873612104487
688,157,2.66873612104487
688,37,2.66873612104487
688,731,2.66873612104487
688,112,2.66873612104487
688,302,2.66873612104487
688,227,2.66873612104487
688,696,2.66873612104487
688,324,2.66873612104487
688,358,2.66873612104487
688,423,2.66873612104487
688,83,2.66873612104487
688,339,2.66873612104487
688,748,2.66873612104487
688,571,2.66873612104487
688,453,2.66873612104487
688,507,2.66873612104487
688,747,2.66873612104487
688,452,2.66873612104487
713,620,2.66873612104487
713,82,2.66873612104487
805,487,2.66873612104487
805,151,2.66873612104487
805,834,2.66873612104487
686,479,2.66873612104487
686,492,2.66873612104487
701,672,2.66873612104487
701,652,2.66873612104487
701,148,2.66873612104487
701,685,2.66873612104487
701,828,2.66873612104487
544,627,2.66873612104487
238,717,2.66873612104487
238,215,2.66873612104487
388,469,2.66873612104487
388,336,2.66873612104487
469,547,2.66873612104487
469,540,2.66873612104487
469,219,2.66873612104487
469,30,2.66873612104487
469,96,2.66873612104487
469,823,2.66873612104487
157,129,2.66873612104487
157,690,2.66873612104487
157,430,2.66873612104487
264,92,2.66873612104487
264,732,2.66873612104487
264,332,2.66873612104487
264,834,2.66873612104487
264,366,2.66873612104487
31,276,2.66873612104487
336,547,2.66873612104487
336,540,2.66873612104487
336,219,2.66873612104487
336,30,2.66873612104487
336,96,2.66873612104487
336,823,2.66873612104487
32,750,2.66873612104487
44,155,2.66873612104487
44,579,2.66873612104487
44,672,2.66873612104487
44,781,2.66873612104487
44,148,2.66873612104487
467,794,2.66873612104487
467,57,2.66873612104487
467,786,2.66873612104487
467,272,2.66873612104487
467,395,2.66873612104487
467,82,2.66873612104487
33,737,2.66873612104487
33,828,2.66873612104487
816,487,2.66873612104487
816,430,2.66873612104487
794,130,2.66873612104487
794,146,2.66873612104487
794,783,2.66873612104487
794,213,2.66873612104487
794,52,2.66873612104487
794,233,2.66873612104487
794,534,2.66873612104487
794,394,2.66873612104487
130,57,2.66873612104487
130,786,2.66873612104487
130,272,2.66873612104487
130,395,2.66873612104487
130,82,2.66873612104487
92,632,2.66873612104487
629,146,2.66873612104487
629,783,2.66873612104487
629,52,2.66873612104487
629,534,2.66873612104487
629,394,2.66873612104487
624,348,2.66873612104487
479,826,2.66873612104487
479,235,2.66873612104487
479,118,2.66873612104487
479,683,2.66873612104487
479,312,2.66873612104487
479,457,2.66873612104487
479,119,2.66873612104487
479,473,2.66873612104487
479,78,2.66873612104487
479,1,2.66873612104487
590,114,2.66873612104487
590,732,2.66873612104487
590,690,2.66873612104487
590,301,2.66873612104487
590,717,2.66873612104487
590,215,2.66873612104487
37,129,2.66873612104487
37,690,2.66873612104487
37,430,2.66873612104487
91,276,2.66873612104487
91,750,2.66873612104487
704,487,2.66873612104487
704,151,2.66873612104487
704,834,2.66873612104487
146,660,2.66873612104487
146,68,2.66873612104487
146,786,2.66873612104487
146,395,2.66873612104487
411,660,2.66873612104487
411,551,2.66873612104487
411,230,2.66873612104487
411,167,2.66873612104487
782,487,2.66873612104487
782,151,2.66873612104487
782,834,2.66873612104487
27,53,2.66873612104487
27,650,2.66873612104487
27,769,2.66873612104487
27,47,2.66873612104487
27,591,2.66873612104487
777,269,2.66873612104487
777,821,2.66873612104487
778,483,2.66873612104487
778,652,2.66873612104487
778,685,2.66873612104487
714,114,2.66873612104487
714,690,2.66873612104487
714,497,2.66873612104487
53,82,2.66873612104487
279,750,2.66873612104487
279,497,2.66873612104487
129,731,2.66873612104487
129,302,2.66873612104487
129,227,2.66873612104487
129,696,2.66873612104487
129,602,2.66873612104487
129,339,2.66873612104487
129,748,2.66873612104487
129,571,2.66873612104487
129,507,2.66873612104487
129,452,2.66873612104487
3,650,2.66873612104487
660,783,2.66873612104487
660,540,2.66873612104487
660,606,2.66873612104487
660,219,2.66873612104487
660,840,2.66873612104487
660,30,2.66873612104487
660,96,2.66873612104487
660,122,2.66873612104487
660,586,2.66873612104487
660,534,2.66873612104487
660,20,2.66873612104487
660,394,2.66873612104487
556,487,2.66873612104487
556,151,2.66873612104487
556,834,2.66873612104487
640,114,2.66873612104487
640,732,2.66873612104487
640,690,2.66873612104487
640,301,2.66873612104487
640,717,2.66873612104487
640,215,2.66873612104487
620,737,2.66873612104487
825,29,2.66873612104487
98,601,2.66873612104487
98,232,2.66873612104487
68,783,2.66873612104487
68,52,2.66873612104487
68,534,2.66873612104487
68,394,2.66873612104487
114,225,2.66873612104487
114,868,2.66873612104487
114,814,2.66873612104487
114,240,2.66873612104487
114,861,2.66873612104487
114,121,2.66873612104487
783,786,2.66873612104487
783,395,2.66873612104487
763,29,2.66873612104487
57,213,2.66873612104487
57,233,2.66873612104487
57,652,2.66873612104487
57,685,2.66873612104487
225,732,2.66873612104487
225,690,2.66873612104487
225,301,2.66873612104487
225,717,2.66873612104487
225,215,2.66873612104487
445,487,2.66873612104487
445,430,2.66873612104487
868,690,2.66873612104487
868,497,2.66873612104487
487,127,2.66873612104487
487,540,2.66873612104487
487,219,2.66873612104487
487,30,2.66873612104487
487,96,2.66873612104487
487,22,2.66873612104487
844,717,2.66873612104487
844,215,2.66873612104487
551,826,2.66873612104487
551,606,2.66873612104487
551,840,2.66873612104487
551,118,2.66873612104487
551,683,2.66873612104487
551,457,2.66873612104487
551,122,2.66873612104487
551,119,2.66873612104487
551,473,2.66873612104487
551,586,2.66873612104487
551,20,2.66873612104487
551,78,2.66873612104487
551,1,2.66873612104487
732,814,2.66873612104487
826,230,2.66873612104487
826,167,2.66873612104487
826,855,2.66873612104487
29,419,2.66873612104487
29,177,2.66873612104487
29,762,2.66873612104487
29,562,2.66873612104487
29,652,2.66873612104487
29,55,2.66873612104487
29,685,2.66873612104487
650,46,2.66873612104487
19,627,2.66873612104487
19,113,2.66873612104487
769,758,2.66873612104487
769,43,2.66873612104487
769,752,2.66873612104487
499,328,2.66873612104487
731,690,2.66873612104487
731,430,2.66873612104487
45,758,2.66873612104487
9,750,2.66873612104487
659,627,2.66873612104487
803,627,2.66873612104487
803,113,2.66873612104487
127,151,2.66873612104487
127,834,2.66873612104487
492,235,2.66873612104487
492,312,2.66873612104487
492,528,2.66873612104487
302,690,2.66873612104487
302,430,2.66873612104487
585,601,2.66873612104487
585,232,2.66873612104487
786,213,2.66873612104487
786,52,2.66873612104487
786,233,2.66873612104487
786,534,2.66873612104487
786,394,2.66873612104487
468,326,2.66873612104487
272,540,2.66873612104487
272,213,2.66873612104487
272,219,2.66873612104487
272,30,2.66873612104487
272,96,2.66873612104487
272,233,2.66873612104487
276,335,2.66873612104487
700,796,2.66873612104487
84,369,2.66873612104487
814,690,2.66873612104487
814,301,2.66873612104487
814,717,2.66873612104487
814,215,2.66873612104487
353,750,2.66873612104487
353,497,2.66873612104487
540,752,2.66873612104487
540,430,2.66873612104487
387,627,2.66873612104487
387,113,2.66873612104487
46,823,2.66873612104487
592,750,2.66873612104487
271,604,2.66873612104487
213,395,2.66873612104487
213,82,2.66873612104487
52,395,2.66873612104487
606,230,2.66873612104487
606,167,2.66873612104487
758,47,2.66873612104487
758,591,2.66873612104487
227,690,2.66873612104487
227,430,2.66873612104487
365,652,2.66873612104487
365,685,2.66873612104487
219,752,2.66873612104487
219,430,2.66873612104487
653,750,2.66873612104487
653,497,2.66873612104487
47,43,2.66873612104487
47,752,2.66873612104487
690,696,2.66873612104487
690,339,2.66873612104487
690,748,2.66873612104487
690,571,2.66873612104487
690,507,2.66873612104487
690,452,2.66873612104487
690,861,2.66873612104487
232,867,2.66873612104487
230,840,2.66873612104487
230,118,2.66873612104487
230,683,2.66873612104487
230,457,2.66873612104487
230,122,2.66873612104487
230,119,2.66873612104487
230,473,2.66873612104487
230,586,2.66873612104487
230,20,2.66873612104487
230,78,2.66873612104487
230,1,2.66873612104487
43,633,2.66873612104487
43,591,2.66873612104487
240,301,2.66873612104487
840,167,2.66873612104487
301,121,2.66873612104487
30,752,2.66873612104487
30,430,2.66873612104487
752,96,2.66873612104487
752,591,2.66873612104487
696,430,2.66873612104487
118,167,2.66873612104487
118,855,2.66873612104487
348,8,2.66873612104487
348,680,2.66873612104487
525,151,2.66873612104487
563,627,2.66873612104487
395,233,2.66873612104487
395,534,2.66873612104487
395,394,2.66873612104487
683,167,2.66873612104487
683,855,2.66873612104487
151,22,2.66873612104487
151,261,2.66873612104487
96,430,2.66873612104487
167,457,2.66873612104487
167,122,2.66873612104487
167,119,2.66873612104487
167,473,2.66873612104487
167,586,2.66873612104487
167,20,2.66873612104487
167,78,2.66873612104487
167,1,2.66873612104487
233,82,2.66873612104487
339,430,2.66873612104487
762,855,2.66873612104487
457,855,2.66873612104487
430,748,2.66873612104487
430,571,2.66873612104487
430,507,2.66873612104487
430,452,2.66873612104487
562,855,2.66873612104487
119,855,2.66873612104487
821,855,2.66873612104487
821,497,2.66873612104487
627,636,2.66873612104487
627,841,2.66873612104487
55,855,2.66873612104487
473,855,2.66873612104487
823,366,2.66873612104487
113,636,2.66873612104487
113,841,2.66873612104487
834,22,2.66873612104487
861,497,2.66873612104487
78,855,2.66873612104487
855,1,2.66873612104487
664,461,2.57938956478974
852,631,2.57938956478974
862,461,2.57938956478974
434,557,2.57938956478974
461,589,2.57938956478974
461,231,2.57938956478974
461,498,2.57938956478974
361,472,2.55464010676628
560,780,2.55464010676628
743,472,2.55464010676628
780,370,2.55464010676628
414,472,2.55464010676628
106,451,2.5281916849568
451,141,2.5281916849568
451,612,2.5281916849568
451,843,2.5281916849568
294,141,2.5281916849568
294,612,2.5281916849568
294,843,2.5281916849568
635,262,2.5281916849568
612,797,2.5281916849568
165,797,2.5281916849568
137,149,2.51574643991458
85,698,2.51574643991458
85,799,2.51574643991458
613,149,2.51574643991458
613,616,2.51574643991458
88,616,2.51574643991458
71,616,2.51574643991458
462,86,2.51574643991458
806,79,2.51347517931204
862,79,2.51347517931204
434,79,2.51347517931204
79,589,2.51347517931204
350,355,2.49555741432662
837,355,2.49555741432662
399,355,2.49555741432662
355,208,2.49555741432662
355,649,2.49555741432662
86,355,2.48669818351423
152,378,2.46661712794465
661,378,2.46661712794465
848,378,2.46661712794465
378,496,2.46661712794465
829,645,2.41483412170911
361,645,2.41483412170911
645,250,2.41483412170911
645,792,2.41483412170911
645,414,2.41483412170911
267,254,2.40681850445647
254,105,2.40681850445647
254,649,2.40681850445647
280,833,2.38915665932786
684,654,2.38915665932786
684,498,2.38915665932786
833,231,2.38915665932786
833,631,2.38915665932786
466,642,2.36721641698107
466,599,2.36721641698107
466,615,2.36721641698107
466,545,2.36721641698107
466,456,2.36721641698107
466,322,2.36721641698107
54,145,2.36721641698107
54,488,2.36721641698107
836,168,2.36721641698107
836,711,2.36721641698107
836,75,2.36721641698107
836,475,2.36721641698107
836,506,2.36721641698107
136,401,2.36721641698107
136,360,2.36721641698107
605,321,2.36721641698107
605,69,2.36721641698107
605,566,2.36721641698107
28,159,2.36721641698107
28,587,2.36721641698107
28,383,2.36721641698107
28,471,2.36721641698107
28,543,2.36721641698107
28,255,2.36721641698107
28,371,2.36721641698107
28,290,2.36721641698107
28,542,2.36721641698107
726,65,2.36721641698107
181,63,2.36721641698107
181,0,2.36721641698107
181,306,2.36721641698107
181,298,2.36721641698107
181,785,2.36721641698107
181,69,2.36721641698107
181,793,2.36721641698107
181,424,2.36721641698107
181,15,2.36721641698107
145,488,2.36721641698107
145,132,2.36721641698107
145,475,2.36721641698107
145,357,2.36721641698107
145,441,2.36721641698107
159,460,2.36721641698107
159,255,2.36721641698107
159,678,2.36721641698107
404,253,2.36721641698107
488,703,2.36721641698107
488,400,2.36721641698107
488,376,2.36721641698107
488,596,2.36721641698107
488,854,2.36721641698107
488,116,2.36721641698107
187,253,2.36721641698107
745,16,2.36721641698107
342,132,2.36721641698107
342,357,2.36721641698107
642,5,2.36721641698107
642,599,2.36721641698107
642,66,2.36721641698107
642,800,2.36721641698107
642,314,2.36721641698107
642,673,2.36721641698107
642,456,2.36721641698107
76,115,2.36721641698107
76,166,2.36721641698107
76,764,2.36721641698107
309,95,2.36721641698107
309,24,2.36721641698107
220,330,2.36721641698107
100,377,2.36721641698107
100,742,2.36721641698107
100,211,2.36721641698107
100,564,2.36721641698107
100,184,2.36721641698107
100,10,2.36721641698107
735,338,2.36721641698107
735,857,2.36721641698107
735,819,2.36721641698107
735,226,2.36721641698107
735,237,2.36721641698107
735,441,2.36721641698107
619,574,2.36721641698107
377,742,2.36721641698107
377,10,2.36721641698107
115,835,2.36721641698107
63,742,2.36721641698107
63,729,2.36721641698107
63,0,2.36721641698107
63,298,2.36721641698107
63,69,2.36721641698107
63,62,2.36721641698107
63,793,2.36721641698107
63,10,2.36721641698107
363,253,2.36721641698107
224,253,2.36721641698107
443,253,2.36721641698107
168,711,2.36721641698107
168,475,2.36721641698107
168,506,2.36721641698107
168,533,2.36721641698107
168,516,2.36721641698107
742,729,2.36721641698107
742,306,2.36721641698107
742,62,2.36721641698107
742,424,2.36721641698107
132,475,2.36721641698107
132,441,2.36721641698107
838,253,2.36721641698107
849,364,2.36721641698107
849,160,2.36721641698107
849,764,2.36721641698107
531,706,2.36721641698107
531,120,2.36721641698107
531,559,2.36721641698107
531,403,2.36721641698107
531,307,2.36721641698107
531,293,2.36721641698107
5,615,2.36721641698107
5,66,2.36721641698107
5,206,2.36721641698107
5,800,2.36721641698107
5,545,2.36721641698107
5,13,2.36721641698107
5,314,2.36721641698107
5,673,2.36721641698107
5,322,2.36721641698107
519,599,2.36721641698107
405,330,2.36721641698107
599,615,2.36721641698107
599,270,2.36721641698107
599,798,2.36721641698107
599,545,2.36721641698107
599,520,2.36721641698107
599,456,2.36721641698107
599,64,2.36721641698107
599,322,2.36721641698107
718,143,2.36721641698107
718,820,2.36721641698107
364,160,2.36721641698107
364,255,2.36721641698107
729,440,2.36721641698107
729,306,2.36721641698107
729,259,2.36721641698107
729,62,2.36721641698107
729,424,2.36721641698107
729,10,2.36721641698107
413,120,2.36721641698107
413,559,2.36721641698107
413,439,2.36721641698107
413,307,2.36721641698107
416,706,2.36721641698107
416,440,2.36721641698107
416,403,2.36721641698107
416,293,2.36721641698107
416,228,2.36721641698107
706,228,2.36721641698107
587,543,2.36721641698107
587,793,2.36721641698107
587,290,2.36721641698107
211,564,2.36721641698107
211,184,2.36721641698107
211,298,2.36721641698107
211,644,2.36721641698107
0,306,2.36721641698107
0,298,2.36721641698107
0,69,2.36721641698107
0,793,2.36721641698107
0,424,2.36721641698107
615,66,2.36721641698107
615,800,2.36721641698107
615,314,2.36721641698107
615,673,2.36721641698107
615,456,2.36721641698107
711,75,2.36721641698107
711,475,2.36721641698107
711,506,2.36721641698107
440,259,2.36721641698107
746,253,2.36721641698107
306,298,2.36721641698107
306,69,2.36721641698107
306,62,2.36721641698107
306,793,2.36721641698107
306,10,2.36721641698107
703,400,2.36721641698107
703,376,2.36721641698107
703,596,2.36721641698107
703,854,2.36721641698107
703,116,2.36721641698107
564,184,2.36721641698107
564,807,2.36721641698107
383,460,2.36721641698107
383,255,2.36721641698107
383,678,2.36721641698107
338,857,2.36721641698107
338,819,2.36721641698107
338,226,2.36721641698107
338,237,2.36721641698107
505,567,2.36721641698107
337,253,2.36721641698107
610,251,2.36721641698107
610,372,2.36721641698107
143,820,2.36721641698107
184,95,2.36721641698107
184,568,2.36721641698107
95,24,2.36721641698107
95,568,2.36721641698107
66,800,2.36721641698107
66,545,2.36721641698107
66,314,2.36721641698107
66,673,2.36721641698107
66,322,2.36721641698107
474,800,2.36721641698107
321,549,2.36721641698107
321,566,2.36721641698107
321,15,2.36721641698107
471,460,2.36721641698107
471,255,2.36721641698107
471,678,2.36721641698107
857,819,2.36721641698107
857,226,2.36721641698107
857,237,2.36721641698107
330,284,2.36721641698107
400,376,2.36721641698107
400,596,2.36721641698107
400,116,2.36721641698107
376,596,2.36721641698107
376,854,2.36721641698107
376,116,2.36721641698107
206,13,2.36721641698107
824,253,2.36721641698107
75,475,2.36721641698107
75,506,2.36721641698107
75,533,2.36721641698107
75,516,2.36721641698107
460,371,2.36721641698107
460,542,2.36721641698107
304,16,2.36721641698107
188,314,2.36721641698107
14,389,2.36721641698107
14,568,2.36721641698107
298,69,2.36721641698107
298,644,2.36721641698107
298,793,2.36721641698107
298,424,2.36721641698107
403,228,2.36721641698107
475,506,2.36721641698107
475,357,2.36721641698107
475,441,2.36721641698107
710,216,2.36721641698107
657,16,2.36721641698107
785,819,2.36721641698107
785,15,2.36721641698107
819,226,2.36721641698107
819,237,2.36721641698107
543,290,2.36721641698107
217,549,2.36721641698107
217,101,2.36721641698107
389,290,2.36721641698107
389,515,2.36721641698107
596,854,2.36721641698107
596,116,2.36721641698107
166,764,2.36721641698107
69,793,2.36721641698107
69,424,2.36721641698107
800,545,2.36721641698107
800,314,2.36721641698107
800,673,2.36721641698107
800,322,2.36721641698107
545,314,2.36721641698107
545,673,2.36721641698107
545,456,2.36721641698107
549,15,2.36721641698107
293,228,2.36721641698107
854,116,2.36721641698107
738,253,2.36721641698107
255,371,2.36721641698107
255,542,2.36721641698107
567,228,2.36721641698107
62,424,2.36721641698107
62,10,2.36721641698107
533,516,2.36721641698107
226,237,2.36721641698107
253,109,2.36721641698107
218,566,2.36721641698107
793,424,2.36721641698107
424,10,2.36721641698107
357,441,2.36721641698107
314,673,2.36721641698107
314,322,2.36721641698107
371,678,2.36721641698107
673,322,2.36721641698107
456,322,2.36721641698107
678,542,2.36721641698107
290,515,2.36721641698107
343,804,2.36660384614226
343,193,2.36660384614226
343,687,2.36660384614226
343,837,2.36660384614226
343,89,2.36660384614226
343,351,2.36660384614226
197,406,2.36660384614226
739,804,2.36660384614226
739,837,2.36660384614226
739,89,2.36660384614226
739,351,2.36660384614226
739,105,2.36660384614226
454,804,2.36660384614226
454,193,2.36660384614226
454,687,2.36660384614226
454,837,2.36660384614226
454,89,2.36660384614226
454,351,2.36660384614226
42,630,2.36660384614226
42,768,2.36660384614226
175,728,2.36660384614226
175,208,2.36660384614226
420,804,2.36660384614226
420,193,2.36660384614226
420,687,2.36660384614226
420,837,2.36660384614226
420,89,2.36660384614226
420,351,2.36660384614226
578,482,2.36660384614226
578,768,2.36660384614226
578,89,2.36660384614226
578,266,2.36660384614226
578,662,2.36660384614226
578,375,2.36660384614226
530,295,2.36660384614226
530,853,2.36660384614226
530,373,2.36660384614226
530,431,2.36660384614226
185,677,2.36660384614226
295,648,2.36660384614226
295,486,2.36660384614226
648,385,2.36660384614226
648,90,2.36660384614226
648,540,2.36660384614226
648,219,2.36660384614226
648,30,2.36660384614226
648,444,2.36660384614226
648,96,2.36660384614226
691,804,2.36660384614226
691,193,2.36660384614226
691,687,2.36660384614226
691,837,2.36660384614226
691,89,2.36660384614226
691,351,2.36660384614226
385,630,2.36660384614226
385,756,2.36660384614226
385,508,2.36660384614226
212,268,2.36660384614226
349,398,2.36660384614226
349,194,2.36660384614226
268,334,2.36660384614226
268,140,2.36660384614226
268,374,2.36660384614226
268,281,2.36660384614226
268,719,2.36660384614226
268,517,2.36660384614226
268,56,2.36660384614226
268,91,2.36660384614226
268,7,2.36660384614226
354,554,2.36660384614226
354,265,2.36660384614226
331,630,2.36660384614226
90,630,2.36660384614226
90,756,2.36660384614226
90,508,2.36660384614226
482,858,2.36660384614226
482,402,2.36660384614226
482,795,2.36660384614226
482,759,2.36660384614226
482,273,2.36660384614226
482,552,2.36660384614226
482,238,2.36660384614226
482,590,2.36660384614226
482,640,2.36660384614226
482,225,2.36660384614226
482,844,2.36660384614226
482,814,2.36660384614226
482,221,2.36660384614226
174,630,2.36660384614226
174,768,2.36660384614226
845,398,2.36660384614226
845,812,2.36660384614226
845,194,2.36660384614226
850,433,2.36660384614226
850,483,2.36660384614226
850,244,2.36660384614226
850,652,2.36660384614226
850,685,2.36660384614226
847,728,2.36660384614226
847,208,2.36660384614226
639,730,2.36660384614226
639,604,2.36660384614226
639,652,2.36660384614226
639,685,2.36660384614226
693,208,2.36660384614226
397,406,2.36660384614226
397,345,2.36660384614226
391,77,2.36660384614226
391,356,2.36660384614226
391,182,2.36660384614226
176,779,2.36660384614226
176,241,2.36660384614226
176,437,2.36660384614226
176,245,2.36660384614226
176,125,2.36660384614226
486,340,2.36660384614226
486,222,2.36660384614226
486,563,2.36660384614226
486,444,2.36660384614226
666,728,2.36660384614226
666,208,2.36660384614226
853,345,2.36660384614226
853,712,2.36660384614226
558,804,2.36660384614226
558,837,2.36660384614226
558,89,2.36660384614226
558,351,2.36660384614226
558,105,2.36660384614226
760,837,2.36660384614226
760,89,2.36660384614226
630,622,2.36660384614226
630,809,2.36660384614226
630,67,2.36660384614226
630,311,2.36660384614226
630,107,2.36660384614226
630,805,2.36660384614226
630,704,2.36660384614226
630,782,2.36660384614226
630,556,2.36660384614226
630,127,2.36660384614226
630,540,2.36660384614226
630,219,2.36660384614226
630,30,2.36660384614226
630,525,2.36660384614226
630,96,2.36660384614226
630,22,2.36660384614226
630,261,2.36660384614226
422,695,2.36660384614226
422,399,2.36660384614226
422,208,2.36660384614226
740,695,2.36660384614226
740,182,2.36660384614226
740,208,2.36660384614226
740,649,2.36660384614226
858,768,2.36660384614226
858,89,2.36660384614226
858,266,2.36660384614226
858,662,2.36660384614226
858,375,2.36660384614226
308,147,2.36660384614226
308,756,2.36660384614226
308,581,2.36660384614226
150,248,2.36660384614226
150,110,2.36660384614226
150,178,2.36660384614226
150,761,2.36660384614226
150,751,2.36660384614226
150,171,2.36660384614226
548,297,2.36660384614226
548,634,2.36660384614226
548,192,2.36660384614226
548,48,2.36660384614226
548,34,2.36660384614226
548,467,2.36660384614226
548,130,2.36660384614226
548,146,2.36660384614226
548,783,2.36660384614226
548,213,2.36660384614226
548,52,2.36660384614226
548,233,2.36660384614226
548,632,2.36660384614226
548,534,2.36660384614226
548,394,2.36660384614226
140,728,2.36660384614226
140,285,2.36660384614226
140,195,2.36660384614226
140,529,2.36660384614226
373,406,2.36660384614226
373,712,2.36660384614226
638,649,2.36660384614226
595,779,2.36660384614226
595,241,2.36660384614226
595,437,2.36660384614226
595,245,2.36660384614226
595,125,2.36660384614226
504,267,2.36660384614226
402,351,2.36660384614226
402,662,2.36660384614226
169,804,2.36660384614226
169,193,2.36660384614226
169,687,2.36660384614226
169,837,2.36660384614226
169,89,2.36660384614226
169,351,2.36660384614226
374,728,2.36660384614226
374,285,2.36660384614226
374,195,2.36660384614226
374,529,2.36660384614226
535,677,2.36660384614226
768,622,2.36660384614226
768,809,2.36660384614226
768,759,2.36660384614226
768,67,2.36660384614226
768,311,2.36660384614226
768,273,2.36660384614226
768,107,2.36660384614226
768,805,2.36660384614226
768,590,2.36660384614226
768,704,2.36660384614226
768,782,2.36660384614226
768,556,2.36660384614226
768,640,2.36660384614226
768,225,2.36660384614226
768,127,2.36660384614226
768,814,2.36660384614226
768,51,2.36660384614226
768,22,2.36660384614226
433,625,2.36660384614226
812,297,2.36660384614226
812,34,2.36660384614226
812,467,2.36660384614226
812,130,2.36660384614226
812,213,2.36660384614226
812,233,2.36660384614226
692,804,2.36660384614226
692,193,2.36660384614226
692,687,2.36660384614226
692,837,2.36660384614226
692,89,2.36660384614226
692,351,2.36660384614226
779,243,2.36660384614226
779,697,2.36660384614226
779,628,2.36660384614226
779,618,2.36660384614226
281,728,2.36660384614226
281,285,2.36660384614226
281,195,2.36660384614226
281,529,2.36660384614226
695,458,2.36660384614226
695,172,2.36660384614226
695,427,2.36660384614226
695,32,2.36660384614226
695,279,2.36660384614226
695,269,2.36660384614226
695,9,2.36660384614226
695,353,2.36660384614226
695,592,2.36660384614226
695,653,2.36660384614226
588,728,2.36660384614226
588,208,2.36660384614226
297,267,2.36660384614226
297,350,2.36660384614226
297,830,2.36660384614226
625,481,2.36660384614226
625,198,2.36660384614226
625,429,2.36660384614226
625,386,2.36660384614226
625,112,2.36660384614226
625,244,2.36660384614226
625,324,2.36660384614226
625,358,2.36660384614226
625,423,2.36660384614226
625,83,2.36660384614226
625,652,2.36660384614226
625,453,2.36660384614226
625,747,2.36660384614226
625,685,2.36660384614226
410,728,2.36660384614226
410,208,2.36660384614226
18,267,2.36660384614226
485,554,2.36660384614226
485,265,2.36660384614226
267,34,2.36660384614226
267,170,2.36660384614226
267,467,2.36660384614226
267,130,2.36660384614226
267,418,2.36660384614226
267,769,2.36660384614226
267,489,2.36660384614226
267,213,2.36660384614226
267,47,2.36660384614226
267,426,2.36660384614226
267,233,2.36660384614226
267,511,2.36660384614226
267,591,2.36660384614226
458,804,2.36660384614226
458,285,2.36660384614226
380,728,2.36660384614226
804,448,2.36660384614226
804,707,2.36660384614226
804,157,2.36660384614226
804,37,2.36660384614226
804,714,2.36660384614226
804,868,2.36660384614226
804,731,2.36660384614226
804,269,2.36660384614226
804,302,2.36660384614226
804,227,2.36660384614226
804,696,2.36660384614226
804,632,2.36660384614226
804,339,2.36660384614226
804,748,2.36660384614226
804,571,2.36660384614226
804,507,2.36660384614226
804,452,2.36660384614226
804,861,2.36660384614226
299,728,2.36660384614226
299,208,2.36660384614226
719,728,2.36660384614226
719,285,2.36660384614226
719,195,2.36660384614226
719,529,2.36660384614226
135,406,2.36660384614226
135,345,2.36660384614226
367,677,2.36660384614226
795,351,2.36660384614226
795,662,2.36660384614226
248,77,2.36660384614226
248,356,2.36660384614226
147,790,2.36660384614226
147,808,2.36660384614226
147,50,2.36660384614226
147,328,2.36660384614226
147,580,2.36660384614226
210,614,2.36660384614226
448,837,2.36660384614226
448,89,2.36660384614226
448,351,2.36660384614226
448,105,2.36660384614226
634,614,2.36660384614226
634,830,2.36660384614226
406,431,2.36660384614226
406,432,2.36660384614226
406,825,2.36660384614226
406,763,2.36660384614226
406,368,2.36660384614226
406,419,2.36660384614226
406,177,2.36660384614226
501,712,2.36660384614226
554,375,2.36660384614226
759,89,2.36660384614226
759,266,2.36660384614226
759,662,2.36660384614226
759,375,2.36660384614226
464,728,2.36660384614226
464,208,2.36660384614226
317,508,2.36660384614226
193,707,2.36660384614226
193,157,2.36660384614226
193,37,2.36660384614226
193,731,2.36660384614226
193,302,2.36660384614226
193,227,2.36660384614226
193,696,2.36660384614226
193,339,2.36660384614226
193,748,2.36660384614226
193,571,2.36660384614226
193,597,2.36660384614226
193,507,2.36660384614226
193,452,2.36660384614226
110,285,2.36660384614226
192,614,2.36660384614226
192,830,2.36660384614226
667,728,2.36660384614226
242,677,2.36660384614226
446,837,2.36660384614226
446,89,2.36660384614226
728,699,2.36660384614226
728,455,2.36660384614226
728,274,2.36660384614226
728,447,2.36660384614226
728,292,2.36660384614226
728,822,2.36660384614226
728,411,2.36660384614226
728,826,2.36660384614226
728,606,2.36660384614226
728,840,2.36660384614226
728,118,2.36660384614226
728,683,2.36660384614226
728,457,2.36660384614226
728,122,2.36660384614226
728,119,2.36660384614226
728,473,2.36660384614226
728,586,2.36660384614226
728,7,2.36660384614226
728,20,2.36660384614226
728,78,2.36660384614226
728,1,2.36660384614226
775,677,2.36660384614226
699,208,2.36660384614226
756,816,2.36660384614226
756,790,2.36660384614226
756,445,2.36660384614226
756,808,2.36660384614226
756,540,2.36660384614226
756,219,2.36660384614226
756,30,2.36660384614226
756,96,2.36660384614226
756,828,2.36660384614226
455,208,2.36660384614226
285,269,2.36660384614226
285,7,2.36660384614226
273,89,2.36660384614226
273,266,2.36660384614226
273,662,2.36660384614226
273,375,2.36660384614226
682,581,2.36660384614226
607,579,2.36660384614226
514,837,2.36660384614226
514,89,2.36660384614226
350,34,2.36660384614226
350,467,2.36660384614226
350,130,2.36660384614226
350,213,2.36660384614226
350,633,2.36660384614226
350,233,2.36660384614226
346,266,2.36660384614226
346,375,2.36660384614226
241,243,2.36660384614226
241,697,2.36660384614226
241,628,2.36660384614226
241,618,2.36660384614226
4,328,2.36660384614226
48,614,2.36660384614226
48,830,2.36660384614226
707,687,2.36660384614226
707,837,2.36660384614226
707,89,2.36660384614226
707,351,2.36660384614226
303,182,2.36660384614226
345,432,2.36660384614226
345,825,2.36660384614226
345,763,2.36660384614226
345,368,2.36660384614226
345,419,2.36660384614226
345,177,2.36660384614226
565,77,2.36660384614226
565,356,2.36660384614226
517,182,2.36660384614226
436,266,2.36660384614226
207,77,2.36660384614226
207,356,2.36660384614226
207,182,2.36660384614226
172,399,2.36660384614226
172,208,2.36660384614226
437,243,2.36660384614226
437,697,2.36660384614226
437,628,2.36660384614226
437,618,2.36660384614226
447,208,2.36660384614226
427,399,2.36660384614226
427,208,2.36660384614226
431,712,2.36660384614226
87,77,2.36660384614226
87,356,2.36660384614226
87,182,2.36660384614226
329,508,2.36660384614226
329,830,2.36660384614226
292,208,2.36660384614226
34,830,2.36660384614226
243,245,2.36660384614226
243,125,2.36660384614226
552,351,2.36660384614226
552,662,2.36660384614226
614,146,2.36660384614226
614,783,2.36660384614226
614,52,2.36660384614226
614,534,2.36660384614226
614,394,2.36660384614226
522,77,2.36660384614226
522,356,2.36660384614226
522,182,2.36660384614226
195,867,2.36660384614226
195,7,2.36660384614226
195,258,2.36660384614226
305,649,2.36660384614226
508,388,2.36660384614226
508,547,2.36660384614226
508,540,2.36660384614226
508,219,2.36660384614226
508,30,2.36660384614226
508,96,2.36660384614226
508,762,2.36660384614226
508,562,2.36660384614226
508,55,2.36660384614226
508,823,2.36660384614226
265,375,2.36660384614226
442,77,2.36660384614226
442,356,2.36660384614226
442,182,2.36660384614226
77,761,2.36660384614226
77,679,2.36660384614226
77,751,2.36660384614226
77,171,2.36660384614226
77,521,2.36660384614226
238,662,2.36660384614226
356,761,2.36660384614226
356,679,2.36660384614226
356,751,2.36660384614226
356,171,2.36660384614226
356,521,2.36660384614226
356,36,2.36660384614226
157,687,2.36660384614226
157,837,2.36660384614226
157,89,2.36660384614226
157,351,2.36660384614226
12,677,2.36660384614226
32,182,2.36660384614226
32,208,2.36660384614226
32,649,2.36660384614226
467,830,2.36660384614226
130,830,2.36660384614226
790,581,2.36660384614226
590,89,2.36660384614226
590,266,2.36660384614226
590,662,2.36660384614226
590,375,2.36660384614226
37,687,2.36660384614226
37,837,2.36660384614226
37,89,2.36660384614226
37,351,2.36660384614226
91,182,2.36660384614226
722,483,2.36660384614226
722,652,2.36660384614226
722,685,2.36660384614226
146,830,2.36660384614226
697,245,2.36660384614226
697,125,2.36660384614226
714,837,2.36660384614226
714,89,2.36660384614226
714,351,2.36660384614226
714,105,2.36660384614226
279,399,2.36660384614226
279,208,2.36660384614226
319,182,2.36660384614226
640,89,2.36660384614226
640,266,2.36660384614226
640,662,2.36660384614226
640,375,2.36660384614226
687,731,2.36660384614226
687,302,2.36660384614226
687,227,2.36660384614226
687,696,2.36660384614226
687,339,2.36660384614226
687,748,2.36660384614226
687,571,2.36660384614226
687,597,2.36660384614226
687,507,2.36660384614226
687,452,2.36660384614226
783,830,2.36660384614226
679,182,2.36660384614226
225,89,2.36660384614226
225,266,2.36660384614226
225,662,2.36660384614226
225,375,2.36660384614226
868,837,2.36660384614226
868,89,2.36660384614226
868,351,2.36660384614226
868,105,2.36660384614226
550,677,2.36660384614226
844,662,2.36660384614226
827,266,2.36660384614226
837,731,2.36660384614226
837,302,2.36660384614226
837,227,2.36660384614226
837,696,2.36660384614226
837,632,2.36660384614226
837,339,2.36660384614226
837,748,2.36660384614226
837,571,2.36660384614226
837,507,2.36660384614226
837,452,2.36660384614226
837,861,2.36660384614226
826,208,2.36660384614226
650,649,2.36660384614226
19,266,2.36660384614226
19,375,2.36660384614226
808,581,2.36660384614226
731,89,2.36660384614226
731,351,2.36660384614226
628,245,2.36660384614226
628,125,2.36660384614226
9,182,2.36660384614226
9,208,2.36660384614226
9,649,2.36660384614226
803,266,2.36660384614226
803,375,2.36660384614226
245,618,2.36660384614226
302,89,2.36660384614226
302,351,2.36660384614226
814,89,2.36660384614226
814,266,2.36660384614226
814,662,2.36660384614226
814,375,2.36660384614226
353,399,2.36660384614226
353,208,2.36660384614226
387,266,2.36660384614226
387,375,2.36660384614226
592,182,2.36660384614226
592,208,2.36660384614226
592,649,2.36660384614226
213,830,2.36660384614226
52,830,2.36660384614226
89,227,2.36660384614226
89,696,2.36660384614226
89,339,2.36660384614226
89,748,2.36660384614226
89,571,2.36660384614226
89,507,2.36660384614226
89,452,2.36660384614226
89,861,2.36660384614226
227,351,2.36660384614226
351,696,2.36660384614226
351,339,2.36660384614226
351,748,2.36660384614226
351,571,2.36660384614226
351,221,2.36660384614226
351,507,2.36660384614226
351,452,2.36660384614226
351,861,2.36660384614226
351,828,2.36660384614226
653,399,2.36660384614226
653,208,2.36660384614226
813,450,2.36660384614226
118,208,2.36660384614226
581,828,2.36660384614226
683,208,2.36660384614226
399,652,2.36660384614226
399,258,2.36660384614226
399,685,2.36660384614226
233,830,2.36660384614226
762,830,2.36660384614226
734,450,2.36660384614226
457,208,2.36660384614226
182,521,2.36660384614226
562,830,2.36660384614226
328,677,2.36660384614226
830,55,2.36660384614226
830,534,2.36660384614226
830,394,2.36660384614226
266,636,2.36660384614226
266,841,2.36660384614226
105,861,2.36660384614226
119,208,2.36660384614226
821,208,2.36660384614226
580,450,2.36660384614226
662,221,2.36660384614226
473,208,2.36660384614226
208,78,2.36660384614226
208,1,2.36660384614226
7,529,2.36660384614226
125,618,2.36660384614226
375,636,2.36660384614226
375,841,2.36660384614226
258,529,2.36660384614226
677,681,2.36660384614226
254,616,2.35634412018024
137,234,2.35217419242598
137,191,2.35217419242598
296,191,2.35217419242598
296,846,2.35217419242598
866,191,2.35217419242598
88,191,2.35217419242598
88,384,2.35217419242598
191,799,2.35217419242598
191,223,2.35217419242598
191,123,2.35217419242598
191,788,2.35217419242598
799,846,2.35217419242598
576,384,2.35217419242598
846,223,2.35217419242598
384,788,2.35217419242598
384,17,2.35217419242598
852,141,2.31529352488164
852,843,2.31529352488164
461,165,2.31529352488164
38,797,2.29115662262844
38,104,2.29115662262844
425,262,2.29115662262844
797,104,2.29115662262844
315,11,2.27973047231005
716,11,2.27973047231005
11,792,2.27973047231005
11,414,2.27973047231005
384,355,2.24075603877323
85,593,2.2089718445409
85,434,2.2089718445409
85,654,2.2089718445409
569,149,2.2089718445409
149,654,2.2089718445409
831,616,2.2089718445409
231,616,2.2089718445409
137,780,2.19760604191844
296,780,2.19760604191844
88,472,2.19760604191844
698,780,2.19760604191844
698,472,2.19760604191844
799,780,2.19760604191844
493,472,2.19760604191844
123,472,2.19760604191844
343,80,2.12015444735254
343,661,2.12015444735254
343,156,2.12015444735254
343,539,2.12015444735254
463,248,2.12015444735254
463,110,2.12015444735254
463,178,2.12015444735254
463,761,2.12015444735254
463,751,2.12015444735254
463,171,2.12015444735254
197,500,2.12015444735254
739,661,2.12015444735254
739,6,2.12015444735254
739,539,2.12015444735254
739,247,2.12015444735254
454,80,2.12015444735254
454,661,2.12015444735254
454,156,2.12015444735254
454,539,2.12015444735254
42,561,2.12015444735254
42,811,2.12015444735254
42,138,2.12015444735254
420,80,2.12015444735254
420,661,2.12015444735254
420,156,2.12015444735254
420,539,2.12015444735254
189,21,2.12015444735254
80,691,2.12015444735254
80,621,2.12015444735254
80,169,2.12015444735254
80,692,2.12015444735254
80,438,2.12015444735254
80,707,2.12015444735254
80,333,2.12015444735254
80,157,2.12015444735254
80,264,2.12015444735254
80,37,2.12015444735254
80,650,2.12015444735254
80,731,2.12015444735254
80,302,2.12015444735254
80,227,2.12015444735254
80,696,2.12015444735254
80,339,2.12015444735254
80,748,2.12015444735254
80,571,2.12015444735254
80,507,2.12015444735254
80,452,2.12015444735254
578,152,2.12015444735254
578,661,2.12015444735254
578,539,2.12015444735254
578,247,2.12015444735254
578,97,2.12015444735254
691,661,2.12015444735254
691,156,2.12015444735254
691,539,2.12015444735254
385,61,2.12015444735254
385,283,2.12015444735254
385,500,2.12015444735254
385,73,2.12015444735254
349,200,2.12015444735254
61,90,2.12015444735254
61,380,2.12015444735254
61,667,2.12015444735254
61,274,2.12015444735254
61,822,2.12015444735254
61,686,2.12015444735254
61,411,2.12015444735254
61,579,2.12015444735254
61,235,2.12015444735254
61,540,2.12015444735254
61,606,2.12015444735254
61,219,2.12015444735254
61,840,2.12015444735254
61,30,2.12015444735254
61,312,2.12015444735254
61,96,2.12015444735254
61,122,2.12015444735254
61,586,2.12015444735254
61,20,2.12015444735254
154,204,2.12015444735254
561,621,2.12015444735254
561,174,2.12015444735254
561,373,2.12015444735254
561,622,2.12015444735254
561,809,2.12015444735254
561,67,2.12015444735254
561,311,2.12015444735254
561,107,2.12015444735254
561,333,2.12015444735254
561,431,2.12015444735254
561,805,2.12015444735254
561,264,2.12015444735254
561,704,2.12015444735254
561,782,2.12015444735254
561,556,2.12015444735254
561,98,2.12015444735254
561,127,2.12015444735254
561,585,2.12015444735254
561,22,2.12015444735254
621,156,2.12015444735254
621,811,2.12015444735254
621,138,2.12015444735254
90,283,2.12015444735254
90,500,2.12015444735254
90,73,2.12015444735254
174,811,2.12015444735254
174,138,2.12015444735254
845,200,2.12015444735254
518,162,2.12015444735254
518,458,2.12015444735254
518,670,2.12015444735254
518,238,2.12015444735254
518,341,2.12015444735254
518,844,2.12015444735254
518,347,2.12015444735254
518,269,2.12015444735254
518,51,2.12015444735254
179,500,2.12015444735254
693,524,2.12015444735254
693,646,2.12015444735254
391,97,2.12015444735254
162,523,2.12015444735254
152,858,2.12015444735254
152,481,2.12015444735254
152,759,2.12015444735254
152,273,2.12015444735254
152,198,2.12015444735254
152,429,2.12015444735254
152,386,2.12015444735254
152,590,2.12015444735254
152,640,2.12015444735254
152,225,2.12015444735254
152,112,2.12015444735254
152,814,2.12015444735254
152,324,2.12015444735254
152,358,2.12015444735254
152,423,2.12015444735254
152,83,2.12015444735254
152,652,2.12015444735254
152,453,2.12015444735254
152,747,2.12015444735254
152,685,2.12015444735254
558,661,2.12015444735254
558,6,2.12015444735254
558,539,2.12015444735254
558,247,2.12015444735254
858,661,2.12015444735254
858,539,2.12015444735254
858,247,2.12015444735254
858,97,2.12015444735254
637,500,2.12015444735254
140,859,2.12015444735254
140,204,2.12015444735254
402,661,2.12015444735254
402,539,2.12015444735254
169,661,2.12015444735254
169,156,2.12015444735254
169,539,2.12015444735254
661,692,2.12015444735254
661,795,2.12015444735254
661,448,2.12015444735254
661,759,2.12015444735254
661,273,2.12015444735254
661,707,2.12015444735254
661,552,2.12015444735254
661,157,2.12015444735254
661,590,2.12015444735254
661,37,2.12015444735254
661,714,2.12015444735254
661,640,2.12015444735254
661,225,2.12015444735254
661,868,2.12015444735254
661,731,2.12015444735254
661,302,2.12015444735254
661,814,2.12015444735254
661,227,2.12015444735254
661,696,2.12015444735254
661,339,2.12015444735254
661,748,2.12015444735254
661,571,2.12015444735254
661,221,2.12015444735254
661,507,2.12015444735254
661,452,2.12015444735254
661,861,2.12015444735254
374,859,2.12015444735254
374,204,2.12015444735254
433,646,2.12015444735254
692,156,2.12015444735254
692,539,2.12015444735254
779,73,2.12015444735254
281,859,2.12015444735254
281,204,2.12015444735254
297,252,2.12015444735254
655,247,2.12015444735254
622,811,2.12015444735254
622,138,2.12015444735254
484,500,2.12015444735254
458,523,2.12015444735254
209,6,2.12015444735254
809,811,2.12015444735254
809,138,2.12015444735254
719,859,2.12015444735254
719,204,2.12015444735254
135,163,2.12015444735254
795,539,2.12015444735254
248,811,2.12015444735254
438,156,2.12015444735254
670,523,2.12015444735254
448,6,2.12015444735254
448,539,2.12015444735254
448,247,2.12015444735254
634,283,2.12015444735254
634,252,2.12015444735254
634,21,2.12015444735254
49,6,2.12015444735254
481,646,2.12015444735254
554,848,2.12015444735254
554,496,2.12015444735254
759,539,2.12015444735254
759,247,2.12015444735254
759,97,2.12015444735254
67,811,2.12015444735254
67,138,2.12015444735254
192,283,2.12015444735254
192,252,2.12015444735254
192,21,2.12015444735254
311,811,2.12015444735254
311,138,2.12015444735254
362,97,2.12015444735254
6,392,2.12015444735254
6,714,2.12015444735254
6,868,2.12015444735254
6,861,2.12015444735254
617,199,2.12015444735254
617,238,2.12015444735254
617,844,2.12015444735254
283,48,2.12015444735254
283,329,2.12015444735254
283,170,2.12015444735254
283,146,2.12015444735254
283,783,2.12015444735254
283,769,2.12015444735254
283,126,2.12015444735254
283,540,2.12015444735254
283,219,2.12015444735254
283,47,2.12015444735254
283,30,2.12015444735254
283,96,2.12015444735254
283,762,2.12015444735254
283,562,2.12015444735254
283,55,2.12015444735254
283,534,2.12015444735254
283,394,2.12015444735254
283,591,2.12015444735254
273,539,2.12015444735254
273,247,2.12015444735254
273,97,2.12015444735254
818,21,2.12015444735254
346,848,2.12015444735254
346,204,2.12015444735254
346,200,2.12015444735254
346,496,2.12015444735254
241,73,2.12015444735254
48,252,2.12015444735254
48,21,2.12015444735254
178,754,2.12015444735254
707,156,2.12015444735254
707,539,2.12015444735254
303,524,2.12015444735254
303,204,2.12015444735254
107,811,2.12015444735254
107,138,2.12015444735254
565,352,2.12015444735254
198,646,2.12015444735254
207,97,2.12015444735254
429,646,2.12015444735254
156,333,2.12015444735254
156,157,2.12015444735254
156,264,2.12015444735254
156,37,2.12015444735254
156,650,2.12015444735254
156,731,2.12015444735254
156,302,2.12015444735254
156,227,2.12015444735254
156,696,2.12015444735254
156,339,2.12015444735254
156,748,2.12015444735254
156,571,2.12015444735254
156,507,2.12015444735254
156,452,2.12015444735254
437,73,2.12015444735254
333,811,2.12015444735254
333,138,2.12015444735254
87,97,2.12015444735254
848,265,2.12015444735254
848,19,2.12015444735254
848,803,2.12015444735254
848,387,2.12015444735254
848,636,2.12015444735254
848,841,2.12015444735254
34,252,2.12015444735254
705,97,2.12015444735254
552,539,2.12015444735254
522,97,2.12015444735254
265,496,2.12015444735254
442,97,2.12015444735254
432,163,2.12015444735254
713,500,2.12015444735254
805,811,2.12015444735254
805,138,2.12015444735254
386,646,2.12015444735254
238,97,2.12015444735254
238,523,2.12015444735254
157,539,2.12015444735254
264,811,2.12015444735254
264,138,2.12015444735254
31,204,2.12015444735254
467,252,2.12015444735254
741,500,2.12015444735254
130,252,2.12015444735254
590,539,2.12015444735254
590,247,2.12015444735254
590,97,2.12015444735254
37,539,2.12015444735254
704,811,2.12015444735254
704,138,2.12015444735254
761,811,2.12015444735254
146,252,2.12015444735254
146,21,2.12015444735254
782,811,2.12015444735254
782,138,2.12015444735254
714,539,2.12015444735254
714,247,2.12015444735254
53,500,2.12015444735254
811,556,2.12015444735254
811,127,2.12015444735254
811,751,2.12015444735254
811,171,2.12015444735254
811,584,2.12015444735254
811,22,2.12015444735254
341,523,2.12015444735254
319,524,2.12015444735254
319,204,2.12015444735254
556,138,2.12015444735254
859,867,2.12015444735254
859,7,2.12015444735254
859,258,2.12015444735254
640,539,2.12015444735254
640,247,2.12015444735254
640,97,2.12015444735254
825,163,2.12015444735254
783,252,2.12015444735254
783,21,2.12015444735254
679,97,2.12015444735254
763,163,2.12015444735254
225,539,2.12015444735254
225,247,2.12015444735254
225,97,2.12015444735254
539,868,2.12015444735254
539,731,2.12015444735254
539,302,2.12015444735254
539,814,2.12015444735254
539,227,2.12015444735254
539,696,2.12015444735254
539,339,2.12015444735254
539,748,2.12015444735254
539,571,2.12015444735254
539,221,2.12015444735254
539,507,2.12015444735254
539,452,2.12015444735254
539,861,2.12015444735254
868,247,2.12015444735254
247,814,2.12015444735254
247,240,2.12015444735254
247,861,2.12015444735254
247,121,2.12015444735254
500,540,2.12015444735254
500,219,2.12015444735254
500,30,2.12015444735254
500,96,2.12015444735254
844,97,2.12015444735254
844,523,2.12015444735254
180,73,2.12015444735254
532,754,2.12015444735254
347,523,2.12015444735254
650,163,2.12015444735254
19,204,2.12015444735254
19,200,2.12015444735254
19,496,2.12015444735254
269,523,2.12015444735254
45,21,2.12015444735254
126,352,2.12015444735254
803,204,2.12015444735254
803,200,2.12015444735254
803,496,2.12015444735254
245,73,2.12015444735254
127,138,2.12015444735254
112,646,2.12015444735254
409,21,2.12015444735254
814,97,2.12015444735254
540,73,2.12015444735254
289,73,2.12015444735254
244,646,2.12015444735254
674,73,2.12015444735254
387,204,2.12015444735254
387,200,2.12015444735254
387,496,2.12015444735254
213,252,2.12015444735254
524,821,2.12015444735254
52,252,2.12015444735254
52,21,2.12015444735254
369,754,2.12015444735254
97,672,2.12015444735254
97,521,2.12015444735254
97,148,2.12015444735254
646,324,2.12015444735254
646,358,2.12015444735254
646,423,2.12015444735254
646,83,2.12015444735254
646,652,2.12015444735254
646,821,2.12015444735254
646,453,2.12015444735254
646,747,2.12015444735254
646,685,2.12015444735254
204,335,2.12015444735254
204,7,2.12015444735254
204,636,2.12015444735254
204,841,2.12015444735254
523,51,2.12015444735254
219,73,2.12015444735254
163,419,2.12015444735254
163,177,2.12015444735254
163,652,2.12015444735254
163,685,2.12015444735254
30,73,2.12015444735254
200,636,2.12015444735254
200,841,2.12015444735254
96,73,2.12015444735254
73,125,2.12015444735254
233,252,2.12015444735254
632,252,2.12015444735254
252,534,2.12015444735254
252,394,2.12015444735254
138,22,2.12015444735254
496,636,2.12015444735254
496,841,2.12015444735254
534,21,2.12015444735254
21,394,2.12015444735254
754,36,2.12015444735254
684,139,2.11983295768782
833,141,2.11983295768782
833,612,2.11983295768782
594,79,2.11096768001483
79,421,2.11096768001483
79,755,2.11096768001483
79,701,2.11096768001483
79,44,2.11096768001483
79,620,2.11096768001483
79,732,2.11096768001483
79,758,2.11096768001483
79,43,2.11096768001483
79,301,2.11096768001483
79,834,2.11096768001483
79,855,2.11096768001483
79,139,2.10286892111903
79,612,2.10286892111903
79,144,2.10286892111903
79,165,2.10286892111903
852,294,2.07743830986993
852,797,2.07743830986993
613,645,2.0567095064552
866,645,2.0567095064552
88,645,2.0567095064552
645,721,2.0567095064552
645,123,2.0567095064552
645,462,2.0567095064552
664,846,2.04655382712189
806,191,2.04655382712189
191,831,2.04655382712189
191,771,2.04655382712189
191,498,2.04655382712189
589,846,2.04655382712189
384,231,2.04655382712189
384,72,2.04655382712189
829,378,2.03648903104117
780,355,2.01803310096652
355,472,2.01803310096652
80,355,1.95946587868093
617,355,1.95946587868093
156,355,1.95946587868093
811,355,1.95946587868093
539,355,1.95946587868093
646,355,1.95946587868093
163,355,1.95946587868093
85,139,1.95016055163405
85,843,1.95016055163405
379,149,1.95016055163405
141,616,1.95016055163405
612,86,1.95016055163405
613,11,1.93182197572613
88,11,1.93182197572613
583,11,1.93182197572613
799,11,1.93182197572613
11,493,1.93182197572613
466,744,1.93114681053483
466,408,1.93114681053483
466,344,1.93114681053483
466,278,1.93114681053483
466,688,1.93114681053483
466,690,1.93114681053483
466,430,1.93114681053483
466,94,1.93114681053483
128,791,1.93114681053483
128,499,1.93114681053483
128,142,1.93114681053483
128,366,1.93114681053483
54,114,1.93114681053483
54,142,1.93114681053483
54,301,1.93114681053483
842,309,1.93114681053483
842,619,1.93114681053483
842,95,1.93114681053483
842,574,1.93114681053483
842,24,1.93114681053483
836,133,1.93114681053483
836,84,1.93114681053483
787,710,1.93114681053483
25,136,1.93114681053483
25,401,1.93114681053483
25,100,1.93114681053483
25,377,1.93114681053483
25,742,1.93114681053483
25,10,1.93114681053483
136,39,1.93114681053483
136,688,1.93114681053483
605,408,1.93114681053483
605,278,1.93114681053483
605,469,1.93114681053483
605,336,1.93114681053483
605,27,1.93114681053483
605,82,1.93114681053483
28,744,1.93114681053483
28,2,1.93114681053483
28,839,1.93114681053483
28,766,1.93114681053483
28,794,1.93114681053483
28,620,1.93114681053483
28,57,1.93114681053483
28,786,1.93114681053483
28,272,1.93114681053483
28,395,1.93114681053483
726,316,1.93114681053483
726,186,1.93114681053483
726,512,1.93114681053483
495,62,1.93114681053483
495,835,1.93114681053483
495,515,1.93114681053483
181,477,1.93114681053483
181,594,1.93114681053483
181,27,1.93114681053483
181,276,1.93114681053483
181,758,1.93114681053483
181,43,1.93114681053483
181,750,1.93114681053483
181,752,1.93114681053483
145,577,1.93114681053483
145,114,1.93114681053483
145,301,1.93114681053483
249,619,1.93114681053483
249,253,1.93114681053483
249,574,1.93114681053483
401,832,1.93114681053483
401,39,1.93114681053483
401,173,1.93114681053483
401,688,1.93114681053483
159,477,1.93114681053483
159,629,1.93114681053483
159,660,1.93114681053483
159,68,1.93114681053483
159,57,1.93114681053483
159,272,1.93114681053483
159,82,1.93114681053483
404,408,1.93114681053483
404,479,1.93114681053483
404,660,1.93114681053483
404,855,1.93114681053483
488,114,1.93114681053483
488,487,1.93114681053483
488,301,1.93114681053483
488,151,1.93114681053483
488,834,1.93114681053483
477,63,1.93114681053483
477,0,1.93114681053483
477,306,1.93114681053483
477,383,1.93114681053483
477,471,1.93114681053483
477,460,1.93114681053483
477,298,1.93114681053483
477,389,1.93114681053483
477,69,1.93114681053483
477,793,1.93114681053483
477,424,1.93114681053483
477,371,1.93114681053483
477,678,1.93114681053483
477,290,1.93114681053483
477,515,1.93114681053483
477,542,1.93114681053483
478,342,1.93114681053483
478,132,1.93114681053483
478,357,1.93114681053483
187,408,1.93114681053483
187,479,1.93114681053483
187,660,1.93114681053483
187,855,1.93114681053483
745,39,1.93114681053483
745,671,1.93114681053483
342,651,1.93114681053483
342,784,1.93114681053483
342,577,1.93114681053483
476,168,1.93114681053483
476,75,1.93114681053483
476,533,1.93114681053483
476,516,1.93114681053483
642,536,1.93114681053483
642,408,1.93114681053483
642,278,1.93114681053483
642,688,1.93114681053483
642,129,1.93114681053483
642,114,1.93114681053483
642,430,1.93114681053483
642,497,1.93114681053483
76,570,1.93114681053483
76,671,1.93114681053483
76,348,1.93114681053483
651,132,1.93114681053483
651,330,1.93114681053483
651,101,1.93114681053483
651,357,1.93114681053483
313,718,1.93114681053483
313,143,1.93114681053483
313,820,1.93114681053483
313,566,1.93114681053483
757,309,1.93114681053483
757,184,1.93114681053483
757,24,1.93114681053483
757,568,1.93114681053483
309,494,1.93114681053483
309,382,1.93114681053483
309,626,1.93114681053483
309,230,1.93114681053483
309,509,1.93114681053483
570,100,1.93114681053483
570,377,1.93114681053483
570,115,1.93114681053483
570,742,1.93114681053483
570,10,1.93114681053483
220,513,1.93114681053483
133,711,1.93114681053483
133,475,1.93114681053483
133,506,1.93114681053483
133,533,1.93114681053483
133,516,1.93114681053483
100,393,1.93114681053483
100,41,1.93114681053483
100,421,1.93114681053483
100,701,1.93114681053483
100,778,1.93114681053483
100,57,1.93114681053483
100,29,1.93114681053483
100,59,1.93114681053483
709,168,1.93114681053483
709,75,1.93114681053483
709,506,1.93114681053483
709,533,1.93114681053483
709,516,1.93114681053483
619,551,1.93114681053483
619,167,1.93114681053483
377,765,1.93114681053483
377,41,1.93114681053483
377,421,1.93114681053483
377,701,1.93114681053483
377,778,1.93114681053483
377,57,1.93114681053483
377,29,1.93114681053483
377,365,1.93114681053483
744,5,1.93114681053483
744,599,1.93114681053483
744,587,1.93114681053483
744,66,1.93114681053483
744,543,1.93114681053483
744,800,1.93114681053483
744,314,1.93114681053483
744,673,1.93114681053483
744,456,1.93114681053483
744,290,1.93114681053483
115,700,1.93114681053483
832,101,1.93114681053483
63,572,1.93114681053483
63,3,1.93114681053483
63,46,1.93114681053483
63,758,1.93114681053483
63,43,1.93114681053483
63,752,1.93114681053483
363,408,1.93114681053483
363,479,1.93114681053483
363,660,1.93114681053483
363,855,1.93114681053483
39,184,1.93114681053483
39,95,1.93114681053483
39,304,1.93114681053483
39,16,1.93114681053483
39,568,1.93114681053483
224,408,1.93114681053483
224,479,1.93114681053483
224,660,1.93114681053483
224,855,1.93114681053483
443,408,1.93114681053483
443,479,1.93114681053483
443,660,1.93114681053483
443,855,1.93114681053483
168,84,1.93114681053483
325,531,1.93114681053483
325,706,1.93114681053483
325,403,1.93114681053483
325,293,1.93114681053483
742,594,1.93114681053483
742,572,1.93114681053483
742,41,1.93114681053483
742,421,1.93114681053483
742,701,1.93114681053483
742,27,1.93114681053483
742,778,1.93114681053483
742,3,1.93114681053483
742,57,1.93114681053483
742,29,1.93114681053483
742,46,1.93114681053483
742,365,1.93114681053483
623,718,1.93114681053483
623,143,1.93114681053483
623,66,1.93114681053483
623,820,1.93114681053483
802,474,1.93114681053483
494,95,1.93114681053483
494,253,1.93114681053483
494,24,1.93114681053483
536,531,1.93114681053483
536,5,1.93114681053483
536,615,1.93114681053483
536,120,1.93114681053483
536,66,1.93114681053483
536,559,1.93114681053483
536,800,1.93114681053483
536,307,1.93114681053483
536,545,1.93114681053483
536,218,1.93114681053483
536,314,1.93114681053483
536,673,1.93114681053483
536,566,1.93114681053483
536,322,1.93114681053483
838,408,1.93114681053483
838,479,1.93114681053483
838,660,1.93114681053483
838,855,1.93114681053483
2,460,1.93114681053483
2,255,1.93114681053483
2,678,1.93114681053483
531,421,1.93114681053483
531,469,1.93114681053483
531,336,1.93114681053483
531,46,1.93114681053483
531,263,1.93114681053483
531,512,1.93114681053483
531,366,1.93114681053483
5,344,1.93114681053483
5,510,1.93114681053483
5,114,1.93114681053483
5,690,1.93114681053483
5,497,1.93114681053483
519,688,1.93114681053483
405,513,1.93114681053483
526,718,1.93114681053483
526,143,1.93114681053483
526,66,1.93114681053483
526,820,1.93114681053483
599,408,1.93114681053483
599,344,1.93114681053483
599,278,1.93114681053483
599,129,1.93114681053483
599,690,1.93114681053483
599,59,1.93114681053483
599,430,1.93114681053483
393,413,1.93114681053483
393,211,1.93114681053483
393,564,1.93114681053483
393,184,1.93114681053483
239,718,1.93114681053483
239,143,1.93114681053483
239,710,1.93114681053483
239,820,1.93114681053483
594,729,1.93114681053483
594,0,1.93114681053483
594,298,1.93114681053483
594,69,1.93114681053483
594,62,1.93114681053483
594,793,1.93114681053483
594,10,1.93114681053483
718,755,1.93114681053483
718,114,1.93114681053483
718,732,1.93114681053483
718,690,1.93114681053483
718,301,1.93114681053483
718,717,1.93114681053483
718,215,1.93114681053483
408,615,1.93114681053483
408,746,1.93114681053483
408,337,1.93114681053483
408,824,1.93114681053483
408,69,1.93114681053483
408,545,1.93114681053483
408,738,1.93114681053483
408,253,1.93114681053483
408,456,1.93114681053483
408,109,1.93114681053483
408,322,1.93114681053483
729,572,1.93114681053483
729,755,1.93114681053483
729,27,1.93114681053483
729,3,1.93114681053483
729,29,1.93114681053483
729,46,1.93114681053483
413,316,1.93114681053483
413,186,1.93114681053483
413,263,1.93114681053483
413,512,1.93114681053483
413,332,1.93114681053483
416,29,1.93114681053483
416,271,1.93114681053483
416,855,1.93114681053483
706,469,1.93114681053483
706,336,1.93114681053483
706,29,1.93114681053483
706,46,1.93114681053483
706,855,1.93114681053483
706,366,1.93114681053483
587,620,1.93114681053483
587,276,1.93114681053483
587,758,1.93114681053483
587,82,1.93114681053483
211,777,1.93114681053483
211,365,1.93114681053483
211,59,1.93114681053483
211,855,1.93114681053483
211,497,1.93114681053483
382,95,1.93114681053483
382,253,1.93114681053483
382,24,1.93114681053483
0,27,1.93114681053483
0,758,1.93114681053483
0,43,1.93114681053483
0,752,1.93114681053483
572,306,1.93114681053483
572,389,1.93114681053483
572,62,1.93114681053483
572,424,1.93114681053483
572,10,1.93114681053483
572,290,1.93114681053483
572,515,1.93114681053483
615,278,1.93114681053483
615,688,1.93114681053483
615,129,1.93114681053483
615,114,1.93114681053483
615,430,1.93114681053483
615,497,1.93114681053483
65,186,1.93114681053483
65,512,1.93114681053483
316,120,1.93114681053483
316,559,1.93114681053483
316,307,1.93114681053483
316,183,1.93114681053483
711,84,1.93114681053483
711,151,1.93114681053483
711,509,1.93114681053483
440,755,1.93114681053483
440,29,1.93114681053483
440,271,1.93114681053483
746,479,1.93114681053483
746,660,1.93114681053483
746,855,1.93114681053483
306,3,1.93114681053483
306,46,1.93114681053483
306,758,1.93114681053483
306,43,1.93114681053483
306,752,1.93114681053483
703,92,1.93114681053483
703,487,1.93114681053483
703,732,1.93114681053483
703,151,1.93114681053483
703,332,1.93114681053483
703,366,1.93114681053483
344,66,1.93114681053483
344,800,1.93114681053483
344,314,1.93114681053483
344,673,1.93114681053483
344,456,1.93114681053483
784,338,1.93114681053483
784,389,1.93114681053483
784,290,1.93114681053483
784,515,1.93114681053483
564,288,1.93114681053483
564,365,1.93114681053483
564,59,1.93114681053483
863,332,1.93114681053483
383,629,1.93114681053483
383,660,1.93114681053483
383,68,1.93114681053483
383,57,1.93114681053483
383,272,1.93114681053483
383,82,1.93114681053483
573,43,1.93114681053483
671,304,1.93114681053483
671,16,1.93114681053483
671,835,1.93114681053483
839,460,1.93114681053483
839,255,1.93114681053483
839,678,1.93114681053483
577,474,1.93114681053483
577,475,1.93114681053483
577,441,1.93114681053483
120,421,1.93114681053483
120,186,1.93114681053483
120,332,1.93114681053483
505,276,1.93114681053483
337,479,1.93114681053483
337,660,1.93114681053483
337,855,1.93114681053483
143,755,1.93114681053483
143,114,1.93114681053483
143,732,1.93114681053483
143,690,1.93114681053483
143,301,1.93114681053483
143,717,1.93114681053483
143,215,1.93114681053483
184,288,1.93114681053483
184,755,1.93114681053483
184,365,1.93114681053483
184,750,1.93114681053483
184,59,1.93114681053483
184,497,1.93114681053483
259,755,1.93114681053483
259,29,1.93114681053483
95,288,1.93114681053483
95,626,1.93114681053483
95,755,1.93114681053483
95,230,1.93114681053483
95,750,1.93114681053483
95,509,1.93114681053483
95,497,1.93114681053483
41,10,1.93114681053483
66,114,1.93114681053483
66,690,1.93114681053483
66,497,1.93114681053483
474,113,1.93114681053483
288,807,1.93114681053483
288,216,1.93114681053483
288,568,1.93114681053483
321,701,1.93114681053483
321,469,1.93114681053483
321,336,1.93114681053483
321,33,1.93114681053483
471,629,1.93114681053483
471,660,1.93114681053483
471,68,1.93114681053483
471,57,1.93114681053483
471,272,1.93114681053483
471,82,1.93114681053483
559,421,1.93114681053483
559,186,1.93114681053483
559,332,1.93114681053483
766,460,1.93114681053483
766,255,1.93114681053483
766,678,1.93114681053483
626,24,1.93114681053483
278,69,1.93114681053483
278,545,1.93114681053483
278,456,1.93114681053483
278,322,1.93114681053483
421,307,1.93114681053483
421,10,1.93114681053483
755,820,1.93114681053483
755,568,1.93114681053483
415,834,1.93114681053483
400,487,1.93114681053483
400,834,1.93114681053483
376,92,1.93114681053483
376,487,1.93114681053483
376,752,1.93114681053483
376,151,1.93114681053483
376,834,1.93114681053483
688,270,1.93114681053483
688,798,1.93114681053483
688,545,1.93114681053483
688,520,1.93114681053483
688,456,1.93114681053483
688,64,1.93114681053483
688,322,1.93114681053483
701,14,1.93114681053483
701,549,1.93114681053483
701,10,1.93114681053483
701,15,1.93114681053483
701,568,1.93114681053483
469,403,1.93114681053483
469,389,1.93114681053483
469,293,1.93114681053483
469,566,1.93114681053483
469,290,1.93114681053483
469,515,1.93114681053483
336,403,1.93114681053483
336,389,1.93114681053483
336,293,1.93114681053483
336,566,1.93114681053483
336,290,1.93114681053483
336,515,1.93114681053483
824,479,1.93114681053483
824,660,1.93114681053483
824,855,1.93114681053483
44,14,1.93114681053483
44,183,1.93114681053483
44,568,1.93114681053483
33,549,1.93114681053483
33,567,1.93114681053483
33,228,1.93114681053483
33,15,1.93114681053483
75,84,1.93114681053483
794,460,1.93114681053483
794,255,1.93114681053483
794,678,1.93114681053483
460,629,1.93114681053483
460,660,1.93114681053483
460,68,1.93114681053483
460,786,1.93114681053483
460,758,1.93114681053483
460,395,1.93114681053483
92,188,1.93114681053483
92,314,1.93114681053483
629,371,1.93114681053483
629,678,1.93114681053483
629,542,1.93114681053483
479,738,1.93114681053483
479,109,1.93114681053483
27,298,1.93114681053483
27,62,1.93114681053483
27,793,1.93114681053483
27,10,1.93114681053483
777,298,1.93114681053483
777,644,1.93114681053483
778,10,1.93114681053483
129,545,1.93114681053483
129,456,1.93114681053483
129,322,1.93114681053483
3,62,1.93114681053483
3,424,1.93114681053483
3,10,1.93114681053483
660,389,1.93114681053483
660,738,1.93114681053483
660,371,1.93114681053483
660,678,1.93114681053483
660,109,1.93114681053483
660,290,1.93114681053483
660,515,1.93114681053483
660,542,1.93114681053483
298,758,1.93114681053483
298,43,1.93114681053483
298,752,1.93114681053483
298,855,1.93114681053483
298,497,1.93114681053483
403,29,1.93114681053483
403,46,1.93114681053483
403,855,1.93114681053483
403,366,1.93114681053483
475,84,1.93114681053483
657,271,1.93114681053483
785,276,1.93114681053483
785,750,1.93114681053483
620,543,1.93114681053483
620,567,1.93114681053483
620,228,1.93114681053483
620,290,1.93114681053483
68,371,1.93114681053483
68,678,1.93114681053483
68,542,1.93114681053483
543,82,1.93114681053483
114,800,1.93114681053483
114,820,1.93114681053483
114,545,1.93114681053483
114,314,1.93114681053483
114,673,1.93114681053483
114,322,1.93114681053483
217,601,1.93114681053483
217,232,1.93114681053483
57,255,1.93114681053483
57,10,1.93114681053483
57,371,1.93114681053483
57,542,1.93114681053483
506,84,1.93114681053483
487,389,1.93114681053483
487,596,1.93114681053483
487,854,1.93114681053483
487,116,1.93114681053483
487,290,1.93114681053483
487,515,1.93114681053483
389,272,1.93114681053483
389,752,1.93114681053483
389,430,1.93114681053483
596,151,1.93114681053483
596,834,1.93114681053483
551,253,1.93114681053483
551,574,1.93114681053483
732,820,1.93114681053483
732,807,1.93114681053483
69,758,1.93114681053483
69,43,1.93114681053483
69,752,1.93114681053483
69,82,1.93114681053483
29,293,1.93114681053483
29,10,1.93114681053483
29,228,1.93114681053483
800,690,1.93114681053483
800,627,1.93114681053483
800,113,1.93114681053483
800,497,1.93114681053483
644,855,1.93114681053483
644,497,1.93114681053483
820,690,1.93114681053483
820,301,1.93114681053483
820,717,1.93114681053483
820,215,1.93114681053483
307,186,1.93114681053483
307,332,1.93114681053483
513,284,1.93114681053483
492,253,1.93114681053483
492,807,1.93114681053483
492,515,1.93114681053483
545,430,1.93114681053483
545,497,1.93114681053483
786,255,1.93114681053483
786,678,1.93114681053483
272,255,1.93114681053483
272,371,1.93114681053483
272,290,1.93114681053483
272,515,1.93114681053483
272,542,1.93114681053483
276,567,1.93114681053483
276,793,1.93114681053483
276,15,1.93114681053483
700,835,1.93114681053483
84,835,1.93114681053483
293,46,1.93114681053483
293,855,1.93114681053483
293,366,1.93114681053483
854,834,1.93114681053483
46,62,1.93114681053483
46,424,1.93114681053483
46,10,1.93114681053483
271,16,1.93114681053483
601,101,1.93114681053483
738,855,1.93114681053483
101,232,1.93114681053483
255,395,1.93114681053483
255,82,1.93114681053483
758,424,1.93114681053483
758,678,1.93114681053483
365,10,1.93114681053483
690,314,1.93114681053483
690,673,1.93114681053483
690,456,1.93114681053483
230,253,1.93114681053483
230,24,1.93114681053483
43,793,1.93114681053483
43,424,1.93114681053483
750,15,1.93114681053483
750,568,1.93114681053483
301,673,1.93114681053483
752,793,1.93114681053483
752,424,1.93114681053483
752,290,1.93114681053483
752,515,1.93114681053483
348,764,1.93114681053483
253,167,1.93114681053483
253,855,1.93114681053483
395,678,1.93114681053483
151,116,1.93114681053483
167,574,1.93114681053483
717,216,1.93114681053483
430,456,1.93114681053483
430,290,1.93114681053483
430,322,1.93114681053483
430,515,1.93114681053483
314,497,1.93114681053483
371,82,1.93114681053483
673,497,1.93114681053483
116,834,1.93114681053483
109,855,1.93114681053483
228,855,1.93114681053483
290,82,1.93114681053483
322,497,1.93114681053483
82,542,1.93114681053483
509,24,1.93114681053483
497,568,1.93114681053483
343,829,1.93004778996731
343,743,1.93004778996731
454,829,1.93004778996731
454,743,1.93004778996731
42,300,1.93004778996731
175,716,1.93004778996731
420,829,1.93004778996731
420,743,1.93004778996731
578,256,1.93004778996731
185,503,1.93004778996731
691,829,1.93004778996731
691,743,1.93004778996731
385,792,1.93004778996731
385,414,1.93004778996731
789,381,1.93004778996731
154,257,1.93004778996731
621,743,1.93004778996731
90,792,1.93004778996731
90,414,1.93004778996731
174,300,1.93004778996731
829,693,1.93004778996731
829,169,1.93004778996731
829,692,1.93004778996731
829,707,1.93004778996731
829,157,1.93004778996731
829,37,1.93004778996731
829,731,1.93004778996731
829,302,1.93004778996731
829,227,1.93004778996731
829,696,1.93004778996731
829,339,1.93004778996731
829,748,1.93004778996731
829,652,1.93004778996731
829,821,1.93004778996731
829,571,1.93004778996731
829,507,1.93004778996731
829,452,1.93004778996731
829,685,1.93004778996731
847,716,1.93004778996731
179,300,1.93004778996731
179,361,1.93004778996731
693,250,1.93004778996731
666,716,1.93004778996731
153,565,1.93004778996731
153,126,1.93004778996731
858,256,1.93004778996731
277,381,1.93004778996731
637,792,1.93004778996731
702,300,1.93004778996731
257,303,1.93004778996731
257,319,1.93004778996731
257,652,1.93004778996731
257,685,1.93004778996731
140,381,1.93004778996731
638,370,1.93004778996731
402,256,1.93004778996731
169,743,1.93004778996731
374,381,1.93004778996731
535,503,1.93004778996731
692,743,1.93004778996731
300,622,1.93004778996731
300,484,1.93004778996731
300,458,1.93004778996731
300,809,1.93004778996731
300,67,1.93004778996731
300,311,1.93004778996731
300,107,1.93004778996731
300,805,1.93004778996731
300,741,1.93004778996731
300,704,1.93004778996731
300,860,1.93004778996731
300,782,1.93004778996731
300,53,1.93004778996731
300,556,1.93004778996731
300,269,1.93004778996731
300,127,1.93004778996731
300,22,1.93004778996731
315,248,1.93004778996731
315,565,1.93004778996731
315,686,1.93004778996731
315,238,1.93004778996731
315,761,1.93004778996731
315,844,1.93004778996731
315,751,1.93004778996731
315,235,1.93004778996731
315,171,1.93004778996731
315,312,1.93004778996731
281,381,1.93004778996731
588,716,1.93004778996731
297,361,1.93004778996731
655,503,1.93004778996731
410,716,1.93004778996731
484,361,1.93004778996731
380,716,1.93004778996731
299,716,1.93004778996731
719,381,1.93004778996731
367,503,1.93004778996731
795,256,1.93004778996731
248,560,1.93004778996731
246,381,1.93004778996731
438,743,1.93004778996731
361,49,1.93004778996731
361,34,1.93004778996731
361,467,1.93004778996731
361,130,1.93004778996731
361,53,1.93004778996731
361,213,1.93004778996731
361,233,1.93004778996731
361,652,1.93004778996731
361,685,1.93004778996731
634,792,1.93004778996731
759,256,1.93004778996731
464,716,1.93004778996731
192,792,1.93004778996731
667,716,1.93004778996731
242,503,1.93004778996731
775,503,1.93004778996731
699,716,1.93004778996731
455,716,1.93004778996731
273,256,1.93004778996731
274,716,1.93004778996731
767,50,1.93004778996731
767,813,1.93004778996731
767,734,1.93004778996731
767,328,1.93004778996731
767,580,1.93004778996731
48,792,1.93004778996731
178,560,1.93004778996731
707,743,1.93004778996731
560,565,1.93004778996731
560,761,1.93004778996731
560,751,1.93004778996731
560,369,1.93004778996731
560,171,1.93004778996731
447,716,1.93004778996731
333,743,1.93004778996731
329,792,1.93004778996731
329,414,1.93004778996731
292,716,1.93004778996731
822,716,1.93004778996731
716,686,1.93004778996731
716,411,1.93004778996731
716,826,1.93004778996731
716,409,1.93004778996731
716,235,1.93004778996731
716,606,1.93004778996731
716,840,1.93004778996731
716,118,1.93004778996731
716,683,1.93004778996731
716,312,1.93004778996731
716,457,1.93004778996731
716,122,1.93004778996731
716,119,1.93004778996731
716,473,1.93004778996731
716,586,1.93004778996731
716,20,1.93004778996731
716,78,1.93004778996731
716,1,1.93004778996731
743,157,1.93004778996731
743,264,1.93004778996731
743,37,1.93004778996731
743,650,1.93004778996731
743,731,1.93004778996731
743,302,1.93004778996731
743,227,1.93004778996731
743,696,1.93004778996731
743,339,1.93004778996731
743,748,1.93004778996731
743,571,1.93004778996731
743,507,1.93004778996731
743,452,1.93004778996731
552,256,1.93004778996731
305,370,1.93004778996731
170,792,1.93004778996731
170,370,1.93004778996731
713,792,1.93004778996731
544,381,1.93004778996731
238,256,1.93004778996731
12,503,1.93004778996731
741,381,1.93004778996731
503,550,1.93004778996731
503,813,1.93004778996731
503,240,1.93004778996731
503,734,1.93004778996731
503,580,1.93004778996731
503,121,1.93004778996731
503,681,1.93004778996731
590,256,1.93004778996731
146,792,1.93004778996731
640,256,1.93004778996731
783,792,1.93004778996731
225,256,1.93004778996731
844,256,1.93004778996731
250,483,1.93004778996731
250,652,1.93004778996731
250,821,1.93004778996731
250,685,1.93004778996731
381,659,1.93004778996731
381,602,1.93004778996731
381,7,1.93004778996731
650,414,1.93004778996731
769,792,1.93004778996731
769,370,1.93004778996731
126,792,1.93004778996731
792,540,1.93004778996731
792,219,1.93004778996731
792,47,1.93004778996731
792,30,1.93004778996731
792,96,1.93004778996731
792,762,1.93004778996731
792,562,1.93004778996731
792,55,1.93004778996731
792,534,1.93004778996731
792,394,1.93004778996731
792,591,1.93004778996731
483,370,1.93004778996731
414,540,1.93004778996731
414,219,1.93004778996731
414,30,1.93004778996731
414,96,1.93004778996731
414,762,1.93004778996731
414,562,1.93004778996731
414,55,1.93004778996731
814,256,1.93004778996731
47,370,1.93004778996731
370,652,1.93004778996731
370,685,1.93004778996731
370,828,1.93004778996731
370,591,1.93004778996731
256,221,1.93004778996731
862,472,1.90550383927785
434,472,1.90550383927785
569,472,1.90550383927785
780,725,1.90550383927785
780,498,1.90550383927785
689,472,1.90550383927785
654,472,1.90550383927785
38,684,1.89706785842717
684,797,1.89706785842717
684,104,1.89706785842717
833,797,1.89706785842717
817,104,1.89706785842717
617,254,1.87976607128206
283,254,1.87976607128206
254,500,1.87976607128206
254,524,1.87976607128206
254,163,1.87976607128206
635,191,1.80855521448087
635,384,1.80855521448087
191,141,1.80855521448087
139,384,1.80855521448087
846,612,1.80855521448087
384,141,1.80855521448087
384,165,1.80855521448087
280,645,1.78621946710001
569,645,1.78621946710001
645,831,1.78621946710001
645,689,1.78621946710001
645,654,1.78621946710001
645,771,1.78621946710001
645,498,1.78621946710001
343,866,1.7861464078861
343,576,1.7861464078861
343,721,1.7861464078861
343,462,1.7861464078861
343,17,1.7861464078861
197,493,1.7861464078861
739,296,1.7861464078861
739,576,1.7861464078861
739,721,1.7861464078861
739,462,1.7861464078861
739,17,1.7861464078861
454,866,1.7861464078861
454,576,1.7861464078861
454,721,1.7861464078861
454,462,1.7861464078861
454,17,1.7861464078861
175,698,1.7861464078861
420,866,1.7861464078861
420,576,1.7861464078861
420,721,1.7861464078861
420,462,1.7861464078861
420,17,1.7861464078861
578,576,1.7861464078861
578,721,1.7861464078861
578,462,1.7861464078861
578,17,1.7861464078861
185,124,1.7861464078861
691,866,1.7861464078861
691,576,1.7861464078861
691,721,1.7861464078861
691,462,1.7861464078861
691,17,1.7861464078861
385,613,1.7861464078861
385,88,1.7861464078861
385,583,1.7861464078861
385,698,1.7861464078861
385,493,1.7861464078861
385,123,1.7861464078861
349,223,1.7861464078861
137,179,1.7861464078861
137,655,1.7861464078861
137,484,1.7861464078861
137,329,1.7861464078861
137,53,1.7861464078861
137,650,1.7861464078861
137,126,1.7861464078861
137,240,1.7861464078861
137,762,1.7861464078861
137,562,1.7861464078861
137,652,1.7861464078861
137,55,1.7861464078861
137,685,1.7861464078861
137,121,1.7861464078861
154,658,1.7861464078861
154,71,1.7861464078861
334,291,1.7861464078861
287,647,1.7861464078861
90,613,1.7861464078861
90,88,1.7861464078861
90,583,1.7861464078861
90,698,1.7861464078861
90,493,1.7861464078861
90,123,1.7861464078861
845,223,1.7861464078861
847,698,1.7861464078861
179,866,1.7861464078861
179,583,1.7861464078861
693,88,1.7861464078861
693,35,1.7861464078861
693,788,1.7861464078861
397,282,1.7861464078861
397,658,1.7861464078861
666,698,1.7861464078861
558,296,1.7861464078861
558,576,1.7861464078861
558,721,1.7861464078861
558,462,1.7861464078861
558,17,1.7861464078861
760,576,1.7861464078861
760,17,1.7861464078861
422,35,1.7861464078861
422,788,1.7861464078861
282,740,1.7861464078861
282,140,1.7861464078861
282,374,1.7861464078861
282,281,1.7861464078861
282,719,1.7861464078861
282,517,1.7861464078861
282,31,1.7861464078861
282,32,1.7861464078861
282,91,1.7861464078861
282,9,1.7861464078861
282,368,1.7861464078861
282,592,1.7861464078861
282,335,1.7861464078861
282,7,1.7861464078861
740,698,1.7861464078861
858,576,1.7861464078861
858,721,1.7861464078861
858,462,1.7861464078861
858,17,1.7861464078861
637,583,1.7861464078861
637,123,1.7861464078861
308,698,1.7861464078861
140,658,1.7861464078861
140,799,1.7861464078861
140,291,1.7861464078861
638,123,1.7861464078861
402,576,1.7861464078861
402,721,1.7861464078861
169,866,1.7861464078861
169,576,1.7861464078861
169,721,1.7861464078861
169,462,1.7861464078861
169,17,1.7861464078861
374,658,1.7861464078861
374,799,1.7861464078861
374,291,1.7861464078861
535,124,1.7861464078861
776,647,1.7861464078861
692,866,1.7861464078861
692,576,1.7861464078861
692,721,1.7861464078861
692,462,1.7861464078861
692,17,1.7861464078861
658,281,1.7861464078861
658,719,1.7861464078861
658,346,1.7861464078861
658,517,1.7861464078861
658,31,1.7861464078861
658,91,1.7861464078861
658,19,1.7861464078861
658,368,1.7861464078861
658,803,1.7861464078861
658,387,1.7861464078861
658,335,1.7861464078861
658,7,1.7861464078861
658,636,1.7861464078861
658,841,1.7861464078861
730,583,1.7861464078861
281,799,1.7861464078861
281,291,1.7861464078861
613,49,1.7861464078861
613,650,1.7861464078861
613,126,1.7861464078861
613,540,1.7861464078861
613,219,1.7861464078861
613,30,1.7861464078861
613,96,1.7861464078861
613,632,1.7861464078861
613,828,1.7861464078861
588,698,1.7861464078861
410,698,1.7861464078861
484,866,1.7861464078861
484,583,1.7861464078861
296,209,1.7861464078861
296,448,1.7861464078861
296,49,1.7861464078861
296,392,1.7861464078861
296,714,1.7861464078861
296,868,1.7861464078861
296,483,1.7861464078861
296,652,1.7861464078861
296,861,1.7861464078861
296,685,1.7861464078861
209,291,1.7861464078861
380,698,1.7861464078861
299,698,1.7861464078861
719,799,1.7861464078861
719,291,1.7861464078861
367,124,1.7861464078861
795,576,1.7861464078861
795,721,1.7861464078861
866,634,1.7861464078861
866,192,1.7861464078861
866,48,1.7861464078861
866,707,1.7861464078861
866,157,1.7861464078861
866,816,1.7861464078861
866,37,1.7861464078861
866,146,1.7861464078861
866,53,1.7861464078861
866,783,1.7861464078861
866,445,1.7861464078861
866,731,1.7861464078861
866,302,1.7861464078861
866,52,1.7861464078861
866,227,1.7861464078861
866,696,1.7861464078861
866,339,1.7861464078861
866,748,1.7861464078861
866,571,1.7861464078861
866,534,1.7861464078861
866,507,1.7861464078861
866,452,1.7861464078861
866,394,1.7861464078861
438,71,1.7861464078861
448,576,1.7861464078861
448,721,1.7861464078861
448,462,1.7861464078861
448,17,1.7861464078861
88,540,1.7861464078861
88,219,1.7861464078861
88,30,1.7861464078861
88,584,1.7861464078861
88,96,1.7861464078861
88,652,1.7861464078861
88,821,1.7861464078861
88,685,1.7861464078861
583,634,1.7861464078861
583,192,1.7861464078861
583,48,1.7861464078861
583,170,1.7861464078861
583,713,1.7861464078861
583,146,1.7861464078861
583,53,1.7861464078861
583,783,1.7861464078861
583,769,1.7861464078861
583,126,1.7861464078861
583,540,1.7861464078861
583,219,1.7861464078861
583,47,1.7861464078861
583,30,1.7861464078861
583,604,1.7861464078861
583,96,1.7861464078861
583,534,1.7861464078861
583,394,1.7861464078861
583,591,1.7861464078861
554,71,1.7861464078861
759,576,1.7861464078861
759,721,1.7861464078861
759,462,1.7861464078861
759,17,1.7861464078861
464,698,1.7861464078861
667,698,1.7861464078861
242,124,1.7861464078861
362,721,1.7861464078861
446,576,1.7861464078861
446,17,1.7861464078861
775,124,1.7861464078861
699,698,1.7861464078861
455,698,1.7861464078861
698,274,1.7861464078861
698,447,1.7861464078861
698,292,1.7861464078861
698,822,1.7861464078861
698,32,1.7861464078861
698,790,1.7861464078861
698,411,1.7861464078861
698,826,1.7861464078861
698,579,1.7861464078861
698,808,1.7861464078861
698,9,1.7861464078861
698,540,1.7861464078861
698,592,1.7861464078861
698,606,1.7861464078861
698,219,1.7861464078861
698,840,1.7861464078861
698,30,1.7861464078861
698,118,1.7861464078861
698,683,1.7861464078861
698,96,1.7861464078861
698,457,1.7861464078861
698,122,1.7861464078861
698,119,1.7861464078861
698,473,1.7861464078861
698,586,1.7861464078861
698,20,1.7861464078861
698,78,1.7861464078861
698,1,1.7861464078861
273,576,1.7861464078861
273,721,1.7861464078861
273,462,1.7861464078861
273,17,1.7861464078861
70,493,1.7861464078861
682,493,1.7861464078861
514,576,1.7861464078861
514,17,1.7861464078861
71,265,1.7861464078861
71,828,1.7861464078861
346,291,1.7861464078861
799,329,1.7861464078861
799,483,1.7861464078861
799,867,1.7861464078861
799,762,1.7861464078861
799,562,1.7861464078861
799,652,1.7861464078861
799,55,1.7861464078861
799,7,1.7861464078861
799,258,1.7861464078861
799,685,1.7861464078861
576,707,1.7861464078861
576,552,1.7861464078861
576,157,1.7861464078861
576,590,1.7861464078861
576,37,1.7861464078861
576,714,1.7861464078861
576,640,1.7861464078861
576,225,1.7861464078861
576,868,1.7861464078861
576,731,1.7861464078861
576,302,1.7861464078861
576,814,1.7861464078861
576,227,1.7861464078861
576,696,1.7861464078861
576,339,1.7861464078861
576,748,1.7861464078861
576,571,1.7861464078861
576,221,1.7861464078861
576,507,1.7861464078861
576,452,1.7861464078861
576,861,1.7861464078861
576,828,1.7861464078861
707,721,1.7861464078861
707,462,1.7861464078861
707,17,1.7861464078861
303,35,1.7861464078861
172,35,1.7861464078861
172,788,1.7861464078861
56,291,1.7861464078861
427,35,1.7861464078861
427,788,1.7861464078861
721,705,1.7861464078861
721,552,1.7861464078861
721,157,1.7861464078861
721,590,1.7861464078861
721,37,1.7861464078861
721,714,1.7861464078861
721,640,1.7861464078861
721,225,1.7861464078861
721,868,1.7861464078861
721,731,1.7861464078861
721,302,1.7861464078861
721,814,1.7861464078861
721,227,1.7861464078861
721,696,1.7861464078861
721,672,1.7861464078861
721,339,1.7861464078861
721,748,1.7861464078861
721,571,1.7861464078861
721,221,1.7861464078861
721,507,1.7861464078861
721,452,1.7861464078861
721,861,1.7861464078861
721,148,1.7861464078861
199,462,1.7861464078861
305,123,1.7861464078861
170,123,1.7861464078861
170,124,1.7861464078861
713,123,1.7861464078861
238,647,1.7861464078861
157,462,1.7861464078861
157,17,1.7861464078861
12,124,1.7861464078861
291,19,1.7861464078861
291,803,1.7861464078861
291,387,1.7861464078861
291,111,1.7861464078861
291,7,1.7861464078861
291,636,1.7861464078861
291,841,1.7861464078861
223,483,1.7861464078861
223,652,1.7861464078861
223,685,1.7861464078861
590,462,1.7861464078861
590,17,1.7861464078861
37,462,1.7861464078861
37,17,1.7861464078861
714,462,1.7861464078861
714,17,1.7861464078861
279,35,1.7861464078861
279,788,1.7861464078861
319,35,1.7861464078861
493,180,1.7861464078861
493,540,1.7861464078861
493,674,1.7861464078861
493,50,1.7861464078861
493,219,1.7861464078861
493,30,1.7861464078861
493,96,1.7861464078861
493,36,1.7861464078861
640,462,1.7861464078861
640,17,1.7861464078861
123,579,1.7861464078861
123,769,1.7861464078861
123,540,1.7861464078861
123,219,1.7861464078861
123,47,1.7861464078861
123,30,1.7861464078861
123,96,1.7861464078861
123,591,1.7861464078861
225,462,1.7861464078861
225,17,1.7861464078861
868,462,1.7861464078861
868,17,1.7861464078861
550,124,1.7861464078861
844,647,1.7861464078861
650,124,1.7861464078861
769,124,1.7861464078861
731,462,1.7861464078861
731,17,1.7861464078861
302,462,1.7861464078861
302,17,1.7861464078861
462,814,1.7861464078861
462,227,1.7861464078861
462,696,1.7861464078861
462,339,1.7861464078861
462,748,1.7861464078861
462,571,1.7861464078861
462,507,1.7861464078861
462,452,1.7861464078861
462,861,1.7861464078861
462,828,1.7861464078861
483,788,1.7861464078861
814,17,1.7861464078861
353,35,1.7861464078861
353,788,1.7861464078861
801,647,1.7861464078861
227,17,1.7861464078861
653,35,1.7861464078861
653,788,1.7861464078861
47,124,1.7861464078861
541,124,1.7861464078861
647,608,1.7861464078861
696,17,1.7861464078861
124,632,1.7861464078861
124,580,1.7861464078861
124,591,1.7861464078861
124,681,1.7861464078861
35,821,1.7861464078861
339,17,1.7861464078861
788,652,1.7861464078861
788,821,1.7861464078861
788,685,1.7861464078861
748,17,1.7861464078861
17,571,1.7861464078861
17,507,1.7861464078861
17,452,1.7861464078861
17,861,1.7861464078861
17,828,1.7861464078861
294,79,1.7817016415056
79,425,1.7817016415056
79,262,1.7817016415056
38,616,1.751364091716
294,86,1.751364091716
137,378,1.73071701299785
296,378,1.73071701299785
88,378,1.73071701299785
799,378,1.73071701299785
721,378,1.73071701299785
223,378,1.73071701299785
378,462,1.73071701299785
378,35,1.73071701299785
852,684,1.72487207892071
843,472,1.69336941715124
862,11,1.6871222697415
466,804,1.67852966151459
466,193,1.67852966151459
466,687,1.67852966151459
466,837,1.67852966151459
466,89,1.67852966151459
466,351,1.67852966151459
128,4,1.67852966151459
128,450,1.67852966151459
128,677,1.67852966151459
54,450,1.67852966151459
54,677,1.67852966151459
836,77,1.67852966151459
836,356,1.67852966151459
530,531,1.67852966151459
530,413,1.67852966151459
530,65,1.67852966151459
648,65,1.67852966151459
648,389,1.67852966151459
648,290,1.67852966151459
648,515,1.67852966151459
136,625,1.67852966151459
605,508,1.67852966151459
28,548,1.67852966151459
28,812,1.67852966151459
28,267,1.67852966151459
28,350,1.67852966151459
28,830,1.67852966151459
726,486,1.67852966151459
726,712,1.67852966151459
181,268,1.67852966151459
181,267,1.67852966151459
181,182,1.67852966151459
268,145,1.67852966151459
268,132,1.67852966151459
268,475,1.67852966151459
268,785,1.67852966151459
268,101,1.67852966151459
268,357,1.67852966151459
268,15,1.67852966151459
268,441,1.67852966151459
145,728,1.67852966151459
145,285,1.67852966151459
145,195,1.67852966151459
145,529,1.67852966151459
354,587,1.67852966151459
354,793,1.67852966151459
401,625,1.67852966151459
482,718,1.67852966151459
482,143,1.67852966151459
482,66,1.67852966151459
482,710,1.67852966151459
482,820,1.67852966151459
159,812,1.67852966151459
159,267,1.67852966151459
159,350,1.67852966151459
159,614,1.67852966151459
404,208,1.67852966151459
488,630,1.67852966151459
488,768,1.67852966151459
850,100,1.67852966151459
850,377,1.67852966151459
850,742,1.67852966151459
850,14,1.67852966151459
850,389,1.67852966151459
850,10,1.67852966151459
187,208,1.67852966151459
745,639,1.67852966151459
639,100,1.67852966151459
639,377,1.67852966151459
639,742,1.67852966151459
639,416,1.67852966151459
639,440,1.67852966151459
639,304,1.67852966151459
639,10,1.67852966151459
342,285,1.67852966151459
342,375,1.67852966151459
642,193,1.67852966151459
642,687,1.67852966151459
642,105,1.67852966151459
176,657,1.67852966151459
486,309,1.67852966151459
486,95,1.67852966151459
486,24,1.67852966151459
398,665,1.67852966151459
630,703,1.67852966151459
630,376,1.67852966151459
630,389,1.67852966151459
630,116,1.67852966151459
630,290,1.67852966151459
630,515,1.67852966151459
309,356,1.67852966151459
309,529,1.67852966151459
150,115,1.67852966151459
150,168,1.67852966151459
150,75,1.67852966151459
150,506,1.67852966151459
150,533,1.67852966151459
150,516,1.67852966151459
548,460,1.67852966151459
548,188,1.67852966151459
548,255,1.67852966151459
548,314,1.67852966151459
548,678,1.67852966151459
100,812,1.67852966151459
100,625,1.67852966151459
100,722,1.67852966151459
100,399,1.67852966151459
100,105,1.67852966151459
100,649,1.67852966151459
735,147,1.67852966151459
735,756,1.67852966151459
735,581,1.67852966151459
619,625,1.67852966151459
619,728,1.67852966151459
619,581,1.67852966151459
595,657,1.67852966151459
377,625,1.67852966151459
377,722,1.67852966151459
377,399,1.67852966151459
115,285,1.67852966151459
63,267,1.67852966151459
63,649,1.67852966151459
363,208,1.67852966151459
768,718,1.67852966151459
768,703,1.67852966151459
768,143,1.67852966151459
768,400,1.67852966151459
768,376,1.67852966151459
768,596,1.67852966151459
768,820,1.67852966151459
768,854,1.67852966151459
768,218,1.67852966151459
768,116,1.67852966151459
768,566,1.67852966151459
224,208,1.67852966151459
812,211,1.67852966151459
812,564,1.67852966151459
812,383,1.67852966151459
812,184,1.67852966151459
812,471,1.67852966151459
812,665,1.67852966151459
812,255,1.67852966151459
812,371,1.67852966151459
812,542,1.67852966151459
443,208,1.67852966151459
742,625,1.67852966151459
742,722,1.67852966151459
742,399,1.67852966151459
742,649,1.67852966151459
695,184,1.67852966151459
695,95,1.67852966151459
695,66,1.67852966151459
695,723,1.67852966151459
695,568,1.67852966151459
132,728,1.67852966151459
132,195,1.67852966151459
132,375,1.67852966151459
132,529,1.67852966151459
838,208,1.67852966151459
849,105,1.67852966151459
531,406,1.67852966151459
531,508,1.67852966151459
531,712,1.67852966151459
5,804,1.67852966151459
5,837,1.67852966151459
5,89,1.67852966151459
5,351,1.67852966151459
5,105,1.67852966151459
625,10,1.67852966151459
599,804,1.67852966151459
599,837,1.67852966151459
599,89,1.67852966151459
599,351,1.67852966151459
485,587,1.67852966151459
485,793,1.67852966151459
267,306,1.67852966151459
267,383,1.67852966151459
267,471,1.67852966151459
267,298,1.67852966151459
267,69,1.67852966151459
267,255,1.67852966151459
267,793,1.67852966151459
267,424,1.67852966151459
267,371,1.67852966151459
267,542,1.67852966151459
804,66,1.67852966151459
804,188,1.67852966151459
804,800,1.67852966151459
804,673,1.67852966151459
804,456,1.67852966151459
804,723,1.67852966151459
718,89,1.67852966151459
718,266,1.67852966151459
718,662,1.67852966151459
718,375,1.67852966151459
364,105,1.67852966151459
729,406,1.67852966151459
729,345,1.67852966151459
729,649,1.67852966151459
413,712,1.67852966151459
413,662,1.67852966151459
416,508,1.67852966151459
416,830,1.67852966151459
147,338,1.67852966151459
147,857,1.67852966151459
147,819,1.67852966151459
147,226,1.67852966151459
147,237,1.67852966151459
706,830,1.67852966151459
211,105,1.67852966151459
211,208,1.67852966151459
211,649,1.67852966151459
406,440,1.67852966151459
406,120,1.67852966151459
406,259,1.67852966151459
406,559,1.67852966151459
406,644,1.67852966151459
406,307,1.67852966151459
406,807,1.67852966151459
615,193,1.67852966151459
615,687,1.67852966151459
615,105,1.67852966151459
193,545,1.67852966151459
193,456,1.67852966151459
193,322,1.67852966151459
65,712,1.67852966151459
711,77,1.67852966151459
711,356,1.67852966151459
440,345,1.67852966151459
746,208,1.67852966151459
306,649,1.67852966151459
728,475,1.67852966151459
728,253,1.67852966151459
728,357,1.67852966151459
728,574,1.67852966151459
728,441,1.67852966151459
756,338,1.67852966151459
756,321,1.67852966151459
756,857,1.67852966151459
756,819,1.67852966151459
756,389,1.67852966151459
756,549,1.67852966151459
756,226,1.67852966151459
756,237,1.67852966151459
756,290,1.67852966151459
756,515,1.67852966151459
756,15,1.67852966151459
285,475,1.67852966151459
285,835,1.67852966151459
285,723,1.67852966151459
285,441,1.67852966151459
564,105,1.67852966151459
564,649,1.67852966151459
160,105,1.67852966151459
607,863,1.67852966151459
607,183,1.67852966151459
383,350,1.67852966151459
383,614,1.67852966151459
350,573,1.67852966151459
350,471,1.67852966151459
350,255,1.67852966151459
350,371,1.67852966151459
350,542,1.67852966151459
345,120,1.67852966151459
345,259,1.67852966151459
345,559,1.67852966151459
345,439,1.67852966151459
345,644,1.67852966151459
345,307,1.67852966151459
337,208,1.67852966151459
143,89,1.67852966151459
143,266,1.67852966151459
143,662,1.67852966151459
143,375,1.67852966151459
184,399,1.67852966151459
184,105,1.67852966151459
184,208,1.67852966151459
184,649,1.67852966151459
95,399,1.67852966151459
95,208,1.67852966151459
95,529,1.67852966151459
66,837,1.67852966151459
66,89,1.67852966151459
66,351,1.67852966151459
66,105,1.67852966151459
474,266,1.67852966151459
474,375,1.67852966151459
243,657,1.67852966151459
321,508,1.67852966151459
321,351,1.67852966151459
321,581,1.67852966151459
471,614,1.67852966151459
614,460,1.67852966151459
614,371,1.67852966151459
614,678,1.67852966151459
614,542,1.67852966151459
857,581,1.67852966151459
665,194,1.67852966151459
195,475,1.67852966151459
195,357,1.67852966151459
195,441,1.67852966151459
508,389,1.67852966151459
508,566,1.67852966151459
508,228,1.67852966151459
508,290,1.67852966151459
508,515,1.67852966151459
77,475,1.67852966151459
77,506,1.67852966151459
77,533,1.67852966151459
77,360,1.67852966151459
376,649,1.67852966151459
356,475,1.67852966151459
356,506,1.67852966151459
356,533,1.67852966151459
356,360,1.67852966151459
356,516,1.67852966151459
824,208,1.67852966151459
460,830,1.67852966151459
722,14,1.67852966151459
722,389,1.67852966151459
722,10,1.67852966151459
439,662,1.67852966151459
697,657,1.67852966151459
188,837,1.67852966151459
298,208,1.67852966151459
403,830,1.67852966151459
475,529,1.67852966151459
710,351,1.67852966151459
710,662,1.67852966151459
657,628,1.67852966151459
657,266,1.67852966151459
657,618,1.67852966151459
785,182,1.67852966151459
819,581,1.67852966151459
687,545,1.67852966151459
687,456,1.67852966151459
687,322,1.67852966151459
837,800,1.67852966151459
837,456,1.67852966151459
800,89,1.67852966151459
800,351,1.67852966151459
800,266,1.67852966151459
800,105,1.67852966151459
800,375,1.67852966151459
644,208,1.67852966151459
205,182,1.67852966151459
820,89,1.67852966151459
820,266,1.67852966151459
820,662,1.67852966151459
820,375,1.67852966151459
774,450,1.67852966151459
545,105,1.67852966151459
549,351,1.67852966151459
549,581,1.67852966151459
293,830,1.67852966151459
738,208,1.67852966151459
255,830,1.67852966151459
89,314,1.67852966151459
89,456,1.67852966151459
351,314,1.67852966151459
351,673,1.67852966151459
351,456,1.67852966151459
351,15,1.67852966151459
62,649,1.67852966151459
16,266,1.67852966151459
226,581,1.67852966151459
360,182,1.67852966151459
253,208,1.67852966151459
581,574,1.67852966151459
581,237,1.67852966151459
581,15,1.67852966151459
399,10,1.67852966151459
399,568,1.67852966151459
424,649,1.67852966151459
357,375,1.67852966151459
357,529,1.67852966151459
10,649,1.67852966151459
182,15,1.67852966151459
314,105,1.67852966151459
830,678,1.67852966151459
830,228,1.67852966151459
105,673,1.67852966151459
105,322,1.67852966151459
208,109,1.67852966151459
208,568,1.67852966151459
24,529,1.67852966151459
529,441,1.67852966151459
343,806,1.67726831984301
343,593,1.67726831984301
343,434,1.67726831984301
343,569,1.67726831984301
343,831,1.67726831984301
343,689,1.67726831984301
197,725,1.67726831984301
739,654,1.67726831984301
454,806,1.67726831984301
454,593,1.67726831984301
454,434,1.67726831984301
454,569,1.67726831984301
454,831,1.67726831984301
454,689,1.67726831984301
42,862,1.67726831984301
42,725,1.67726831984301
175,725,1.67726831984301
175,498,1.67726831984301
420,806,1.67726831984301
420,593,1.67726831984301
420,434,1.67726831984301
420,569,1.67726831984301
420,831,1.67726831984301
420,689,1.67726831984301
578,668,1.67726831984301
578,569,1.67726831984301
578,589,1.67726831984301
295,280,1.67726831984301
691,806,1.67726831984301
691,593,1.67726831984301
691,434,1.67726831984301
691,569,1.67726831984301
691,831,1.67726831984301
691,689,1.67726831984301
385,434,1.67726831984301
385,569,1.67726831984301
385,689,1.67726831984301
385,654,1.67726831984301
385,725,1.67726831984301
385,318,1.67726831984301
154,862,1.67726831984301
154,631,1.67726831984301
154,72,1.67726831984301
214,664,1.67726831984301
280,853,1.67726831984301
280,637,1.67726831984301
280,501,1.67726831984301
280,713,1.67726831984301
664,412,1.67726831984301
664,537,1.67726831984301
664,422,1.67726831984301
664,286,1.67726831984301
664,110,1.67726831984301
664,172,1.67726831984301
664,427,1.67726831984301
664,279,1.67726831984301
664,353,1.67726831984301
664,653,1.67726831984301
621,806,1.67726831984301
621,862,1.67726831984301
90,434,1.67726831984301
90,569,1.67726831984301
90,689,1.67726831984301
90,654,1.67726831984301
90,725,1.67726831984301
90,318,1.67726831984301
174,862,1.67726831984301
174,725,1.67726831984301
847,725,1.67726831984301
847,498,1.67726831984301
179,569,1.67726831984301
179,689,1.67726831984301
179,771,1.67726831984301
179,396,1.67726831984301
179,498,1.67726831984301
693,589,1.67726831984301
693,231,1.67726831984301
693,631,1.67726831984301
693,771,1.67726831984301
693,498,1.67726831984301
162,589,1.67726831984301
666,725,1.67726831984301
666,498,1.67726831984301
558,654,1.67726831984301
760,589,1.67726831984301
422,589,1.67726831984301
858,668,1.67726831984301
858,569,1.67726831984301
858,589,1.67726831984301
637,434,1.67726831984301
308,569,1.67726831984301
308,689,1.67726831984301
140,72,1.67726831984301
638,396,1.67726831984301
402,831,1.67726831984301
169,806,1.67726831984301
169,593,1.67726831984301
169,434,1.67726831984301
169,569,1.67726831984301
169,831,1.67726831984301
169,689,1.67726831984301
806,692,1.67726831984301
806,135,1.67726831984301
806,438,1.67726831984301
806,707,1.67726831984301
806,333,1.67726831984301
806,432,1.67726831984301
806,157,1.67726831984301
806,264,1.67726831984301
806,37,1.67726831984301
806,825,1.67726831984301
806,763,1.67726831984301
806,731,1.67726831984301
806,302,1.67726831984301
806,227,1.67726831984301
806,696,1.67726831984301
806,419,1.67726831984301
806,177,1.67726831984301
806,339,1.67726831984301
806,748,1.67726831984301
806,571,1.67726831984301
806,507,1.67726831984301
806,452,1.67726831984301
806,828,1.67726831984301
374,72,1.67726831984301
433,231,1.67726831984301
433,771,1.67726831984301
433,498,1.67726831984301
692,593,1.67726831984301
692,434,1.67726831984301
692,569,1.67726831984301
692,831,1.67726831984301
692,689,1.67726831984301
730,668,1.67726831984301
779,668,1.67726831984301
281,72,1.67726831984301
593,481,1.67726831984301
593,707,1.67726831984301
593,198,1.67726831984301
593,429,1.67726831984301
593,386,1.67726831984301
593,157,1.67726831984301
593,37,1.67726831984301
593,731,1.67726831984301
593,112,1.67726831984301
593,302,1.67726831984301
593,483,1.67726831984301
593,227,1.67726831984301
593,696,1.67726831984301
593,324,1.67726831984301
593,358,1.67726831984301
593,423,1.67726831984301
593,83,1.67726831984301
593,339,1.67726831984301
593,748,1.67726831984301
593,652,1.67726831984301
593,571,1.67726831984301
593,453,1.67726831984301
593,507,1.67726831984301
593,747,1.67726831984301
593,452,1.67726831984301
593,685,1.67726831984301
593,828,1.67726831984301
588,725,1.67726831984301
588,498,1.67726831984301
297,318,1.67726831984301
862,622,1.67726831984301
862,809,1.67726831984301
862,67,1.67726831984301
862,311,1.67726831984301
862,107,1.67726831984301
862,333,1.67726831984301
862,805,1.67726831984301
862,264,1.67726831984301
862,704,1.67726831984301
862,782,1.67726831984301
862,556,1.67726831984301
862,127,1.67726831984301
862,584,1.67726831984301
862,22,1.67726831984301
622,725,1.67726831984301
410,725,1.67726831984301
410,498,1.67726831984301
484,569,1.67726831984301
484,689,1.67726831984301
484,771,1.67726831984301
484,396,1.67726831984301
484,498,1.67726831984301
668,759,1.67726831984301
668,273,1.67726831984301
668,241,1.67726831984301
668,436,1.67726831984301
668,437,1.67726831984301
668,329,1.67726831984301
668,590,1.67726831984301
668,640,1.67726831984301
668,225,1.67726831984301
668,827,1.67726831984301
668,245,1.67726831984301
668,814,1.67726831984301
668,604,1.67726831984301
668,762,1.67726831984301
668,562,1.67726831984301
668,55,1.67726831984301
668,125,1.67726831984301
809,725,1.67726831984301
299,725,1.67726831984301
299,498,1.67726831984301
719,72,1.67726831984301
795,831,1.67726831984301
438,434,1.67726831984301
448,654,1.67726831984301
49,654,1.67726831984301
49,318,1.67726831984301
49,396,1.67726831984301
434,707,1.67726831984301
434,713,1.67726831984301
434,157,1.67726831984301
434,37,1.67726831984301
434,650,1.67726831984301
434,731,1.67726831984301
434,302,1.67726831984301
434,540,1.67726831984301
434,227,1.67726831984301
434,219,1.67726831984301
434,30,1.67726831984301
434,696,1.67726831984301
434,96,1.67726831984301
434,339,1.67726831984301
434,748,1.67726831984301
434,571,1.67726831984301
434,507,1.67726831984301
434,452,1.67726831984301
481,831,1.67726831984301
481,231,1.67726831984301
481,498,1.67726831984301
759,569,1.67726831984301
759,589,1.67726831984301
464,725,1.67726831984301
464,498,1.67726831984301
569,273,1.67726831984301
569,707,1.67726831984301
569,157,1.67726831984301
569,816,1.67726831984301
569,790,1.67726831984301
569,590,1.67726831984301
569,37,1.67726831984301
569,53,1.67726831984301
569,640,1.67726831984301
569,225,1.67726831984301
569,445,1.67726831984301
569,808,1.67726831984301
569,731,1.67726831984301
569,302,1.67726831984301
569,814,1.67726831984301
569,540,1.67726831984301
569,227,1.67726831984301
569,219,1.67726831984301
569,30,1.67726831984301
569,696,1.67726831984301
569,96,1.67726831984301
569,339,1.67726831984301
569,748,1.67726831984301
569,571,1.67726831984301
569,507,1.67726831984301
569,452,1.67726831984301
67,725,1.67726831984301
311,725,1.67726831984301
446,589,1.67726831984301
699,725,1.67726831984301
699,498,1.67726831984301
455,725,1.67726831984301
455,498,1.67726831984301
273,589,1.67726831984301
514,589,1.67726831984301
346,72,1.67726831984301
589,172,1.67726831984301
589,427,1.67726831984301
589,238,1.67726831984301
589,590,1.67726831984301
589,279,1.67726831984301
589,640,1.67726831984301
589,225,1.67726831984301
589,844,1.67726831984301
589,814,1.67726831984301
589,353,1.67726831984301
589,653,1.67726831984301
589,821,1.67726831984301
707,831,1.67726831984301
707,689,1.67726831984301
303,631,1.67726831984301
303,72,1.67726831984301
107,725,1.67726831984301
517,72,1.67726831984301
198,831,1.67726831984301
198,231,1.67726831984301
198,498,1.67726831984301
502,771,1.67726831984301
429,831,1.67726831984301
429,231,1.67726831984301
429,498,1.67726831984301
447,725,1.67726831984301
447,498,1.67726831984301
329,231,1.67726831984301
329,771,1.67726831984301
329,498,1.67726831984301
292,725,1.67726831984301
292,498,1.67726831984301
34,318,1.67726831984301
552,831,1.67726831984301
831,386,1.67726831984301
831,157,1.67726831984301
831,37,1.67726831984301
831,731,1.67726831984301
831,112,1.67726831984301
831,302,1.67726831984301
831,227,1.67726831984301
831,541,1.67726831984301
831,696,1.67726831984301
831,324,1.67726831984301
831,358,1.67726831984301
831,423,1.67726831984301
831,83,1.67726831984301
831,339,1.67726831984301
831,260,1.67726831984301
831,748,1.67726831984301
831,571,1.67726831984301
831,453,1.67726831984301
831,221,1.67726831984301
831,507,1.67726831984301
831,747,1.67726831984301
831,452,1.67726831984301
305,396,1.67726831984301
805,725,1.67726831984301
686,725,1.67726831984301
386,231,1.67726831984301
386,498,1.67726831984301
157,689,1.67726831984301
31,72,1.67726831984301
467,318,1.67726831984301
816,689,1.67726831984301
816,725,1.67726831984301
130,318,1.67726831984301
790,689,1.67726831984301
37,689,1.67726831984301
91,72,1.67726831984301
704,725,1.67726831984301
782,725,1.67726831984301
714,654,1.67726831984301
53,689,1.67726831984301
53,771,1.67726831984301
53,396,1.67726831984301
53,498,1.67726831984301
319,631,1.67726831984301
319,72,1.67726831984301
556,725,1.67726831984301
231,112,1.67726831984301
231,483,1.67726831984301
231,244,1.67726831984301
231,324,1.67726831984301
231,358,1.67726831984301
231,423,1.67726831984301
231,83,1.67726831984301
231,762,1.67726831984301
231,562,1.67726831984301
231,652,1.67726831984301
231,821,1.67726831984301
231,55,1.67726831984301
231,453,1.67726831984301
231,747,1.67726831984301
231,685,1.67726831984301
445,689,1.67726831984301
445,725,1.67726831984301
868,654,1.67726831984301
826,725,1.67726831984301
826,498,1.67726831984301
579,318,1.67726831984301
579,396,1.67726831984301
631,821,1.67726831984301
631,611,1.67726831984301
631,828,1.67726831984301
650,654,1.67726831984301
19,72,1.67726831984301
808,689,1.67726831984301
731,689,1.67726831984301
689,302,1.67726831984301
689,540,1.67726831984301
689,227,1.67726831984301
689,219,1.67726831984301
689,30,1.67726831984301
689,696,1.67726831984301
689,96,1.67726831984301
689,339,1.67726831984301
689,748,1.67726831984301
689,571,1.67726831984301
689,507,1.67726831984301
689,452,1.67726831984301
126,654,1.67726831984301
803,72,1.67726831984301
127,725,1.67726831984301
112,498,1.67726831984301
654,540,1.67726831984301
654,219,1.67726831984301
654,541,1.67726831984301
654,30,1.67726831984301
654,96,1.67726831984301
654,861,1.67726831984301
654,258,1.67726831984301
409,396,1.67726831984301
725,235,1.67726831984301
725,540,1.67726831984301
725,219,1.67726831984301
725,30,1.67726831984301
725,118,1.67726831984301
725,683,1.67726831984301
725,312,1.67726831984301
725,96,1.67726831984301
725,457,1.67726831984301
725,119,1.67726831984301
725,473,1.67726831984301
725,22,1.67726831984301
725,78,1.67726831984301
725,1,1.67726831984301
483,771,1.67726831984301
483,498,1.67726831984301
540,318,1.67726831984301
289,72,1.67726831984301
244,771,1.67726831984301
244,498,1.67726831984301
387,72,1.67726831984301
213,318,1.67726831984301
219,318,1.67726831984301
335,72,1.67726831984301
318,30,1.67726831984301
318,96,1.67726831984301
318,233,1.67726831984301
118,498,1.67726831984301
324,498,1.67726831984301
358,498,1.67726831984301
683,498,1.67726831984301
423,498,1.67726831984301
72,7,1.67726831984301
72,636,1.67726831984301
72,841,1.67726831984301
83,498,1.67726831984301
762,771,1.67726831984301
762,498,1.67726831984301
457,498,1.67726831984301
562,771,1.67726831984301
562,498,1.67726831984301
119,498,1.67726831984301
821,771,1.67726831984301
821,498,1.67726831984301
771,55,1.67726831984301
55,498,1.67726831984301
473,498,1.67726831984301
453,498,1.67726831984301
747,498,1.67726831984301
498,78,1.67726831984301
498,1,1.67726831984301
38,846,1.63672253289932
451,846,1.63672253289932
451,384,1.63672253289932
191,425,1.63672253289932
191,104,1.63672253289932
384,797,1.63672253289932
384,104,1.63672253289932
257,355,1.62503113811469
852,616,1.60620347606071
461,616,1.60620347606071
645,139,1.60108939553567
645,612,1.60108939553567
645,843,1.60108939553567
842,249,1.59565306487382
842,757,1.59565306487382
842,494,1.59565306487382
842,382,1.59565306487382
842,765,1.59565306487382
842,626,1.59565306487382
842,551,1.59565306487382
842,230,1.59565306487382
842,167,1.59565306487382
842,509,1.59565306487382
787,856,1.59565306487382
787,288,1.59565306487382
787,717,1.59565306487382
25,570,1.59565306487382
25,39,1.59565306487382
25,41,1.59565306487382
25,421,1.59565306487382
25,688,1.59565306487382
25,701,1.59565306487382
25,778,1.59565306487382
25,57,1.59565306487382
25,29,1.59565306487382
25,365,1.59565306487382
495,492,1.59565306487382
495,84,1.59565306487382
249,408,1.59565306487382
249,479,1.59565306487382
249,660,1.59565306487382
249,855,1.59565306487382
477,2,1.59565306487382
477,594,1.59565306487382
477,572,1.59565306487382
477,784,1.59565306487382
477,839,1.59565306487382
477,766,1.59565306487382
477,469,1.59565306487382
477,336,1.59565306487382
477,794,1.59565306487382
477,629,1.59565306487382
477,27,1.59565306487382
477,68,1.59565306487382
477,487,1.59565306487382
477,786,1.59565306487382
477,272,1.59565306487382
477,758,1.59565306487382
477,43,1.59565306487382
477,395,1.59565306487382
477,430,1.59565306487382
478,651,1.59565306487382
478,173,1.59565306487382
478,577,1.59565306487382
478,700,1.59565306487382
476,133,1.59565306487382
476,709,1.59565306487382
476,802,1.59565306487382
476,479,1.59565306487382
651,832,1.59565306487382
651,577,1.59565306487382
470,765,1.59565306487382
313,623,1.59565306487382
313,536,1.59565306487382
313,526,1.59565306487382
313,239,1.59565306487382
313,755,1.59565306487382
313,114,1.59565306487382
313,732,1.59565306487382
313,690,1.59565306487382
313,301,1.59565306487382
313,717,1.59565306487382
313,215,1.59565306487382
757,39,1.59565306487382
757,494,1.59565306487382
757,382,1.59565306487382
757,288,1.59565306487382
757,626,1.59565306487382
757,755,1.59565306487382
757,44,1.59565306487382
757,230,1.59565306487382
757,750,1.59565306487382
757,509,1.59565306487382
757,497,1.59565306487382
570,671,1.59565306487382
570,421,1.59565306487382
570,701,1.59565306487382
570,57,1.59565306487382
570,29,1.59565306487382
570,365,1.59565306487382
133,709,1.59565306487382
133,84,1.59565306487382
709,84,1.59565306487382
744,536,1.59565306487382
744,408,1.59565306487382
744,278,1.59565306487382
744,688,1.59565306487382
744,129,1.59565306487382
744,620,1.59565306487382
744,114,1.59565306487382
744,430,1.59565306487382
744,82,1.59565306487382
744,497,1.59565306487382
832,173,1.59565306487382
39,671,1.59565306487382
39,288,1.59565306487382
39,755,1.59565306487382
39,688,1.59565306487382
39,750,1.59565306487382
39,497,1.59565306487382
325,469,1.59565306487382
325,336,1.59565306487382
325,46,1.59565306487382
325,694,1.59565306487382
325,366,1.59565306487382
623,239,1.59565306487382
623,173,1.59565306487382
623,755,1.59565306487382
623,114,1.59565306487382
623,732,1.59565306487382
623,690,1.59565306487382
623,301,1.59565306487382
623,717,1.59565306487382
623,215,1.59565306487382
802,577,1.59565306487382
802,627,1.59565306487382
494,408,1.59565306487382
494,626,1.59565306487382
494,479,1.59565306487382
494,660,1.59565306487382
494,509,1.59565306487382
494,855,1.59565306487382
536,344,1.59565306487382
536,421,1.59565306487382
536,114,1.59565306487382
536,690,1.59565306487382
536,263,1.59565306487382
536,512,1.59565306487382
536,497,1.59565306487382
2,660,1.59565306487382
2,57,1.59565306487382
2,272,1.59565306487382
2,82,1.59565306487382
449,408,1.59565306487382
449,660,1.59565306487382
449,492,1.59565306487382
449,855,1.59565306487382
526,239,1.59565306487382
526,173,1.59565306487382
526,755,1.59565306487382
526,114,1.59565306487382
526,732,1.59565306487382
526,690,1.59565306487382
526,301,1.59565306487382
526,717,1.59565306487382
526,215,1.59565306487382
393,365,1.59565306487382
393,59,1.59565306487382
239,755,1.59565306487382
239,114,1.59565306487382
239,732,1.59565306487382
239,690,1.59565306487382
239,301,1.59565306487382
594,572,1.59565306487382
594,46,1.59565306487382
594,758,1.59565306487382
594,43,1.59565306487382
594,752,1.59565306487382
408,382,1.59565306487382
408,344,1.59565306487382
408,688,1.59565306487382
408,479,1.59565306487382
408,27,1.59565306487382
408,129,1.59565306487382
408,551,1.59565306487382
408,690,1.59565306487382
408,230,1.59565306487382
408,167,1.59565306487382
408,430,1.59565306487382
408,82,1.59565306487382
408,855,1.59565306487382
382,626,1.59565306487382
382,479,1.59565306487382
382,660,1.59565306487382
382,509,1.59565306487382
382,855,1.59565306487382
791,499,1.59565306487382
791,142,1.59565306487382
791,43,1.59565306487382
791,366,1.59565306487382
572,784,1.59565306487382
572,469,1.59565306487382
572,336,1.59565306487382
572,27,1.59565306487382
572,3,1.59565306487382
572,660,1.59565306487382
572,487,1.59565306487382
572,272,1.59565306487382
572,46,1.59565306487382
572,752,1.59565306487382
572,430,1.59565306487382
316,186,1.59565306487382
316,263,1.59565306487382
316,512,1.59565306487382
316,332,1.59565306487382
344,278,1.59565306487382
344,688,1.59565306487382
344,33,1.59565306487382
344,129,1.59565306487382
344,114,1.59565306487382
344,430,1.59565306487382
344,497,1.59565306487382
784,469,1.59565306487382
784,336,1.59565306487382
784,660,1.59565306487382
784,487,1.59565306487382
784,272,1.59565306487382
784,752,1.59565306487382
784,430,1.59565306487382
173,700,1.59565306487382
671,700,1.59565306487382
839,660,1.59565306487382
839,57,1.59565306487382
839,272,1.59565306487382
839,82,1.59565306487382
577,627,1.59565306487382
41,421,1.59565306487382
41,701,1.59565306487382
41,57,1.59565306487382
41,29,1.59565306487382
41,365,1.59565306487382
288,755,1.59565306487382
288,750,1.59565306487382
288,717,1.59565306487382
288,497,1.59565306487382
766,660,1.59565306487382
766,57,1.59565306487382
766,272,1.59565306487382
766,82,1.59565306487382
626,230,1.59565306487382
626,509,1.59565306487382
278,688,1.59565306487382
278,27,1.59565306487382
278,129,1.59565306487382
278,513,1.59565306487382
278,690,1.59565306487382
278,430,1.59565306487382
278,82,1.59565306487382
278,94,1.59565306487382
421,701,1.59565306487382
421,778,1.59565306487382
421,57,1.59565306487382
421,29,1.59565306487382
421,365,1.59565306487382
421,186,1.59565306487382
421,512,1.59565306487382
755,114,1.59565306487382
755,732,1.59565306487382
755,29,1.59565306487382
755,690,1.59565306487382
755,750,1.59565306487382
755,301,1.59565306487382
755,717,1.59565306487382
755,215,1.59565306487382
755,497,1.59565306487382
688,129,1.59565306487382
688,690,1.59565306487382
688,59,1.59565306487382
688,430,1.59565306487382
701,44,1.59565306487382
701,33,1.59565306487382
701,778,1.59565306487382
701,57,1.59565306487382
701,29,1.59565306487382
701,365,1.59565306487382
469,660,1.59565306487382
469,487,1.59565306487382
469,272,1.59565306487382
469,46,1.59565306487382
469,752,1.59565306487382
469,430,1.59565306487382
469,366,1.59565306487382
336,660,1.59565306487382
336,487,1.59565306487382
336,272,1.59565306487382
336,46,1.59565306487382
336,752,1.59565306487382
336,430,1.59565306487382
336,366,1.59565306487382
33,620,1.59565306487382
794,660,1.59565306487382
794,57,1.59565306487382
794,272,1.59565306487382
794,82,1.59565306487382
92,732,1.59565306487382
92,752,1.59565306487382
92,332,1.59565306487382
92,834,1.59565306487382
92,366,1.59565306487382
629,660,1.59565306487382
629,94,1.59565306487382
479,551,1.59565306487382
479,492,1.59565306487382
479,230,1.59565306487382
479,167,1.59565306487382
479,855,1.59565306487382
27,3,1.59565306487382
27,46,1.59565306487382
27,758,1.59565306487382
27,43,1.59565306487382
27,752,1.59565306487382
27,82,1.59565306487382
777,855,1.59565306487382
777,497,1.59565306487382
778,57,1.59565306487382
778,29,1.59565306487382
778,365,1.59565306487382
129,690,1.59565306487382
129,430,1.59565306487382
129,94,1.59565306487382
660,68,1.59565306487382
660,487,1.59565306487382
660,551,1.59565306487382
660,786,1.59565306487382
660,272,1.59565306487382
660,230,1.59565306487382
660,752,1.59565306487382
660,395,1.59565306487382
660,167,1.59565306487382
660,430,1.59565306487382
620,365,1.59565306487382
620,82,1.59565306487382
68,94,1.59565306487382
114,732,1.59565306487382
114,717,1.59565306487382
114,215,1.59565306487382
114,497,1.59565306487382
57,29,1.59565306487382
57,786,1.59565306487382
57,272,1.59565306487382
57,365,1.59565306487382
57,395,1.59565306487382
57,82,1.59565306487382
487,272,1.59565306487382
487,752,1.59565306487382
487,151,1.59565306487382
487,834,1.59565306487382
551,855,1.59565306487382
732,492,1.59565306487382
732,690,1.59565306487382
732,301,1.59565306487382
732,717,1.59565306487382
732,332,1.59565306487382
732,215,1.59565306487382
732,834,1.59565306487382
732,366,1.59565306487382
29,365,1.59565306487382
29,855,1.59565306487382
499,142,1.59565306487382
499,366,1.59565306487382
513,113,1.59565306487382
513,94,1.59565306487382
786,272,1.59565306487382
786,82,1.59565306487382
272,752,1.59565306487382
272,395,1.59565306487382
272,430,1.59565306487382
272,215,1.59565306487382
272,82,1.59565306487382
276,758,1.59565306487382
276,750,1.59565306487382
700,601,1.59565306487382
46,366,1.59565306487382
142,366,1.59565306487382
601,232,1.59565306487382
758,43,1.59565306487382
758,752,1.59565306487382
365,59,1.59565306487382
186,332,1.59565306487382
694,43,1.59565306487382
694,113,1.59565306487382
690,301,1.59565306487382
690,717,1.59565306487382
690,430,1.59565306487382
690,215,1.59565306487382
690,497,1.59565306487382
263,332,1.59565306487382
230,509,1.59565306487382
230,855,1.59565306487382
43,752,1.59565306487382
750,497,1.59565306487382
301,717,1.59565306487382
301,215,1.59565306487382
752,430,1.59565306487382
512,332,1.59565306487382
395,82,1.59565306487382
151,834,1.59565306487382
151,509,1.59565306487382
167,855,1.59565306487382
332,834,1.59565306487382
332,366,1.59565306487382
627,113,1.59565306487382
834,366,1.59565306487382
855,497,1.59565306487382
343,141,1.59420034130492
739,165,1.59420034130492
454,141,1.59420034130492
420,141,1.59420034130492
578,635,1.59420034130492
578,379,1.59420034130492
578,612,1.59420034130492
578,165,1.59420034130492
185,106,1.59420034130492
185,144,1.59420034130492
691,141,1.59420034130492
349,379,1.59420034130492
789,379,1.59420034130492
621,106,1.59420034130492
621,141,1.59420034130492
106,535,1.59420034130492
106,367,1.59420034130492
106,242,1.59420034130492
106,775,1.59420034130492
106,333,1.59420034130492
106,329,1.59420034130492
106,12,1.59420034130492
106,264,1.59420034130492
106,550,1.59420034130492
106,813,1.59420034130492
106,762,1.59420034130492
106,734,1.59420034130492
106,562,1.59420034130492
106,580,1.59420034130492
106,55,1.59420034130492
106,681,1.59420034130492
179,139,1.59420034130492
179,843,1.59420034130492
693,165,1.59420034130492
558,165,1.59420034130492
422,612,1.59420034130492
858,635,1.59420034130492
858,379,1.59420034130492
858,612,1.59420034130492
858,165,1.59420034130492
277,379,1.59420034130492
373,165,1.59420034130492
638,612,1.59420034130492
402,165,1.59420034130492
169,141,1.59420034130492
535,144,1.59420034130492
692,141,1.59420034130492
484,139,1.59420034130492
484,843,1.59420034130492
380,139,1.59420034130492
367,144,1.59420034130492
795,165,1.59420034130492
248,635,1.59420034130492
248,139,1.59420034130492
246,379,1.59420034130492
448,165,1.59420034130492
634,139,1.59420034130492
49,612,1.59420034130492
554,139,1.59420034130492
759,635,1.59420034130492
759,379,1.59420034130492
759,612,1.59420034130492
759,165,1.59420034130492
192,139,1.59420034130492
667,139,1.59420034130492
242,144,1.59420034130492
775,144,1.59420034130492
635,273,1.59420034130492
635,178,1.59420034130492
635,590,1.59420034130492
635,761,1.59420034130492
635,640,1.59420034130492
635,225,1.59420034130492
635,579,1.59420034130492
635,409,1.59420034130492
635,751,1.59420034130492
635,814,1.59420034130492
635,369,1.59420034130492
635,171,1.59420034130492
273,379,1.59420034130492
273,612,1.59420034130492
273,165,1.59420034130492
274,139,1.59420034130492
346,379,1.59420034130492
48,139,1.59420034130492
707,141,1.59420034130492
436,379,1.59420034130492
172,612,1.59420034130492
333,141,1.59420034130492
427,612,1.59420034130492
431,165,1.59420034130492
379,544,1.59420034130492
379,590,1.59420034130492
379,640,1.59420034130492
379,225,1.59420034130492
379,827,1.59420034130492
379,650,1.59420034130492
379,19,1.59420034130492
379,659,1.59420034130492
379,803,1.59420034130492
379,814,1.59420034130492
379,387,1.59420034130492
379,636,1.59420034130492
379,841,1.59420034130492
329,144,1.59420034130492
329,843,1.59420034130492
139,822,1.59420034130492
139,265,1.59420034130492
139,761,1.59420034130492
139,146,1.59420034130492
139,411,1.59420034130492
139,53,1.59420034130492
139,783,1.59420034130492
139,579,1.59420034130492
139,650,1.59420034130492
139,409,1.59420034130492
139,751,1.59420034130492
139,606,1.59420034130492
139,171,1.59420034130492
139,840,1.59420034130492
139,122,1.59420034130492
139,586,1.59420034130492
139,534,1.59420034130492
139,20,1.59420034130492
139,394,1.59420034130492
552,165,1.59420034130492
305,612,1.59420034130492
686,843,1.59420034130492
238,165,1.59420034130492
157,141,1.59420034130492
12,144,1.59420034130492
264,141,1.59420034130492
141,37,1.59420034130492
141,650,1.59420034130492
141,731,1.59420034130492
141,302,1.59420034130492
141,227,1.59420034130492
141,696,1.59420034130492
141,339,1.59420034130492
141,748,1.59420034130492
141,652,1.59420034130492
141,571,1.59420034130492
141,823,1.59420034130492
141,507,1.59420034130492
141,452,1.59420034130492
141,685,1.59420034130492
590,612,1.59420034130492
590,165,1.59420034130492
714,165,1.59420034130492
53,843,1.59420034130492
279,612,1.59420034130492
640,612,1.59420034130492
640,165,1.59420034130492
612,225,1.59420034130492
612,814,1.59420034130492
612,353,1.59420034130492
612,653,1.59420034130492
612,652,1.59420034130492
612,258,1.59420034130492
612,685,1.59420034130492
225,165,1.59420034130492
868,165,1.59420034130492
550,144,1.59420034130492
844,165,1.59420034130492
144,50,1.59420034130492
144,762,1.59420034130492
144,562,1.59420034130492
144,328,1.59420034130492
144,652,1.59420034130492
144,580,1.59420034130492
144,55,1.59420034130492
144,685,1.59420034130492
144,681,1.59420034130492
579,843,1.59420034130492
165,814,1.59420034130492
165,821,1.59420034130492
165,221,1.59420034130492
165,861,1.59420034130492
165,828,1.59420034130492
235,843,1.59420034130492
843,312,1.59420034130492
843,762,1.59420034130492
843,562,1.59420034130492
843,55,1.59420034130492
257,254,1.57208412735381
361,254,1.57208412735381
38,780,1.54774729356036
38,472,1.54774729356036
451,780,1.54774729356036
294,472,1.54774729356036
323,472,1.54774729356036
639,79,1.5414874377487
406,79,1.5414874377487
79,350,1.5414874377487
79,89,1.5414874377487
79,399,1.5414874377487
79,830,1.5414874377487
79,105,1.5414874377487
79,649,1.5414874377487
831,378,1.53918531483441
378,771,1.53918531483441
463,115,1.53130559487487
463,168,1.53130559487487
463,75,1.53130559487487
463,506,1.53130559487487
463,533,1.53130559487487
466,80,1.53130559487487
466,661,1.53130559487487
466,156,1.53130559487487
466,539,1.53130559487487
128,617,1.53130559487487
54,247,1.53130559487487
80,642,1.53130559487487
80,63,1.53130559487487
80,742,1.53130559487487
80,599,1.53130559487487
80,729,1.53130559487487
80,615,1.53130559487487
80,306,1.53130559487487
80,703,1.53130559487487
80,545,1.53130559487487
80,62,1.53130559487487
80,424,1.53130559487487
80,10,1.53130559487487
80,456,1.53130559487487
80,322,1.53130559487487
836,352,1.53130559487487
136,152,1.53130559487487
136,646,1.53130559487487
605,500,1.53130559487487
28,500,1.53130559487487
28,252,1.53130559487487
61,404,1.53130559487487
61,187,1.53130559487487
61,363,1.53130559487487
61,224,1.53130559487487
61,443,1.53130559487487
61,838,1.53130559487487
61,746,1.53130559487487
61,863,1.53130559487487
61,337,1.53130559487487
61,824,1.53130559487487
61,389,1.53130559487487
61,183,1.53130559487487
61,738,1.53130559487487
61,253,1.53130559487487
61,109,1.53130559487487
61,290,1.53130559487487
61,515,1.53130559487487
181,283,1.53130559487487
145,859,1.53130559487487
145,247,1.53130559487487
145,204,1.53130559487487
561,488,1.53130559487487
561,531,1.53130559487487
561,120,1.53130559487487
561,559,1.53130559487487
561,400,1.53130559487487
561,376,1.53130559487487
561,217,1.53130559487487
561,596,1.53130559487487
561,307,1.53130559487487
561,854,1.53130559487487
561,101,1.53130559487487
561,116,1.53130559487487
401,152,1.53130559487487
401,646,1.53130559487487
159,283,1.53130559487487
159,21,1.53130559487487
488,811,1.53130559487487
488,247,1.53130559487487
488,138,1.53130559487487
518,5,1.53130559487487
518,206,1.53130559487487
518,13,1.53130559487487
518,183,1.53130559487487
518,723,1.53130559487487
745,73,1.53130559487487
642,6,1.53130559487487
642,156,1.53130559487487
642,247,1.53130559487487
76,73,1.53130559487487
152,619,1.53130559487487
152,377,1.53130559487487
152,742,1.53130559487487
152,718,1.53130559487487
152,211,1.53130559487487
152,564,1.53130559487487
152,143,1.53130559487487
152,184,1.53130559487487
152,820,1.53130559487487
152,10,1.53130559487487
309,352,1.53130559487487
309,754,1.53130559487487
220,754,1.53130559487487
100,661,1.53130559487487
100,617,1.53130559487487
100,524,1.53130559487487
100,646,1.53130559487487
100,163,1.53130559487487
619,352,1.53130559487487
377,646,1.53130559487487
377,163,1.53130559487487
115,73,1.53130559487487
661,5,1.53130559487487
661,599,1.53130559487487
661,718,1.53130559487487
661,211,1.53130559487487
661,564,1.53130559487487
661,143,1.53130559487487
661,184,1.53130559487487
661,66,1.53130559487487
661,710,1.53130559487487
661,800,1.53130559487487
661,820,1.53130559487487
661,314,1.53130559487487
661,673,1.53130559487487
661,456,1.53130559487487
63,283,1.53130559487487
63,156,1.53130559487487
63,163,1.53130559487487
168,811,1.53130559487487
168,352,1.53130559487487
742,156,1.53130559487487
742,646,1.53130559487487
132,859,1.53130559487487
132,204,1.53130559487487
5,6,1.53130559487487
5,539,1.53130559487487
5,247,1.53130559487487
5,523,1.53130559487487
405,754,1.53130559487487
599,156,1.53130559487487
599,539,1.53130559487487
718,539,1.53130559487487
718,247,1.53130559487487
718,97,1.53130559487487
729,156,1.53130559487487
416,283,1.53130559487487
706,283,1.53130559487487
587,848,1.53130559487487
587,500,1.53130559487487
587,496,1.53130559487487
211,617,1.53130559487487
211,646,1.53130559487487
0,283,1.53130559487487
615,6,1.53130559487487
615,156,1.53130559487487
615,247,1.53130559487487
711,352,1.53130559487487
440,163,1.53130559487487
306,283,1.53130559487487
306,156,1.53130559487487
306,163,1.53130559487487
703,156,1.53130559487487
6,66,1.53130559487487
6,800,1.53130559487487
6,545,1.53130559487487
6,255,1.53130559487487
6,764,1.53130559487487
6,314,1.53130559487487
6,673,1.53130559487487
6,322,1.53130559487487
617,564,1.53130559487487
617,184,1.53130559487487
283,383,1.53130559487487
283,505,1.53130559487487
283,471,1.53130559487487
283,460,1.53130559487487
283,298,1.53130559487487
283,403,1.53130559487487
283,389,1.53130559487487
283,69,1.53130559487487
283,293,1.53130559487487
283,793,1.53130559487487
283,424,1.53130559487487
283,371,1.53130559487487
283,678,1.53130559487487
283,228,1.53130559487487
283,290,1.53130559487487
283,515,1.53130559487487
283,542,1.53130559487487
564,500,1.53130559487487
564,524,1.53130559487487
383,21,1.53130559487487
156,545,1.53130559487487
156,62,1.53130559487487
156,424,1.53130559487487
156,10,1.53130559487487
156,456,1.53130559487487
156,322,1.53130559487487
505,204,1.53130559487487
505,352,1.53130559487487
143,539,1.53130559487487
143,247,1.53130559487487
143,97,1.53130559487487
184,524,1.53130559487487
95,352,1.53130559487487
848,474,1.53130559487487
848,800,1.53130559487487
848,793,1.53130559487487
66,539,1.53130559487487
66,247,1.53130559487487
474,204,1.53130559487487
474,200,1.53130559487487
474,496,1.53130559487487
471,21,1.53130559487487
665,200,1.53130559487487
330,754,1.53130559487487
415,204,1.53130559487487
400,811,1.53130559487487
400,138,1.53130559487487
376,811,1.53130559487487
376,138,1.53130559487487
206,523,1.53130559487487
75,811,1.53130559487487
75,352,1.53130559487487
460,252,1.53130559487487
304,73,1.53130559487487
188,352,1.53130559487487
188,252,1.53130559487487
14,97,1.53130559487487
811,596,1.53130559487487
811,854,1.53130559487487
811,533,1.53130559487487
811,516,1.53130559487487
298,524,1.53130559487487
298,646,1.53130559487487
475,859,1.53130559487487
475,204,1.53130559487487
475,352,1.53130559487487
710,247,1.53130559487487
859,357,1.53130559487487
859,441,1.53130559487487
543,500,1.53130559487487
217,754,1.53130559487487
506,352,1.53130559487487
539,800,1.53130559487487
539,820,1.53130559487487
539,314,1.53130559487487
539,216,1.53130559487487
539,673,1.53130559487487
539,456,1.53130559487487
389,500,1.53130559487487
389,73,1.53130559487487
247,800,1.53130559487487
247,820,1.53130559487487
247,545,1.53130559487487
247,314,1.53130559487487
247,216,1.53130559487487
247,673,1.53130559487487
247,322,1.53130559487487
500,69,1.53130559487487
500,515,1.53130559487487
800,204,1.53130559487487
800,200,1.53130559487487
800,496,1.53130559487487
644,524,1.53130559487487
644,646,1.53130559487487
205,524,1.53130559487487
205,204,1.53130559487487
820,97,1.53130559487487
549,754,1.53130559487487
13,523,1.53130559487487
854,138,1.53130559487487
183,523,1.53130559487487
97,360,1.53130559487487
97,568,1.53130559487487
646,10,1.53130559487487
255,252,1.53130559487487
204,567,1.53130559487487
204,357,1.53130559487487
204,441,1.53130559487487
523,723,1.53130559487487
352,574,1.53130559487487
352,24,1.53130559487487
62,163,1.53130559487487
163,424,1.53130559487487
16,73,1.53130559487487
73,290,1.53130559487487
73,515,1.53130559487487
793,496,1.53130559487487
835,754,1.53130559487487
252,314,1.53130559487487
252,456,1.53130559487487
252,678,1.53130559487487
371,21,1.53130559487487
138,116,1.53130559487487
21,542,1.53130559487487
754,284,1.53130559487487
343,104,1.53004999727504
739,104,1.53004999727504
454,104,1.53004999727504
175,38,1.53004999727504
175,323,1.53004999727504
420,104,1.53004999727504
578,425,1.53004999727504
578,104,1.53004999727504
38,154,1.53004999727504
38,847,1.53004999727504
38,666,1.53004999727504
38,588,1.53004999727504
38,410,1.53004999727504
38,299,1.53004999727504
38,438,1.53004999727504
38,464,1.53004999727504
38,699,1.53004999727504
38,455,1.53004999727504
38,447,1.53004999727504
38,292,1.53004999727504
38,826,1.53004999727504
38,483,1.53004999727504
38,118,1.53004999727504
38,683,1.53004999727504
38,457,1.53004999727504
38,652,1.53004999727504
38,119,1.53004999727504
38,473,1.53004999727504
38,685,1.53004999727504
38,78,1.53004999727504
38,828,1.53004999727504
38,1,1.53004999727504
691,104,1.53004999727504
847,323,1.53004999727504
179,262,1.53004999727504
693,797,1.53004999727504
666,323,1.53004999727504
558,104,1.53004999727504
760,294,1.53004999727504
760,104,1.53004999727504
422,294,1.53004999727504
422,797,1.53004999727504
740,294,1.53004999727504
740,797,1.53004999727504
858,425,1.53004999727504
858,104,1.53004999727504
308,323,1.53004999727504
451,329,1.53004999727504
451,483,1.53004999727504
451,867,1.53004999727504
451,762,1.53004999727504
451,562,1.53004999727504
451,328,1.53004999727504
451,652,1.53004999727504
451,55,1.53004999727504
451,685,1.53004999727504
638,262,1.53004999727504
169,104,1.53004999727504
692,104,1.53004999727504
588,323,1.53004999727504
410,323,1.53004999727504
484,262,1.53004999727504
299,323,1.53004999727504
448,104,1.53004999727504
294,446,1.53004999727504
294,514,1.53004999727504
294,172,1.53004999727504
294,427,1.53004999727504
294,32,1.53004999727504
294,279,1.53004999727504
294,9,1.53004999727504
294,353,1.53004999727504
294,592,1.53004999727504
294,653,1.53004999727504
294,633,1.53004999727504
294,584,1.53004999727504
49,262,1.53004999727504
554,425,1.53004999727504
759,425,1.53004999727504
759,104,1.53004999727504
464,323,1.53004999727504
275,262,1.53004999727504
446,104,1.53004999727504
699,323,1.53004999727504
455,323,1.53004999727504
273,425,1.53004999727504
273,104,1.53004999727504
682,323,1.53004999727504
26,262,1.53004999727504
514,104,1.53004999727504
707,104,1.53004999727504
172,797,1.53004999727504
447,323,1.53004999727504
427,797,1.53004999727504
292,323,1.53004999727504
305,262,1.53004999727504
265,425,1.53004999727504
686,262,1.53004999727504
238,104,1.53004999727504
157,104,1.53004999727504
32,797,1.53004999727504
816,323,1.53004999727504
790,323,1.53004999727504
590,425,1.53004999727504
590,104,1.53004999727504
37,104,1.53004999727504
714,104,1.53004999727504
53,262,1.53004999727504
279,797,1.53004999727504
640,425,1.53004999727504
640,104,1.53004999727504
425,225,1.53004999727504
425,579,1.53004999727504
425,650,1.53004999727504
425,409,1.53004999727504
425,814,1.53004999727504
225,104,1.53004999727504
445,323,1.53004999727504
868,104,1.53004999727504
844,104,1.53004999727504
826,323,1.53004999727504
579,262,1.53004999727504
650,797,1.53004999727504
808,323,1.53004999727504
731,104,1.53004999727504
9,797,1.53004999727504
302,104,1.53004999727504
409,262,1.53004999727504
235,262,1.53004999727504
814,104,1.53004999727504
353,797,1.53004999727504
737,262,1.53004999727504
592,797,1.53004999727504
50,323,1.53004999727504
227,104,1.53004999727504
262,312,1.53004999727504
653,797,1.53004999727504
797,821,1.53004999727504
797,828,1.53004999727504
696,104,1.53004999727504
118,323,1.53004999727504
683,323,1.53004999727504
339,104,1.53004999727504
457,323,1.53004999727504
748,104,1.53004999727504
119,323,1.53004999727504
571,104,1.53004999727504
473,323,1.53004999727504
323,78,1.53004999727504
323,1,1.53004999727504
104,507,1.53004999727504
104,452,1.53004999727504
104,861,1.53004999727504
104,828,1.53004999727504
635,11,1.52772267246077
852,384,1.51674480449105
85,684,1.50246957142022
684,149,1.50246957142022
684,616,1.50246957142022
149,817,1.50246957142022
739,461,1.47983866919291
189,557,1.47983866919291
621,461,1.47983866919291
179,852,1.47983866919291
693,852,1.47983866919291
693,461,1.47983866919291
853,557,1.47983866919291
558,461,1.47983866919291
422,461,1.47983866919291
852,433,1.47983866919291
852,484,1.47983866919291
852,481,1.47983866919291
852,198,1.47983866919291
852,429,1.47983866919291
852,386,1.47983866919291
852,53,1.47983866919291
852,112,1.47983866919291
852,483,1.47983866919291
852,244,1.47983866919291
852,584,1.47983866919291
852,324,1.47983866919291
852,358,1.47983866919291
852,423,1.47983866919291
852,83,1.47983866919291
852,652,1.47983866919291
852,821,1.47983866919291
852,453,1.47983866919291
852,747,1.47983866919291
852,685,1.47983866919291
373,557,1.47983866919291
779,461,1.47983866919291
297,557,1.47983866919291
448,461,1.47983866919291
461,241,1.47983866919291
461,172,1.47983866919291
461,437,1.47983866919291
461,333,1.47983866919291
461,427,1.47983866919291
461,264,1.47983866919291
461,714,1.47983866919291
461,279,1.47983866919291
461,868,1.47983866919291
461,245,1.47983866919291
461,353,1.47983866919291
461,653,1.47983866919291
461,584,1.47983866919291
461,821,1.47983866919291
461,125,1.47983866919291
461,861,1.47983866919291
818,557,1.47983866919291
431,557,1.47983866919291
34,557,1.47983866919291
170,557,1.47983866919291
467,557,1.47983866919291
130,557,1.47983866919291
650,557,1.47983866919291
769,557,1.47983866919291
45,557,1.47983866919291
126,557,1.47983866919291
557,213,1.47983866919291
557,47,1.47983866919291
557,541,1.47983866919291
557,51,1.47983866919291
557,233,1.47983866919291
557,591,1.47983866919291
294,645,1.47904063587438
645,425,1.47904063587438
645,262,1.47904063587438
852,780,1.44953222205991
137,355,1.44574445147848
223,355,1.44574445147848
842,486,1.44142914571237
842,728,1.44142914571237
842,581,1.44142914571237
842,529,1.44142914571237
530,536,1.44142914571237
530,421,1.44142914571237
530,332,1.44142914571237
787,399,1.44142914571237
25,639,1.44142914571237
25,722,1.44142914571237
25,399,1.44142914571237
648,477,1.44142914571237
648,572,1.44142914571237
648,316,1.44142914571237
648,784,1.44142914571237
648,469,1.44142914571237
648,336,1.44142914571237
648,660,1.44142914571237
648,487,1.44142914571237
648,272,1.44142914571237
648,186,1.44142914571237
648,752,1.44142914571237
648,512,1.44142914571237
648,430,1.44142914571237
495,150,1.44142914571237
268,476,1.44142914571237
268,651,1.44142914571237
268,832,1.44142914571237
268,577,1.44142914571237
268,479,1.44142914571237
268,276,1.44142914571237
268,750,1.44142914571237
249,581,1.44142914571237
249,208,1.44142914571237
354,856,1.44142914571237
354,276,1.44142914571237
354,758,1.44142914571237
354,694,1.44142914571237
354,113,1.44142914571237
482,313,1.44142914571237
482,755,1.44142914571237
482,114,1.44142914571237
482,732,1.44142914571237
482,690,1.44142914571237
482,301,1.44142914571237
477,630,1.44142914571237
477,548,1.44142914571237
477,267,1.44142914571237
477,756,1.44142914571237
477,614,1.44142914571237
477,508,1.44142914571237
477,830,1.44142914571237
478,285,1.44142914571237
478,266,1.44142914571237
478,375,1.44142914571237
850,421,1.44142914571237
850,701,1.44142914571237
850,57,1.44142914571237
850,29,1.44142914571237
850,365,1.44142914571237
639,570,1.44142914571237
639,41,1.44142914571237
639,421,1.44142914571237
639,701,1.44142914571237
639,778,1.44142914571237
639,57,1.44142914571237
639,29,1.44142914571237
639,365,1.44142914571237
476,150,1.44142914571237
476,77,1.44142914571237
476,356,1.44142914571237
176,39,1.44142914571237
176,671,1.44142914571237
651,285,1.44142914571237
651,375,1.44142914571237
470,768,1.44142914571237
470,695,1.44142914571237
470,804,1.44142914571237
470,285,1.44142914571237
486,757,1.44142914571237
486,494,1.44142914571237
486,382,1.44142914571237
486,316,1.44142914571237
486,626,1.44142914571237
486,230,1.44142914571237
486,627,1.44142914571237
486,509,1.44142914571237
398,694,1.44142914571237
398,43,1.44142914571237
313,89,1.44142914571237
313,266,1.44142914571237
313,662,1.44142914571237
313,375,1.44142914571237
630,572,1.44142914571237
630,784,1.44142914571237
630,469,1.44142914571237
630,336,1.44142914571237
630,660,1.44142914571237
630,272,1.44142914571237
630,752,1.44142914571237
630,430,1.44142914571237
630,834,1.44142914571237
757,695,1.44142914571237
757,399,1.44142914571237
757,208,1.44142914571237
757,529,1.44142914571237
570,625,1.44142914571237
570,399,1.44142914571237
150,133,1.44142914571237
150,671,1.44142914571237
150,700,1.44142914571237
150,84,1.44142914571237
548,92,1.44142914571237
548,660,1.44142914571237
548,57,1.44142914571237
548,272,1.44142914571237
548,82,1.44142914571237
709,77,1.44142914571237
709,356,1.44142914571237
595,39,1.44142914571237
595,671,1.44142914571237
744,193,1.44142914571237
744,687,1.44142914571237
744,105,1.44142914571237
832,614,1.44142914571237
39,695,1.44142914571237
39,625,1.44142914571237
39,243,1.44142914571237
39,697,1.44142914571237
39,628,1.44142914571237
39,399,1.44142914571237
39,208,1.44142914571237
39,618,1.44142914571237
768,623,1.44142914571237
768,536,1.44142914571237
768,526,1.44142914571237
768,239,1.44142914571237
768,765,1.44142914571237
768,755,1.44142914571237
768,114,1.44142914571237
768,487,1.44142914571237
768,732,1.44142914571237
768,690,1.44142914571237
768,301,1.44142914571237
768,151,1.44142914571237
768,717,1.44142914571237
768,215,1.44142914571237
768,834,1.44142914571237
812,2,1.44142914571237
812,393,1.44142914571237
812,839,1.44142914571237
812,766,1.44142914571237
812,794,1.44142914571237
812,786,1.44142914571237
812,272,1.44142914571237
812,365,1.44142914571237
812,395,1.44142914571237
812,59,1.44142914571237
812,82,1.44142914571237
325,508,1.44142914571237
623,695,1.44142914571237
623,89,1.44142914571237
623,266,1.44142914571237
623,662,1.44142914571237
623,375,1.44142914571237
695,526,1.44142914571237
695,288,1.44142914571237
695,755,1.44142914571237
695,777,1.44142914571237
695,497,1.44142914571237
494,208,1.44142914571237
494,529,1.44142914571237
536,804,1.44142914571237
536,406,1.44142914571237
536,712,1.44142914571237
536,837,1.44142914571237
536,89,1.44142914571237
536,351,1.44142914571237
536,105,1.44142914571237
2,267,1.44142914571237
2,350,1.44142914571237
625,41,1.44142914571237
625,421,1.44142914571237
625,688,1.44142914571237
625,701,1.44142914571237
625,778,1.44142914571237
625,57,1.44142914571237
625,29,1.44142914571237
625,365,1.44142914571237
449,208,1.44142914571237
526,89,1.44142914571237
526,266,1.44142914571237
526,662,1.44142914571237
526,375,1.44142914571237
485,856,1.44142914571237
485,276,1.44142914571237
485,758,1.44142914571237
485,694,1.44142914571237
485,113,1.44142914571237
393,345,1.44142914571237
393,105,1.44142914571237
393,662,1.44142914571237
393,649,1.44142914571237
267,594,1.44142914571237
267,839,1.44142914571237
267,41,1.44142914571237
267,766,1.44142914571237
267,794,1.44142914571237
267,27,1.44142914571237
267,57,1.44142914571237
267,786,1.44142914571237
267,272,1.44142914571237
267,758,1.44142914571237
267,43,1.44142914571237
267,752,1.44142914571237
267,395,1.44142914571237
267,82,1.44142914571237
239,89,1.44142914571237
239,351,1.44142914571237
239,266,1.44142914571237
239,375,1.44142914571237
594,649,1.44142914571237
804,408,1.44142914571237
804,278,1.44142914571237
804,688,1.44142914571237
804,92,1.44142914571237
804,777,1.44142914571237
804,129,1.44142914571237
804,114,1.44142914571237
804,430,1.44142914571237
804,497,1.44142914571237
408,193,1.44142914571237
408,728,1.44142914571237
408,687,1.44142914571237
408,837,1.44142914571237
408,89,1.44142914571237
408,351,1.44142914571237
408,208,1.44142914571237
147,499,1.44142914571237
856,195,1.44142914571237
856,529,1.44142914571237
406,421,1.44142914571237
406,755,1.44142914571237
406,732,1.44142914571237
406,29,1.44142914571237
406,492,1.44142914571237
406,263,1.44142914571237
406,512,1.44142914571237
382,208,1.44142914571237
382,529,1.44142914571237
791,350,1.44142914571237
791,4,1.44142914571237
791,450,1.44142914571237
791,677,1.44142914571237
572,756,1.44142914571237
572,508,1.44142914571237
572,649,1.44142914571237
193,344,1.44142914571237
193,278,1.44142914571237
193,129,1.44142914571237
193,690,1.44142914571237
193,430,1.44142914571237
316,345,1.44142914571237
316,712,1.44142914571237
344,687,1.44142914571237
344,105,1.44142914571237
728,577,1.44142914571237
728,479,1.44142914571237
728,660,1.44142914571237
728,855,1.44142914571237
756,784,1.44142914571237
756,701,1.44142914571237
756,469,1.44142914571237
756,336,1.44142914571237
756,33,1.44142914571237
756,660,1.44142914571237
756,272,1.44142914571237
756,752,1.44142914571237
784,508,1.44142914571237
784,581,1.44142914571237
285,671,1.44142914571237
285,777,1.44142914571237
285,700,1.44142914571237
607,44,1.44142914571237
607,332,1.44142914571237
607,509,1.44142914571237
350,839,1.44142914571237
350,766,1.44142914571237
350,794,1.44142914571237
350,57,1.44142914571237
350,786,1.44142914571237
350,272,1.44142914571237
350,43,1.44142914571237
350,395,1.44142914571237
350,82,1.44142914571237
4,142,1.44142914571237
4,366,1.44142914571237
671,243,1.44142914571237
671,697,1.44142914571237
671,628,1.44142914571237
671,618,1.44142914571237
345,755,1.44142914571237
345,29,1.44142914571237
345,186,1.44142914571237
345,263,1.44142914571237
345,512,1.44142914571237
345,332,1.44142914571237
577,195,1.44142914571237
577,375,1.44142914571237
577,529,1.44142914571237
41,399,1.44142914571237
288,399,1.44142914571237
288,208,1.44142914571237
614,660,1.44142914571237
614,94,1.44142914571237
626,529,1.44142914571237
278,687,1.44142914571237
278,837,1.44142914571237
278,89,1.44142914571237
278,351,1.44142914571237
421,722,1.44142914571237
421,399,1.44142914571237
755,89,1.44142914571237
755,399,1.44142914571237
755,266,1.44142914571237
755,662,1.44142914571237
755,208,1.44142914571237
755,375,1.44142914571237
508,660,1.44142914571237
508,487,1.44142914571237
508,29,1.44142914571237
508,272,1.44142914571237
508,46,1.44142914571237
508,752,1.44142914571237
508,430,1.44142914571237
508,855,1.44142914571237
508,366,1.44142914571237
77,84,1.44142914571237
688,837,1.44142914571237
688,89,1.44142914571237
688,351,1.44142914571237
712,332,1.44142914571237
701,722,1.44142914571237
701,351,1.44142914571237
701,581,1.44142914571237
701,399,1.44142914571237
356,84,1.44142914571237
33,351,1.44142914571237
33,581,1.44142914571237
92,837,1.44142914571237
92,649,1.44142914571237
479,208,1.44142914571237
722,57,1.44142914571237
722,29,1.44142914571237
722,365,1.44142914571237
27,649,1.44142914571237
777,208,1.44142914571237
778,399,1.44142914571237
129,687,1.44142914571237
129,837,1.44142914571237
129,89,1.44142914571237
129,351,1.44142914571237
3,649,1.44142914571237
660,830,1.44142914571237
114,837,1.44142914571237
114,351,1.44142914571237
114,266,1.44142914571237
114,105,1.44142914571237
114,662,1.44142914571237
114,375,1.44142914571237
687,690,1.44142914571237
687,430,1.44142914571237
57,399,1.44142914571237
57,830,1.44142914571237
837,301,1.44142914571237
837,430,1.44142914571237
837,497,1.44142914571237
194,694,1.44142914571237
194,43,1.44142914571237
551,581,1.44142914571237
551,208,1.44142914571237
732,89,1.44142914571237
732,266,1.44142914571237
732,662,1.44142914571237
732,375,1.44142914571237
29,399,1.44142914571237
29,830,1.44142914571237
499,450,1.44142914571237
272,830,1.44142914571237
276,182,1.44142914571237
46,649,1.44142914571237
271,266,1.44142914571237
271,618,1.44142914571237
89,717,1.44142914571237
89,430,1.44142914571237
89,215,1.44142914571237
89,497,1.44142914571237
365,399,1.44142914571237
365,105,1.44142914571237
365,649,1.44142914571237
351,430,1.44142914571237
351,497,1.44142914571237
694,375,1.44142914571237
690,266,1.44142914571237
690,105,1.44142914571237
690,662,1.44142914571237
690,375,1.44142914571237
232,529,1.44142914571237
230,208,1.44142914571237
230,529,1.44142914571237
750,399,1.44142914571237
750,649,1.44142914571237
301,266,1.44142914571237
301,662,1.44142914571237
301,375,1.44142914571237
752,649,1.44142914571237
581,167,1.44142914571237
399,497,1.44142914571237
167,208,1.44142914571237
717,266,1.44142914571237
717,375,1.44142914571237
59,105,1.44142914571237
59,649,1.44142914571237
830,82,1.44142914571237
830,855,1.44142914571237
266,627,1.44142914571237
266,215,1.44142914571237
266,113,1.44142914571237
105,497,1.44142914571237
627,375,1.44142914571237
215,375,1.44142914571237
450,366,1.44142914571237
509,529,1.44142914571237
366,677,1.44142914571237
466,829,1.44119185809255
466,743,1.44119185809255
128,767,1.44119185809255
54,767,1.44119185809255
836,315,1.44119185809255
836,560,1.44119185809255
605,300,1.44119185809255
605,361,1.44119185809255
28,361,1.44119185809255
28,792,1.44119185809255
181,792,1.44119185809255
181,370,1.44119185809255
145,503,1.44119185809255
145,381,1.44119185809255
159,361,1.44119185809255
159,792,1.44119185809255
488,300,1.44119185809255
488,503,1.44119185809255
829,642,1.44119185809255
829,100,1.44119185809255
829,742,1.44119185809255
829,599,1.44119185809255
829,211,1.44119185809255
829,615,1.44119185809255
829,14,1.44119185809255
829,298,1.44119185809255
829,389,1.44119185809255
829,644,1.44119185809255
829,545,1.44119185809255
829,10,1.44119185809255
829,456,1.44119185809255
829,322,1.44119185809255
745,381,1.44119185809255
342,300,1.44119185809255
342,381,1.44119185809255
642,743,1.44119185809255
153,309,1.44119185809255
153,168,1.44119185809255
153,505,1.44119185809255
153,95,1.44119185809255
153,75,1.44119185809255
153,475,1.44119185809255
153,24,1.44119185809255
309,560,1.44119185809255
309,716,1.44119185809255
100,257,1.44119185809255
100,361,1.44119185809255
100,414,1.44119185809255
100,370,1.44119185809255
257,377,1.44119185809255
257,742,1.44119185809255
257,587,1.44119185809255
257,205,1.44119185809255
257,793,1.44119185809255
257,10,1.44119185809255
619,716,1.44119185809255
377,361,1.44119185809255
377,250,1.44119185809255
377,370,1.44119185809255
63,743,1.44119185809255
63,792,1.44119185809255
63,414,1.44119185809255
63,370,1.44119185809255
300,132,1.44119185809255
300,703,1.44119185809255
300,564,1.44119185809255
300,400,1.44119185809255
300,376,1.44119185809255
300,596,1.44119185809255
300,69,1.44119185809255
300,854,1.44119185809255
300,807,1.44119185809255
300,357,1.44119185809255
300,116,1.44119185809255
300,723,1.44119185809255
315,711,1.44119185809255
315,475,1.44119185809255
315,506,1.44119185809255
315,533,1.44119185809255
315,253,1.44119185809255
315,516,1.44119185809255
742,361,1.44119185809255
742,743,1.44119185809255
742,250,1.44119185809255
742,414,1.44119185809255
742,370,1.44119185809255
599,743,1.44119185809255
718,256,1.44119185809255
364,361,1.44119185809255
729,743,1.44119185809255
729,414,1.44119185809255
416,792,1.44119185809255
416,414,1.44119185809255
706,792,1.44119185809255
706,414,1.44119185809255
587,792,1.44119185809255
361,383,1.44119185809255
361,471,1.44119185809255
361,69,1.44119185809255
361,10,1.44119185809255
361,371,1.44119185809255
361,542,1.44119185809255
211,414,1.44119185809255
0,792,1.44119185809255
0,370,1.44119185809255
615,743,1.44119185809255
711,560,1.44119185809255
306,743,1.44119185809255
306,792,1.44119185809255
306,414,1.44119185809255
306,370,1.44119185809255
703,743,1.44119185809255
564,250,1.44119185809255
564,381,1.44119185809255
564,414,1.44119185809255
383,792,1.44119185809255
767,774,1.44119185809255
560,95,1.44119185809255
560,475,1.44119185809255
560,533,1.44119185809255
560,516,1.44119185809255
560,835,1.44119185809255
560,24,1.44119185809255
505,792,1.44119185809255
143,743,1.44119185809255
143,414,1.44119185809255
143,256,1.44119185809255
184,250,1.44119185809255
184,414,1.44119185809255
95,716,1.44119185809255
66,256,1.44119185809255
716,574,1.44119185809255
716,24,1.44119185809255
474,381,1.44119185809255
321,370,1.44119185809255
471,792,1.44119185809255
743,545,1.44119185809255
743,62,1.44119185809255
743,424,1.44119185809255
743,10,1.44119185809255
743,456,1.44119185809255
743,322,1.44119185809255
376,370,1.44119185809255
460,792,1.44119185809255
503,774,1.44119185809255
304,381,1.44119185809255
298,250,1.44119185809255
298,792,1.44119185809255
298,370,1.44119185809255
403,792,1.44119185809255
403,414,1.44119185809255
475,381,1.44119185809255
710,256,1.44119185809255
543,792,1.44119185809255
389,792,1.44119185809255
389,414,1.44119185809255
250,644,1.44119185809255
250,10,1.44119185809255
69,792,1.44119185809255
69,370,1.44119185809255
381,807,1.44119185809255
381,441,1.44119185809255
820,256,1.44119185809255
792,293,1.44119185809255
792,793,1.44119185809255
792,424,1.44119185809255
792,371,1.44119185809255
792,678,1.44119185809255
792,228,1.44119185809255
792,515,1.44119185809255
792,542,1.44119185809255
549,370,1.44119185809255
414,293,1.44119185809255
414,62,1.44119185809255
414,424,1.44119185809255
414,10,1.44119185809255
414,228,1.44119185809255
414,290,1.44119185809255
414,515,1.44119185809255
370,793,1.44119185809255
370,424,1.44119185809255
370,10,1.44119185809255
370,15,1.44119185809255
343,684,1.4400047761139
343,833,1.4400047761139
197,833,1.4400047761139
454,684,1.4400047761139
454,833,1.4400047761139
420,684,1.4400047761139
420,833,1.4400047761139
578,817,1.4400047761139
691,684,1.4400047761139
691,833,1.4400047761139
621,684,1.4400047761139
179,684,1.4400047761139
858,817,1.4400047761139
637,684,1.4400047761139
637,833,1.4400047761139
638,833,1.4400047761139
169,684,1.4400047761139
169,833,1.4400047761139
131,833,1.4400047761139
692,684,1.4400047761139
692,833,1.4400047761139
730,817,1.4400047761139
484,684,1.4400047761139
438,684,1.4400047761139
438,833,1.4400047761139
684,481,1.4400047761139
684,707,1.4400047761139
684,198,1.4400047761139
684,429,1.4400047761139
684,333,1.4400047761139
684,713,1.4400047761139
684,386,1.4400047761139
684,157,1.4400047761139
684,264,1.4400047761139
684,37,1.4400047761139
684,53,1.4400047761139
684,650,1.4400047761139
684,731,1.4400047761139
684,112,1.4400047761139
684,302,1.4400047761139
684,227,1.4400047761139
684,696,1.4400047761139
684,324,1.4400047761139
684,358,1.4400047761139
684,423,1.4400047761139
684,83,1.4400047761139
684,339,1.4400047761139
684,748,1.4400047761139
684,571,1.4400047761139
684,453,1.4400047761139
684,507,1.4400047761139
684,747,1.4400047761139
684,452,1.4400047761139
833,707,1.4400047761139
833,305,1.4400047761139
833,713,1.4400047761139
833,157,1.4400047761139
833,37,1.4400047761139
833,731,1.4400047761139
833,302,1.4400047761139
833,483,1.4400047761139
833,227,1.4400047761139
833,696,1.4400047761139
833,339,1.4400047761139
833,748,1.4400047761139
833,652,1.4400047761139
833,571,1.4400047761139
833,507,1.4400047761139
833,452,1.4400047761139
833,685,1.4400047761139
833,828,1.4400047761139
759,817,1.4400047761139
273,817,1.4400047761139
103,817,1.4400047761139
590,817,1.4400047761139
640,817,1.4400047761139
225,817,1.4400047761139
817,465,1.4400047761139
817,814,1.4400047761139
817,604,1.4400047761139
817,260,1.4400047761139
817,864,1.4400047761139
234,684,1.43364931887649
833,846,1.43364931887649
384,817,1.43364931887649
451,11,1.42595328114318
294,11,1.42595328114318
11,262,1.42595328114318
106,378,1.42331597969964
379,378,1.42331597969964
144,378,1.42331597969964
576,254,1.41317577005829
254,123,1.41317577005829
254,124,1.41317577005829
254,17,1.41317577005829
343,616,1.4079928799138
739,616,1.4079928799138
454,616,1.4079928799138
420,616,1.4079928799138
578,149,1.4079928799138
578,86,1.4079928799138
691,616,1.4079928799138
214,86,1.4079928799138
179,85,1.4079928799138
179,149,1.4079928799138
537,86,1.4079928799138
558,616,1.4079928799138
760,616,1.4079928799138
760,86,1.4079928799138
740,616,1.4079928799138
858,149,1.4079928799138
858,86,1.4079928799138
637,85,1.4079928799138
638,149,1.4079928799138
402,616,1.4079928799138
402,86,1.4079928799138
169,616,1.4079928799138
692,616,1.4079928799138
85,484,1.4079928799138
85,380,1.4079928799138
85,667,1.4079928799138
85,682,1.4079928799138
85,274,1.4079928799138
85,329,1.4079928799138
85,822,1.4079928799138
85,713,1.4079928799138
85,411,1.4079928799138
85,53,1.4079928799138
85,126,1.4079928799138
85,483,1.4079928799138
85,606,1.4079928799138
85,541,1.4079928799138
85,840,1.4079928799138
85,762,1.4079928799138
85,562,1.4079928799138
85,122,1.4079928799138
85,55,1.4079928799138
85,586,1.4079928799138
85,20,1.4079928799138
484,149,1.4079928799138
795,616,1.4079928799138
795,86,1.4079928799138
448,616,1.4079928799138
49,149,1.4079928799138
759,149,1.4079928799138
759,86,1.4079928799138
275,149,1.4079928799138
362,616,1.4079928799138
446,616,1.4079928799138
446,86,1.4079928799138
273,149,1.4079928799138
273,86,1.4079928799138
26,149,1.4079928799138
514,616,1.4079928799138
514,86,1.4079928799138
707,616,1.4079928799138
705,616,1.4079928799138
149,305,1.4079928799138
149,686,1.4079928799138
149,590,1.4079928799138
149,53,1.4079928799138
149,640,1.4079928799138
149,225,1.4079928799138
149,579,1.4079928799138
149,650,1.4079928799138
149,409,1.4079928799138
149,235,1.4079928799138
149,814,1.4079928799138
149,737,1.4079928799138
149,312,1.4079928799138
552,616,1.4079928799138
552,86,1.4079928799138
238,86,1.4079928799138
157,616,1.4079928799138
32,616,1.4079928799138
590,86,1.4079928799138
37,616,1.4079928799138
714,616,1.4079928799138
640,86,1.4079928799138
225,86,1.4079928799138
868,616,1.4079928799138
844,86,1.4079928799138
731,616,1.4079928799138
9,616,1.4079928799138
302,616,1.4079928799138
616,592,1.4079928799138
616,227,1.4079928799138
616,696,1.4079928799138
616,672,1.4079928799138
616,632,1.4079928799138
616,339,1.4079928799138
616,748,1.4079928799138
616,571,1.4079928799138
616,221,1.4079928799138
616,507,1.4079928799138
616,452,1.4079928799138
616,861,1.4079928799138
616,148,1.4079928799138
616,828,1.4079928799138
814,86,1.4079928799138
86,603,1.4079928799138
86,221,1.4079928799138
461,645,1.39888278337907
833,780,1.38307455257196
466,576,1.38305481912534
466,721,1.38305481912534
466,462,1.38305481912534
466,17,1.38305481912534
128,647,1.38305481912534
54,137,1.38305481912534
54,291,1.38305481912534
605,137,1.38305481912534
605,866,1.38305481912534
605,583,1.38305481912534
137,145,1.38305481912534
137,488,1.38305481912534
137,100,1.38305481912534
137,377,1.38305481912534
137,63,1.38305481912534
137,729,1.38305481912534
137,416,1.38305481912534
137,706,1.38305481912534
137,587,1.38305481912534
137,306,1.38305481912534
137,505,1.38305481912534
137,403,1.38305481912534
137,69,1.38305481912534
137,293,1.38305481912534
137,62,1.38305481912534
137,793,1.38305481912534
137,424,1.38305481912534
137,228,1.38305481912534
28,583,1.38305481912534
28,123,1.38305481912534
181,282,1.38305481912534
181,658,1.38305481912534
181,583,1.38305481912534
181,123,1.38305481912534
181,124,1.38305481912534
145,282,1.38305481912534
145,658,1.38305481912534
145,799,1.38305481912534
145,291,1.38305481912534
401,647,1.38305481912534
159,866,1.38305481912534
159,583,1.38305481912534
342,282,1.38305481912534
342,493,1.38305481912534
642,296,1.38305481912534
642,866,1.38305481912534
282,505,1.38305481912534
282,475,1.38305481912534
282,785,1.38305481912534
282,644,1.38305481912534
282,567,1.38305481912534
282,216,1.38305481912534
282,15,1.38305481912534
282,441,1.38305481912534
309,799,1.38305481912534
309,493,1.38305481912534
220,647,1.38305481912534
100,296,1.38305481912534
100,799,1.38305481912534
100,576,1.38305481912534
100,721,1.38305481912534
100,223,1.38305481912534
100,35,1.38305481912534
100,17,1.38305481912534
735,698,1.38305481912534
619,291,1.38305481912534
377,296,1.38305481912534
377,88,1.38305481912534
377,799,1.38305481912534
377,223,1.38305481912534
377,788,1.38305481912534
63,613,1.38305481912534
63,583,1.38305481912534
63,123,1.38305481912534
658,132,1.38305481912534
658,505,1.38305481912534
658,259,1.38305481912534
658,474,1.38305481912534
658,415,1.38305481912534
658,475,1.38305481912534
658,785,1.38305481912534
658,800,1.38305481912534
658,644,1.38305481912534
658,567,1.38305481912534
658,357,1.38305481912534
658,15,1.38305481912534
658,441,1.38305481912534
742,613,1.38305481912534
742,296,1.38305481912534
742,88,1.38305481912534
742,799,1.38305481912534
742,223,1.38305481912534
742,124,1.38305481912534
742,788,1.38305481912534
613,364,1.38305481912534
613,729,1.38305481912534
613,306,1.38305481912534
613,505,1.38305481912534
613,321,1.38305481912534
613,389,1.38305481912534
613,549,1.38305481912534
613,255,1.38305481912534
613,62,1.38305481912534
613,424,1.38305481912534
613,10,1.38305481912534
613,314,1.38305481912534
613,290,1.38305481912534
613,515,1.38305481912534
613,15,1.38305481912534
132,799,1.38305481912534
132,291,1.38305481912534
849,291,1.38305481912534
5,296,1.38305481912534
5,576,1.38305481912534
5,721,1.38305481912534
5,462,1.38305481912534
5,17,1.38305481912534
405,647,1.38305481912534
599,866,1.38305481912534
599,576,1.38305481912534
599,721,1.38305481912534
599,462,1.38305481912534
599,17,1.38305481912534
296,615,1.38305481912534
296,66,1.38305481912534
296,800,1.38305481912534
296,545,1.38305481912534
296,255,1.38305481912534
296,764,1.38305481912534
296,10,1.38305481912534
296,314,1.38305481912534
296,673,1.38305481912534
296,322,1.38305481912534
718,576,1.38305481912534
718,721,1.38305481912534
718,462,1.38305481912534
718,17,1.38305481912534
729,124,1.38305481912534
413,462,1.38305481912534
416,583,1.38305481912534
416,799,1.38305481912534
866,615,1.38305481912534
866,383,1.38305481912534
866,471,1.38305481912534
866,460,1.38305481912534
866,69,1.38305481912534
866,545,1.38305481912534
866,371,1.38305481912534
866,456,1.38305481912534
866,678,1.38305481912534
866,322,1.38305481912534
866,542,1.38305481912534
706,799,1.38305481912534
587,583,1.38305481912534
587,698,1.38305481912534
587,123,1.38305481912534
88,564,1.38305481912534
88,184,1.38305481912534
88,14,1.38305481912534
88,298,1.38305481912534
88,644,1.38305481912534
88,10,1.38305481912534
88,116,1.38305481912534
88,290,1.38305481912534
88,515,1.38305481912534
583,0,1.38305481912534
583,440,1.38305481912534
583,306,1.38305481912534
583,383,1.38305481912534
583,505,1.38305481912534
583,471,1.38305481912534
583,460,1.38305481912534
583,298,1.38305481912534
583,543,1.38305481912534
583,389,1.38305481912534
583,793,1.38305481912534
583,424,1.38305481912534
583,371,1.38305481912534
583,678,1.38305481912534
583,515,1.38305481912534
583,542,1.38305481912534
211,576,1.38305481912534
211,721,1.38305481912534
211,17,1.38305481912534
0,123,1.38305481912534
0,124,1.38305481912534
306,123,1.38305481912534
698,338,1.38305481912534
698,857,1.38305481912534
698,819,1.38305481912534
698,389,1.38305481912534
698,183,1.38305481912534
698,226,1.38305481912534
698,253,1.38305481912534
698,793,1.38305481912534
698,237,1.38305481912534
698,290,1.38305481912534
698,515,1.38305481912534
564,576,1.38305481912534
564,721,1.38305481912534
564,35,1.38305481912534
564,788,1.38305481912534
564,17,1.38305481912534
71,321,1.38305481912534
71,415,1.38305481912534
71,549,1.38305481912534
71,15,1.38305481912534
799,95,1.38305481912534
799,403,1.38305481912534
799,475,1.38305481912534
799,293,1.38305481912534
799,357,1.38305481912534
799,10,1.38305481912534
799,228,1.38305481912534
799,24,1.38305481912534
799,441,1.38305481912534
576,143,1.38305481912534
576,184,1.38305481912534
576,66,1.38305481912534
576,321,1.38305481912534
576,710,1.38305481912534
576,800,1.38305481912534
576,820,1.38305481912534
576,549,1.38305481912534
576,314,1.38305481912534
576,456,1.38305481912534
576,15,1.38305481912534
338,493,1.38305481912534
143,721,1.38305481912534
143,462,1.38305481912534
143,17,1.38305481912534
184,721,1.38305481912534
184,17,1.38305481912534
95,35,1.38305481912534
95,788,1.38305481912534
721,14,1.38305481912534
721,710,1.38305481912534
721,800,1.38305481912534
721,820,1.38305481912534
721,314,1.38305481912534
721,673,1.38305481912534
721,456,1.38305481912534
721,568,1.38305481912534
66,462,1.38305481912534
66,17,1.38305481912534
474,291,1.38305481912534
321,462,1.38305481912534
321,17,1.38305481912534
665,223,1.38305481912534
330,647,1.38305481912534
376,123,1.38305481912534
291,475,1.38305481912534
291,800,1.38305481912534
291,764,1.38305481912534
291,357,1.38305481912534
291,441,1.38305481912534
223,10,1.38305481912534
188,124,1.38305481912534
298,123,1.38305481912534
298,124,1.38305481912534
298,35,1.38305481912534
298,788,1.38305481912534
710,17,1.38305481912534
493,389,1.38305481912534
493,807,1.38305481912534
493,290,1.38305481912534
493,515,1.38305481912534
543,123,1.38305481912534
123,389,1.38305481912534
123,69,1.38305481912534
123,183,1.38305481912534
123,793,1.38305481912534
123,424,1.38305481912534
123,515,1.38305481912534
69,124,1.38305481912534
800,462,1.38305481912534
800,17,1.38305481912534
644,35,1.38305481912534
644,788,1.38305481912534
205,35,1.38305481912534
820,462,1.38305481912534
820,17,1.38305481912534
549,462,1.38305481912534
549,17,1.38305481912534
462,314,1.38305481912534
462,673,1.38305481912534
462,456,1.38305481912534
462,15,1.38305481912534
62,124,1.38305481912534
647,284,1.38305481912534
124,793,1.38305481912534
124,10,1.38305481912534
124,314,1.38305481912534
35,568,1.38305481912534
10,788,1.38305481912534
788,568,1.38305481912534
314,17,1.38305481912534
216,17,1.38305481912534
17,456,1.38305481912534
17,15,1.38305481912534
343,191,1.38195399320219
197,191,1.38195399320219
454,191,1.38195399320219
420,191,1.38195399320219
578,384,1.38195399320219
185,234,1.38195399320219
691,191,1.38195399320219
621,234,1.38195399320219
234,535,1.38195399320219
234,367,1.38195399320219
234,242,1.38195399320219
234,775,1.38195399320219
234,333,1.38195399320219
234,329,1.38195399320219
234,12,1.38195399320219
234,264,1.38195399320219
234,550,1.38195399320219
234,650,1.38195399320219
234,813,1.38195399320219
234,762,1.38195399320219
234,734,1.38195399320219
234,562,1.38195399320219
234,328,1.38195399320219
234,580,1.38195399320219
234,55,1.38195399320219
234,823,1.38195399320219
234,681,1.38195399320219
179,191,1.38195399320219
693,846,1.38195399320219
422,846,1.38195399320219
740,846,1.38195399320219
858,384,1.38195399320219
169,191,1.38195399320219
692,191,1.38195399320219
297,191,1.38195399320219
484,191,1.38195399320219
248,384,1.38195399320219
554,384,1.38195399320219
759,384,1.38195399320219
273,384,1.38195399320219
191,707,1.38195399320219
191,34,1.38195399320219
191,157,1.38195399320219
191,467,1.38195399320219
191,130,1.38195399320219
191,37,1.38195399320219
191,53,1.38195399320219
191,579,1.38195399320219
191,731,1.38195399320219
191,302,1.38195399320219
191,409,1.38195399320219
191,483,1.38195399320219
191,213,1.38195399320219
191,227,1.38195399320219
191,696,1.38195399320219
191,233,1.38195399320219
191,339,1.38195399320219
191,748,1.38195399320219
191,652,1.38195399320219
191,571,1.38195399320219
191,507,1.38195399320219
191,452,1.38195399320219
191,685,1.38195399320219
346,384,1.38195399320219
303,846,1.38195399320219
436,384,1.38195399320219
676,384,1.38195399320219
172,846,1.38195399320219
427,846,1.38195399320219
846,32,1.38195399320219
846,279,1.38195399320219
846,319,1.38195399320219
846,9,1.38195399320219
846,483,1.38195399320219
846,353,1.38195399320219
846,592,1.38195399320219
846,653,1.38195399320219
846,584,1.38195399320219
846,652,1.38195399320219
846,821,1.38195399320219
846,685,1.38195399320219
265,384,1.38195399320219
384,590,1.38195399320219
384,761,1.38195399320219
384,640,1.38195399320219
384,225,1.38195399320219
384,827,1.38195399320219
384,19,1.38195399320219
384,803,1.38195399320219
384,751,1.38195399320219
384,814,1.38195399320219
384,387,1.38195399320219
384,727,1.38195399320219
384,171,1.38195399320219
384,652,1.38195399320219
384,685,1.38195399320219
384,636,1.38195399320219
384,841,1.38195399320219
85,846,1.37576750004919
384,616,1.37576750004919
384,86,1.37576750004919
463,495,1.3618366239945
463,476,1.3618366239945
463,133,1.3618366239945
463,671,1.3618366239945
463,700,1.3618366239945
463,84,1.3618366239945
80,744,1.3618366239945
80,594,1.3618366239945
80,408,1.3618366239945
80,572,1.3618366239945
80,344,1.3618366239945
80,278,1.3618366239945
80,688,1.3618366239945
80,92,1.3618366239945
80,27,1.3618366239945
80,129,1.3618366239945
80,732,1.3618366239945
80,690,1.3618366239945
80,430,1.3618366239945
80,332,1.3618366239945
80,834,1.3618366239945
80,366,1.3618366239945
787,859,1.3618366239945
787,539,1.3618366239945
787,247,1.3618366239945
25,163,1.3618366239945
61,249,1.3618366239945
61,477,1.3618366239945
61,494,1.3618366239945
61,382,1.3618366239945
61,572,1.3618366239945
61,784,1.3618366239945
61,469,1.3618366239945
61,336,1.3618366239945
61,44,1.3618366239945
61,479,1.3618366239945
61,487,1.3618366239945
61,551,1.3618366239945
61,492,1.3618366239945
61,272,1.3618366239945
61,230,1.3618366239945
61,752,1.3618366239945
61,167,1.3618366239945
61,430,1.3618366239945
61,332,1.3618366239945
495,754,1.3618366239945
249,352,1.3618366239945
561,325,1.3618366239945
561,536,1.3618366239945
561,421,1.3618366239945
561,92,1.3618366239945
561,487,1.3618366239945
561,732,1.3618366239945
561,601,1.3618366239945
561,694,1.3618366239945
561,263,1.3618366239945
561,232,1.3618366239945
561,512,1.3618366239945
561,151,1.3618366239945
561,332,1.3618366239945
561,366,1.3618366239945
477,500,1.3618366239945
477,73,1.3618366239945
477,252,1.3618366239945
477,21,1.3618366239945
518,239,1.3618366239945
518,316,1.3618366239945
518,765,1.3618366239945
518,777,1.3618366239945
518,510,1.3618366239945
518,717,1.3618366239945
518,215,1.3618366239945
476,811,1.3618366239945
152,313,1.3618366239945
152,570,1.3618366239945
152,39,1.3618366239945
152,623,1.3618366239945
152,526,1.3618366239945
152,393,1.3618366239945
152,239,1.3618366239945
152,41,1.3618366239945
152,421,1.3618366239945
152,755,1.3618366239945
152,688,1.3618366239945
152,701,1.3618366239945
152,778,1.3618366239945
152,114,1.3618366239945
152,57,1.3618366239945
152,732,1.3618366239945
152,29,1.3618366239945
152,690,1.3618366239945
152,301,1.3618366239945
152,717,1.3618366239945
152,59,1.3618366239945
152,215,1.3618366239945
313,661,1.3618366239945
313,539,1.3618366239945
313,247,1.3618366239945
313,97,1.3618366239945
757,352,1.3618366239945
570,646,1.3618366239945
570,163,1.3618366239945
570,73,1.3618366239945
133,811,1.3618366239945
133,352,1.3618366239945
709,811,1.3618366239945
709,754,1.3618366239945
744,6,1.3618366239945
744,156,1.3618366239945
744,247,1.3618366239945
744,500,1.3618366239945
661,623,1.3618366239945
661,536,1.3618366239945
661,526,1.3618366239945
661,393,1.3618366239945
661,408,1.3618366239945
661,278,1.3618366239945
661,755,1.3618366239945
661,688,1.3618366239945
661,129,1.3618366239945
661,732,1.3618366239945
661,365,1.3618366239945
661,301,1.3618366239945
661,717,1.3618366239945
661,59,1.3618366239945
661,430,1.3618366239945
661,215,1.3618366239945
661,497,1.3618366239945
39,646,1.3618366239945
39,73,1.3618366239945
325,811,1.3618366239945
325,138,1.3618366239945
623,539,1.3618366239945
623,247,1.3618366239945
623,97,1.3618366239945
494,352,1.3618366239945
536,6,1.3618366239945
536,539,1.3618366239945
536,247,1.3618366239945
2,283,1.3618366239945
526,539,1.3618366239945
526,247,1.3618366239945
526,97,1.3618366239945
393,617,1.3618366239945
393,524,1.3618366239945
239,617,1.3618366239945
239,247,1.3618366239945
239,523,1.3618366239945
594,283,1.3618366239945
594,156,1.3618366239945
594,163,1.3618366239945
408,156,1.3618366239945
408,539,1.3618366239945
408,500,1.3618366239945
856,848,1.3618366239945
856,496,1.3618366239945
382,352,1.3618366239945
572,283,1.3618366239945
572,156,1.3618366239945
572,500,1.3618366239945
572,163,1.3618366239945
572,73,1.3618366239945
316,523,1.3618366239945
344,6,1.3618366239945
344,156,1.3618366239945
344,247,1.3618366239945
6,114,1.3618366239945
6,690,1.3618366239945
6,497,1.3618366239945
617,365,1.3618366239945
617,717,1.3618366239945
617,59,1.3618366239945
617,215,1.3618366239945
784,283,1.3618366239945
784,500,1.3618366239945
784,73,1.3618366239945
283,839,1.3618366239945
283,766,1.3618366239945
283,469,1.3618366239945
283,336,1.3618366239945
283,794,1.3618366239945
283,629,1.3618366239945
283,27,1.3618366239945
283,68,1.3618366239945
283,487,1.3618366239945
283,29,1.3618366239945
283,786,1.3618366239945
283,272,1.3618366239945
283,758,1.3618366239945
283,43,1.3618366239945
283,395,1.3618366239945
283,430,1.3618366239945
283,855,1.3618366239945
765,523,1.3618366239945
156,278,1.3618366239945
156,688,1.3618366239945
156,92,1.3618366239945
156,27,1.3618366239945
156,129,1.3618366239945
156,732,1.3618366239945
156,690,1.3618366239945
156,430,1.3618366239945
156,332,1.3618366239945
156,834,1.3618366239945
156,366,1.3618366239945
577,859,1.3618366239945
577,204,1.3618366239945
41,646,1.3618366239945
41,163,1.3618366239945
848,276,1.3618366239945
848,758,1.3618366239945
848,694,1.3618366239945
848,627,1.3618366239945
288,500,1.3618366239945
626,352,1.3618366239945
278,539,1.3618366239945
278,500,1.3618366239945
421,646,1.3618366239945
421,163,1.3618366239945
755,539,1.3618366239945
755,247,1.3618366239945
755,97,1.3618366239945
755,163,1.3618366239945
688,539,1.3618366239945
688,646,1.3618366239945
701,97,1.3618366239945
701,646,1.3618366239945
701,163,1.3618366239945
469,500,1.3618366239945
469,73,1.3618366239945
336,500,1.3618366239945
336,73,1.3618366239945
44,97,1.3618366239945
92,811,1.3618366239945
92,252,1.3618366239945
92,138,1.3618366239945
27,500,1.3618366239945
27,163,1.3618366239945
777,524,1.3618366239945
777,646,1.3618366239945
777,523,1.3618366239945
778,646,1.3618366239945
778,163,1.3618366239945
129,539,1.3618366239945
811,487,1.3618366239945
811,732,1.3618366239945
811,694,1.3618366239945
811,151,1.3618366239945
811,332,1.3618366239945
811,366,1.3618366239945
3,73,1.3618366239945
660,500,1.3618366239945
660,73,1.3618366239945
660,252,1.3618366239945
660,21,1.3618366239945
510,523,1.3618366239945
620,247,1.3618366239945
620,500,1.3618366239945
114,97,1.3618366239945
57,646,1.3618366239945
57,163,1.3618366239945
57,252,1.3618366239945
539,732,1.3618366239945
539,301,1.3618366239945
539,717,1.3618366239945
539,430,1.3618366239945
539,215,1.3618366239945
539,497,1.3618366239945
487,500,1.3618366239945
487,73,1.3618366239945
487,138,1.3618366239945
247,732,1.3618366239945
247,365,1.3618366239945
247,717,1.3618366239945
247,215,1.3618366239945
247,497,1.3618366239945
500,732,1.3618366239945
500,492,1.3618366239945
500,272,1.3618366239945
500,752,1.3618366239945
500,430,1.3618366239945
551,352,1.3618366239945
732,97,1.3618366239945
732,138,1.3618366239945
29,646,1.3618366239945
272,97,1.3618366239945
272,73,1.3618366239945
272,252,1.3618366239945
276,204,1.3618366239945
276,496,1.3618366239945
84,352,1.3618366239945
46,73,1.3618366239945
524,365,1.3618366239945
524,59,1.3618366239945
524,855,1.3618366239945
524,497,1.3618366239945
97,690,1.3618366239945
97,301,1.3618366239945
646,365,1.3618366239945
646,855,1.3618366239945
646,497,1.3618366239945
204,627,1.3618366239945
204,113,1.3618366239945
204,834,1.3618366239945
758,496,1.3618366239945
758,21,1.3618366239945
365,163,1.3618366239945
523,717,1.3618366239945
523,215,1.3618366239945
352,230,1.3618366239945
352,167,1.3618366239945
352,509,1.3618366239945
694,200,1.3618366239945
694,138,1.3618366239945
694,496,1.3618366239945
43,200,1.3618366239945
752,73,1.3618366239945
200,627,1.3618366239945
200,113,1.3618366239945
151,138,1.3618366239945
73,430,1.3618366239945
252,82,1.3618366239945
138,332,1.3618366239945
138,366,1.3618366239945
627,496,1.3618366239945
21,94,1.3618366239945
197,472,1.36053524542443
42,472,1.36053524542443
175,780,1.36053524542443
175,472,1.36053524542443
385,472,1.36053524542443
90,472,1.36053524542443
174,472,1.36053524542443
847,780,1.36053524542443
847,472,1.36053524542443
179,780,1.36053524542443
666,780,1.36053524542443
666,472,1.36053524542443
638,780,1.36053524542443
638,472,1.36053524542443
588,780,1.36053524542443
588,472,1.36053524542443
622,472,1.36053524542443
410,780,1.36053524542443
410,472,1.36053524542443
484,780,1.36053524542443
809,472,1.36053524542443
299,780,1.36053524542443
299,472,1.36053524542443
248,780,1.36053524542443
438,472,1.36053524542443
670,780,1.36053524542443
49,780,1.36053524542443
49,472,1.36053524542443
554,780,1.36053524542443
464,780,1.36053524542443
464,472,1.36053524542443
67,472,1.36053524542443
311,472,1.36053524542443
699,780,1.36053524542443
699,472,1.36053524542443
455,780,1.36053524542443
455,472,1.36053524542443
107,472,1.36053524542443
447,780,1.36053524542443
447,472,1.36053524542443
292,780,1.36053524542443
292,472,1.36053524542443
305,780,1.36053524542443
305,472,1.36053524542443
265,780,1.36053524542443
805,472,1.36053524542443
686,780,1.36053524542443
686,472,1.36053524542443
816,472,1.36053524542443
704,472,1.36053524542443
761,780,1.36053524542443
780,53,1.36053524542443
780,341,1.36053524542443
780,826,1.36053524542443
780,579,1.36053524542443
780,347,1.36053524542443
780,409,1.36053524542443
780,751,1.36053524542443
780,235,1.36053524542443
780,171,1.36053524542443
780,118,1.36053524542443
780,683,1.36053524542443
780,312,1.36053524542443
780,457,1.36053524542443
780,652,1.36053524542443
780,119,1.36053524542443
780,473,1.36053524542443
780,685,1.36053524542443
780,78,1.36053524542443
780,1,1.36053524542443
782,472,1.36053524542443
556,472,1.36053524542443
445,472,1.36053524542443
826,472,1.36053524542443
127,472,1.36053524542443
235,472,1.36053524542443
540,472,1.36053524542443
219,472,1.36053524542443
30,472,1.36053524542443
584,472,1.36053524542443
118,472,1.36053524542443
683,472,1.36053524542443
312,472,1.36053524542443
96,472,1.36053524542443
457,472,1.36053524542443
119,472,1.36053524542443
473,472,1.36053524542443
472,22,1.36053524542443
472,78,1.36053524542443
472,1,1.36053524542443
11,557,1.36045915979983
294,378,1.35260973351461
664,355,1.35064709850315
806,355,1.35064709850315
862,355,1.35064709850315
654,355,1.35064709850315
80,79,1.3446973854695
561,79,1.3446973854695
661,79,1.3446973854695
79,617,1.3446973854695
79,283,1.3446973854695
79,156,1.3446973854695
79,811,1.3446973854695
79,859,1.3446973854695
79,247,1.3446973854695
79,500,1.3446973854695
79,524,1.3446973854695
79,97,1.3446973854695
530,486,1.34403951633663
530,406,1.34403951633663
530,345,1.34403951633663
648,630,1.34403951633663
648,756,1.34403951633663
648,508,1.34403951633663
648,712,1.34403951633663
268,728,1.34403951633663
268,285,1.34403951633663
268,195,1.34403951633663
268,182,1.34403951633663
268,529,1.34403951633663
354,375,1.34403951633663
482,768,1.34403951633663
482,695,1.34403951633663
482,89,1.34403951633663
482,351,1.34403951633663
482,266,1.34403951633663
482,375,1.34403951633663
850,639,1.34403951633663
850,399,1.34403951633663
639,625,1.34403951633663
639,722,1.34403951633663
639,399,1.34403951633663
639,618,1.34403951633663
176,266,1.34403951633663
486,529,1.34403951633663
398,812,1.34403951633663
630,768,1.34403951633663
630,756,1.34403951633663
630,508,1.34403951633663
150,285,1.34403951633663
150,77,1.34403951633663
150,356,1.34403951633663
548,812,1.34403951633663
548,267,1.34403951633663
548,804,1.34403951633663
548,350,1.34403951633663
548,837,1.34403951633663
595,266,1.34403951633663
768,89,1.34403951633663
768,266,1.34403951633663
768,662,1.34403951633663
768,375,1.34403951633663
812,267,1.34403951633663
812,350,1.34403951633663
812,194,1.34403951633663
812,830,1.34403951633663
812,105,1.34403951633663
812,649,1.34403951633663
695,804,1.34403951633663
695,285,1.34403951633663
695,399,1.34403951633663
695,182,1.34403951633663
695,649,1.34403951633663
625,722,1.34403951633663
625,399,1.34403951633663
485,375,1.34403951633663
267,350,1.34403951633663
267,830,1.34403951633663
804,193,1.34403951633663
804,285,1.34403951633663
804,687,1.34403951633663
804,105,1.34403951633663
147,756,1.34403951633663
147,4,1.34403951633663
147,581,1.34403951633663
147,450,1.34403951633663
147,677,1.34403951633663
406,712,1.34403951633663
193,837,1.34403951633663
193,89,1.34403951633663
193,351,1.34403951633663
728,285,1.34403951633663
728,195,1.34403951633663
728,581,1.34403951633663
728,208,1.34403951633663
728,529,1.34403951633663
756,508,1.34403951633663
756,351,1.34403951633663
285,195,1.34403951633663
285,375,1.34403951633663
285,529,1.34403951633663
350,830,1.34403951633663
350,105,1.34403951633663
350,618,1.34403951633663
4,450,1.34403951633663
345,712,1.34403951633663
345,662,1.34403951633663
243,266,1.34403951633663
195,399,1.34403951633663
508,830,1.34403951633663
77,182,1.34403951633663
356,182,1.34403951633663
722,399,1.34403951633663
697,266,1.34403951633663
687,837,1.34403951633663
687,89,1.34403951633663
687,351,1.34403951633663
837,105,1.34403951633663
628,266,1.34403951633663
89,266,1.34403951633663
89,105,1.34403951633663
89,662,1.34403951633663
89,375,1.34403951633663
351,581,1.34403951633663
351,105,1.34403951633663
351,662,1.34403951633663
399,208,1.34403951633663
399,529,1.34403951633663
182,208,1.34403951633663
182,649,1.34403951633663
266,662,1.34403951633663
266,618,1.34403951633663
105,618,1.34403951633663
105,649,1.34403951633663
662,375,1.34403951633663
208,649,1.34403951633663
466,806,1.34374948004463
466,593,1.34374948004463
466,434,1.34374948004463
466,569,1.34374948004463
466,831,1.34374948004463
136,593,1.34374948004463
136,831,1.34374948004463
136,231,1.34374948004463
136,498,1.34374948004463
605,569,1.34374948004463
605,689,1.34374948004463
605,771,1.34374948004463
605,396,1.34374948004463
605,498,1.34374948004463
28,280,1.34374948004463
28,434,1.34374948004463
28,318,1.34374948004463
181,72,1.34374948004463
280,309,1.34374948004463
280,100,1.34374948004463
280,413,1.34374948004463
280,587,1.34374948004463
280,211,1.34374948004463
280,564,1.34374948004463
280,120,1.34374948004463
280,184,1.34374948004463
280,95,1.34374948004463
280,559,1.34374948004463
280,543,1.34374948004463
280,307,1.34374948004463
280,290,1.34374948004463
280,24,1.34374948004463
145,72,1.34374948004463
664,115,1.34374948004463
664,718,1.34374948004463
664,413,1.34374948004463
664,184,1.34374948004463
664,95,1.34374948004463
664,66,1.34374948004463
664,439,1.34374948004463
664,62,1.34374948004463
664,835,1.34374948004463
664,568,1.34374948004463
401,831,1.34374948004463
401,231,1.34374948004463
401,498,1.34374948004463
159,318,1.34374948004463
404,725,1.34374948004463
404,498,1.34374948004463
488,862,1.34374948004463
488,725,1.34374948004463
187,725,1.34374948004463
187,498,1.34374948004463
342,72,1.34374948004463
642,806,1.34374948004463
642,593,1.34374948004463
642,434,1.34374948004463
642,569,1.34374948004463
642,831,1.34374948004463
642,689,1.34374948004463
642,654,1.34374948004463
76,72,1.34374948004463
309,396,1.34374948004463
100,593,1.34374948004463
100,631,1.34374948004463
100,771,1.34374948004463
735,569,1.34374948004463
735,689,1.34374948004463
377,593,1.34374948004463
377,231,1.34374948004463
115,72,1.34374948004463
806,599,1.34374948004463
806,729,1.34374948004463
806,615,1.34374948004463
806,440,1.34374948004463
806,703,1.34374948004463
806,259,1.34374948004463
806,321,1.34374948004463
806,545,1.34374948004463
806,549,1.34374948004463
806,456,1.34374948004463
806,322,1.34374948004463
806,15,1.34374948004463
63,434,1.34374948004463
63,654,1.34374948004463
363,725,1.34374948004463
363,498,1.34374948004463
224,725,1.34374948004463
224,498,1.34374948004463
443,725,1.34374948004463
443,498,1.34374948004463
742,593,1.34374948004463
742,434,1.34374948004463
742,231,1.34374948004463
742,654,1.34374948004463
593,599,1.34374948004463
593,615,1.34374948004463
593,321,1.34374948004463
593,14,1.34374948004463
593,389,1.34374948004463
593,545,1.34374948004463
593,549,1.34374948004463
593,10,1.34374948004463
593,456,1.34374948004463
593,322,1.34374948004463
593,15,1.34374948004463
862,415,1.34374948004463
862,400,1.34374948004463
862,376,1.34374948004463
862,506,1.34374948004463
862,596,1.34374948004463
862,854,1.34374948004463
838,725,1.34374948004463
838,498,1.34374948004463
849,318,1.34374948004463
5,589,1.34374948004463
5,654,1.34374948004463
599,434,1.34374948004463
599,569,1.34374948004463
599,831,1.34374948004463
599,689,1.34374948004463
668,718,1.34374948004463
668,706,1.34374948004463
668,440,1.34374948004463
668,143,1.34374948004463
668,403,1.34374948004463
668,820,1.34374948004463
668,293,1.34374948004463
668,228,1.34374948004463
718,569,1.34374948004463
718,589,1.34374948004463
364,654,1.34374948004463
364,396,1.34374948004463
729,434,1.34374948004463
729,654,1.34374948004463
416,231,1.34374948004463
416,771,1.34374948004463
416,498,1.34374948004463
706,231,1.34374948004463
706,771,1.34374948004463
706,498,1.34374948004463
211,589,1.34374948004463
211,498,1.34374948004463
434,615,1.34374948004463
434,306,1.34374948004463
434,543,1.34374948004463
434,389,1.34374948004463
434,545,1.34374948004463
434,62,1.34374948004463
434,793,1.34374948004463
434,424,1.34374948004463
434,10,1.34374948004463
434,456,1.34374948004463
434,322,1.34374948004463
434,515,1.34374948004463
615,569,1.34374948004463
615,831,1.34374948004463
615,689,1.34374948004463
615,654,1.34374948004463
569,338,1.34374948004463
569,143,1.34374948004463
569,857,1.34374948004463
569,819,1.34374948004463
569,389,1.34374948004463
569,69,1.34374948004463
569,820,1.34374948004463
569,545,1.34374948004463
569,226,1.34374948004463
569,456,1.34374948004463
569,290,1.34374948004463
569,322,1.34374948004463
569,515,1.34374948004463
746,725,1.34374948004463
746,498,1.34374948004463
306,654,1.34374948004463
703,725,1.34374948004463
564,231,1.34374948004463
564,631,1.34374948004463
564,771,1.34374948004463
160,318,1.34374948004463
383,318,1.34374948004463
589,143,1.34374948004463
589,184,1.34374948004463
589,95,1.34374948004463
589,206,1.34374948004463
589,298,1.34374948004463
589,644,1.34374948004463
589,820,1.34374948004463
589,13,1.34374948004463
589,216,1.34374948004463
589,673,1.34374948004463
589,568,1.34374948004463
338,689,1.34374948004463
505,654,1.34374948004463
505,72,1.34374948004463
337,725,1.34374948004463
337,498,1.34374948004463
143,831,1.34374948004463
143,725,1.34374948004463
184,231,1.34374948004463
184,631,1.34374948004463
184,771,1.34374948004463
95,396,1.34374948004463
66,654,1.34374948004463
474,72,1.34374948004463
321,631,1.34374948004463
471,318,1.34374948004463
857,689,1.34374948004463
831,710,1.34374948004463
831,545,1.34374948004463
831,456,1.34374948004463
831,322,1.34374948004463
415,631,1.34374948004463
415,72,1.34374948004463
400,725,1.34374948004463
376,725,1.34374948004463
376,396,1.34374948004463
824,725,1.34374948004463
824,498,1.34374948004463
188,318,1.34374948004463
14,231,1.34374948004463
298,231,1.34374948004463
298,631,1.34374948004463
298,771,1.34374948004463
298,498,1.34374948004463
403,231,1.34374948004463
403,771,1.34374948004463
403,498,1.34374948004463
475,72,1.34374948004463
785,72,1.34374948004463
819,689,1.34374948004463
231,389,1.34374948004463
231,644,1.34374948004463
231,293,1.34374948004463
231,10,1.34374948004463
231,228,1.34374948004463
389,689,1.34374948004463
389,654,1.34374948004463
389,725,1.34374948004463
389,318,1.34374948004463
596,725,1.34374948004463
69,689,1.34374948004463
69,771,1.34374948004463
69,396,1.34374948004463
69,498,1.34374948004463
631,644,1.34374948004463
631,549,1.34374948004463
631,15,1.34374948004463
800,654,1.34374948004463
800,72,1.34374948004463
644,771,1.34374948004463
644,498,1.34374948004463
205,72,1.34374948004463
689,545,1.34374948004463
689,226,1.34374948004463
689,456,1.34374948004463
689,290,1.34374948004463
689,322,1.34374948004463
689,515,1.34374948004463
545,654,1.34374948004463
654,255,1.34374948004463
654,62,1.34374948004463
654,424,1.34374948004463
654,10,1.34374948004463
654,314,1.34374948004463
654,673,1.34374948004463
654,290,1.34374948004463
654,322,1.34374948004463
654,515,1.34374948004463
725,854,1.34374948004463
725,738,1.34374948004463
725,807,1.34374948004463
725,116,1.34374948004463
725,109,1.34374948004463
725,290,1.34374948004463
725,515,1.34374948004463
293,771,1.34374948004463
293,498,1.34374948004463
183,318,1.34374948004463
183,396,1.34374948004463
738,498,1.34374948004463
255,396,1.34374948004463
567,72,1.34374948004463
318,371,1.34374948004463
318,290,1.34374948004463
318,515,1.34374948004463
318,542,1.34374948004463
253,498,1.34374948004463
72,15,1.34374948004463
72,441,1.34374948004463
771,228,1.34374948004463
396,24,1.34374948004463
109,498,1.34374948004463
228,498,1.34374948004463
343,645,1.34273457129206
454,645,1.34273457129206
420,645,1.34273457129206
691,645,1.34273457129206
179,645,1.34273457129206
422,645,1.34273457129206
637,645,1.34273457129206
169,645,1.34273457129206
692,645,1.34273457129206
484,645,1.34273457129206
481,645,1.34273457129206
275,645,1.34273457129206
26,645,1.34273457129206
645,707,1.34273457129206
645,303,1.34273457129206
645,198,1.34273457129206
645,429,1.34273457129206
645,172,1.34273457129206
645,427,1.34273457129206
645,170,1.34273457129206
645,713,1.34273457129206
645,386,1.34273457129206
645,157,1.34273457129206
645,37,1.34273457129206
645,53,1.34273457129206
645,279,1.34273457129206
645,319,1.34273457129206
645,650,1.34273457129206
645,769,1.34273457129206
645,731,1.34273457129206
645,112,1.34273457129206
645,302,1.34273457129206
645,353,1.34273457129206
645,737,1.34273457129206
645,227,1.34273457129206
645,653,1.34273457129206
645,47,1.34273457129206
645,696,1.34273457129206
645,324,1.34273457129206
645,358,1.34273457129206
645,423,1.34273457129206
645,83,1.34273457129206
645,339,1.34273457129206
645,748,1.34273457129206
645,652,1.34273457129206
645,571,1.34273457129206
645,453,1.34273457129206
645,507,1.34273457129206
645,747,1.34273457129206
645,452,1.34273457129206
645,685,1.34273457129206
645,828,1.34273457129206
645,591,1.34273457129206
846,384,1.33493672469341
280,254,1.33046750711994
589,254,1.33046750711994
831,254,1.33046750711994
254,631,1.33046750711994
385,11,1.32780044817913
90,11,1.32780044817913
158,11,1.32780044817913
380,11,1.32780044817913
667,11,1.32780044817913
274,11,1.32780044817913
565,11,1.32780044817913
822,11,1.32780044817913
11,411,1.32780044817913
11,579,1.32780044817913
11,126,1.32780044817913
11,540,1.32780044817913
11,606,1.32780044817913
11,219,1.32780044817913
11,541,1.32780044817913
11,840,1.32780044817913
11,30,1.32780044817913
11,867,1.32780044817913
11,96,1.32780044817913
11,122,1.32780044817913
11,586,1.32780044817913
11,36,1.32780044817913
11,20,1.32780044817913
842,153,1.31633177957192
842,560,1.31633177957192
787,414,1.31633177957192
25,829,1.31633177957192
25,257,1.31633177957192
25,361,1.31633177957192
25,250,1.31633177957192
25,370,1.31633177957192
495,560,1.31633177957192
477,414,1.31633177957192
477,370,1.31633177957192
478,300,1.31633177957192
478,381,1.31633177957192
829,570,1.31633177957192
829,744,1.31633177957192
829,408,1.31633177957192
829,344,1.31633177957192
829,765,1.31633177957192
829,41,1.31633177957192
829,278,1.31633177957192
829,421,1.31633177957192
829,688,1.31633177957192
829,701,1.31633177957192
829,777,1.31633177957192
829,778,1.31633177957192
829,129,1.31633177957192
829,57,1.31633177957192
829,29,1.31633177957192
829,700,1.31633177957192
829,601,1.31633177957192
829,365,1.31633177957192
829,690,1.31633177957192
829,430,1.31633177957192
829,855,1.31633177957192
829,497,1.31633177957192
476,315,1.31633177957192
476,560,1.31633177957192
651,300,1.31633177957192
651,381,1.31633177957192
470,300,1.31633177957192
313,256,1.31633177957192
153,757,1.31633177957192
153,133,1.31633177957192
153,709,1.31633177957192
153,494,1.31633177957192
153,382,1.31633177957192
153,626,1.31633177957192
153,84,1.31633177957192
153,230,1.31633177957192
153,151,1.31633177957192
757,560,1.31633177957192
757,716,1.31633177957192
570,257,1.31633177957192
570,361,1.31633177957192
257,856,1.31633177957192
257,41,1.31633177957192
257,421,1.31633177957192
257,701,1.31633177957192
257,778,1.31633177957192
257,57,1.31633177957192
257,29,1.31633177957192
257,276,1.31633177957192
257,758,1.31633177957192
257,365,1.31633177957192
257,834,1.31633177957192
709,315,1.31633177957192
744,743,1.31633177957192
744,792,1.31633177957192
300,802,1.31633177957192
300,408,1.31633177957192
300,577,1.31633177957192
300,288,1.31633177957192
300,278,1.31633177957192
300,27,1.31633177957192
300,777,1.31633177957192
300,487,1.31633177957192
300,151,1.31633177957192
300,834,1.31633177957192
300,82,1.31633177957192
315,449,1.31633177957192
315,239,1.31633177957192
315,479,1.31633177957192
315,492,1.31633177957192
315,84,1.31633177957192
315,717,1.31633177957192
315,215,1.31633177957192
802,381,1.31633177957192
494,560,1.31633177957192
2,361,1.31633177957192
2,792,1.31633177957192
393,250,1.31633177957192
393,414,1.31633177957192
594,743,1.31633177957192
594,792,1.31633177957192
594,414,1.31633177957192
594,370,1.31633177957192
408,361,1.31633177957192
408,716,1.31633177957192
408,743,1.31633177957192
856,414,1.31633177957192
361,839,1.31633177957192
361,41,1.31633177957192
361,766,1.31633177957192
361,278,1.31633177957192
361,421,1.31633177957192
361,701,1.31633177957192
361,794,1.31633177957192
361,27,1.31633177957192
361,778,1.31633177957192
361,29,1.31633177957192
361,786,1.31633177957192
361,365,1.31633177957192
361,395,1.31633177957192
361,215,1.31633177957192
382,560,1.31633177957192
791,767,1.31633177957192
572,743,1.31633177957192
572,792,1.31633177957192
344,743,1.31633177957192
344,370,1.31633177957192
784,792,1.31633177957192
784,414,1.31633177957192
767,366,1.31633177957192
560,626,1.31633177957192
560,230,1.31633177957192
560,509,1.31633177957192
839,792,1.31633177957192
716,626,1.31633177957192
716,660,1.31633177957192
716,492,1.31633177957192
716,509,1.31633177957192
716,855,1.31633177957192
288,381,1.31633177957192
743,278,1.31633177957192
743,688,1.31633177957192
743,92,1.31633177957192
743,27,1.31633177957192
743,129,1.31633177957192
743,732,1.31633177957192
743,690,1.31633177957192
743,430,1.31633177957192
743,332,1.31633177957192
743,834,1.31633177957192
743,366,1.31633177957192
766,792,1.31633177957192
421,250,1.31633177957192
421,370,1.31633177957192
755,256,1.31633177957192
701,250,1.31633177957192
469,792,1.31633177957192
469,414,1.31633177957192
336,792,1.31633177957192
336,414,1.31633177957192
794,792,1.31633177957192
92,370,1.31633177957192
503,114,1.31633177957192
503,301,1.31633177957192
629,792,1.31633177957192
27,792,1.31633177957192
27,414,1.31633177957192
27,370,1.31633177957192
777,250,1.31633177957192
129,381,1.31633177957192
3,414,1.31633177957192
660,414,1.31633177957192
620,792,1.31633177957192
68,792,1.31633177957192
114,256,1.31633177957192
57,250,1.31633177957192
57,370,1.31633177957192
487,792,1.31633177957192
487,414,1.31633177957192
250,29,1.31633177957192
250,700,1.31633177957192
250,601,1.31633177957192
250,59,1.31633177957192
250,855,1.31633177957192
250,497,1.31633177957192
732,256,1.31633177957192
29,792,1.31633177957192
29,414,1.31633177957192
29,370,1.31633177957192
381,627,1.31633177957192
792,786,1.31633177957192
792,272,1.31633177957192
792,758,1.31633177957192
792,43,1.31633177957192
792,395,1.31633177957192
792,430,1.31633177957192
792,82,1.31633177957192
792,855,1.31633177957192
272,414,1.31633177957192
272,256,1.31633177957192
414,46,1.31633177957192
414,365,1.31633177957192
414,752,1.31633177957192
414,59,1.31633177957192
414,430,1.31633177957192
414,855,1.31633177957192
758,370,1.31633177957192
365,370,1.31633177957192
694,256,1.31633177957192
690,256,1.31633177957192
43,370,1.31633177957192
43,256,1.31633177957192
301,256,1.31633177957192
466,141,1.31609785282278
128,106,1.31609785282278
128,141,1.31609785282278
128,144,1.31609785282278
605,139,1.31609785282278
605,843,1.31609785282278
106,416,1.31609785282278
106,706,1.31609785282278
106,703,1.31609785282278
106,403,1.31609785282278
106,774,1.31609785282278
106,293,1.31609785282278
106,390,1.31609785282278
106,228,1.31609785282278
159,139,1.31609785282278
404,139,1.31609785282278
187,139,1.31609785282278
342,379,1.31609785282278
642,141,1.31609785282278
642,165,1.31609785282278
309,843,1.31609785282278
100,612,1.31609785282278
100,144,1.31609785282278
100,843,1.31609785282278
377,141,1.31609785282278
377,612,1.31609785282278
377,144,1.31609785282278
63,379,1.31609785282278
63,139,1.31609785282278
63,141,1.31609785282278
363,139,1.31609785282278
224,139,1.31609785282278
443,139,1.31609785282278
168,635,1.31609785282278
168,139,1.31609785282278
742,379,1.31609785282278
742,139,1.31609785282278
742,612,1.31609785282278
742,144,1.31609785282278
132,379,1.31609785282278
838,139,1.31609785282278
531,141,1.31609785282278
531,165,1.31609785282278
5,165,1.31609785282278
599,141,1.31609785282278
718,635,1.31609785282278
718,379,1.31609785282278
718,612,1.31609785282278
718,165,1.31609785282278
364,612,1.31609785282278
729,379,1.31609785282278
729,139,1.31609785282278
729,141,1.31609785282278
416,144,1.31609785282278
416,843,1.31609785282278
706,141,1.31609785282278
706,144,1.31609785282278
706,843,1.31609785282278
211,141,1.31609785282278
211,165,1.31609785282278
211,843,1.31609785282278
615,141,1.31609785282278
615,165,1.31609785282278
746,139,1.31609785282278
306,379,1.31609785282278
306,139,1.31609785282278
306,141,1.31609785282278
703,141,1.31609785282278
635,143,1.31609785282278
635,75,1.31609785282278
635,506,1.31609785282278
635,820,1.31609785282278
635,183,1.31609785282278
635,835,1.31609785282278
564,141,1.31609785282278
564,843,1.31609785282278
383,139,1.31609785282278
120,165,1.31609785282278
337,139,1.31609785282278
143,379,1.31609785282278
143,165,1.31609785282278
184,141,1.31609785282278
184,612,1.31609785282278
184,843,1.31609785282278
95,612,1.31609785282278
95,843,1.31609785282278
379,800,1.31609785282278
379,820,1.31609785282278
379,62,1.31609785282278
379,424,1.31609785282278
379,357,1.31609785282278
379,10,1.31609785282278
139,471,1.31609785282278
139,824,1.31609785282278
139,75,1.31609785282278
139,460,1.31609785282278
139,69,1.31609785282278
139,183,1.31609785282278
139,738,1.31609785282278
139,62,1.31609785282278
139,533,1.31609785282278
139,516,1.31609785282278
139,424,1.31609785282278
139,10,1.31609785282278
139,371,1.31609785282278
139,678,1.31609785282278
139,109,1.31609785282278
139,542,1.31609785282278
321,165,1.31609785282278
559,165,1.31609785282278
376,612,1.31609785282278
141,403,1.31609785282278
141,545,1.31609785282278
141,293,1.31609785282278
141,62,1.31609785282278
141,424,1.31609785282278
141,456,1.31609785282278
141,322,1.31609785282278
298,165,1.31609785282278
403,144,1.31609785282278
403,843,1.31609785282278
710,165,1.31609785282278
612,820,1.31609785282278
612,255,1.31609785282278
612,10,1.31609785282278
612,216,1.31609785282278
612,568,1.31609785282278
69,843,1.31609785282278
144,293,1.31609785282278
144,10,1.31609785282278
144,390,1.31609785282278
144,228,1.31609785282278
800,165,1.31609785282278
165,644,1.31609785282278
165,820,1.31609785282278
165,307,1.31609785282278
165,545,1.31609785282278
165,549,1.31609785282278
165,314,1.31609785282278
165,216,1.31609785282278
165,673,1.31609785282278
165,322,1.31609785282278
165,15,1.31609785282278
293,843,1.31609785282278
183,843,1.31609785282278
843,253,1.31609785282278
843,228,1.31609785282278
843,24,1.31609785282278
343,378,1.30438200906206
454,378,1.30438200906206
420,378,1.30438200906206
691,378,1.30438200906206
621,378,1.30438200906206
422,378,1.30438200906206
169,378,1.30438200906206
692,378,1.30438200906206
135,378,1.30438200906206
438,378,1.30438200906206
554,378,1.30438200906206
346,378,1.30438200906206
707,378,1.30438200906206
172,378,1.30438200906206
333,378,1.30438200906206
427,378,1.30438200906206
265,378,1.30438200906206
432,378,1.30438200906206
157,378,1.30438200906206
264,378,1.30438200906206
37,378,1.30438200906206
279,378,1.30438200906206
825,378,1.30438200906206
763,378,1.30438200906206
378,650,1.30438200906206
378,19,1.30438200906206
378,731,1.30438200906206
378,803,1.30438200906206
378,302,1.30438200906206
378,409,1.30438200906206
378,483,1.30438200906206
378,353,1.30438200906206
378,387,1.30438200906206
378,227,1.30438200906206
378,653,1.30438200906206
378,696,1.30438200906206
378,419,1.30438200906206
378,177,1.30438200906206
378,339,1.30438200906206
378,748,1.30438200906206
378,652,1.30438200906206
378,571,1.30438200906206
378,507,1.30438200906206
378,452,1.30438200906206
378,685,1.30438200906206
378,636,1.30438200906206
378,841,1.30438200906206
378,828,1.30438200906206
379,355,1.29821931329761
463,285,1.29627151257955
463,356,1.29627151257955
80,804,1.29627151257955
80,193,1.29627151257955
80,687,1.29627151257955
80,837,1.29627151257955
80,89,1.29627151257955
80,351,1.29627151257955
80,649,1.29627151257955
530,561,1.29627151257955
648,61,1.29627151257955
648,283,1.29627151257955
648,500,1.29627151257955
648,73,1.29627151257955
61,630,1.29627151257955
61,728,1.29627151257955
61,756,1.29627151257955
61,508,1.29627151257955
268,859,1.29627151257955
268,204,1.29627151257955
561,630,1.29627151257955
561,768,1.29627151257955
561,406,1.29627151257955
561,712,1.29627151257955
482,518,1.29627151257955
482,152,1.29627151257955
482,617,1.29627151257955
482,247,1.29627151257955
482,523,1.29627151257955
850,152,1.29627151257955
850,163,1.29627151257955
518,768,1.29627151257955
518,695,1.29627151257955
518,804,1.29627151257955
518,285,1.29627151257955
518,662,1.29627151257955
639,152,1.29627151257955
639,646,1.29627151257955
639,163,1.29627151257955
176,73,1.29627151257955
486,352,1.29627151257955
152,768,1.29627151257955
152,812,1.29627151257955
152,722,1.29627151257955
152,89,1.29627151257955
152,399,1.29627151257955
152,266,1.29627151257955
152,105,1.29627151257955
152,662,1.29627151257955
152,375,1.29627151257955
152,649,1.29627151257955
630,283,1.29627151257955
630,811,1.29627151257955
630,500,1.29627151257955
630,73,1.29627151257955
150,811,1.29627151257955
150,754,1.29627151257955
548,283,1.29627151257955
595,73,1.29627151257955
661,768,1.29627151257955
661,812,1.29627151257955
661,193,1.29627151257955
661,687,1.29627151257955
661,266,1.29627151257955
661,375,1.29627151257955
661,649,1.29627151257955
768,811,1.29627151257955
768,539,1.29627151257955
768,247,1.29627151257955
768,97,1.29627151257955
768,523,1.29627151257955
768,138,1.29627151257955
812,617,1.29627151257955
812,524,1.29627151257955
812,200,1.29627151257955
812,252,1.29627151257955
695,523,1.29627151257955
625,163,1.29627151257955
267,283,1.29627151257955
267,252,1.29627151257955
804,6,1.29627151257955
804,156,1.29627151257955
804,247,1.29627151257955
804,523,1.29627151257955
804,252,1.29627151257955
406,500,1.29627151257955
406,163,1.29627151257955
193,156,1.29627151257955
193,539,1.29627151257955
728,859,1.29627151257955
728,204,1.29627151257955
728,352,1.29627151257955
6,837,1.29627151257955
6,89,1.29627151257955
6,351,1.29627151257955
617,350,1.29627151257955
617,105,1.29627151257955
617,662,1.29627151257955
617,649,1.29627151257955
756,283,1.29627151257955
756,500,1.29627151257955
756,73,1.29627151257955
285,859,1.29627151257955
285,204,1.29627151257955
285,523,1.29627151257955
283,614,1.29627151257955
607,138,1.29627151257955
350,524,1.29627151257955
350,252,1.29627151257955
345,163,1.29627151257955
156,687,1.29627151257955
156,837,1.29627151257955
156,89,1.29627151257955
156,351,1.29627151257955
156,649,1.29627151257955
848,266,1.29627151257955
243,73,1.29627151257955
195,204,1.29627151257955
508,500,1.29627151257955
508,73,1.29627151257955
77,811,1.29627151257955
77,97,1.29627151257955
77,352,1.29627151257955
356,811,1.29627151257955
356,97,1.29627151257955
356,352,1.29627151257955
356,754,1.29627151257955
722,163,1.29627151257955
697,73,1.29627151257955
687,539,1.29627151257955
539,266,1.29627151257955
539,105,1.29627151257955
539,375,1.29627151257955
247,837,1.29627151257955
247,351,1.29627151257955
247,266,1.29627151257955
247,105,1.29627151257955
247,662,1.29627151257955
247,375,1.29627151257955
837,252,1.29627151257955
628,73,1.29627151257955
524,182,1.29627151257955
524,208,1.29627151257955
524,618,1.29627151257955
524,649,1.29627151257955
97,89,1.29627151257955
97,182,1.29627151257955
97,266,1.29627151257955
97,375,1.29627151257955
646,399,1.29627151257955
646,208,1.29627151257955
204,182,1.29627151257955
204,266,1.29627151257955
204,375,1.29627151257955
204,529,1.29627151257955
523,662,1.29627151257955
352,581,1.29627151257955
352,529,1.29627151257955
163,399,1.29627151257955
163,649,1.29627151257955
200,266,1.29627151257955
200,375,1.29627151257955
73,618,1.29627151257955
266,496,1.29627151257955
466,104,1.2959832874766
128,451,1.2959832874766
38,404,1.2959832874766
38,187,1.2959832874766
38,100,1.2959832874766
38,619,1.2959832874766
38,377,1.2959832874766
38,363,1.2959832874766
38,224,1.2959832874766
38,443,1.2959832874766
38,742,1.2959832874766
38,838,1.2959832874766
38,587,1.2959832874766
38,746,1.2959832874766
38,337,1.2959832874766
38,321,1.2959832874766
38,415,1.2959832874766
38,824,1.2959832874766
38,549,1.2959832874766
38,738,1.2959832874766
38,253,1.2959832874766
38,793,1.2959832874766
38,10,1.2959832874766
38,574,1.2959832874766
38,109,1.2959832874766
38,15,1.2959832874766
605,262,1.2959832874766
404,323,1.2959832874766
187,323,1.2959832874766
342,425,1.2959832874766
309,294,1.2959832874766
309,262,1.2959832874766
100,451,1.2959832874766
100,294,1.2959832874766
100,797,1.2959832874766
451,619,1.2959832874766
451,377,1.2959832874766
451,742,1.2959832874766
451,416,1.2959832874766
451,706,1.2959832874766
451,863,1.2959832874766
451,143,1.2959832874766
451,403,1.2959832874766
451,657,1.2959832874766
451,293,1.2959832874766
451,16,1.2959832874766
451,10,1.2959832874766
451,574,1.2959832874766
451,228,1.2959832874766
63,425,1.2959832874766
63,797,1.2959832874766
363,323,1.2959832874766
224,323,1.2959832874766
443,323,1.2959832874766
742,425,1.2959832874766
742,797,1.2959832874766
132,425,1.2959832874766
838,323,1.2959832874766
5,104,1.2959832874766
599,104,1.2959832874766
718,425,1.2959832874766
718,104,1.2959832874766
364,262,1.2959832874766
729,425,1.2959832874766
729,797,1.2959832874766
294,211,1.2959832874766
294,564,1.2959832874766
294,573,1.2959832874766
294,415,1.2959832874766
294,216,1.2959832874766
294,673,1.2959832874766
294,116,1.2959832874766
294,24,1.2959832874766
294,568,1.2959832874766
746,323,1.2959832874766
306,425,1.2959832874766
306,797,1.2959832874766
564,797,1.2959832874766
337,323,1.2959832874766
143,425,1.2959832874766
143,104,1.2959832874766
95,262,1.2959832874766
95,797,1.2959832874766
321,797,1.2959832874766
321,104,1.2959832874766
376,262,1.2959832874766
824,323,1.2959832874766
298,797,1.2959832874766
710,104,1.2959832874766
785,323,1.2959832874766
425,820,1.2959832874766
425,183,1.2959832874766
425,62,1.2959832874766
425,424,1.2959832874766
425,357,1.2959832874766
425,10,1.2959832874766
69,262,1.2959832874766
800,104,1.2959832874766
644,797,1.2959832874766
820,104,1.2959832874766
549,797,1.2959832874766
549,104,1.2959832874766
183,262,1.2959832874766
738,323,1.2959832874766
255,262,1.2959832874766
262,567,1.2959832874766
262,253,1.2959832874766
262,228,1.2959832874766
262,24,1.2959832874766
62,797,1.2959832874766
797,424,1.2959832874766
797,10,1.2959832874766
797,15,1.2959832874766
797,568,1.2959832874766
253,323,1.2959832874766
314,104,1.2959832874766
216,104,1.2959832874766
323,109,1.2959832874766
323,441,1.2959832874766
104,456,1.2959832874766
104,15,1.2959832874766
842,799,1.28815702544997
842,124,1.28815702544997
787,282,1.28815702544997
787,123,1.28815702544997
787,17,1.28815702544997
25,137,1.28815702544997
25,296,1.28815702544997
25,88,1.28815702544997
25,799,1.28815702544997
25,223,1.28815702544997
25,788,1.28815702544997
137,570,1.28815702544997
137,594,1.28815702544997
137,408,1.28815702544997
137,572,1.28815702544997
137,41,1.28815702544997
137,278,1.28815702544997
137,421,1.28815702544997
137,701,1.28815702544997
137,778,1.28815702544997
137,3,1.28815702544997
137,114,1.28815702544997
137,57,1.28815702544997
137,276,1.28815702544997
137,46,1.28815702544997
137,758,1.28815702544997
137,365,1.28815702544997
137,301,1.28815702544997
137,82,1.28815702544997
137,855,1.28815702544997
477,613,1.28815702544997
477,866,1.28815702544997
477,88,1.28815702544997
477,698,1.28815702544997
477,493,1.28815702544997
477,124,1.28815702544997
478,282,1.28815702544997
476,291,1.28815702544997
651,282,1.28815702544997
651,647,1.28815702544997
313,576,1.28815702544997
313,721,1.28815702544997
313,462,1.28815702544997
313,17,1.28815702544997
282,288,1.28815702544997
282,717,1.28815702544997
757,799,1.28815702544997
757,35,1.28815702544997
757,788,1.28815702544997
570,88,1.28815702544997
744,296,1.28815702544997
744,866,1.28815702544997
744,583,1.28815702544997
744,123,1.28815702544997
832,647,1.28815702544997
39,35,1.28815702544997
39,788,1.28815702544997
658,577,1.28815702544997
658,750,1.28815702544997
658,627,1.28815702544997
658,113,1.28815702544997
658,834,1.28815702544997
325,223,1.28815702544997
623,576,1.28815702544997
623,462,1.28815702544997
623,17,1.28815702544997
613,594,1.28815702544997
613,784,1.28815702544997
613,701,1.28815702544997
613,469,1.28815702544997
613,336,1.28815702544997
613,33,1.28815702544997
613,92,1.28815702544997
613,27,1.28815702544997
613,3,1.28815702544997
613,660,1.28815702544997
613,487,1.28815702544997
613,272,1.28815702544997
613,46,1.28815702544997
613,752,1.28815702544997
613,430,1.28815702544997
494,799,1.28815702544997
536,296,1.28815702544997
536,576,1.28815702544997
536,721,1.28815702544997
536,462,1.28815702544997
536,17,1.28815702544997
2,583,1.28815702544997
526,576,1.28815702544997
526,462,1.28815702544997
526,17,1.28815702544997
296,344,1.28815702544997
296,421,1.28815702544997
296,701,1.28815702544997
296,114,1.28815702544997
296,57,1.28815702544997
296,29,1.28815702544997
296,365,1.28815702544997
296,690,1.28815702544997
296,497,1.28815702544997
393,88,1.28815702544997
393,576,1.28815702544997
393,721,1.28815702544997
393,35,1.28815702544997
393,788,1.28815702544997
393,17,1.28815702544997
239,462,1.28815702544997
239,647,1.28815702544997
239,17,1.28815702544997
594,583,1.28815702544997
594,123,1.28815702544997
408,583,1.28815702544997
408,698,1.28815702544997
408,576,1.28815702544997
408,721,1.28815702544997
408,462,1.28815702544997
408,17,1.28815702544997
866,344,1.28815702544997
866,688,1.28815702544997
866,27,1.28815702544997
866,660,1.28815702544997
866,487,1.28815702544997
866,690,1.28815702544997
866,82,1.28815702544997
856,71,1.28815702544997
856,799,1.28815702544997
856,123,1.28815702544997
88,572,1.28815702544997
88,784,1.28815702544997
88,41,1.28815702544997
88,421,1.28815702544997
88,701,1.28815702544997
88,469,1.28815702544997
88,336,1.28815702544997
88,777,1.28815702544997
88,778,1.28815702544997
88,660,1.28815702544997
88,57,1.28815702544997
88,487,1.28815702544997
88,29,1.28815702544997
88,272,1.28815702544997
88,752,1.28815702544997
88,59,1.28815702544997
88,430,1.28815702544997
88,855,1.28815702544997
88,497,1.28815702544997
583,572,1.28815702544997
583,784,1.28815702544997
583,839,1.28815702544997
583,766,1.28815702544997
583,278,1.28815702544997
583,469,1.28815702544997
583,336,1.28815702544997
583,794,1.28815702544997
583,629,1.28815702544997
583,620,1.28815702544997
583,68,1.28815702544997
583,487,1.28815702544997
583,786,1.28815702544997
583,272,1.28815702544997
583,271,1.28815702544997
583,758,1.28815702544997
583,43,1.28815702544997
583,395,1.28815702544997
583,430,1.28815702544997
382,799,1.28815702544997
572,698,1.28815702544997
572,493,1.28815702544997
572,123,1.28815702544997
572,124,1.28815702544997
344,71,1.28815702544997
784,698,1.28815702544997
784,123,1.28815702544997
698,469,1.28815702544997
698,336,1.28815702544997
698,44,1.28815702544997
698,479,1.28815702544997
698,487,1.28815702544997
698,272,1.28815702544997
698,276,1.28815702544997
698,758,1.28815702544997
698,750,1.28815702544997
698,752,1.28815702544997
698,430,1.28815702544997
698,855,1.28815702544997
173,647,1.28815702544997
765,124,1.28815702544997
71,701,1.28815702544997
71,694,1.28815702544997
71,113,1.28815702544997
71,834,1.28815702544997
799,577,1.28815702544997
799,626,1.28815702544997
799,421,1.28815702544997
799,701,1.28815702544997
799,57,1.28815702544997
799,365,1.28815702544997
799,232,1.28815702544997
799,230,1.28815702544997
799,509,1.28815702544997
799,855,1.28815702544997
576,278,1.28815702544997
576,755,1.28815702544997
576,688,1.28815702544997
576,701,1.28815702544997
576,33,1.28815702544997
576,129,1.28815702544997
576,732,1.28815702544997
576,365,1.28815702544997
576,717,1.28815702544997
576,59,1.28815702544997
576,430,1.28815702544997
576,215,1.28815702544997
576,497,1.28815702544997
577,291,1.28815702544997
721,278,1.28815702544997
721,755,1.28815702544997
721,688,1.28815702544997
721,701,1.28815702544997
721,44,1.28815702544997
721,129,1.28815702544997
721,732,1.28815702544997
721,365,1.28815702544997
721,301,1.28815702544997
721,717,1.28815702544997
721,59,1.28815702544997
721,430,1.28815702544997
721,215,1.28815702544997
721,497,1.28815702544997
288,35,1.28815702544997
288,788,1.28815702544997
278,462,1.28815702544997
278,647,1.28815702544997
278,17,1.28815702544997
421,223,1.28815702544997
421,788,1.28815702544997
755,462,1.28815702544997
755,35,1.28815702544997
755,788,1.28815702544997
755,17,1.28815702544997
688,462,1.28815702544997
688,17,1.28815702544997
701,223,1.28815702544997
701,462,1.28815702544997
701,788,1.28815702544997
701,17,1.28815702544997
469,493,1.28815702544997
469,123,1.28815702544997
336,493,1.28815702544997
336,123,1.28815702544997
291,479,1.28815702544997
291,142,1.28815702544997
291,627,1.28815702544997
291,113,1.28815702544997
44,123,1.28815702544997
33,462,1.28815702544997
33,17,1.28815702544997
223,57,1.28815702544997
223,29,1.28815702544997
223,365,1.28815702544997
223,43,1.28815702544997
92,123,1.28815702544997
92,124,1.28815702544997
27,123,1.28815702544997
777,35,1.28815702544997
777,788,1.28815702544997
129,462,1.28815702544997
129,17,1.28815702544997
660,493,1.28815702544997
660,123,1.28815702544997
493,487,1.28815702544997
493,732,1.28815702544997
493,492,1.28815702544997
493,272,1.28815702544997
493,752,1.28815702544997
493,430,1.28815702544997
620,123,1.28815702544997
123,487,1.28815702544997
123,272,1.28815702544997
123,758,1.28815702544997
123,43,1.28815702544997
123,430,1.28815702544997
123,82,1.28815702544997
57,788,1.28815702544997
732,462,1.28815702544997
732,17,1.28815702544997
29,788,1.28815702544997
462,301,1.28815702544997
462,717,1.28815702544997
462,430,1.28815702544997
462,215,1.28815702544997
462,497,1.28815702544997
758,124,1.28815702544997
365,35,1.28815702544997
365,17,1.28815702544997
43,124,1.28815702544997
750,35,1.28815702544997
750,788,1.28815702544997
647,717,1.28815702544997
647,215,1.28815702544997
647,113,1.28815702544997
647,94,1.28815702544997
752,124,1.28815702544997
717,17,1.28815702544997
35,59,1.28815702544997
35,855,1.28815702544997
59,788,1.28815702544997
59,17,1.28815702544997
788,855,1.28815702544997
430,17,1.28815702544997
17,215,1.28815702544997
17,497,1.28815702544997
139,254,1.2853005075265
254,144,1.2853005075265
645,384,1.28437143103325
136,852,1.28093323512151
605,852,1.28093323512151
28,557,1.28093323512151
181,557,1.28093323512151
401,852,1.28093323512151
159,557,1.28093323512151
745,461,1.28093323512151
642,461,1.28093323512151
852,619,1.28093323512151
852,377,1.28093323512151
852,742,1.28093323512151
852,564,1.28093323512151
852,184,1.28093323512151
852,14,1.28093323512151
852,298,1.28093323512151
852,389,1.28093323512151
852,69,1.28093323512151
852,644,1.28093323512151
852,10,1.28093323512151
852,574,1.28093323512151
852,116,1.28093323512151
100,461,1.28093323512151
377,557,1.28093323512151
742,557,1.28093323512151
531,557,1.28093323512151
5,461,1.28093323512151
729,557,1.28093323512151
413,557,1.28093323512151
587,557,1.28093323512151
0,557,1.28093323512151
615,461,1.28093323512151
461,703,1.28093323512151
461,564,1.28093323512151
461,95,1.28093323512151
461,66,1.28093323512151
461,304,1.28093323512151
461,298,1.28093323512151
461,800,1.28093323512151
461,644,1.28093323512151
461,545,1.28093323512151
461,16,1.28093323512151
461,314,1.28093323512151
461,673,1.28093323512151
461,116,1.28093323512151
461,322,1.28093323512151
461,568,1.28093323512151
383,557,1.28093323512151
505,557,1.28093323512151
471,557,1.28093323512151
460,557,1.28093323512151
298,557,1.28093323512151
69,557,1.28093323512151
557,255,1.28093323512151
557,62,1.28093323512151
557,10,1.28093323512151
557,371,1.28093323512151
557,678,1.28093323512151
557,542,1.28093323512151
79,780,1.27486787966296
79,743,1.27314005428855
79,256,1.27314005428855
648,792,1.26967119484855
648,414,1.26967119484855
268,381,1.26967119484855
482,315,1.26967119484855
850,257,1.26967119484855
850,361,1.26967119484855
829,639,1.26967119484855
829,625,1.26967119484855
829,804,1.26967119484855
829,193,1.26967119484855
829,687,1.26967119484855
829,837,1.26967119484855
829,89,1.26967119484855
829,351,1.26967119484855
829,399,1.26967119484855
829,208,1.26967119484855
639,257,1.26967119484855
639,361,1.26967119484855
639,250,1.26967119484855
639,381,1.26967119484855
639,370,1.26967119484855
176,381,1.26967119484855
486,153,1.26967119484855
486,560,1.26967119484855
486,716,1.26967119484855
398,256,1.26967119484855
630,300,1.26967119484855
630,792,1.26967119484855
630,414,1.26967119484855
153,150,1.26967119484855
153,77,1.26967119484855
153,356,1.26967119484855
153,529,1.26967119484855
150,315,1.26967119484855
548,361,1.26967119484855
548,792,1.26967119484855
257,625,1.26967119484855
257,722,1.26967119484855
257,399,1.26967119484855
257,182,1.26967119484855
595,381,1.26967119484855
768,300,1.26967119484855
768,256,1.26967119484855
812,250,1.26967119484855
812,414,1.26967119484855
300,695,1.26967119484855
300,804,1.26967119484855
300,375,1.26967119484855
315,607,1.26967119484855
315,350,1.26967119484855
315,662,1.26967119484855
695,256,1.26967119484855
625,361,1.26967119484855
625,250,1.26967119484855
625,370,1.26967119484855
267,361,1.26967119484855
267,792,1.26967119484855
267,370,1.26967119484855
804,743,1.26967119484855
147,503,1.26967119484855
361,350,1.26967119484855
361,722,1.26967119484855
361,399,1.26967119484855
361,830,1.26967119484855
193,743,1.26967119484855
728,381,1.26967119484855
756,792,1.26967119484855
756,414,1.26967119484855
756,370,1.26967119484855
350,250,1.26967119484855
560,529,1.26967119484855
716,581,1.26967119484855
716,208,1.26967119484855
716,529,1.26967119484855
243,381,1.26967119484855
743,687,1.26967119484855
743,837,1.26967119484855
743,89,1.26967119484855
743,351,1.26967119484855
743,649,1.26967119484855
614,792,1.26967119484855
195,381,1.26967119484855
697,381,1.26967119484855
194,256,1.26967119484855
250,399,1.26967119484855
250,208,1.26967119484855
250,618,1.26967119484855
250,649,1.26967119484855
381,628,1.26967119484855
381,375,1.26967119484855
381,618,1.26967119484855
381,529,1.26967119484855
414,399,1.26967119484855
414,830,1.26967119484855
414,105,1.26967119484855
89,256,1.26967119484855
351,370,1.26967119484855
351,256,1.26967119484855
370,581,1.26967119484855
370,399,1.26967119484855
370,649,1.26967119484855
256,266,1.26967119484855
256,375,1.26967119484855
842,280,1.26960336582724
842,831,1.26960336582724
842,654,1.26960336582724
842,396,1.26960336582724
787,589,1.26960336582724
787,318,1.26960336582724
25,831,1.26960336582724
25,771,1.26960336582724
495,664,1.26960336582724
280,757,1.26960336582724
280,744,1.26960336582724
280,494,1.26960336582724
280,393,1.26960336582724
280,382,1.26960336582724
280,626,1.26960336582724
280,421,1.26960336582724
280,620,1.26960336582724
280,365,1.26960336582724
280,230,1.26960336582724
280,59,1.26960336582724
280,332,1.26960336582724
280,82,1.26960336582724
280,509,1.26960336582724
249,725,1.26960336582724
249,498,1.26960336582724
664,757,1.26960336582724
664,39,1.26960336582724
664,623,1.26960336582724
664,526,1.26960336582724
664,393,1.26960336582724
664,671,1.26960336582724
664,288,1.26960336582724
664,755,1.26960336582724
664,700,1.26960336582724
664,750,1.26960336582724
664,497,1.26960336582724
477,434,1.26960336582724
477,569,1.26960336582724
477,689,1.26960336582724
477,654,1.26960336582724
477,725,1.26960336582724
477,318,1.26960336582724
478,668,1.26960336582724
478,72,1.26960336582724
651,72,1.26960336582724
313,668,1.26960336582724
313,569,1.26960336582724
313,589,1.26960336582724
757,589,1.26960336582724
757,396,1.26960336582724
570,72,1.26960336582724
570,771,1.26960336582724
570,498,1.26960336582724
709,862,1.26960336582724
744,806,1.26960336582724
744,593,1.26960336582724
744,569,1.26960336582724
744,831,1.26960336582724
744,689,1.26960336582724
744,654,1.26960336582724
832,593,1.26960336582724
806,594,1.26960336582724
806,408,1.26960336582724
806,278,1.26960336582724
806,755,1.26960336582724
806,688,1.26960336582724
806,701,1.26960336582724
806,92,1.26960336582724
806,129,1.26960336582724
806,732,1.26960336582724
806,29,1.26960336582724
806,46,1.26960336582724
806,690,1.26960336582724
806,430,1.26960336582724
806,332,1.26960336582724
806,834,1.26960336582724
806,366,1.26960336582724
39,593,1.26960336582724
39,668,1.26960336582724
39,589,1.26960336582724
39,831,1.26960336582724
39,231,1.26960336582724
39,498,1.26960336582724
325,862,1.26960336582724
593,408,1.26960336582724
593,173,1.26960336582724
593,278,1.26960336582724
593,421,1.26960336582724
593,129,1.26960336582724
593,57,1.26960336582724
593,29,1.26960336582724
593,365,1.26960336582724
593,690,1.26960336582724
593,430,1.26960336582724
623,668,1.26960336582724
623,569,1.26960336582724
623,589,1.26960336582724
862,92,1.26960336582724
862,487,1.26960336582724
862,732,1.26960336582724
862,694,1.26960336582724
862,151,1.26960336582724
862,332,1.26960336582724
862,366,1.26960336582724
494,725,1.26960336582724
494,396,1.26960336582724
494,498,1.26960336582724
536,654,1.26960336582724
2,318,1.26960336582724
449,498,1.26960336582724
526,668,1.26960336582724
526,569,1.26960336582724
526,589,1.26960336582724
393,231,1.26960336582724
393,631,1.26960336582724
393,771,1.26960336582724
668,239,1.26960336582724
668,671,1.26960336582724
668,755,1.26960336582724
668,114,1.26960336582724
668,732,1.26960336582724
668,29,1.26960336582724
668,690,1.26960336582724
668,301,1.26960336582724
668,717,1.26960336582724
668,215,1.26960336582724
668,855,1.26960336582724
239,569,1.26960336582724
239,831,1.26960336582724
594,434,1.26960336582724
594,654,1.26960336582724
408,434,1.26960336582724
408,831,1.26960336582724
408,725,1.26960336582724
408,771,1.26960336582724
408,396,1.26960336582724
856,434,1.26960336582724
856,654,1.26960336582724
856,318,1.26960336582724
434,344,1.26960336582724
434,784,1.26960336582724
434,278,1.26960336582724
434,688,1.26960336582724
434,469,1.26960336582724
434,336,1.26960336582724
434,27,1.26960336582724
434,129,1.26960336582724
434,660,1.26960336582724
434,620,1.26960336582724
434,487,1.26960336582724
434,272,1.26960336582724
434,276,1.26960336582724
434,758,1.26960336582724
434,690,1.26960336582724
434,752,1.26960336582724
434,82,1.26960336582724
382,725,1.26960336582724
382,396,1.26960336582724
382,498,1.26960336582724
572,569,1.26960336582724
572,689,1.26960336582724
572,725,1.26960336582724
572,318,1.26960336582724
569,344,1.26960336582724
569,784,1.26960336582724
569,755,1.26960336582724
569,688,1.26960336582724
569,469,1.26960336582724
569,336,1.26960336582724
569,27,1.26960336582724
569,129,1.26960336582724
569,660,1.26960336582724
569,114,1.26960336582724
569,732,1.26960336582724
569,513,1.26960336582724
569,272,1.26960336582724
569,301,1.26960336582724
569,752,1.26960336582724
569,717,1.26960336582724
569,215,1.26960336582724
569,82,1.26960336582724
569,94,1.26960336582724
344,831,1.26960336582724
344,631,1.26960336582724
344,689,1.26960336582724
344,654,1.26960336582724
784,689,1.26960336582724
784,654,1.26960336582724
784,725,1.26960336582724
784,318,1.26960336582724
765,831,1.26960336582724
765,654,1.26960336582724
589,777,1.26960336582724
589,510,1.26960336582724
589,114,1.26960336582724
589,732,1.26960336582724
589,272,1.26960336582724
589,690,1.26960336582724
589,750,1.26960336582724
589,855,1.26960336582724
671,72,1.26960336582724
839,318,1.26960336582724
41,771,1.26960336582724
41,498,1.26960336582724
766,318,1.26960336582724
626,396,1.26960336582724
278,771,1.26960336582724
278,396,1.26960336582724
278,498,1.26960336582724
831,129,1.26960336582724
831,513,1.26960336582724
831,694,1.26960336582724
831,690,1.26960336582724
831,43,1.26960336582724
831,430,1.26960336582724
831,94,1.26960336582724
421,231,1.26960336582724
688,231,1.26960336582724
688,689,1.26960336582724
688,498,1.26960336582724
701,231,1.26960336582724
701,631,1.26960336582724
469,689,1.26960336582724
469,654,1.26960336582724
469,725,1.26960336582724
469,318,1.26960336582724
336,689,1.26960336582724
336,654,1.26960336582724
336,725,1.26960336582724
336,318,1.26960336582724
44,318,1.26960336582724
44,396,1.26960336582724
794,318,1.26960336582724
92,396,1.26960336582724
479,498,1.26960336582724
27,689,1.26960336582724
27,654,1.26960336582724
27,771,1.26960336582724
27,396,1.26960336582724
27,498,1.26960336582724
777,231,1.26960336582724
777,631,1.26960336582724
777,771,1.26960336582724
777,498,1.26960336582724
778,771,1.26960336582724
778,498,1.26960336582724
660,689,1.26960336582724
660,654,1.26960336582724
660,725,1.26960336582724
660,318,1.26960336582724
114,654,1.26960336582724
231,57,1.26960336582724
231,59,1.26960336582724
231,497,1.26960336582724
57,318,1.26960336582724
487,654,1.26960336582724
487,318,1.26960336582724
551,725,1.26960336582724
551,498,1.26960336582724
732,725,1.26960336582724
631,365,1.26960336582724
631,59,1.26960336582724
631,834,1.26960336582724
631,855,1.26960336582724
631,497,1.26960336582724
29,771,1.26960336582724
29,498,1.26960336582724
689,513,1.26960336582724
689,272,1.26960336582724
689,690,1.26960336582724
689,752,1.26960336582724
689,82,1.26960336582724
654,272,1.26960336582724
654,690,1.26960336582724
654,752,1.26960336582724
654,430,1.26960336582724
654,497,1.26960336582724
786,318,1.26960336582724
725,230,1.26960336582724
725,752,1.26960336582724
725,151,1.26960336582724
725,167,1.26960336582724
725,215,1.26960336582724
725,834,1.26960336582724
725,855,1.26960336582724
700,771,1.26960336582724
700,498,1.26960336582724
601,771,1.26960336582724
601,498,1.26960336582724
365,771,1.26960336582724
230,396,1.26960336582724
230,498,1.26960336582724
750,72,1.26960336582724
318,752,1.26960336582724
318,395,1.26960336582724
318,430,1.26960336582724
318,82,1.26960336582724
752,396,1.26960336582724
72,627,1.26960336582724
72,113,1.26960336582724
72,834,1.26960336582724
167,498,1.26960336582724
59,771,1.26960336582724
771,82,1.26960336582724
771,497,1.26960336582724
396,82,1.26960336582724
498,82,1.26960336582724
498,497,1.26960336582724
466,833,1.2693999817901
136,684,1.2693999817901
605,684,1.2693999817901
28,684,1.2693999817901
28,833,1.2693999817901
726,833,1.2693999817901
401,684,1.2693999817901
642,684,1.2693999817901
642,833,1.2693999817901
100,833,1.2693999817901
735,817,1.2693999817901
619,833,1.2693999817901
377,833,1.2693999817901
63,684,1.2693999817901
742,684,1.2693999817901
742,833,1.2693999817901
599,684,1.2693999817901
599,833,1.2693999817901
718,817,1.2693999817901
729,684,1.2693999817901
416,817,1.2693999817901
587,684,1.2693999817901
587,833,1.2693999817901
684,615,1.2693999817901
684,306,1.2693999817901
684,703,1.2693999817901
684,543,1.2693999817901
684,69,1.2693999817901
684,545,1.2693999817901
684,62,1.2693999817901
684,424,1.2693999817901
684,10,1.2693999817901
684,290,1.2693999817901
684,322,1.2693999817901
833,615,1.2693999817901
833,65,1.2693999817901
833,321,1.2693999817901
833,376,1.2693999817901
833,545,1.2693999817901
833,549,1.2693999817901
833,807,1.2693999817901
833,10,1.2693999817901
833,574,1.2693999817901
833,456,1.2693999817901
833,290,1.2693999817901
833,322,1.2693999817901
833,15,1.2693999817901
440,817,1.2693999817901
610,817,1.2693999817901
143,817,1.2693999817901
817,820,1.2693999817901
817,16,1.2693999817901
817,441,1.2693999817901
739,355,1.26865500812142
578,355,1.26865500812142
621,355,1.26865500812142
693,355,1.26865500812142
558,355,1.26865500812142
760,355,1.26865500812142
422,355,1.26865500812142
858,355,1.26865500812142
448,355,1.26865500812142
759,355,1.26865500812142
446,355,1.26865500812142
273,355,1.26865500812142
514,355,1.26865500812142
303,355,1.26865500812142
172,355,1.26865500812142
333,355,1.26865500812142
427,355,1.26865500812142
264,355,1.26865500812142
590,355,1.26865500812142
714,355,1.26865500812142
279,355,1.26865500812142
319,355,1.26865500812142
640,355,1.26865500812142
225,355,1.26865500812142
868,355,1.26865500812142
650,355,1.26865500812142
483,355,1.26865500812142
814,355,1.26865500812142
353,355,1.26865500812142
653,355,1.26865500812142
584,355,1.26865500812142
355,652,1.26865500812142
355,821,1.26865500812142
355,861,1.26865500812142
355,685,1.26865500812142
425,355,1.26783328723904
645,780,1.26663350568214
463,811,1.26490538393566
463,754,1.26490538393566
80,561,1.26490538393566
80,661,1.26490538393566
80,811,1.26490538393566
80,539,1.26490538393566
80,73,1.26490538393566
80,138,1.26490538393566
61,283,1.26490538393566
61,500,1.26490538393566
61,73,1.26490538393566
561,156,1.26490538393566
518,617,1.26490538393566
518,97,1.26490538393566
152,617,1.26490538393566
152,539,1.26490538393566
152,247,1.26490538393566
152,524,1.26490538393566
152,97,1.26490538393566
152,163,1.26490538393566
661,6,1.26490538393566
661,617,1.26490538393566
661,156,1.26490538393566
661,524,1.26490538393566
661,97,1.26490538393566
6,539,1.26490538393566
6,247,1.26490538393566
617,524,1.26490538393566
617,97,1.26490538393566
617,523,1.26490538393566
283,500,1.26490538393566
283,352,1.26490538393566
283,73,1.26490538393566
283,252,1.26490538393566
283,21,1.26490538393566
156,811,1.26490538393566
156,539,1.26490538393566
156,73,1.26490538393566
156,138,1.26490538393566
848,204,1.26490538393566
848,200,1.26490538393566
859,204,1.26490538393566
539,97,1.26490538393566
247,97,1.26490538393566
500,73,1.26490538393566
524,646,1.26490538393566
524,204,1.26490538393566
97,523,1.26490538393566
646,163,1.26490538393566
204,200,1.26490538393566
204,496,1.26490538393566
163,73,1.26490538393566
200,496,1.26490538393566
179,254,1.26390402647437
693,254,1.26390402647437
760,254,1.26390402647437
637,254,1.26390402647437
433,254,1.26390402647437
484,254,1.26390402647437
481,254,1.26390402647437
446,254,1.26390402647437
514,254,1.26390402647437
198,254,1.26390402647437
502,254,1.26390402647437
429,254,1.26390402647437
329,254,1.26390402647437
170,254,1.26390402647437
713,254,1.26390402647437
386,254,1.26390402647437
254,53,1.26390402647437
254,650,1.26390402647437
254,769,1.26390402647437
254,112,1.26390402647437
254,483,1.26390402647437
254,489,1.26390402647437
254,289,1.26390402647437
254,244,1.26390402647437
254,47,1.26390402647437
254,867,1.26390402647437
254,324,1.26390402647437
254,358,1.26390402647437
254,423,1.26390402647437
254,83,1.26390402647437
254,762,1.26390402647437
254,562,1.26390402647437
254,652,1.26390402647437
254,821,1.26390402647437
254,55,1.26390402647437
254,453,1.26390402647437
254,747,1.26390402647437
254,685,1.26390402647437
254,591,1.26390402647437
149,378,1.26071625215057
466,616,1.26037887396439
605,85,1.26037887396439
605,149,1.26037887396439
28,85,1.26037887396439
404,85,1.26037887396439
187,85,1.26037887396439
309,149,1.26037887396439
100,616,1.26037887396439
377,86,1.26037887396439
63,149,1.26037887396439
363,85,1.26037887396439
224,85,1.26037887396439
443,85,1.26037887396439
85,838,1.26037887396439
85,416,1.26037887396439
85,706,1.26037887396439
85,746,1.26037887396439
85,338,1.26037887396439
85,505,1.26037887396439
85,337,1.26037887396439
85,824,1.26037887396439
85,14,1.26037887396439
85,403,1.26037887396439
85,543,1.26037887396439
85,389,1.26037887396439
85,69,1.26037887396439
85,293,1.26037887396439
85,738,1.26037887396439
85,793,1.26037887396439
85,109,1.26037887396439
85,228,1.26037887396439
85,290,1.26037887396439
742,149,1.26037887396439
5,616,1.26037887396439
599,616,1.26037887396439
718,149,1.26037887396439
364,149,1.26037887396439
729,149,1.26037887396439
413,86,1.26037887396439
211,616,1.26037887396439
306,149,1.26037887396439
564,616,1.26037887396439
863,149,1.26037887396439
143,149,1.26037887396439
143,86,1.26037887396439
184,616,1.26037887396439
95,149,1.26037887396439
66,86,1.26037887396439
321,616,1.26037887396439
149,376,1.26037887396439
149,69,1.26037887396439
149,820,1.26037887396439
149,183,1.26037887396439
149,255,1.26037887396439
149,567,1.26037887396439
149,62,1.26037887396439
149,253,1.26037887396439
149,424,1.26037887396439
149,10,1.26037887396439
149,228,1.26037887396439
149,24,1.26037887396439
439,86,1.26037887396439
188,616,1.26037887396439
389,616,1.26037887396439
800,616,1.26037887396439
820,86,1.26037887396439
549,616,1.26037887396439
616,216,1.26037887396439
616,456,1.26037887396439
616,15,1.26037887396439
616,568,1.26037887396439
86,574,1.26037887396439
86,673,1.26037887396439
294,254,1.25924773028437
842,843,1.25677946151336
787,165,1.25677946151336
25,141,1.25677946151336
25,612,1.25677946151336
25,144,1.25677946151336
495,635,1.25677946151336
249,139,1.25677946151336
106,791,1.25677946151336
106,92,1.25677946151336
106,732,1.25677946151336
106,29,1.25677946151336
106,332,1.25677946151336
106,834,1.25677946151336
106,855,1.25677946151336
477,139,1.25677946151336
476,635,1.25677946151336
476,139,1.25677946151336
651,379,1.25677946151336
313,635,1.25677946151336
313,379,1.25677946151336
313,612,1.25677946151336
313,165,1.25677946151336
757,612,1.25677946151336
757,843,1.25677946151336
570,141,1.25677946151336
570,612,1.25677946151336
570,144,1.25677946151336
133,635,1.25677946151336
133,139,1.25677946151336
709,139,1.25677946151336
744,141,1.25677946151336
744,165,1.25677946151336
39,612,1.25677946151336
325,141,1.25677946151336
623,635,1.25677946151336
623,379,1.25677946151336
623,612,1.25677946151336
802,379,1.25677946151336
494,139,1.25677946151336
494,843,1.25677946151336
2,139,1.25677946151336
449,139,1.25677946151336
449,843,1.25677946151336
526,635,1.25677946151336
526,379,1.25677946151336
526,612,1.25677946151336
393,141,1.25677946151336
393,843,1.25677946151336
239,635,1.25677946151336
239,379,1.25677946151336
239,612,1.25677946151336
594,379,1.25677946151336
594,139,1.25677946151336
594,141,1.25677946151336
408,139,1.25677946151336
408,141,1.25677946151336
408,843,1.25677946151336
382,139,1.25677946151336
382,843,1.25677946151336
791,141,1.25677946151336
791,144,1.25677946151336
572,379,1.25677946151336
572,139,1.25677946151336
572,141,1.25677946151336
344,141,1.25677946151336
344,165,1.25677946151336
635,755,1.25677946151336
635,44,1.25677946151336
635,114,1.25677946151336
635,732,1.25677946151336
635,690,1.25677946151336
635,301,1.25677946151336
635,717,1.25677946151336
635,215,1.25677946151336
839,139,1.25677946151336
379,755,1.25677946151336
379,27,1.25677946151336
379,3,1.25677946151336
379,114,1.25677946151336
379,732,1.25677946151336
379,513,1.25677946151336
379,46,1.25677946151336
379,690,1.25677946151336
379,301,1.25677946151336
379,717,1.25677946151336
379,215,1.25677946151336
41,141,1.25677946151336
41,612,1.25677946151336
41,144,1.25677946151336
139,766,1.25677946151336
139,278,1.25677946151336
139,44,1.25677946151336
139,794,1.25677946151336
139,629,1.25677946151336
139,3,1.25677946151336
139,68,1.25677946151336
139,551,1.25677946151336
139,786,1.25677946151336
139,46,1.25677946151336
139,694,1.25677946151336
139,230,1.25677946151336
139,395,1.25677946151336
139,167,1.25677946151336
139,113,1.25677946151336
139,82,1.25677946151336
288,165,1.25677946151336
626,843,1.25677946151336
278,141,1.25677946151336
278,843,1.25677946151336
421,141,1.25677946151336
421,612,1.25677946151336
421,144,1.25677946151336
421,165,1.25677946151336
755,165,1.25677946151336
688,141,1.25677946151336
701,141,1.25677946151336
701,612,1.25677946151336
701,144,1.25677946151336
701,165,1.25677946151336
469,141,1.25677946151336
336,141,1.25677946151336
44,843,1.25677946151336
33,165,1.25677946151336
92,141,1.25677946151336
92,612,1.25677946151336
479,843,1.25677946151336
141,27,1.25677946151336
141,778,1.25677946151336
141,129,1.25677946151336
141,57,1.25677946151336
141,732,1.25677946151336
141,29,1.25677946151336
141,499,1.25677946151336
141,142,1.25677946151336
141,690,1.25677946151336
141,59,1.25677946151336
141,430,1.25677946151336
141,332,1.25677946151336
141,834,1.25677946151336
27,843,1.25677946151336
777,165,1.25677946151336
778,612,1.25677946151336
778,144,1.25677946151336
114,612,1.25677946151336
612,57,1.25677946151336
612,732,1.25677946151336
612,29,1.25677946151336
612,365,1.25677946151336
612,690,1.25677946151336
612,750,1.25677946151336
612,301,1.25677946151336
612,752,1.25677946151336
612,215,1.25677946151336
612,497,1.25677946151336
57,144,1.25677946151336
732,165,1.25677946151336
144,142,1.25677946151336
144,365,1.25677946151336
144,855,1.25677946151336
144,366,1.25677946151336
29,843,1.25677946151336
165,263,1.25677946151336
165,301,1.25677946151336
165,512,1.25677946151336
165,855,1.25677946151336
492,843,1.25677946151336
365,843,1.25677946151336
843,230,1.25677946151336
843,59,1.25677946151336
843,332,1.25677946151336
843,82,1.25677946151336
843,855,1.25677946151336
11,472,1.25452118699772
648,613,1.25344775679675
648,88,1.25344775679675
648,583,1.25344775679675
648,698,1.25344775679675
648,493,1.25344775679675
648,123,1.25344775679675
137,354,1.25344775679675
137,850,1.25344775679675
137,639,1.25344775679675
137,625,1.25344775679675
137,485,1.25344775679675
137,508,1.25344775679675
137,722,1.25344775679675
137,399,1.25344775679675
137,830,1.25344775679675
137,649,1.25344775679675
268,799,1.25344775679675
354,698,1.25344775679675
482,462,1.25344775679675
482,647,1.25344775679675
482,17,1.25344775679675
639,296,1.25344775679675
639,88,1.25344775679675
639,583,1.25344775679675
639,799,1.25344775679675
639,223,1.25344775679675
639,788,1.25344775679675
486,799,1.25344775679675
630,613,1.25344775679675
630,88,1.25344775679675
630,583,1.25344775679675
630,698,1.25344775679675
630,493,1.25344775679675
630,123,1.25344775679675
282,695,1.25344775679675
282,406,1.25344775679675
282,728,1.25344775679675
282,345,1.25344775679675
282,195,1.25344775679675
282,208,1.25344775679675
282,375,1.25344775679675
282,529,1.25344775679675
282,649,1.25344775679675
548,613,1.25344775679675
548,583,1.25344775679675
548,124,1.25344775679675
768,576,1.25344775679675
768,721,1.25344775679675
768,462,1.25344775679675
768,17,1.25344775679675
812,88,1.25344775679675
812,576,1.25344775679675
812,721,1.25344775679675
812,223,1.25344775679675
812,35,1.25344775679675
812,788,1.25344775679675
812,17,1.25344775679675
658,406,1.25344775679675
658,728,1.25344775679675
658,285,1.25344775679675
658,345,1.25344775679675
658,195,1.25344775679675
658,182,1.25344775679675
658,266,1.25344775679675
658,375,1.25344775679675
658,529,1.25344775679675
613,804,1.25344775679675
613,508,1.25344775679675
613,837,1.25344775679675
613,351,1.25344775679675
613,581,1.25344775679675
613,649,1.25344775679675
695,698,1.25344775679675
695,721,1.25344775679675
695,35,1.25344775679675
695,788,1.25344775679675
625,296,1.25344775679675
625,88,1.25344775679675
625,799,1.25344775679675
625,291,1.25344775679675
625,223,1.25344775679675
625,788,1.25344775679675
296,804,1.25344775679675
296,837,1.25344775679675
296,89,1.25344775679675
296,351,1.25344775679675
296,399,1.25344775679675
485,698,1.25344775679675
267,583,1.25344775679675
267,123,1.25344775679675
267,124,1.25344775679675
804,866,1.25344775679675
804,124,1.25344775679675
866,193,1.25344775679675
866,756,1.25344775679675
866,687,1.25344775679675
866,837,1.25344775679675
866,89,1.25344775679675
866,351,1.25344775679675
147,698,1.25344775679675
147,493,1.25344775679675
147,124,1.25344775679675
88,756,1.25344775679675
88,350,1.25344775679675
88,508,1.25344775679675
88,399,1.25344775679675
88,208,1.25344775679675
88,618,1.25344775679675
88,649,1.25344775679675
583,756,1.25344775679675
583,614,1.25344775679675
583,508,1.25344775679675
583,830,1.25344775679675
406,493,1.25344775679675
193,576,1.25344775679675
193,721,1.25344775679675
193,462,1.25344775679675
193,17,1.25344775679675
728,799,1.25344775679675
728,291,1.25344775679675
756,71,1.25344775679675
756,576,1.25344775679675
756,493,1.25344775679675
756,123,1.25344775679675
756,462,1.25344775679675
756,17,1.25344775679675
698,607,1.25344775679675
698,508,1.25344775679675
698,581,1.25344775679675
698,182,1.25344775679675
698,649,1.25344775679675
285,799,1.25344775679675
285,291,1.25344775679675
71,351,1.25344775679675
71,581,1.25344775679675
71,375,1.25344775679675
799,508,1.25344775679675
799,830,1.25344775679675
576,687,1.25344775679675
576,581,1.25344775679675
576,266,1.25344775679675
576,375,1.25344775679675
576,649,1.25344775679675
345,462,1.25344775679675
721,687,1.25344775679675
721,266,1.25344775679675
721,375,1.25344775679675
721,649,1.25344775679675
195,291,1.25344775679675
508,493,1.25344775679675
508,123,1.25344775679675
356,493,1.25344775679675
291,266,1.25344775679675
291,375,1.25344775679675
291,450,1.25344775679675
291,529,1.25344775679675
291,677,1.25344775679675
223,399,1.25344775679675
493,581,1.25344775679675
123,399,1.25344775679675
123,649,1.25344775679675
687,462,1.25344775679675
687,17,1.25344775679675
837,124,1.25344775679675
462,581,1.25344775679675
462,266,1.25344775679675
462,105,1.25344775679675
462,375,1.25344775679675
647,662,1.25344775679675
581,17,1.25344775679675
124,450,1.25344775679675
124,677,1.25344775679675
124,649,1.25344775679675
399,35,1.25344775679675
35,182,1.25344775679675
35,618,1.25344775679675
35,649,1.25344775679675
788,618,1.25344775679675
788,649,1.25344775679675
266,17,1.25344775679675
17,662,1.25344775679675
17,375,1.25344775679675
17,649,1.25344775679675
466,191,1.2531967876304
605,191,1.2531967876304
28,191,1.2531967876304
159,191,1.2531967876304
234,63,1.2531967876304
234,742,1.2531967876304
234,531,1.2531967876304
234,729,1.2531967876304
234,416,1.2531967876304
234,306,1.2531967876304
234,703,1.2531967876304
234,573,1.2531967876304
234,774,1.2531967876304
234,62,1.2531967876304
234,424,1.2531967876304
234,10,1.2531967876304
234,390,1.2531967876304
234,228,1.2531967876304
342,384,1.2531967876304
642,191,1.2531967876304
100,191,1.2531967876304
619,191,1.2531967876304
377,191,1.2531967876304
377,846,1.2531967876304
377,384,1.2531967876304
168,384,1.2531967876304
742,191,1.2531967876304
742,846,1.2531967876304
742,384,1.2531967876304
132,384,1.2531967876304
599,191,1.2531967876304
718,384,1.2531967876304
211,384,1.2531967876304
615,191,1.2531967876304
564,846,1.2531967876304
564,384,1.2531967876304
863,191,1.2531967876304
383,191,1.2531967876304
191,471,1.2531967876304
191,14,1.2531967876304
191,389,1.2531967876304
191,69,1.2531967876304
191,545,1.2531967876304
191,183,1.2531967876304
191,255,1.2531967876304
191,807,1.2531967876304
191,10,1.2531967876304
191,574,1.2531967876304
191,371,1.2531967876304
191,456,1.2531967876304
191,322,1.2531967876304
191,542,1.2531967876304
143,384,1.2531967876304
184,384,1.2531967876304
95,846,1.2531967876304
66,384,1.2531967876304
474,384,1.2531967876304
846,14,1.2531967876304
846,298,1.2531967876304
846,389,1.2531967876304
846,644,1.2531967876304
846,205,1.2531967876304
846,10,1.2531967876304
846,116,1.2531967876304
846,723,1.2531967876304
846,568,1.2531967876304
384,75,1.2531967876304
384,657,1.2531967876304
384,800,1.2531967876304
384,16,1.2531967876304
384,533,1.2531967876304
384,516,1.2531967876304
384,218,1.2531967876304
384,357,1.2531967876304
384,10,1.2531967876304
463,153,1.24765300632152
463,315,1.24765300632152
80,829,1.24765300632152
80,414,1.24765300632152
61,315,1.24765300632152
61,792,1.24765300632152
61,414,1.24765300632152
561,300,1.24765300632152
561,743,1.24765300632152
829,152,1.24765300632152
829,661,1.24765300632152
829,156,1.24765300632152
829,539,1.24765300632152
829,524,1.24765300632152
829,163,1.24765300632152
518,300,1.24765300632152
518,315,1.24765300632152
518,256,1.24765300632152
152,257,1.24765300632152
152,361,1.24765300632152
152,414,1.24765300632152
152,370,1.24765300632152
152,256,1.24765300632152
153,283,1.24765300632152
257,524,1.24765300632152
257,646,1.24765300632152
257,163,1.24765300632152
661,743,1.24765300632152
661,250,1.24765300632152
661,414,1.24765300632152
300,811,1.24765300632152
300,523,1.24765300632152
300,138,1.24765300632152
315,811,1.24765300632152
315,97,1.24765300632152
315,523,1.24765300632152
315,352,1.24765300632152
315,138,1.24765300632152
361,6,1.24765300632152
361,500,1.24765300632152
361,97,1.24765300632152
361,646,1.24765300632152
361,163,1.24765300632152
361,252,1.24765300632152
617,250,1.24765300632152
617,414,1.24765300632152
617,256,1.24765300632152
283,370,1.24765300632152
560,811,1.24765300632152
156,414,1.24765300632152
716,21,1.24765300632152
743,811,1.24765300632152
743,539,1.24765300632152
743,73,1.24765300632152
743,138,1.24765300632152
503,247,1.24765300632152
859,381,1.24765300632152
859,414,1.24765300632152
247,256,1.24765300632152
500,381,1.24765300632152
500,414,1.24765300632152
250,163,1.24765300632152
381,204,1.24765300632152
792,352,1.24765300632152
792,73,1.24765300632152
792,252,1.24765300632152
792,21,1.24765300632152
414,524,1.24765300632152
414,163,1.24765300632152
414,73,1.24765300632152
646,370,1.24765300632152
523,256,1.24765300632152
163,370,1.24765300632152
200,256,1.24765300632152
842,38,1.2475653437983
842,451,1.2475653437983
842,294,1.2475653437983
842,262,1.2475653437983
787,294,1.2475653437983
787,262,1.2475653437983
787,797,1.2475653437983
787,104,1.2475653437983
38,25,1.2475653437983
38,494,1.2475653437983
38,449,1.2475653437983
38,408,1.2475653437983
38,382,1.2475653437983
38,344,1.2475653437983
38,421,1.2475653437983
38,479,1.2475653437983
38,57,1.2475653437983
38,29,1.2475653437983
38,276,1.2475653437983
38,758,1.2475653437983
38,365,1.2475653437983
38,230,1.2475653437983
38,834,1.2475653437983
38,855,1.2475653437983
25,451,1.2475653437983
249,451,1.2475653437983
249,323,1.2475653437983
478,425,1.2475653437983
651,425,1.2475653437983
313,425,1.2475653437983
313,104,1.2475653437983
757,262,1.2475653437983
757,797,1.2475653437983
451,791,1.2475653437983
451,421,1.2475653437983
451,701,1.2475653437983
451,57,1.2475653437983
451,551,1.2475653437983
451,271,1.2475653437983
451,142,1.2475653437983
451,365,1.2475653437983
451,232,1.2475653437983
451,167,1.2475653437983
451,332,1.2475653437983
451,855,1.2475653437983
451,366,1.2475653437983
39,294,1.2475653437983
39,797,1.2475653437983
325,425,1.2475653437983
623,425,1.2475653437983
494,294,1.2475653437983
494,262,1.2475653437983
494,323,1.2475653437983
536,104,1.2475653437983
449,262,1.2475653437983
449,323,1.2475653437983
526,425,1.2475653437983
393,294,1.2475653437983
393,797,1.2475653437983
239,425,1.2475653437983
594,425,1.2475653437983
594,797,1.2475653437983
408,262,1.2475653437983
408,323,1.2475653437983
408,104,1.2475653437983
856,425,1.2475653437983
856,262,1.2475653437983
856,797,1.2475653437983
294,382,1.2475653437983
294,791,1.2475653437983
294,626,1.2475653437983
294,755,1.2475653437983
294,365,1.2475653437983
294,230,1.2475653437983
294,43,1.2475653437983
294,301,1.2475653437983
294,717,1.2475653437983
294,59,1.2475653437983
294,509,1.2475653437983
294,497,1.2475653437983
382,262,1.2475653437983
382,323,1.2475653437983
572,425,1.2475653437983
572,797,1.2475653437983
344,797,1.2475653437983
784,323,1.2475653437983
577,425,1.2475653437983
288,797,1.2475653437983
626,262,1.2475653437983
278,262,1.2475653437983
278,104,1.2475653437983
755,425,1.2475653437983
755,797,1.2475653437983
755,104,1.2475653437983
688,104,1.2475653437983
701,797,1.2475653437983
701,104,1.2475653437983
44,425,1.2475653437983
44,262,1.2475653437983
33,262,1.2475653437983
92,262,1.2475653437983
479,262,1.2475653437983
479,323,1.2475653437983
27,425,1.2475653437983
27,262,1.2475653437983
27,797,1.2475653437983
777,797,1.2475653437983
129,104,1.2475653437983
3,425,1.2475653437983
3,797,1.2475653437983
620,262,1.2475653437983
425,114,1.2475653437983
425,732,1.2475653437983
425,513,1.2475653437983
425,46,1.2475653437983
425,690,1.2475653437983
425,301,1.2475653437983
425,717,1.2475653437983
425,215,1.2475653437983
487,323,1.2475653437983
551,323,1.2475653437983
732,104,1.2475653437983
492,262,1.2475653437983
46,797,1.2475653437983
271,104,1.2475653437983
365,797,1.2475653437983
262,230,1.2475653437983
262,752,1.2475653437983
262,82,1.2475653437983
230,323,1.2475653437983
797,59,1.2475653437983
797,855,1.2475653437983
167,323,1.2475653437983
430,323,1.2475653437983
430,104,1.2475653437983
323,855,1.2475653437983
104,497,1.2475653437983
605,780,1.24739011165721
404,780,1.24739011165721
404,472,1.24739011165721
488,472,1.24739011165721
187,780,1.24739011165721
187,472,1.24739011165721
309,780,1.24739011165721
309,472,1.24739011165721
100,780,1.24739011165721
377,780,1.24739011165721
363,780,1.24739011165721
363,472,1.24739011165721
224,780,1.24739011165721
224,472,1.24739011165721
443,780,1.24739011165721
443,472,1.24739011165721
168,780,1.24739011165721
742,780,1.24739011165721
838,780,1.24739011165721
838,472,1.24739011165721
364,780,1.24739011165721
364,472,1.24739011165721
746,780,1.24739011165721
746,472,1.24739011165721
703,472,1.24739011165721
863,780,1.24739011165721
337,780,1.24739011165721
337,472,1.24739011165721
143,472,1.24739011165721
95,780,1.24739011165721
95,472,1.24739011165721
400,472,1.24739011165721
376,780,1.24739011165721
824,780,1.24739011165721
824,472,1.24739011165721
75,780,1.24739011165721
780,69,1.24739011165721
780,738,1.24739011165721
780,255,1.24739011165721
780,533,1.24739011165721
780,516,1.24739011165721
780,10,1.24739011165721
780,109,1.24739011165721
780,24,1.24739011165721
188,472,1.24739011165721
389,472,1.24739011165721
596,472,1.24739011165721
854,472,1.24739011165721
738,472,1.24739011165721
255,472,1.24739011165721
807,472,1.24739011165721
472,109,1.24739011165721
472,290,1.24739011165721
472,515,1.24739011165721
472,24,1.24739011165721
79,698,1.24311028401904
79,71,1.24311028401904
79,124,1.24311028401904
648,434,1.24286293903045
648,569,1.24286293903045
648,689,1.24286293903045
648,654,1.24286293903045
648,725,1.24286293903045
648,318,1.24286293903045
280,812,1.24286293903045
280,345,1.24286293903045
280,105,1.24286293903045
280,529,1.24286293903045
280,649,1.24286293903045
664,482,1.24286293903045
664,150,1.24286293903045
664,285,1.24286293903045
664,350,1.24286293903045
664,345,1.24286293903045
664,399,1.24286293903045
664,105,1.24286293903045
664,662,1.24286293903045
664,208,1.24286293903045
664,618,1.24286293903045
482,668,1.24286293903045
482,569,1.24286293903045
482,831,1.24286293903045
639,593,1.24286293903045
639,231,1.24286293903045
486,396,1.24286293903045
398,862,1.24286293903045
398,831,1.24286293903045
630,862,1.24286293903045
630,434,1.24286293903045
630,569,1.24286293903045
630,689,1.24286293903045
630,654,1.24286293903045
630,318,1.24286293903045
150,862,1.24286293903045
548,318,1.24286293903045
806,804,1.24286293903045
806,406,1.24286293903045
806,193,1.24286293903045
806,756,1.24286293903045
806,345,1.24286293903045
806,687,1.24286293903045
806,837,1.24286293903045
806,89,1.24286293903045
806,581,1.24286293903045
768,862,1.24286293903045
768,668,1.24286293903045
768,569,1.24286293903045
768,589,1.24286293903045
768,725,1.24286293903045
812,231,1.24286293903045
812,631,1.24286293903045
812,318,1.24286293903045
812,771,1.24286293903045
593,804,1.24286293903045
593,193,1.24286293903045
593,756,1.24286293903045
593,687,1.24286293903045
593,837,1.24286293903045
593,89,1.24286293903045
593,581,1.24286293903045
593,399,1.24286293903045
695,589,1.24286293903045
862,607,1.24286293903045
862,194,1.24286293903045
625,831,1.24286293903045
625,771,1.24286293903045
267,318,1.24286293903045
668,508,1.24286293903045
668,89,1.24286293903045
668,830,1.24286293903045
668,662,1.24286293903045
668,375,1.24286293903045
804,434,1.24286293903045
804,569,1.24286293903045
804,831,1.24286293903045
804,689,1.24286293903045
804,654,1.24286293903045
147,569,1.24286293903045
147,689,1.24286293903045
406,725,1.24286293903045
434,193,1.24286293903045
434,756,1.24286293903045
434,508,1.24286293903045
434,687,1.24286293903045
434,837,1.24286293903045
434,89,1.24286293903045
434,351,1.24286293903045
434,649,1.24286293903045
193,569,1.24286293903045
193,831,1.24286293903045
193,689,1.24286293903045
569,508,1.24286293903045
569,687,1.24286293903045
569,837,1.24286293903045
569,351,1.24286293903045
569,581,1.24286293903045
569,266,1.24286293903045
569,662,1.24286293903045
569,375,1.24286293903045
728,725,1.24286293903045
728,72,1.24286293903045
728,498,1.24286293903045
756,631,1.24286293903045
756,654,1.24286293903045
756,318,1.24286293903045
350,318,1.24286293903045
589,837,1.24286293903045
589,399,1.24286293903045
589,266,1.24286293903045
589,375,1.24286293903045
831,687,1.24286293903045
831,837,1.24286293903045
831,194,1.24286293903045
831,89,1.24286293903045
831,662,1.24286293903045
195,654,1.24286293903045
195,72,1.24286293903045
508,231,1.24286293903045
508,689,1.24286293903045
508,654,1.24286293903045
508,725,1.24286293903045
508,318,1.24286293903045
508,771,1.24286293903045
508,498,1.24286293903045
722,771,1.24286293903045
722,498,1.24286293903045
687,689,1.24286293903045
231,399,1.24286293903045
231,830,1.24286293903045
231,105,1.24286293903045
231,208,1.24286293903045
231,649,1.24286293903045
837,689,1.24286293903045
837,654,1.24286293903045
631,351,1.24286293903045
631,581,1.24286293903045
631,182,1.24286293903045
631,105,1.24286293903045
631,208,1.24286293903045
631,649,1.24286293903045
689,89,1.24286293903045
689,351,1.24286293903045
689,581,1.24286293903045
654,89,1.24286293903045
654,351,1.24286293903045
654,399,1.24286293903045
654,105,1.24286293903045
654,529,1.24286293903045
654,649,1.24286293903045
725,208,1.24286293903045
318,399,1.24286293903045
318,830,1.24286293903045
318,105,1.24286293903045
72,266,1.24286293903045
72,529,1.24286293903045
830,771,1.24286293903045
830,498,1.24286293903045
105,771,1.24286293903045
771,208,1.24286293903045
771,649,1.24286293903045
396,529,1.24286293903045
396,649,1.24286293903045
466,645,1.24263154912685
136,645,1.24263154912685
605,645,1.24263154912685
28,645,1.24263154912685
181,645,1.24263154912685
401,645,1.24263154912685
642,645,1.24263154912685
377,645,1.24263154912685
599,645,1.24263154912685
729,645,1.24263154912685
211,645,1.24263154912685
0,645,1.24263154912685
615,645,1.24263154912685
564,645,1.24263154912685
645,95,1.24263154912685
645,321,1.24263154912685
645,298,1.24263154912685
645,543,1.24263154912685
645,205,1.24263154912685
645,545,1.24263154912685
645,549,1.24263154912685
645,567,1.24263154912685
645,62,1.24263154912685
645,456,1.24263154912685
645,228,1.24263154912685
645,290,1.24263154912685
645,322,1.24263154912685
645,15,1.24263154912685
645,568,1.24263154912685
79,11,1.24180421646421
842,852,1.24073208873208
842,557,1.24073208873208
249,852,1.24073208873208
477,557,1.24073208873208
470,557,1.24073208873208
852,39,1.24073208873208
852,393,1.24073208873208
852,408,1.24073208873208
852,278,1.24073208873208
852,421,1.24073208873208
852,688,1.24073208873208
852,701,1.24073208873208
852,27,1.24073208873208
852,777,1.24073208873208
852,57,1.24073208873208
852,551,1.24073208873208
852,29,1.24073208873208
852,167,1.24073208873208
852,59,1.24073208873208
852,82,1.24073208873208
852,855,1.24073208873208
852,497,1.24073208873208
757,461,1.24073208873208
744,461,1.24073208873208
536,461,1.24073208873208
536,557,1.24073208873208
2,557,1.24073208873208
393,461,1.24073208873208
572,557,1.24073208873208
316,557,1.24073208873208
461,344,1.24073208873208
461,671,1.24073208873208
461,288,1.24073208873208
461,755,1.24073208873208
461,92,1.24073208873208
461,777,1.24073208873208
461,114,1.24073208873208
461,732,1.24073208873208
461,700,1.24073208873208
461,601,1.24073208873208
461,365,1.24073208873208
461,690,1.24073208873208
461,750,1.24073208873208
461,59,1.24073208873208
461,332,1.24073208873208
461,834,1.24073208873208
461,855,1.24073208873208
461,366,1.24073208873208
839,557,1.24073208873208
766,557,1.24073208873208
421,557,1.24073208873208
794,557,1.24073208873208
3,557,1.24073208873208
57,557,1.24073208873208
557,786,1.24073208873208
557,272,1.24073208873208
557,276,1.24073208873208
557,46,1.24073208873208
557,186,1.24073208873208
557,43,1.24073208873208
557,752,1.24073208873208
557,395,1.24073208873208
557,332,1.24073208873208
557,82,1.24073208873208
836,11,1.23868507471625
726,11,1.23868507471625
404,11,1.23868507471625
187,11,1.23868507471625
100,11,1.23868507471625
363,11,1.23868507471625
224,11,1.23868507471625
443,11,1.23868507471625
168,11,1.23868507471625
838,11,1.23868507471625
211,11,1.23868507471625
65,11,1.23868507471625
711,11,1.23868507471625
359,11,1.23868507471625
746,11,1.23868507471625
564,11,1.23868507471625
863,11,1.23868507471625
505,11,1.23868507471625
337,11,1.23868507471625
184,11,1.23868507471625
95,11,1.23868507471625
824,11,1.23868507471625
11,75,1.23868507471625
11,475,1.23868507471625
11,389,1.23868507471625
11,183,1.23868507471625
11,738,1.23868507471625
11,109,1.23868507471625
11,290,1.23868507471625
11,515,1.23868507471625
817,355,1.23759404873854
80,137,1.23720230771319
80,613,1.23720230771319
80,866,1.23720230771319
80,71,1.23720230771319
80,576,1.23720230771319
80,721,1.23720230771319
80,462,1.23720230771319
80,17,1.23720230771319
137,152,1.23720230771319
137,156,1.23720230771319
137,848,1.23720230771319
137,247,1.23720230771319
137,500,1.23720230771319
137,646,1.23720230771319
137,352,1.23720230771319
137,496,1.23720230771319
61,613,1.23720230771319
61,88,1.23720230771319
61,583,1.23720230771319
61,493,1.23720230771319
561,223,1.23720230771319
518,647,1.23720230771319
152,296,1.23720230771319
152,799,1.23720230771319
152,291,1.23720230771319
152,223,1.23720230771319
152,462,1.23720230771319
152,35,1.23720230771319
282,859,1.23720230771319
661,296,1.23720230771319
661,866,1.23720230771319
661,88,1.23720230771319
661,35,1.23720230771319
661,788,1.23720230771319
658,848,1.23720230771319
658,859,1.23720230771319
658,163,1.23720230771319
658,200,1.23720230771319
658,496,1.23720230771319
613,6,1.23720230771319
613,156,1.23720230771319
613,500,1.23720230771319
613,163,1.23720230771319
613,73,1.23720230771319
613,252,1.23720230771319
296,539,1.23720230771319
296,247,1.23720230771319
296,646,1.23720230771319
296,163,1.23720230771319
866,283,1.23720230771319
866,156,1.23720230771319
866,539,1.23720230771319
866,500,1.23720230771319
88,617,1.23720230771319
88,283,1.23720230771319
88,811,1.23720230771319
88,500,1.23720230771319
88,163,1.23720230771319
88,73,1.23720230771319
583,352,1.23720230771319
583,73,1.23720230771319
583,252,1.23720230771319
583,21,1.23720230771319
6,576,1.23720230771319
6,721,1.23720230771319
6,291,1.23720230771319
6,462,1.23720230771319
6,17,1.23720230771319
617,576,1.23720230771319
617,721,1.23720230771319
617,462,1.23720230771319
617,17,1.23720230771319
698,283,1.23720230771319
698,848,1.23720230771319
698,500,1.23720230771319
698,73,1.23720230771319
698,496,1.23720230771319
283,799,1.23720230771319
283,493,1.23720230771319
283,124,1.23720230771319
71,156,1.23720230771319
71,204,1.23720230771319
799,646,1.23720230771319
799,204,1.23720230771319
799,352,1.23720230771319
799,163,1.23720230771319
576,156,1.23720230771319
576,524,1.23720230771319
576,97,1.23720230771319
156,721,1.23720230771319
156,462,1.23720230771319
156,17,1.23720230771319
721,524,1.23720230771319
848,291,1.23720230771319
291,859,1.23720230771319
291,200,1.23720230771319
291,496,1.23720230771319
223,811,1.23720230771319
223,646,1.23720230771319
223,163,1.23720230771319
223,138,1.23720230771319
493,754,1.23720230771319
859,123,1.23720230771319
123,73,1.23720230771319
123,138,1.23720230771319
462,97,1.23720230771319
524,17,1.23720230771319
97,647,1.23720230771319
97,17,1.23720230771319
646,35,1.23720230771319
204,35,1.23720230771319
523,647,1.23720230771319
163,788,1.23720230771319
124,73,1.23720230771319
124,252,1.23720230771319
829,257,1.23562123360361
829,361,1.23562123360361
829,743,1.23562123360361
829,370,1.23562123360361
153,315,1.23562123360361
153,716,1.23562123360361
153,792,1.23562123360361
257,361,1.23562123360361
257,250,1.23562123360361
257,370,1.23562123360361
300,361,1.23562123360361
315,716,1.23562123360361
315,256,1.23562123360361
361,250,1.23562123360361
361,370,1.23562123360361
361,256,1.23562123360361
560,716,1.23562123360361
250,414,1.23562123360361
792,370,1.23562123360361
530,165,1.23559070106505
354,379,1.23559070106505
354,139,1.23559070106505
106,147,1.23559070106505
106,508,1.23559070106505
106,830,1.23559070106505
482,635,1.23559070106505
482,379,1.23559070106505
482,612,1.23559070106505
850,141,1.23559070106505
850,612,1.23559070106505
850,144,1.23559070106505
639,141,1.23559070106505
639,612,1.23559070106505
639,144,1.23559070106505
486,843,1.23559070106505
398,379,1.23559070106505
150,139,1.23559070106505
548,139,1.23559070106505
768,635,1.23559070106505
768,379,1.23559070106505
768,612,1.23559070106505
768,165,1.23559070106505
812,141,1.23559070106505
812,843,1.23559070106505
695,612,1.23559070106505
695,165,1.23559070106505
625,141,1.23559070106505
625,612,1.23559070106505
625,144,1.23559070106505
485,379,1.23559070106505
485,139,1.23559070106505
804,141,1.23559070106505
804,165,1.23559070106505
406,165,1.23559070106505
193,141,1.23559070106505
728,139,1.23559070106505
756,165,1.23559070106505
635,607,1.23559070106505
635,356,1.23559070106505
635,89,1.23559070106505
635,266,1.23559070106505
635,662,1.23559070106505
635,375,1.23559070106505
285,379,1.23559070106505
350,141,1.23559070106505
4,141,1.23559070106505
379,194,1.23559070106505
379,89,1.23559070106505
379,662,1.23559070106505
379,649,1.23559070106505
139,614,1.23559070106505
139,77,1.23559070106505
139,356,1.23559070106505
139,830,1.23559070106505
139,375,1.23559070106505
139,649,1.23559070106505
195,612,1.23559070106505
508,141,1.23559070106505
508,144,1.23559070106505
508,843,1.23559070106505
712,165,1.23559070106505
141,722,1.23559070106505
141,687,1.23559070106505
141,837,1.23559070106505
141,89,1.23559070106505
141,351,1.23559070106505
141,399,1.23559070106505
141,618,1.23559070106505
141,450,1.23559070106505
141,677,1.23559070106505
722,612,1.23559070106505
722,144,1.23559070106505
612,89,1.23559070106505
612,266,1.23559070106505
612,662,1.23559070106505
612,208,1.23559070106505
612,375,1.23559070106505
612,529,1.23559070106505
612,649,1.23559070106505
837,165,1.23559070106505
144,399,1.23559070106505
144,830,1.23559070106505
165,581,1.23559070106505
165,266,1.23559070106505
165,105,1.23559070106505
165,208,1.23559070106505
165,375,1.23559070106505
843,830,1.23559070106505
843,105,1.23559070106505
843,529,1.23559070106505
843,649,1.23559070106505
842,833,1.23552964617727
25,684,1.23552964617727
25,833,1.23552964617727
249,833,1.23552964617727
313,817,1.23552964617727
39,684,1.23552964617727
623,817,1.23552964617727
526,817,1.23552964617727
239,817,1.23552964617727
594,684,1.23552964617727
408,833,1.23552964617727
684,572,1.23552964617727
684,33,1.23552964617727
684,92,1.23552964617727
684,620,1.23552964617727
684,732,1.23552964617727
684,513,1.23552964617727
684,690,1.23552964617727
684,430,1.23552964617727
684,332,1.23552964617727
684,834,1.23552964617727
684,366,1.23552964617727
833,278,1.23552964617727
833,421,1.23552964617727
833,688,1.23552964617727
833,92,1.23552964617727
833,129,1.23552964617727
833,620,1.23552964617727
833,57,1.23552964617727
833,551,1.23552964617727
833,732,1.23552964617727
833,29,1.23552964617727
833,492,1.23552964617727
833,365,1.23552964617727
833,186,1.23552964617727
833,690,1.23552964617727
833,752,1.23552964617727
833,512,1.23552964617727
833,167,1.23552964617727
833,430,1.23552964617727
833,82,1.23552964617727
755,817,1.23552964617727
114,817,1.23552964617727
817,732,1.23552964617727
817,468,1.23552964617727
817,690,1.23552964617727
817,301,1.23552964617727
817,717,1.23552964617727
817,215,1.23552964617727
466,378,1.23257791030497
128,378,1.23257791030497
642,378,1.23257791030497
377,378,1.23257791030497
63,378,1.23257791030497
599,378,1.23257791030497
211,378,1.23257791030497
615,378,1.23257791030497
440,378,1.23257791030497
306,378,1.23257791030497
703,378,1.23257791030497
564,378,1.23257791030497
143,378,1.23257791030497
259,378,1.23257791030497
95,378,1.23257791030497
474,378,1.23257791030497
321,378,1.23257791030497
188,378,1.23257791030497
378,800,1.23257791030497
378,545,1.23257791030497
378,549,1.23257791030497
378,62,1.23257791030497
378,424,1.23257791030497
378,456,1.23257791030497
378,322,1.23257791030497
378,15,1.23257791030497
378,568,1.23257791030497
842,149,1.23148026675918
787,616,1.23148026675918
313,149,1.23148026675918
313,86,1.23148026675918
757,149,1.23148026675918
570,85,1.23148026675918
744,85,1.23148026675918
85,494,1.23148026675918
85,449,1.23148026675918
85,408,1.23148026675918
85,382,1.23148026675918
85,784,1.23148026675918
85,765,1.23148026675918
85,41,1.23148026675918
85,278,1.23148026675918
85,27,1.23148026675918
85,778,1.23148026675918
85,660,1.23148026675918
85,620,1.23148026675918
85,29,1.23148026675918
85,276,1.23148026675918
85,758,1.23148026675918
85,230,1.23148026675918
85,855,1.23148026675918
623,149,1.23148026675918
623,616,1.23148026675918
494,149,1.23148026675918
536,616,1.23148026675918
449,149,1.23148026675918
526,149,1.23148026675918
526,616,1.23148026675918
393,616,1.23148026675918
393,86,1.23148026675918
239,149,1.23148026675918
239,616,1.23148026675918
594,149,1.23148026675918
408,149,1.23148026675918
408,616,1.23148026675918
382,149,1.23148026675918
572,149,1.23148026675918
765,86,1.23148026675918
288,86,1.23148026675918
149,626,1.23148026675918
149,278,1.23148026675918
149,755,1.23148026675918
149,44,1.23148026675918
149,33,1.23148026675918
149,92,1.23148026675918
149,479,1.23148026675918
149,3,1.23148026675918
149,620,1.23148026675918
149,114,1.23148026675918
149,732,1.23148026675918
149,492,1.23148026675918
149,46,1.23148026675918
149,690,1.23148026675918
149,230,1.23148026675918
149,301,1.23148026675918
149,752,1.23148026675918
149,717,1.23148026675918
149,332,1.23148026675918
149,215,1.23148026675918
149,82,1.23148026675918
278,616,1.23148026675918
755,86,1.23148026675918
688,616,1.23148026675918
44,616,1.23148026675918
92,616,1.23148026675918
129,616,1.23148026675918
620,86,1.23148026675918
114,616,1.23148026675918
114,86,1.23148026675918
732,86,1.23148026675918
616,365,1.23148026675918
616,750,1.23148026675918
616,301,1.23148026675918
616,59,1.23148026675918
616,430,1.23148026675918
616,497,1.23148026675918
365,86,1.23148026675918
690,86,1.23148026675918
463,664,1.23041129055852
463,862,1.23041129055852
80,593,1.23041129055852
80,862,1.23041129055852
80,569,1.23041129055852
80,831,1.23041129055852
80,689,1.23041129055852
61,434,1.23041129055852
61,569,1.23041129055852
61,689,1.23041129055852
61,654,1.23041129055852
61,396,1.23041129055852
280,152,1.23041129055852
280,661,1.23041129055852
280,617,1.23041129055852
280,500,1.23041129055852
280,524,1.23041129055852
280,352,1.23041129055852
664,524,1.23041129055852
561,806,1.23041129055852
561,725,1.23041129055852
152,668,1.23041129055852
152,569,1.23041129055852
152,589,1.23041129055852
152,831,1.23041129055852
152,631,1.23041129055852
152,771,1.23041129055852
152,498,1.23041129055852
661,806,1.23041129055852
661,593,1.23041129055852
661,668,1.23041129055852
661,434,1.23041129055852
661,589,1.23041129055852
661,231,1.23041129055852
661,631,1.23041129055852
661,689,1.23041129055852
661,654,1.23041129055852
661,771,1.23041129055852
806,811,1.23041129055852
806,539,1.23041129055852
806,73,1.23041129055852
806,138,1.23041129055852
593,156,1.23041129055852
593,539,1.23041129055852
593,163,1.23041129055852
862,156,1.23041129055852
862,204,1.23041129055852
862,200,1.23041129055852
668,283,1.23041129055852
668,539,1.23041129055852
668,247,1.23041129055852
668,97,1.23041129055852
668,73,1.23041129055852
434,283,1.23041129055852
434,539,1.23041129055852
569,283,1.23041129055852
569,156,1.23041129055852
569,247,1.23041129055852
569,97,1.23041129055852
569,73,1.23041129055852
6,396,1.23041129055852
617,589,1.23041129055852
617,231,1.23041129055852
617,631,1.23041129055852
617,771,1.23041129055852
283,231,1.23041129055852
283,689,1.23041129055852
283,725,1.23041129055852
283,318,1.23041129055852
283,771,1.23041129055852
283,498,1.23041129055852
589,539,1.23041129055852
589,247,1.23041129055852
589,524,1.23041129055852
589,646,1.23041129055852
156,831,1.23041129055852
156,689,1.23041129055852
848,72,1.23041129055852
831,646,1.23041129055852
831,200,1.23041129055852
811,725,1.23041129055852
859,654,1.23041129055852
859,318,1.23041129055852
859,72,1.23041129055852
231,163,1.23041129055852
539,689,1.23041129055852
539,654,1.23041129055852
247,654,1.23041129055852
500,654,1.23041129055852
500,318,1.23041129055852
500,771,1.23041129055852
500,396,1.23041129055852
500,498,1.23041129055852
631,646,1.23041129055852
689,73,1.23041129055852
654,352,1.23041129055852
725,97,1.23041129055852
725,73,1.23041129055852
725,138,1.23041129055852
524,72,1.23041129055852
524,498,1.23041129055852
352,318,1.23041129055852
352,396,1.23041129055852
318,73,1.23041129055852
318,252,1.23041129055852
318,138,1.23041129055852
200,72,1.23041129055852
73,72,1.23041129055852
72,496,1.23041129055852
138,396,1.23041129055852
396,21,1.23041129055852
38,639,1.2303865486489
38,625,1.2303865486489
38,756,1.2303865486489
38,351,1.2303865486489
38,399,1.2303865486489
38,208,1.2303865486489
482,425,1.2303865486489
639,451,1.2303865486489
639,104,1.2303865486489
176,451,1.2303865486489
176,104,1.2303865486489
486,294,1.2303865486489
486,262,1.2303865486489
451,595,1.2303865486489
451,625,1.2303865486489
451,147,1.2303865486489
451,728,1.2303865486489
451,607,1.2303865486489
451,243,1.2303865486489
451,195,1.2303865486489
451,508,1.2303865486489
451,697,1.2303865486489
451,628,1.2303865486489
451,581,1.2303865486489
451,399,1.2303865486489
451,830,1.2303865486489
451,266,1.2303865486489
451,618,1.2303865486489
451,450,1.2303865486489
595,104,1.2303865486489
768,425,1.2303865486489
768,104,1.2303865486489
812,294,1.2303865486489
812,797,1.2303865486489
695,104,1.2303865486489
294,837,1.2303865486489
294,89,1.2303865486489
294,399,1.2303865486489
294,182,1.2303865486489
294,618,1.2303865486489
294,529,1.2303865486489
193,104,1.2303865486489
728,323,1.2303865486489
756,797,1.2303865486489
756,104,1.2303865486489
285,425,1.2303865486489
607,425,1.2303865486489
243,104,1.2303865486489
697,104,1.2303865486489
425,89,1.2303865486489
425,266,1.2303865486489
425,662,1.2303865486489
425,649,1.2303865486489
687,104,1.2303865486489
628,104,1.2303865486489
351,797,1.2303865486489
262,399,1.2303865486489
262,529,1.2303865486489
262,649,1.2303865486489
797,581,1.2303865486489
797,182,1.2303865486489
797,618,1.2303865486489
581,104,1.2303865486489
266,104,1.2303865486489
105,104,1.2303865486489
323,208,1.2303865486489
104,375,1.2303865486489
85,355,1.22983465686419
578,79,1.22972036412555
154,79,1.22972036412555
621,79,1.22972036412555
179,79,1.22972036412555
693,79,1.22972036412555
760,79,1.22972036412555
858,79,1.22972036412555
637,79,1.22972036412555
373,79,1.22972036412555
433,79,1.22972036412555
297,79,1.22972036412555
484,79,1.22972036412555
135,79,1.22972036412555
481,79,1.22972036412555
759,79,1.22972036412555
79,362,1.22972036412555
79,446,1.22972036412555
79,273,1.22972036412555
79,514,1.22972036412555
79,198,1.22972036412555
79,502,1.22972036412555
79,429,1.22972036412555
79,333,1.22972036412555
79,431,1.22972036412555
79,329,1.22972036412555
79,34,1.22972036412555
79,705,1.22972036412555
79,170,1.22972036412555
79,432,1.22972036412555
79,713,1.22972036412555
79,386,1.22972036412555
79,264,1.22972036412555
79,467,1.22972036412555
79,130,1.22972036412555
79,590,1.22972036412555
79,53,1.22972036412555
79,640,1.22972036412555
79,825,1.22972036412555
79,763,1.22972036412555
79,225,1.22972036412555
79,579,1.22972036412555
79,650,1.22972036412555
79,769,1.22972036412555
79,112,1.22972036412555
79,483,1.22972036412555
79,814,1.22972036412555
79,489,1.22972036412555
79,289,1.22972036412555
79,244,1.22972036412555
79,213,1.22972036412555
79,47,1.22972036412555
79,584,1.22972036412555
79,867,1.22972036412555
79,324,1.22972036412555
79,358,1.22972036412555
79,419,1.22972036412555
79,672,1.22972036412555
79,423,1.22972036412555
79,177,1.22972036412555
79,233,1.22972036412555
79,83,1.22972036412555
79,762,1.22972036412555
79,562,1.22972036412555
79,328,1.22972036412555
79,652,1.22972036412555
79,821,1.22972036412555
79,55,1.22972036412555
79,453,1.22972036412555
79,747,1.22972036412555
79,148,1.22972036412555
79,685,1.22972036412555
79,591,1.22972036412555
280,79,1.228809341519
668,79,1.228809341519
569,79,1.228809341519
79,831,1.228809341519
79,72,1.228809341519
79,396,1.228809341519
137,829,1.22835810686032
137,153,1.22835810686032
137,300,1.22835810686032
137,743,1.22835810686032
137,503,1.22835810686032
137,250,1.22835810686032
137,370,1.22835810686032
829,296,1.22835810686032
829,866,1.22835810686032
829,799,1.22835810686032
829,576,1.22835810686032
829,721,1.22835810686032
829,223,1.22835810686032
829,462,1.22835810686032
829,35,1.22835810686032
829,17,1.22835810686032
153,613,1.22835810686032
153,583,1.22835810686032
153,799,1.22835810686032
282,300,1.22835810686032
257,658,1.22835810686032
257,296,1.22835810686032
257,88,1.22835810686032
257,698,1.22835810686032
257,799,1.22835810686032
257,223,1.22835810686032
257,35,1.22835810686032
257,788,1.22835810686032
658,381,1.22835810686032
300,866,1.22835810686032
300,583,1.22835810686032
315,123,1.22835810686032
315,647,1.22835810686032
315,35,1.22835810686032
315,788,1.22835810686032
613,361,1.22835810686032
613,743,1.22835810686032
613,370,1.22835810686032
866,361,1.22835810686032
866,743,1.22835810686032
866,792,1.22835810686032
361,88,1.22835810686032
361,583,1.22835810686032
361,799,1.22835810686032
361,223,1.22835810686032
361,788,1.22835810686032
88,792,1.22835810686032
88,370,1.22835810686032
583,414,1.22835810686032
583,370,1.22835810686032
698,792,1.22835810686032
698,414,1.22835810686032
71,743,1.22835810686032
799,560,1.22835810686032
799,716,1.22835810686032
799,381,1.22835810686032
799,792,1.22835810686032
799,414,1.22835810686032
576,743,1.22835810686032
576,250,1.22835810686032
576,414,1.22835810686032
576,370,1.22835810686032
767,291,1.22835810686032
767,493,1.22835810686032
767,124,1.22835810686032
721,743,1.22835810686032
721,250,1.22835810686032
721,414,1.22835810686032
743,462,1.22835810686032
743,17,1.22835810686032
291,503,1.22835810686032
291,381,1.22835810686032
223,256,1.22835810686032
493,792,1.22835810686032
493,414,1.22835810686032
250,17,1.22835810686032
792,124,1.22835810686032
462,370,1.22835810686032
462,256,1.22835810686032
414,124,1.22835810686032
414,35,1.22835810686032
414,788,1.22835810686032
414,17,1.22835810686032
647,256,1.22835810686032
370,124,1.22835810686032
370,17,1.22835810686032
256,17,1.22835810686032
842,191,1.22826838625513
787,384,1.22826838625513
25,191,1.22826838625513
25,846,1.22826838625513
25,384,1.22826838625513
249,191,1.22826838625513
234,325,1.22826838625513
234,594,1.22826838625513
234,572,1.22826838625513
234,469,1.22826838625513
234,336,1.22826838625513
234,92,1.22826838625513
234,27,1.22826838625513
234,3,1.22826838625513
234,732,1.22826838625513
234,29,1.22826838625513
234,332,1.22826838625513
234,834,1.22826838625513
234,855,1.22826838625513
476,384,1.22826838625513
651,384,1.22826838625513
470,846,1.22826838625513
757,846,1.22826838625513
570,384,1.22826838625513
133,384,1.22826838625513
709,384,1.22826838625513
744,191,1.22826838625513
39,846,1.22826838625513
2,191,1.22826838625513
393,846,1.22826838625513
393,384,1.22826838625513
239,384,1.22826838625513
856,384,1.22826838625513
173,384,1.22826838625513
191,839,1.22826838625513
191,766,1.22826838625513
191,421,1.22826838625513
191,688,1.22826838625513
191,701,1.22826838625513
191,44,1.22826838625513
191,33,1.22826838625513
191,794,1.22826838625513
191,27,1.22826838625513
191,129,1.22826838625513
191,551,1.22826838625513
191,732,1.22826838625513
191,29,1.22826838625513
191,513,1.22826838625513
191,492,1.22826838625513
191,786,1.22826838625513
191,272,1.22826838625513
191,365,1.22826838625513
191,690,1.22826838625513
191,395,1.22826838625513
191,167,1.22826838625513
191,430,1.22826838625513
191,332,1.22826838625513
191,94,1.22826838625513
577,384,1.22826838625513
41,384,1.22826838625513
288,846,1.22826838625513
846,421,1.22826838625513
846,755,1.22826838625513
846,701,1.22826838625513
846,57,1.22826838625513
846,29,1.22826838625513
846,700,1.22826838625513
846,601,1.22826838625513
846,59,1.22826838625513
846,855,1.22826838625513
421,384,1.22826838625513
755,384,1.22826838625513
701,384,1.22826838625513
384,778,1.22826838625513
384,114,1.22826838625513
384,57,1.22826838625513
384,732,1.22826838625513
384,29,1.22826838625513
384,271,1.22826838625513
384,694,1.22826838625513
384,690,1.22826838625513
384,301,1.22826838625513
384,717,1.22826838625513
384,59,1.22826838625513
384,627,1.22826838625513
384,215,1.22826838625513
149,254,1.22676324979759
354,557,1.22653778731621
639,852,1.22653778731621
176,461,1.22653778731621
852,812,1.22653778731621
852,728,1.22653778731621
852,581,1.22653778731621
852,399,1.22653778731621
852,105,1.22653778731621
852,208,1.22653778731621
852,649,1.22653778731621
548,557,1.22653778731621
595,461,1.22653778731621
768,557,1.22653778731621
812,461,1.22653778731621
812,557,1.22653778731621
695,461,1.22653778731621
485,557,1.22653778731621
804,461,1.22653778731621
406,557,1.22653778731621
461,243,1.22653778731621
461,697,1.22653778731621
461,837,1.22653778731621
461,628,1.22653778731621
461,89,1.22653778731621
461,351,1.22653778731621
461,399,1.22653778731621
461,649,1.22653778731621
350,557,1.22653778731621
345,557,1.22653778731621
557,830,1.22653778731621
557,649,1.22653778731621
463,139,1.22575714531276
80,106,1.22575714531276
80,379,1.22575714531276
80,139,1.22575714531276
61,635,1.22575714531276
561,106,1.22575714531276
561,141,1.22575714531276
561,165,1.22575714531276
106,283,1.22575714531276
106,156,1.22575714531276
106,811,1.22575714531276
106,138,1.22575714531276
518,165,1.22575714531276
152,635,1.22575714531276
152,379,1.22575714531276
152,144,1.22575714531276
152,165,1.22575714531276
152,843,1.22575714531276
661,635,1.22575714531276
661,379,1.22575714531276
661,612,1.22575714531276
661,843,1.22575714531276
6,612,1.22575714531276
6,165,1.22575714531276
617,141,1.22575714531276
617,165,1.22575714531276
617,843,1.22575714531276
635,811,1.22575714531276
635,539,1.22575714531276
635,247,1.22575714531276
635,97,1.22575714531276
635,21,1.22575714531276
283,139,1.22575714531276
283,144,1.22575714531276
283,843,1.22575714531276
156,379,1.22575714531276
156,139,1.22575714531276
379,539,1.22575714531276
379,247,1.22575714531276
379,97,1.22575714531276
379,204,1.22575714531276
379,163,1.22575714531276
139,848,1.22575714531276
139,811,1.22575714531276
139,500,1.22575714531276
139,163,1.22575714531276
139,252,1.22575714531276
139,138,1.22575714531276
139,496,1.22575714531276
141,811,1.22575714531276
141,539,1.22575714531276
141,646,1.22575714531276
141,73,1.22575714531276
141,138,1.22575714531276
612,539,1.22575714531276
612,247,1.22575714531276
612,97,1.22575714531276
612,646,1.22575714531276
612,163,1.22575714531276
500,843,1.22575714531276
144,646,1.22575714531276
144,163,1.22575714531276
165,524,1.22575714531276
165,646,1.22575714531276
165,523,1.22575714531276
524,843,1.22575714531276
352,843,1.22575714531276
842,780,1.22567902340776
842,472,1.22567902340776
25,780,1.22567902340776
249,780,1.22567902340776
249,472,1.22567902340776
477,472,1.22567902340776
476,780,1.22567902340776
757,780,1.22567902340776
757,472,1.22567902340776
570,780,1.22567902340776
133,780,1.22567902340776
709,780,1.22567902340776
408,472,1.22567902340776
316,780,1.22567902340776
784,472,1.22567902340776
41,780,1.22567902340776
626,780,1.22567902340776
626,472,1.22567902340776
278,780,1.22567902340776
421,780,1.22567902340776
701,780,1.22567902340776
469,472,1.22567902340776
336,472,1.22567902340776
44,780,1.22567902340776
92,780,1.22567902340776
92,472,1.22567902340776
780,27,1.22567902340776
780,778,1.22567902340776
780,57,1.22567902340776
780,551,1.22567902340776
780,29,1.22567902340776
780,492,1.22567902340776
780,365,1.22567902340776
780,694,1.22567902340776
780,752,1.22567902340776
780,167,1.22567902340776
780,332,1.22567902340776
780,113,1.22567902340776
780,82,1.22567902340776
780,855,1.22567902340776
660,472,1.22567902340776
551,472,1.22567902340776
732,472,1.22567902340776
151,472,1.22567902340776
167,472,1.22567902340776
215,472,1.22567902340776
834,472,1.22567902340776
472,509,1.22567902340776
472,855,1.22567902340776
234,355,1.22453814127513
280,153,1.22364753554815
280,560,1.22364753554815
280,716,1.22364753554815
280,250,1.22364753554815
280,792,1.22364753554815
280,414,1.22364753554815
664,250,1.22364753554815
664,256,1.22364753554815
829,806,1.22364753554815
829,434,1.22364753554815
829,569,1.22364753554815
829,589,1.22364753554815
829,831,1.22364753554815
829,631,1.22364753554815
829,689,1.22364753554815
153,862,1.22364753554815
153,654,1.22364753554815
153,396,1.22364753554815
257,593,1.22364753554815
257,862,1.22364753554815
257,231,1.22364753554815
300,862,1.22364753554815
300,569,1.22364753554815
300,689,1.22364753554815
300,725,1.22364753554815
300,72,1.22364753554815
300,771,1.22364753554815
300,396,1.22364753554815
300,498,1.22364753554815
315,862,1.22364753554815
315,589,1.22364753554815
315,725,1.22364753554815
315,318,1.22364753554815
315,396,1.22364753554815
593,361,1.22364753554815
593,743,1.22364753554815
862,560,1.22364753554815
862,743,1.22364753554815
668,381,1.22364753554815
668,792,1.22364753554815
668,414,1.22364753554815
668,256,1.22364753554815
361,569,1.22364753554815
361,589,1.22364753554815
361,231,1.22364753554815
361,689,1.22364753554815
361,654,1.22364753554815
361,725,1.22364753554815
361,771,1.22364753554815
361,498,1.22364753554815
569,743,1.22364753554815
569,792,1.22364753554815
569,414,1.22364753554815
569,256,1.22364753554815
589,250,1.22364753554815
560,396,1.22364753554815
716,498,1.22364753554815
743,689,1.22364753554815
743,725,1.22364753554815
831,414,1.22364753554815
231,792,1.22364753554815
631,414,1.22364753554815
689,792,1.22364753554815
689,414,1.22364753554815
792,725,1.22364753554815
792,318,1.22364753554815
792,771,1.22364753554815
792,498,1.22364753554815
725,256,1.22364753554815
414,498,1.22364753554815
370,771,1.22364753554815
370,396,1.22364753554815
370,498,1.22364753554815
530,833,1.22361321167887
648,833,1.22361321167887
482,817,1.22361321167887
639,833,1.22361321167887
768,817,1.22361321167887
625,684,1.22361321167887
625,833,1.22361321167887
804,684,1.22361321167887
804,833,1.22361321167887
684,193,1.22361321167887
684,687,1.22361321167887
684,837,1.22361321167887
684,89,1.22361321167887
684,351,1.22361321167887
684,649,1.22361321167887
406,833,1.22361321167887
833,193,1.22361321167887
833,728,1.22361321167887
833,756,1.22361321167887
833,712,1.22361321167887
833,687,1.22361321167887
833,837,1.22361321167887
833,89,1.22361321167887
833,399,1.22361321167887
833,649,1.22361321167887
607,817,1.22361321167887
817,89,1.22361321167887
817,662,1.22361321167887
817,375,1.22361321167887
817,618,1.22361321167887
477,645,1.22356175016173
757,645,1.22356175016173
570,645,1.22356175016173
393,645,1.22356175016173
856,645,1.22356175016173
572,645,1.22356175016173
645,41,1.22356175016173
645,288,1.22356175016173
645,421,1.22356175016173
645,755,1.22356175016173
645,778,1.22356175016173
645,129,1.22356175016173
645,57,1.22356175016173
645,29,1.22356175016173
645,276,1.22356175016173
645,690,1.22356175016173
645,43,1.22356175016173
645,750,1.22356175016173
645,752,1.22356175016173
645,59,1.22356175016173
645,430,1.22356175016173
645,497,1.22356175016173
726,355,1.22344178948682
642,355,1.22344178948682
309,355,1.22344178948682
377,355,1.22344178948682
63,355,1.22344178948682
5,355,1.22344178948682
718,355,1.22344178948682
729,355,1.22344178948682
615,355,1.22344178948682
65,355,1.22344178948682
306,355,1.22344178948682
703,355,1.22344178948682
564,355,1.22344178948682
863,355,1.22344178948682
66,355,1.22344178948682
439,355,1.22344178948682
14,355,1.22344178948682
298,355,1.22344178948682
389,355,1.22344178948682
800,355,1.22344178948682
644,355,1.22344178948682
205,355,1.22344178948682
820,355,1.22344178948682
545,355,1.22344178948682
62,355,1.22344178948682
424,355,1.22344178948682
355,314,1.22344178948682
355,116,1.22344178948682
355,322,1.22344178948682
355,24,1.22344178948682
355,568,1.22344178948682
137,296,1.2230291323707
137,866,1.2230291323707
137,88,1.2230291323707
137,698,1.2230291323707
137,223,1.2230291323707
137,124,1.2230291323707
137,788,1.2230291323707
282,698,1.2230291323707
282,799,1.2230291323707
282,291,1.2230291323707
658,71,1.2230291323707
658,799,1.2230291323707
613,296,1.2230291323707
613,88,1.2230291323707
613,698,1.2230291323707
613,71,1.2230291323707
613,576,1.2230291323707
613,493,1.2230291323707
613,123,1.2230291323707
613,462,1.2230291323707
613,17,1.2230291323707
296,88,1.2230291323707
296,576,1.2230291323707
296,721,1.2230291323707
296,291,1.2230291323707
296,462,1.2230291323707
296,17,1.2230291323707
866,576,1.2230291323707
866,721,1.2230291323707
866,462,1.2230291323707
866,17,1.2230291323707
88,583,1.2230291323707
88,698,1.2230291323707
88,799,1.2230291323707
88,576,1.2230291323707
88,721,1.2230291323707
88,223,1.2230291323707
88,493,1.2230291323707
88,123,1.2230291323707
88,17,1.2230291323707
583,698,1.2230291323707
583,493,1.2230291323707
583,124,1.2230291323707
698,493,1.2230291323707
71,576,1.2230291323707
71,462,1.2230291323707
71,17,1.2230291323707
799,291,1.2230291323707
576,35,1.2230291323707
576,788,1.2230291323707
721,35,1.2230291323707
721,788,1.2230291323707
493,123,1.2230291323707
123,124,1.2230291323707
35,17,1.2230291323707
788,17,1.2230291323707
80,38,1.22243174871197
80,425,1.22243174871197
80,797,1.22243174871197
80,104,1.22243174871197
38,152,1.22243174871197
38,156,1.22243174871197
38,646,1.22243174871197
38,204,1.22243174871197
38,352,1.22243174871197
38,163,1.22243174871197
61,451,1.22243174871197
61,425,1.22243174871197
561,425,1.22243174871197
518,104,1.22243174871197
152,451,1.22243174871197
152,294,1.22243174871197
152,425,1.22243174871197
152,797,1.22243174871197
152,104,1.22243174871197
451,283,1.22243174871197
451,859,1.22243174871197
451,646,1.22243174871197
451,352,1.22243174871197
451,163,1.22243174871197
661,294,1.22243174871197
661,425,1.22243174871197
661,797,1.22243174871197
294,617,1.22243174871197
294,811,1.22243174871197
294,352,1.22243174871197
6,262,1.22243174871197
6,104,1.22243174871197
617,104,1.22243174871197
156,425,1.22243174871197
156,797,1.22243174871197
156,104,1.22243174871197
811,425,1.22243174871197
859,262,1.22243174871197
859,797,1.22243174871197
425,539,1.22243174871197
425,247,1.22243174871197
425,97,1.22243174871197
425,163,1.22243174871197
425,138,1.22243174871197
425,21,1.22243174871197
500,262,1.22243174871197
646,797,1.22243174871197
523,104,1.22243174871197
262,352,1.22243174871197
262,21,1.22243174871197
163,797,1.22243174871197
136,254,1.22224223259622
605,254,1.22224223259622
28,254,1.22224223259622
181,254,1.22224223259622
401,254,1.22224223259622
76,254,1.22224223259622
619,254,1.22224223259622
377,254,1.22224223259622
115,254,1.22224223259622
849,254,1.22224223259622
364,254,1.22224223259622
729,254,1.22224223259622
416,254,1.22224223259622
706,254,1.22224223259622
0,254,1.22224223259622
564,254,1.22224223259622
160,254,1.22224223259622
184,254,1.22224223259622
254,14,1.22224223259622
254,403,1.22224223259622
254,543,1.22224223259622
254,389,1.22224223259622
254,644,1.22224223259622
254,293,1.22224223259622
254,62,1.22224223259622
254,574,1.22224223259622
254,673,1.22224223259622
254,228,1.22224223259622
254,290,1.22224223259622
234,254,1.22223785358596
254,384,1.22223785358596
249,11,1.22180882480543
477,11,1.22180882480543
757,11,1.22180882480543
133,11,1.22180882480543
709,11,1.22180882480543
449,11,1.22180882480543
393,11,1.22180882480543
572,11,1.22180882480543
784,11,1.22180882480543
765,11,1.22180882480543
469,11,1.22180882480543
336,11,1.22180882480543
44,11,1.22180882480543
11,487,1.22180882480543
11,551,1.22180882480543
11,272,1.22180882480543
11,84,1.22180882480543
11,365,1.22180882480543
11,186,1.22180882480543
11,752,1.22180882480543
11,512,1.22180882480543
11,167,1.22180882480543
11,59,1.22180882480543
11,430,1.22180882480543
11,332,1.22180882480543
11,509,1.22180882480543
354,85,1.22133989837251
482,149,1.22133989837251
850,616,1.22133989837251
486,149,1.22133989837251
548,616,1.22133989837251
768,149,1.22133989837251
768,86,1.22133989837251
812,616,1.22133989837251
85,625,1.22133989837251
85,485,1.22133989837251
85,508,1.22133989837251
85,830,1.22133989837251
695,86,1.22133989837251
193,616,1.22133989837251
756,616,1.22133989837251
345,86,1.22133989837251
149,89,1.22133989837251
149,266,1.22133989837251
149,662,1.22133989837251
149,375,1.22133989837251
149,529,1.22133989837251
722,616,1.22133989837251
687,616,1.22133989837251
837,86,1.22133989837251
616,581,1.22133989837251
616,182,1.22133989837251
616,662,1.22133989837251
616,208,1.22133989837251
351,86,1.22133989837251
86,266,1.22133989837251
86,375,1.22133989837251
106,79,1.22128153917054
79,635,1.22128153917054
79,379,1.22128153917054
106,743,1.22042271143258
106,792,1.22042271143258
106,414,1.22042271143258
829,612,1.22042271143258
829,144,1.22042271143258
829,165,1.22042271143258
153,635,1.22042271143258
153,843,1.22042271143258
257,141,1.22042271143258
257,612,1.22042271143258
257,144,1.22042271143258
300,379,1.22042271143258
300,139,1.22042271143258
300,843,1.22042271143258
315,635,1.22042271143258
315,165,1.22042271143258
315,843,1.22042271143258
361,139,1.22042271143258
361,141,1.22042271143258
361,144,1.22042271143258
361,843,1.22042271143258
635,716,1.22042271143258
635,256,1.22042271143258
767,141,1.22042271143258
560,139,1.22042271143258
560,843,1.22042271143258
379,743,1.22042271143258
379,414,1.22042271143258
379,256,1.22042271143258
139,743,1.22042271143258
139,792,1.22042271143258
139,414,1.22042271143258
743,612,1.22042271143258
141,370,1.22042271143258
612,250,1.22042271143258
612,256,1.22042271143258
250,144,1.22042271143258
250,165,1.22042271143258
250,843,1.22042271143258
144,792,1.22042271143258
144,414,1.22042271143258
144,370,1.22042271143258
165,370,1.22042271143258
792,843,1.22042271143258
80,461,1.21997482050984
80,557,1.21997482050984
561,461,1.21997482050984
561,557,1.21997482050984
518,557,1.21997482050984
152,461,1.21997482050984
852,661,1.21997482050984
852,617,1.21997482050984
852,811,1.21997482050984
852,500,1.21997482050984
852,352,1.21997482050984
852,163,1.21997482050984
461,6,1.21997482050984
461,156,1.21997482050984
461,539,1.21997482050984
461,247,1.21997482050984
461,646,1.21997482050984
461,73,1.21997482050984
461,138,1.21997482050984
156,557,1.21997482050984
848,557,1.21997482050984
557,523,1.21997482050984
557,352,1.21997482050984
557,163,1.21997482050984
557,252,1.21997482050984
557,496,1.21997482050984
557,21,1.21997482050984
137,593,1.21957620143151
137,668,1.21957620143151
137,569,1.21957620143151
137,689,1.21957620143151
137,396,1.21957620143151
280,88,1.21957620143151
280,583,1.21957620143151
280,799,1.21957620143151
280,576,1.21957620143151
280,721,1.21957620143151
280,123,1.21957620143151
280,35,1.21957620143151
280,788,1.21957620143151
280,17,1.21957620143151
664,88,1.21957620143151
664,721,1.21957620143151
664,462,1.21957620143151
282,589,1.21957620143151
806,613,1.21957620143151
806,866,1.21957620143151
806,721,1.21957620143151
806,124,1.21957620143151
658,862,1.21957620143151
658,631,1.21957620143151
593,613,1.21957620143151
593,866,1.21957620143151
593,721,1.21957620143151
593,647,1.21957620143151
613,569,1.21957620143151
613,631,1.21957620143151
613,689,1.21957620143151
613,725,1.21957620143151
613,396,1.21957620143151
862,88,1.21957620143151
862,71,1.21957620143151
862,123,1.21957620143151
296,771,1.21957620143151
296,396,1.21957620143151
296,498,1.21957620143151
668,583,1.21957620143151
668,799,1.21957620143151
668,576,1.21957620143151
668,721,1.21957620143151
668,462,1.21957620143151
668,17,1.21957620143151
866,434,1.21957620143151
866,831,1.21957620143151
866,725,1.21957620143151
866,771,1.21957620143151
866,396,1.21957620143151
866,498,1.21957620143151
88,434,1.21957620143151
88,569,1.21957620143151
88,589,1.21957620143151
88,689,1.21957620143151
88,654,1.21957620143151
88,725,1.21957620143151
88,318,1.21957620143151
88,498,1.21957620143151
583,725,1.21957620143151
583,318,1.21957620143151
583,771,1.21957620143151
583,396,1.21957620143151
583,498,1.21957620143151
434,576,1.21957620143151
434,721,1.21957620143151
434,493,1.21957620143151
434,462,1.21957620143151
434,17,1.21957620143151
569,493,1.21957620143151
569,123,1.21957620143151
569,647,1.21957620143151
698,654,1.21957620143151
698,396,1.21957620143151
698,498,1.21957620143151
71,72,1.21957620143151
589,721,1.21957620143151
589,462,1.21957620143151
589,647,1.21957620143151
799,654,1.21957620143151
799,72,1.21957620143151
799,396,1.21957620143151
576,231,1.21957620143151
576,689,1.21957620143151
576,654,1.21957620143151
576,771,1.21957620143151
721,231,1.21957620143151
721,631,1.21957620143151
721,689,1.21957620143151
721,654,1.21957620143151
721,771,1.21957620143151
831,223,1.21957620143151
831,462,1.21957620143151
831,647,1.21957620143151
831,124,1.21957620143151
831,17,1.21957620143151
223,771,1.21957620143151
223,498,1.21957620143151
493,689,1.21957620143151
493,654,1.21957620143151
493,318,1.21957620143151
123,689,1.21957620143151
123,654,1.21957620143151
123,725,1.21957620143151
231,17,1.21957620143151
631,462,1.21957620143151
689,462,1.21957620143151
689,647,1.21957620143151
689,17,1.21957620143151
654,462,1.21957620143151
654,17,1.21957620143151
72,35,1.21957620143151
35,498,1.21957620143151
17,771,1.21957620143151
354,384,1.21953844212827
234,830,1.21953844212827
234,649,1.21953844212827
850,384,1.21953844212827
639,191,1.21953844212827
639,846,1.21953844212827
639,384,1.21953844212827
176,384,1.21953844212827
150,384,1.21953844212827
548,191,1.21953844212827
595,384,1.21953844212827
768,384,1.21953844212827
812,191,1.21953844212827
812,846,1.21953844212827
812,384,1.21953844212827
695,384,1.21953844212827
625,191,1.21953844212827
625,846,1.21953844212827
625,384,1.21953844212827
485,384,1.21953844212827
267,191,1.21953844212827
804,191,1.21953844212827
406,191,1.21953844212827
193,191,1.21953844212827
728,191,1.21953844212827
285,384,1.21953844212827
191,350,1.21953844212827
191,687,1.21953844212827
191,837,1.21953844212827
191,89,1.21953844212827
191,351,1.21953844212827
191,581,1.21953844212827
191,399,1.21953844212827
191,830,1.21953844212827
243,384,1.21953844212827
846,618,1.21953844212827
77,384,1.21953844212827
356,384,1.21953844212827
384,722,1.21953844212827
384,697,1.21953844212827
384,628,1.21953844212827
384,89,1.21953844212827
384,105,1.21953844212827
384,662,1.21953844212827
384,618,1.21953844212827
384,649,1.21953844212827
25,378,1.21910109035181
757,378,1.21910109035181
744,378,1.21910109035181
39,378,1.21910109035181
393,378,1.21910109035181
408,378,1.21910109035181
791,378,1.21910109035181
288,378,1.21910109035181
278,378,1.21910109035181
421,378,1.21910109035181
688,378,1.21910109035181
92,378,1.21910109035181
27,378,1.21910109035181
129,378,1.21910109035181
57,378,1.21910109035181
732,378,1.21910109035181
378,499,1.21910109035181
378,46,1.21910109035181
378,142,1.21910109035181
378,694,1.21910109035181
378,690,1.21910109035181
378,750,1.21910109035181
378,59,1.21910109035181
378,430,1.21910109035181
378,332,1.21910109035181
378,627,1.21910109035181
378,834,1.21910109035181
378,497,1.21910109035181
254,780,1.21905698767673
38,829,1.21811991849865
38,361,1.21811991849865
38,743,1.21811991849865
829,451,1.21811991849865
829,797,1.21811991849865
829,104,1.21811991849865
153,294,1.21811991849865
153,262,1.21811991849865
451,257,1.21811991849865
451,361,1.21811991849865
451,716,1.21811991849865
451,743,1.21811991849865
451,792,1.21811991849865
257,294,1.21811991849865
257,425,1.21811991849865
300,425,1.21811991849865
300,262,1.21811991849865
315,262,1.21811991849865
315,797,1.21811991849865
315,104,1.21811991849865
294,560,1.21811991849865
294,716,1.21811991849865
294,414,1.21811991849865
767,323,1.21811991849865
560,262,1.21811991849865
716,425,1.21811991849865
716,323,1.21811991849865
743,425,1.21811991849865
743,797,1.21811991849865
743,104,1.21811991849865
425,381,1.21811991849865
425,414,1.21811991849865
425,256,1.21811991849865
414,262,1.21811991849865
262,370,1.21811991849865
561,684,1.21810896291611
152,684,1.21810896291611
152,833,1.21810896291611
152,817,1.21810896291611
661,684,1.21810896291611
661,833,1.21810896291611
661,817,1.21810896291611
684,811,1.21810896291611
684,539,1.21810896291611
684,646,1.21810896291611
684,73,1.21810896291611
684,252,1.21810896291611
684,138,1.21810896291611
833,539,1.21810896291611
833,646,1.21810896291611
833,352,1.21810896291611
833,163,1.21810896291611
817,539,1.21810896291611
817,247,1.21810896291611
817,524,1.21810896291611
817,97,1.21810896291611
817,138,1.21810896291611
648,472,1.21808705646465
354,780,1.21808705646465
850,780,1.21808705646465
639,780,1.21808705646465
486,780,1.21808705646465
486,472,1.21808705646465
150,780,1.21808705646465
768,472,1.21808705646465
625,780,1.21808705646465
485,780,1.21808705646465
406,472,1.21808705646465
728,780,1.21808705646465
728,472,1.21808705646465
508,472,1.21808705646465
77,780,1.21808705646465
356,780,1.21808705646465
722,780,1.21808705646465
780,399,1.21808705646465
780,208,1.21808705646465
780,375,1.21808705646465
780,529,1.21808705646465
780,649,1.21808705646465
208,472,1.21808705646465
472,529,1.21808705646465
472,649,1.21808705646465
137,106,1.21721337019103
137,379,1.21721337019103
137,612,1.21721337019103
106,799,1.21721337019103
282,379,1.21721337019103
282,612,1.21721337019103
282,165,1.21721337019103
658,379,1.21721337019103
613,379,1.21721337019103
613,139,1.21721337019103
613,141,1.21721337019103
613,612,1.21721337019103
613,165,1.21721337019103
296,141,1.21721337019103
296,144,1.21721337019103
296,165,1.21721337019103
866,141,1.21721337019103
866,843,1.21721337019103
88,612,1.21721337019103
88,144,1.21721337019103
88,165,1.21721337019103
88,843,1.21721337019103
583,843,1.21721337019103
698,635,1.21721337019103
698,843,1.21721337019103
635,576,1.21721337019103
635,721,1.21721337019103
635,123,1.21721337019103
635,462,1.21721337019103
635,17,1.21721337019103
71,379,1.21721337019103
71,139,1.21721337019103
71,165,1.21721337019103
799,141,1.21721337019103
576,379,1.21721337019103
576,612,1.21721337019103
576,843,1.21721337019103
379,721,1.21721337019103
379,291,1.21721337019103
379,223,1.21721337019103
379,462,1.21721337019103
379,647,1.21721337019103
379,124,1.21721337019103
379,17,1.21721337019103
721,612,1.21721337019103
721,843,1.21721337019103
139,124,1.21721337019103
223,141,1.21721337019103
223,612,1.21721337019103
223,144,1.21721337019103
141,462,1.21721337019103
493,144,1.21721337019103
123,843,1.21721337019103
612,462,1.21721337019103
612,35,1.21721337019103
612,17,1.21721337019103
144,788,1.21721337019103
165,647,1.21721337019103
165,35,1.21721337019103
165,788,1.21721337019103
843,35,1.21721337019103
843,788,1.21721337019103
843,17,1.21721337019103
280,434,1.21693924475955
280,231,1.21693924475955
280,631,1.21693924475955
280,771,1.21693924475955
280,396,1.21693924475955
664,589,1.21693924475955
806,862,1.21693924475955
806,569,1.21693924475955
806,831,1.21693924475955
806,689,1.21693924475955
806,654,1.21693924475955
593,434,1.21693924475955
593,569,1.21693924475955
593,689,1.21693924475955
593,771,1.21693924475955
862,631,1.21693924475955
862,725,1.21693924475955
862,318,1.21693924475955
862,72,1.21693924475955
862,396,1.21693924475955
668,569,1.21693924475955
668,589,1.21693924475955
668,231,1.21693924475955
668,771,1.21693924475955
668,498,1.21693924475955
434,831,1.21693924475955
434,725,1.21693924475955
434,318,1.21693924475955
569,589,1.21693924475955
569,654,1.21693924475955
569,318,1.21693924475955
569,771,1.21693924475955
569,396,1.21693924475955
569,498,1.21693924475955
589,231,1.21693924475955
589,631,1.21693924475955
589,725,1.21693924475955
589,771,1.21693924475955
589,498,1.21693924475955
831,231,1.21693924475955
831,654,1.21693924475955
831,725,1.21693924475955
831,498,1.21693924475955
631,498,1.21693924475955
689,654,1.21693924475955
689,318,1.21693924475955
689,771,1.21693924475955
689,396,1.21693924475955
689,498,1.21693924475955
654,725,1.21693924475955
654,396,1.21693924475955
725,318,1.21693924475955
725,498,1.21693924475955
771,396,1.21693924475955
396,498,1.21693924475955
850,645,1.21690076833048
639,645,1.21690076833048
812,645,1.21690076833048
695,645,1.21690076833048
267,645,1.21690076833048
804,645,1.21690076833048
193,645,1.21690076833048
756,645,1.21690076833048
645,722,1.21690076833048
645,687,1.21690076833048
645,837,1.21690076833048
645,89,1.21690076833048
645,581,1.21690076833048
645,182,1.21690076833048
645,105,1.21690076833048
645,208,1.21690076833048
80,149,1.21665906827249
80,616,1.21665906827249
61,85,1.21665906827249
518,86,1.21665906827249
152,85,1.21665906827249
152,149,1.21665906827249
152,616,1.21665906827249
152,86,1.21665906827249
661,149,1.21665906827249
85,848,1.21665906827249
85,496,1.21665906827249
6,149,1.21665906827249
6,616,1.21665906827249
617,616,1.21665906827249
617,86,1.21665906827249
156,149,1.21665906827249
156,616,1.21665906827249
149,539,1.21665906827249
149,247,1.21665906827249
149,500,1.21665906827249
149,97,1.21665906827249
149,352,1.21665906827249
149,163,1.21665906827249
149,138,1.21665906827249
149,21,1.21665906827249
616,524,1.21665906827249
616,97,1.21665906827249
616,252,1.21665906827249
523,86,1.21665906827249
829,557,1.21641899059641
852,257,1.21641899059641
852,300,1.21641899059641
852,716,1.21641899059641
852,414,1.21641899059641
153,557,1.21641899059641
257,557,1.21641899059641
315,461,1.21641899059641
361,557,1.21641899059641
461,743,1.21641899059641
461,414,1.21641899059641
743,557,1.21641899059641
557,414,1.21641899059641
557,370,1.21641899059641
530,11,1.21591884986455
486,11,1.21591884986455
630,11,1.21591884986455
150,11,1.21591884986455
812,11,1.21591884986455
728,11,1.21591884986455
756,11,1.21591884986455
508,11,1.21591884986455
77,11,1.21591884986455
712,11,1.21591884986455
11,105,1.21591884986455
11,649,1.21591884986455
38,658,1.21552633314753
38,613,1.21552633314753
38,88,1.21552633314753
38,576,1.21552633314753
38,462,1.21552633314753
38,17,1.21552633314753
137,425,1.21552633314753
137,262,1.21552633314753
137,797,1.21552633314753
282,425,1.21552633314753
282,797,1.21552633314753
451,88,1.21552633314753
613,425,1.21552633314753
613,262,1.21552633314753
613,104,1.21552633314753
296,262,1.21552633314753
296,104,1.21552633314753
866,262,1.21552633314753
866,323,1.21552633314753
866,104,1.21552633314753
583,262,1.21552633314753
294,698,1.21552633314753
294,799,1.21552633314753
294,721,1.21552633314753
698,425,1.21552633314753
698,262,1.21552633314753
698,797,1.21552633314753
799,262,1.21552633314753
576,425,1.21552633314753
721,425,1.21552633314753
721,797,1.21552633314753
223,425,1.21552633314753
425,123,1.21552633314753
425,462,1.21552633314753
425,647,1.21552633314753
425,124,1.21552633314753
425,17,1.21552633314753
123,797,1.21552633314753
462,797,1.21552633314753
647,104,1.21552633314753
797,124,1.21552633314753
463,384,1.21551026631777
80,191,1.21551026631777
561,234,1.21551026631777
234,617,1.21551026631777
234,283,1.21551026631777
234,811,1.21551026631777
234,163,1.21551026631777
234,138,1.21551026631777
152,191,1.21551026631777
661,191,1.21551026631777
661,846,1.21551026631777
617,384,1.21551026631777
191,156,1.21551026631777
191,539,1.21551026631777
191,646,1.21551026631777
191,352,1.21551026631777
191,163,1.21551026631777
191,252,1.21551026631777
191,138,1.21551026631777
191,21,1.21551026631777
846,811,1.21551026631777
846,204,1.21551026631777
846,163,1.21551026631777
384,811,1.21551026631777
384,859,1.21551026631777
384,539,1.21551026631777
384,247,1.21551026631777
384,524,1.21551026631777
384,97,1.21551026631777
384,646,1.21551026631777
384,204,1.21551026631777
384,163,1.21551026631777
384,200,1.21551026631777
280,141,1.21513493138014
664,141,1.21513493138014
664,612,1.21513493138014
664,165,1.21513493138014
106,806,1.21513493138014
106,862,1.21513493138014
106,668,1.21513493138014
106,231,1.21513493138014
106,771,1.21513493138014
106,498,1.21513493138014
806,165,1.21513493138014
593,612,1.21513493138014
593,144,1.21513493138014
593,165,1.21513493138014
862,635,1.21513493138014
862,139,1.21513493138014
862,141,1.21513493138014
668,635,1.21513493138014
668,612,1.21513493138014
668,144,1.21513493138014
668,165,1.21513493138014
668,843,1.21513493138014
434,379,1.21513493138014
434,139,1.21513493138014
569,635,1.21513493138014
569,379,1.21513493138014
569,139,1.21513493138014
569,141,1.21513493138014
569,612,1.21513493138014
569,165,1.21513493138014
569,843,1.21513493138014
635,589,1.21513493138014
635,318,1.21513493138014
589,379,1.21513493138014
379,654,1.21513493138014
139,689,1.21513493138014
139,654,1.21513493138014
139,771,1.21513493138014
139,498,1.21513493138014
831,141,1.21513493138014
831,612,1.21513493138014
831,165,1.21513493138014
141,631,1.21513493138014
141,689,1.21513493138014
141,771,1.21513493138014
612,231,1.21513493138014
612,725,1.21513493138014
231,165,1.21513493138014
144,771,1.21513493138014
144,498,1.21513493138014
631,843,1.21513493138014
165,654,1.21513493138014
165,771,1.21513493138014
165,498,1.21513493138014
689,843,1.21513493138014
725,843,1.21513493138014
843,318,1.21513493138014
829,684,1.21512733857508
257,833,1.21512733857508
300,684,1.21512733857508
315,817,1.21512733857508
361,684,1.21512733857508
361,833,1.21512733857508
684,792,1.21512733857508
684,414,1.21512733857508
684,370,1.21512733857508
833,716,1.21512733857508
833,792,1.21512733857508
817,256,1.21512733857508
254,11,1.21507302589905
842,355,1.21505907944529
25,355,1.21505907944529
313,355,1.21505907944529
744,355,1.21505907944529
39,355,1.21505907944529
623,355,1.21505907944529
494,355,1.21505907944529
536,355,1.21505907944529
526,355,1.21505907944529
239,355,1.21505907944529
594,355,1.21505907944529
382,355,1.21505907944529
572,355,1.21505907944529
288,355,1.21505907944529
626,355,1.21505907944529
421,355,1.21505907944529
701,355,1.21505907944529
33,355,1.21505907944529
92,355,1.21505907944529
27,355,1.21505907944529
777,355,1.21505907944529
3,355,1.21505907944529
620,355,1.21505907944529
57,355,1.21505907944529
29,355,1.21505907944529
700,355,1.21505907944529
46,355,1.21505907944529
601,355,1.21505907944529
186,355,1.21505907944529
230,355,1.21505907944529
750,355,1.21505907944529
512,355,1.21505907944529
717,355,1.21505907944529
59,355,1.21505907944529
355,215,1.21505907944529
355,834,1.21505907944529
355,509,1.21505907944529
355,855,1.21505907944529
355,366,1.21505907944529
463,780,1.21458469797422
80,472,1.21458469797422
561,472,1.21458469797422
518,780,1.21458469797422
152,780,1.21458469797422
6,780,1.21458469797422
6,472,1.21458469797422
283,472,1.21458469797422
156,472,1.21458469797422
848,780,1.21458469797422
780,811,1.21458469797422
780,500,1.21458469797422
780,646,1.21458469797422
780,523,1.21458469797422
780,352,1.21458469797422
780,163,1.21458469797422
780,138,1.21458469797422
780,496,1.21458469797422
780,21,1.21458469797422
97,472,1.21458469797422
73,472,1.21458469797422
138,472,1.21458469797422
842,254,1.21452881913198
249,254,1.21452881913198
477,254,1.21452881913198
744,254,1.21452881913198
39,254,1.21452881913198
393,254,1.21452881913198
408,254,1.21452881913198
572,254,1.21452881913198
671,254,1.21452881913198
278,254,1.21452881913198
421,254,1.21452881913198
688,254,1.21452881913198
701,254,1.21452881913198
254,777,1.21452881913198
254,3,1.21452881913198
254,620,1.21452881913198
254,57,1.21452881913198
254,551,1.21452881913198
254,276,1.21452881913198
254,700,1.21452881913198
254,46,1.21452881913198
254,601,1.21452881913198
254,694,1.21452881913198
254,232,1.21452881913198
254,301,1.21452881913198
254,752,1.21452881913198
254,167,1.21452881913198
254,59,1.21452881913198
254,497,1.21452881913198
354,378,1.21440223394006
639,378,1.21440223394006
812,378,1.21440223394006
695,378,1.21440223394006
625,378,1.21440223394006
485,378,1.21440223394006
804,378,1.21440223394006
406,378,1.21440223394006
193,378,1.21440223394006
756,378,1.21440223394006
4,378,1.21440223394006
345,378,1.21440223394006
687,378,1.21440223394006
837,378,1.21440223394006
378,89,1.21440223394006
378,581,1.21440223394006
378,266,1.21440223394006
378,105,1.21440223394006
378,208,1.21440223394006
378,450,1.21440223394006
378,677,1.21440223394006
852,866,1.21428015196158
852,583,1.21428015196158
852,576,1.21428015196158
852,721,1.21428015196158
852,17,1.21428015196158
296,461,1.21428015196158
461,462,1.21428015196158
698,557,1.21428015196158
123,557,1.21428015196158
829,85,1.21412356032884
829,86,1.21412356032884
153,85,1.21412356032884
153,149,1.21412356032884
257,85,1.21412356032884
300,85,1.21412356032884
300,149,1.21412356032884
315,86,1.21412356032884
85,361,1.21412356032884
85,250,1.21412356032884
85,414,1.21412356032884
85,370,1.21412356032884
560,149,1.21412356032884
743,149,1.21412356032884
743,616,1.21412356032884
149,414,1.21412356032884
149,370,1.21412356032884
149,256,1.21412356032884
250,616,1.21412356032884
414,616,1.21412356032884
38,862,1.21384652533203
38,725,1.21384652533203
38,72,1.21384652533203
38,771,1.21384652533203
280,262,1.21384652533203
280,797,1.21384652533203
664,104,1.21384652533203
451,831,1.21384652533203
451,725,1.21384652533203
862,294,1.21384652533203
862,425,1.21384652533203
668,425,1.21384652533203
668,104,1.21384652533203
294,231,1.21384652533203
294,631,1.21384652533203
294,771,1.21384652533203
294,396,1.21384652533203
434,797,1.21384652533203
434,104,1.21384652533203
569,425,1.21384652533203
569,262,1.21384652533203
589,425,1.21384652533203
831,104,1.21384652533203
425,654,1.21384652533203
425,318,1.21384652533203
425,72,1.21384652533203
689,262,1.21384652533203
689,104,1.21384652533203
654,262,1.21384652533203
654,797,1.21384652533203
654,104,1.21384652533203
725,262,1.21384652533203
262,771,1.21384652533203
262,498,1.21384652533203
318,797,1.21384652533203
797,498,1.21384652533203
323,498,1.21384652533203
617,645,1.21382810332489
283,645,1.21382810332489
645,539,1.21382810332489
645,204,1.21382810332489
645,73,1.21382810332489
106,843,1.21371260726598
635,379,1.21371260726598
635,612,1.21371260726598
635,165,1.21371260726598
635,843,1.21371260726598
379,139,1.21371260726598
379,141,1.21371260726598
379,612,1.21371260726598
379,165,1.21371260726598
139,141,1.21371260726598
141,612,1.21371260726598
141,843,1.21371260726598
612,144,1.21371260726598
144,843,1.21371260726598
136,79,1.21369943925572
605,79,1.21369943925572
181,79,1.21369943925572
401,79,1.21369943925572
159,79,1.21369943925572
76,79,1.21369943925572
115,79,1.21369943925572
849,79,1.21369943925572
531,79,1.21369943925572
718,79,1.21369943925572
364,79,1.21369943925572
416,79,1.21369943925572
706,79,1.21369943925572
0,79,1.21369943925572
79,440,1.21369943925572
79,703,1.21369943925572
79,564,1.21369943925572
79,160,1.21369943925572
79,383,1.21369943925572
79,120,1.21369943925572
79,143,1.21369943925572
79,184,1.21369943925572
79,259,1.21369943925572
79,471,1.21369943925572
79,559,1.21369943925572
79,415,1.21369943925572
79,403,1.21369943925572
79,543,1.21369943925572
79,389,1.21369943925572
79,644,1.21369943925572
79,820,1.21369943925572
79,307,1.21369943925572
79,293,1.21369943925572
79,183,1.21369943925572
79,255,1.21369943925572
79,62,1.21369943925572
79,371,1.21369943925572
79,673,1.21369943925572
79,116,1.21369943925572
79,228,1.21369943925572
79,290,1.21369943925572
79,568,1.21369943925572
79,542,1.21369943925572
137,833,1.21333365318001
613,684,1.21333365318001
613,833,1.21333365318001
866,833,1.21333365318001
88,833,1.21333365318001
583,833,1.21333365318001
583,817,1.21333365318001
684,576,1.21333365318001
684,721,1.21333365318001
684,123,1.21333365318001
684,462,1.21333365318001
684,647,1.21333365318001
684,17,1.21333365318001
833,721,1.21333365318001
833,493,1.21333365318001
576,817,1.21333365318001
721,817,1.21333365318001
123,817,1.21333365318001
817,462,1.21333365318001
817,35,1.21333365318001
817,17,1.21333365318001
234,792,1.2133280858487
829,384,1.2133280858487
257,191,1.2133280858487
257,384,1.2133280858487
300,191,1.2133280858487
300,384,1.2133280858487
315,191,1.2133280858487
315,846,1.2133280858487
315,384,1.2133280858487
361,846,1.2133280858487
361,384,1.2133280858487
191,743,1.2133280858487
560,384,1.2133280858487
846,414,1.2133280858487
384,381,1.2133280858487
384,370,1.2133280858487
463,11,1.21320173373744
152,11,1.21320173373744
661,11,1.21320173373744
617,11,1.21320173373744
11,500,1.21320173373744
11,524,1.21320173373744
11,73,1.21320173373744
11,138,1.21320173373744
11,754,1.21320173373744
280,852,1.21289458816729
280,461,1.21289458816729
280,557,1.21289458816729
852,862,1.21289458816729
852,569,1.21289458816729
852,589,1.21289458816729
852,831,1.21289458816729
852,689,1.21289458816729
852,396,1.21289458816729
806,461,1.21289458816729
668,461,1.21289458816729
461,654,1.21289458816729
831,557,1.21289458816729
557,318,1.21289458816729
79,817,1.21273213436032
38,379,1.21269672009699
38,141,1.21269672009699
38,612,1.21269672009699
38,144,1.21269672009699
38,165,1.21269672009699
294,165,1.21269672009699
635,104,1.21269672009699
379,797,1.21269672009699
379,104,1.21269672009699
139,797,1.21269672009699
141,425,1.21269672009699
141,104,1.21269672009699
425,612,1.21269672009699
425,165,1.21269672009699
425,843,1.21269672009699
612,104,1.21269672009699
144,323,1.21269672009699
843,797,1.21269672009699
829,780,1.21268702457708
153,780,1.21268702457708
153,472,1.21268702457708
257,780,1.21268702457708
300,780,1.21268702457708
300,472,1.21268702457708
315,472,1.21268702457708
560,472,1.21268702457708
780,250,1.21268702457708
792,472,1.21268702457708
370,472,1.21268702457708
256,472,1.21268702457708
282,616,1.21259790859443
282,86,1.21259790859443
85,613,1.21259790859443
85,296,1.21259790859443
85,866,1.21259790859443
85,88,1.21259790859443
85,291,1.21259790859443
85,223,1.21259790859443
85,493,1.21259790859443
85,123,1.21259790859443
85,124,1.21259790859443
85,788,1.21259790859443
296,149,1.21259790859443
296,616,1.21259790859443
866,149,1.21259790859443
866,616,1.21259790859443
583,149,1.21259790859443
698,149,1.21259790859443
698,616,1.21259790859443
799,149,1.21259790859443
576,149,1.21259790859443
721,149,1.21259790859443
149,462,1.21259790859443
149,124,1.21259790859443
149,17,1.21259790859443
616,124,1.21259790859443
616,35,1.21259790859443
616,788,1.21259790859443
647,86,1.21259790859443
561,378,1.21223390616472
617,378,1.21223390616472
811,378,1.21223390616472
539,378,1.21223390616472
378,524,1.21223390616472
378,646,1.21223390616472
378,204,1.21223390616472
378,352,1.21223390616472
378,200,1.21223390616472
378,138,1.21223390616472
378,21,1.21223390616472
280,684,1.21217135383466
862,684,1.21217135383466
862,817,1.21217135383466
684,231,1.21217135383466
684,631,1.21217135383466
684,771,1.21217135383466
684,396,1.21217135383466
833,569,1.21217135383466
833,831,1.21217135383466
833,689,1.21217135383466
833,725,1.21217135383466
833,771,1.21217135383466
833,396,1.21217135383466
833,498,1.21217135383466
569,817,1.21217135383466
589,817,1.21217135383466
831,817,1.21217135383466
817,631,1.21217135383466
817,318,1.21217135383466
817,396,1.21217135383466
300,645,1.21216283380829
530,355,1.21213730088479
648,355,1.21213730088479
482,355,1.21213730088479
639,355,1.21213730088479
486,355,1.21213730088479
768,355,1.21213730088479
812,355,1.21213730088479
695,355,1.21213730088479
625,355,1.21213730088479
804,355,1.21213730088479
607,355,1.21213730088479
712,355,1.21213730088479
351,355,1.21213730088479
355,182,1.21213730088479
355,266,1.21213730088479
355,662,1.21213730088479
355,375,1.21213730088479
355,618,1.21213730088479
355,529,1.21213730088479
137,846,1.21201465620136
137,384,1.21201465620136
234,613,1.21201465620136
234,799,1.21201465620136
234,647,1.21201465620136
282,846,1.21201465620136
282,384,1.21201465620136
658,384,1.21201465620136
296,384,1.21201465620136
583,191,1.21201465620136
698,191,1.21201465620136
698,846,1.21201465620136
71,191,1.21201465620136
71,384,1.21201465620136
191,576,1.21201465620136
191,721,1.21201465620136
191,493,1.21201465620136
191,462,1.21201465620136
191,647,1.21201465620136
191,17,1.21201465620136
799,384,1.21201465620136
576,846,1.21201465620136
721,846,1.21201465620136
846,17,1.21201465620136
291,384,1.21201465620136
384,223,1.21201465620136
384,123,1.21201465620136
384,462,1.21201465620136
384,35,1.21201465620136
106,461,1.21194588744671
852,139,1.21194588744671
852,612,1.21194588744671
852,144,1.21194588744671
852,165,1.21194588744671
461,612,1.21194588744671
461,843,1.21194588744671
379,557,1.21194588744671
139,557,1.21194588744671
141,557,1.21194588744671
165,557,1.21194588744671
38,425,1.21187520292266
38,323,1.21187520292266
294,262,1.21187520292266
294,104,1.21187520292266
425,797,1.21187520292266
425,104,1.21187520292266
262,797,1.21187520292266
354,254,1.21183990427632
639,254,1.21183990427632
398,254,1.21183990427632
812,254,1.21183990427632
485,254,1.21183990427632
728,254,1.21183990427632
350,254,1.21183990427632
195,254,1.21183990427632
508,254,1.21183990427632
254,837,1.21183990427632
254,194,1.21183990427632
254,89,1.21183990427632
254,581,1.21183990427632
254,399,1.21183990427632
254,830,1.21183990427632
254,208,1.21183990427632
11,250,1.21172871786513
280,85,1.21160895369384
280,149,1.21160895369384
280,616,1.21160895369384
664,616,1.21160895369384
85,668,1.21160895369384
85,569,1.21160895369384
85,831,1.21160895369384
85,689,1.21160895369384
85,396,1.21160895369384
862,149,1.21160895369384
668,149,1.21160895369384
668,86,1.21160895369384
434,149,1.21160895369384
434,616,1.21160895369384
569,616,1.21160895369384
569,86,1.21160895369384
589,149,1.21160895369384
589,616,1.21160895369384
149,689,1.21160895369384
149,725,1.21160895369384
149,771,1.21160895369384
149,498,1.21160895369384
831,86,1.21160895369384
689,616,1.21160895369384
654,616,1.21160895369384
616,771,1.21160895369384
613,780,1.21154445086062
296,472,1.21154445086062
866,780,1.21154445086062
866,472,1.21154445086062
88,780,1.21154445086062
583,780,1.21154445086062
583,472,1.21154445086062
71,780,1.21154445086062
71,472,1.21154445086062
799,472,1.21154445086062
223,780,1.21154445086062
780,788,1.21154445086062
106,684,1.21137522710884
684,379,1.21137522710884
684,843,1.21137522710884
833,144,1.21137522710884
833,165,1.21137522710884
635,817,1.21137522710884
379,817,1.21137522710884
139,817,1.21137522710884
612,817,1.21137522710884
817,165,1.21137522710884
38,557,1.21126780126934
852,262,1.21126780126934
461,104,1.21126780126934
425,557,1.21126780126934
557,797,1.21126780126934
280,846,1.21116294162575
280,384,1.21116294162575
664,384,1.21116294162575
234,806,1.21116294162575
234,862,1.21116294162575
234,668,1.21116294162575
234,434,1.21116294162575
234,231,1.21116294162575
234,654,1.21116294162575
234,771,1.21116294162575
234,498,1.21116294162575
593,384,1.21116294162575
862,191,1.21116294162575
862,846,1.21116294162575
434,191,1.21116294162575
569,384,1.21116294162575
191,631,1.21116294162575
191,725,1.21116294162575
589,384,1.21116294162575
846,72,1.21116294162575
384,631,1.21116294162575
384,318,1.21116294162575
384,771,1.21116294162575
296,645,1.21115981689172
698,645,1.21115981689172
799,645,1.21115981689172
645,223,1.21115981689172
257,378,1.21105756621394
361,378,1.21105756621394
767,378,1.21105756621394
716,378,1.21105756621394
106,85,1.21093128707579
85,144,1.21093128707579
635,86,1.21093128707579
379,86,1.21093128707579
149,141,1.21093128707579
149,165,1.21093128707579
616,843,1.21093128707579
137,11,1.21084113796565
576,11,1.21084113796565
721,11,1.21084113796565
11,124,1.21084113796565
11,35,1.21084113796565
11,788,1.21084113796565
11,17,1.21084113796565
451,817,1.21080595353253
684,425,1.21080595353253
684,262,1.21080595353253
833,262,1.21080595353253
425,817,1.21080595353253
817,323,1.21080595353253
280,780,1.21080322909452
280,472,1.21080322909452
806,472,1.21080322909452
593,780,1.21080322909452
862,780,1.21080322909452
569,780,1.21080322909452
589,472,1.21080322909452
831,472,1.21080322909452
780,231,1.21080322909452
780,689,1.21080322909452
780,654,1.21080322909452
780,771,1.21080322909452
472,498,1.21080322909452
61,355,1.21078688100623
561,355,1.21078688100623
6,355,1.21078688100623
97,355,1.21078688100623
204,355,1.21078688100623
352,355,1.21078688100623
355,138,1.21078688100623
787,79,1.21074880904684
477,79,1.21074880904684
313,79,1.21074880904684
744,79,1.21074880904684
39,79,1.21074880904684
623,79,1.21074880904684
536,79,1.21074880904684
2,79,1.21074880904684
526,79,1.21074880904684
393,79,1.21074880904684
239,79,1.21074880904684
408,79,1.21074880904684
856,79,1.21074880904684
572,79,1.21074880904684
79,344,1.21074880904684
79,765,1.21074880904684
79,671,1.21074880904684
79,839,1.21074880904684
79,766,1.21074880904684
79,278,1.21074880904684
79,688,1.21074880904684
79,33,1.21074880904684
79,794,1.21074880904684
79,92,1.21074880904684
79,777,1.21074880904684
79,3,1.21074880904684
79,114,1.21074880904684
79,499,1.21074880904684
79,786,1.21074880904684
79,272,1.21074880904684
79,276,1.21074880904684
79,700,1.21074880904684
79,46,1.21074880904684
79,271,1.21074880904684
79,601,1.21074880904684
79,694,1.21074880904684
79,690,1.21074880904684
79,263,1.21074880904684
79,232,1.21074880904684
79,752,1.21074880904684
79,512,1.21074880904684
79,395,1.21074880904684
79,717,1.21074880904684
79,59,1.21074880904684
79,332,1.21074880904684
79,215,1.21074880904684
79,366,1.21074880904684
79,497,1.21074880904684
80,254,1.21059662675156
661,254,1.21059662675156
6,254,1.21059662675156
156,254,1.21059662675156
848,254,1.21059662675156
254,859,1.21059662675156
254,352,1.21059662675156
254,200,1.21059662675156
254,73,1.21059662675156
254,496,1.21059662675156
234,379,1.21057907031283
234,139,1.21057907031283
234,843,1.21057907031283
191,612,1.21057907031283
191,144,1.21057907031283
846,144,1.21057907031283
846,165,1.21057907031283
846,843,1.21057907031283
384,144,1.21057907031283
384,843,1.21057907031283
664,645,1.21050884706865
589,645,1.21050884706865
645,72,1.21050884706865
645,396,1.21050884706865
451,149,1.21044651180384
85,262,1.21044651180384
85,323,1.21044651180384
294,149,1.21044651180384
149,797,1.21044651180384
149,104,1.21044651180384
425,86,1.21044651180384
684,461,1.21038468788232
684,557,1.21038468788232
461,817,1.21038468788232
658,378,1.21034814871381
866,378,1.21034814871381
291,378,1.21034814871381
378,124,1.21034814871381
141,780,1.21029487591841
780,144,1.21029487591841
434,11,1.21026483662951
569,11,1.21026483662951
831,11,1.21026483662951
11,231,1.21026483662951
11,631,1.21026483662951
11,689,1.21026483662951
11,725,1.21026483662951
11,771,1.21026483662951
38,384,1.21016120316871
234,425,1.21016120316871
234,797,1.21016120316871
294,384,1.21016120316871
191,797,1.21016120316871
384,262,1.21016120316871
852,149,1.21008760631767
149,557,1.21008760631767
557,86,1.21008760631767
645,379,1.21006218966235
645,144,1.21006218966235
645,165,1.21006218966235
153,355,1.21005270866524
315,355,1.21005270866524
361,355,1.21005270866524
560,355,1.21005270866524
716,355,1.21005270866524
355,256,1.21005270866524
451,472,1.20993088618177
294,780,1.20993088618177
780,323,1.20993088618177
300,254,1.2099203951698
315,254,1.2099203951698
716,254,1.2099203951698
743,254,1.2099203951698
254,256,1.2099203951698
280,378,1.20988710337712
664,378,1.20988710337712
862,378,1.20988710337712
569,378,1.20988710337712
589,378,1.20988710337712
378,689,1.20988710337712
378,654,1.20988710337712
378,725,1.20988710337712
378,318,1.20988710337712
378,72,1.20988710337712
378,396,1.20988710337712
378,498,1.20988710337712
11,141,1.20986923048045
234,461,1.20985168895157
234,557,1.20985168895157
461,384,1.20985168895157
191,557,1.20985168895157
833,149,1.20981434014339
817,86,1.20981434014339
451,645,1.20974222571189
530,79,1.20971455420657
354,79,1.20971455420657
482,79,1.20971455420657
176,79,1.20971455420657
398,79,1.20971455420657
548,79,1.20971455420657
595,79,1.20971455420657
768,79,1.20971455420657
485,79,1.20971455420657
147,79,1.20971455420657
79,607,1.20971455420657
79,4,1.20971455420657
79,345,1.20971455420657
79,243,1.20971455420657
79,195,1.20971455420657
79,508,1.20971455420657
79,712,1.20971455420657
79,697,1.20971455420657
79,837,1.20971455420657
79,194,1.20971455420657
79,628,1.20971455420657
79,266,1.20971455420657
79,662,1.20971455420657
79,208,1.20971455420657
79,375,1.20971455420657
79,677,1.20971455420657
852,472,1.2096611541701
461,472,1.2096611541701
833,384,1.20961591812738
191,817,1.20961591812738
846,817,1.20961591812738
613,355,1.20960892842424
71,355,1.20960892842424
124,355,1.20960892842424
85,149,1.20960136609866
85,616,1.20960136609866
85,86,1.20960136609866
149,86,1.20960136609866
11,425,1.20958570230111
11,797,1.20958570230111
635,378,1.20957031670523
378,165,1.20957031670523
378,843,1.20957031670523
613,254,1.20951144140861
866,254,1.20951144140861
698,254,1.20951144140861
721,254,1.20951144140861
684,780,1.20945559041397
684,472,1.20945559041397
780,817,1.20945559041397
234,85,1.20943208094114
234,149,1.20943208094114
149,384,1.20943208094114
852,11,1.20937540005639
461,11,1.20937540005639
378,262,1.20934306660379
668,355,1.2093198379337
434,355,1.2093198379337
569,355,1.2093198379337
831,355,1.2093198379337
725,355,1.2093198379337
72,355,1.2093198379337
355,396,1.2093198379337
85,780,1.209295231603
191,384,1.20928588575063
668,254,1.20924491248727
569,254,1.20924491248727
254,689,1.20924491248727
254,654,1.20924491248727
254,318,1.20924491248727
254,72,1.20924491248727
254,396,1.20924491248727
61,79,1.20923302085362
79,6,1.20923302085362
79,848,1.20923302085362
79,539,1.20923302085362
79,204,1.20923302085362
79,200,1.20923302085362
79,73,1.20923302085362
79,252,1.20923302085362
79,138,1.20923302085362
79,496,1.20923302085362
833,11,1.20921497535382
11,817,1.20921497535382
378,557,1.20917434821616
191,472,1.20916764832841
846,780,1.20916764832841
846,472,1.20916764832841
106,355,1.20912073509034
635,355,1.20912073509034
139,355,1.20912073509034
144,355,1.20912073509034
11,616,1.20908971384559
234,645,1.20907061609314
106,254,1.20906126271186
379,254,1.20906126271186
254,612,1.20906126271186
254,165,1.20906126271186
846,11,1.20898996342728
384,11,1.20898996342728
262,355,1.20897757251345
300,79,1.20896923482143
315,79,1.20896923482143
79,767,1.20896923482143
85,378,1.20894484942732
254,425,1.20892915185611
254,262,1.20892915185611
254,104,1.20892915185611
557,355,1.20887104204171
645,11,1.20884279296182
658,79,1.20880858474809
613,79,1.20880858474809
866,79,1.20880858474809
79,462,1.20880858474809
79,689,1.20870316854652
79,654,1.20870316854652
11,378,1.20870150151574
254,86,1.20869651186548
79,472,1.20844787559122
