src_idx,dst_idx,weight
1922,419,3.82024787048738
779,2548,3.82024787048738
1669,341,3.82024787048738
1669,1361,3.82024787048738
953,967,3.82024787048738
1939,1094,3.82024787048738
920,716,3.82024787048738
2681,1601,3.82024787048738
2009,1873,3.82024787048738
69,2062,3.82024787048738
232,29,3.82024787048738
2247,1584,3.82024787048738
2247,1264,3.82024787048738
45,859,3.82024787048738
87,1668,3.82024787048738
892,1584,3.82024787048738
892,966,3.82024787048738
137,633,3.82024787048738
18,2823,3.82024787048738
854,191,3.82024787048738
854,476,3.82024787048738
50,1264,3.82024787048738
1600,1279,3.82024787048738
2385,982,3.82024787048738
2385,2343,3.82024787048738
1856,2357,3.82024787048738
2427,2795,3.82024787048738
2501,36,3.82024787048738
184,2206,3.82024787048738
181,788,3.82024787048738
658,910,3.82024787048738
2533,358,3.82024787048738
1167,2183,3.82024787048738
1167,1154,3.82024787048738
717,1270,3.82024787048738
3,2507,3.82024787048738
161,2516,3.82024787048738
713,677,3.82024787048738
1787,1850,3.82024787048738
2392,1264,3.82024787048738
2208,921,3.82024787048738
594,1923,3.82024787048738
2255,1850,3.82024787048738
2662,859,3.82024787048738
2143,1450,3.82024787048738
1505,147,3.82024787048738
2410,858,3.82024787048738
733,2670,3.82024787048738
1972,2536,3.82024787048738
1972,1064,3.82024787048738
1519,982,3.82024787048738
1593,522,3.82024787048738
1593,1014,3.82024787048738
2207,491,3.82024787048738
939,2243,3.82024787048738
2051,1964,3.82024787048738
2051,966,3.82024787048738
2051,597,3.82024787048738
224,1043,3.82024787048738
869,361,3.82024787048738
869,882,3.82024787048738
2226,1493,3.82024787048738
2226,237,3.82024787048738
2226,814,3.82024787048738
2226,1417,3.82024787048738
2226,2203,3.82024787048738
2226,1407,3.82024787048738
2226,2364,3.82024787048738
2226,2341,3.82024787048738
740,1974,3.82024787048738
2041,536,3.82024787048738
2041,1535,3.82024787048738
1591,1450,3.82024787048738
2536,147,3.82024787048738
2272,2405,3.82024787048738
2460,1467,3.82024787048738
1437,2823,3.82024787048738
1320,412,3.82024787048738
2082,2755,3.82024787048738
230,1018,3.82024787048738
230,720,3.82024787048738
2622,1979,3.82024787048738
1351,1978,3.82024787048738
1351,1352,3.82024787048738
1351,1636,3.82024787048738
1351,2262,3.82024787048738
1351,1402,3.82024787048738
1351,2697,3.82024787048738
1351,1527,3.82024787048738
1351,1164,3.82024787048738
965,2448,3.82024787048738
2150,2516,3.82024787048738
2150,1792,3.82024787048738
2150,673,3.82024787048738
2150,391,3.82024787048738
2150,806,3.82024787048738
2150,1850,3.82024787048738
2150,90,3.82024787048738
2150,720,3.82024787048738
2150,1154,3.82024787048738
822,419,3.82024787048738
2215,1355,3.82024787048738
2215,2389,3.82024787048738
1599,1850,3.82024787048738
1598,2713,3.82024787048738
1949,1110,3.82024787048738
922,580,3.82024787048738
922,2472,3.82024787048738
922,1352,3.82024787048738
850,504,3.82024787048738
1413,1509,3.82024787048738
1981,1902,3.82024787048738
1165,1264,3.82024787048738
1165,1552,3.82024787048738
2516,1819,3.82024787048738
695,2741,3.82024787048738
2473,1264,3.82024787048738
35,1685,3.82024787048738
991,1983,3.82024787048738
1731,966,3.82024787048738
1731,1872,3.82024787048738
2627,2677,3.82024787048738
711,147,3.82024787048738
2120,1199,3.82024787048738
2120,2457,3.82024787048738
1848,883,3.82024787048738
241,2457,3.82024787048738
1221,580,3.82024787048738
1199,32,3.82024787048738
1199,391,3.82024787048738
1199,1089,3.82024787048738
1199,2216,3.82024787048738
1301,1522,3.82024787048738
1447,1450,3.82024787048738
2300,21,3.82024787048738
2069,288,3.82024787048738
554,1264,3.82024787048738
1759,2502,3.82024787048738
788,1742,3.82024787048738
252,303,3.82024787048738
1075,1721,3.82024787048738
419,1663,3.82024787048738
419,468,3.82024787048738
419,2390,3.82024787048738
288,2343,3.82024787048738
2206,2404,3.82024787048738
457,2134,3.82024787048738
2279,2832,3.82024787048738
2405,1929,3.82024787048738
1046,2103,3.82024787048738
1166,2583,3.82024787048738
624,1521,3.82024787048738
1512,1660,3.82024787048738
176,1264,3.82024787048738
677,1355,3.82024787048738
303,2172,3.82024787048738
124,1730,3.82024787048738
2725,2818,3.82024787048738
2823,22,3.82024787048738
1341,1850,3.82024787048738
2205,1450,3.82024787048738
8,625,3.82024787048738
2033,966,3.82024787048738
1757,989,3.82024787048738
1757,2540,3.82024787048738
186,1850,3.82024787048738
1175,1901,3.82024787048738
2585,1488,3.82024787048738
1888,1450,3.82024787048738
633,2818,3.82024787048738
1161,2551,3.82024787048738
2409,233,3.82024787048738
2824,126,3.82024787048738
267,2429,3.82024787048738
217,1264,3.82024787048738
1355,2389,3.82024787048738
1801,2566,3.82024787048738
580,1159,3.82024787048738
580,2521,3.82024787048738
580,2,3.82024787048738
621,1730,3.82024787048738
147,976,3.82024787048738
2472,1352,3.82024787048738
1384,966,3.82024787048738
496,1264,3.82024787048738
2155,2374,3.82024787048738
527,2068,3.82024787048738
2596,1584,3.82024787048738
2596,1264,3.82024787048738
341,1850,3.82024787048738
341,2452,3.82024787048738
2132,459,3.82024787048738
225,2414,3.82024787048738
1266,1365,3.82024787048738
201,2378,3.82024787048738
2790,910,3.82024787048738
2389,1850,3.82024787048738
1807,1831,3.82024787048738
32,943,3.82024787048738
2835,148,3.82024787048738
605,1264,3.82024787048738
1117,1440,3.82024787048738
1636,1581,3.82024787048738
382,1964,3.82024787048738
382,2402,3.82024787048738
2423,2014,3.82024787048738
1964,525,3.82024787048738
1964,2357,3.82024787048738
1964,2199,3.82024787048738
1964,1136,3.82024787048738
363,80,3.82024787048738
1773,2697,3.82024787048738
895,1264,3.82024787048738
1777,1850,3.82024787048738
831,1264,3.82024787048738
2768,849,3.82024787048738
1315,1470,3.82024787048738
2217,1589,3.82024787048738
1938,2457,3.82024787048738
1119,2090,3.82024787048738
1119,1245,3.82024787048738
203,579,3.82024787048738
2442,1584,3.82024787048738
2442,2216,3.82024787048738
1450,678,3.82024787048738
1450,2020,3.82024787048738
1450,374,3.82024787048738
2839,1982,3.82024787048738
2839,720,3.82024787048738
661,1833,3.82024787048738
2156,1850,3.82024787048738
2805,1264,3.82024787048738
2573,993,3.82024787048738
1126,2055,3.82024787048738
1504,970,3.82024787048738
678,2579,3.82024787048738
936,1605,3.82024787048738
2012,2855,3.82024787048738
102,1850,3.82024787048738
1782,234,3.82024787048738
754,1997,3.82024787048738
767,234,3.82024787048738
2378,2343,3.82024787048738
284,1850,3.82024787048738
1679,1959,3.82024787048738
1497,1458,3.82024787048738
2003,1584,3.82024787048738
2825,2324,3.82024787048738
1671,2343,3.82024787048738
2243,219,3.82024787048738
2243,1971,3.82024787048738
1371,113,3.82024787048738
598,1243,3.82024787048738
598,638,3.82024787048738
177,966,3.82024787048738
2614,2562,3.82024787048738
2819,1850,3.82024787048738
1135,2452,3.82024787048738
1385,1850,3.82024787048738
877,1584,3.82024787048738
391,1584,3.82024787048738
391,2216,3.82024787048738
849,126,3.82024787048738
525,966,3.82024787048738
401,1098,3.82024787048738
190,1850,3.82024787048738
2814,2213,3.82024787048738
1500,1850,3.82024787048738
1500,1089,3.82024787048738
1500,206,3.82024787048738
2367,2108,3.82024787048738
148,2293,3.82024787048738
2369,1689,3.82024787048738
2756,126,3.82024787048738
2791,2705,3.82024787048738
1268,973,3.82024787048738
600,1264,3.82024787048738
766,226,3.82024787048738
1172,952,3.82024787048738
1172,1264,3.82024787048738
2571,631,3.82024787048738
1324,1853,3.82024787048738
1689,2795,3.82024787048738
952,1424,3.82024787048738
952,720,3.82024787048738
1359,1451,3.82024787048738
1721,234,3.82024787048738
1721,459,3.82024787048738
2414,1584,3.82024787048738
1633,1264,3.82024787048738
640,1576,3.82024787048738
1700,1243,3.82024787048738
1700,638,3.82024787048738
1850,2821,3.82024787048738
1850,2390,3.82024787048738
1850,1061,3.82024787048738
1098,54,3.82024787048738
2457,1536,3.82024787048738
2457,2452,3.82024787048738
2457,2152,3.82024787048738
882,2430,3.82024787048738
2802,2738,3.82024787048738
443,1973,3.82024787048738
1584,670,3.82024787048738
2611,234,3.82024787048738
802,2649,3.82024787048738
295,1973,3.82024787048738
243,1849,3.82024787048738
958,2213,3.82024787048738
1129,21,3.82024787048738
2795,1231,3.82024787048738
1651,2241,3.82024787048738
501,2103,3.82024787048738
1089,1592,3.82024787048738
464,1628,3.82024787048738
464,491,3.82024787048738
155,1104,3.82024787048738
800,2660,3.82024787048738
1628,491,3.82024787048738
2832,1592,3.82024787048738
1264,2093,3.82024787048738
1264,670,3.82024787048738
1264,844,3.82024787048738
1264,2549,3.82024787048738
1264,2376,3.82024787048738
1264,1822,3.82024787048738
1233,1137,3.82024787048738
1136,1929,3.82024787048738
1288,1053,3.82024787048738
1873,1350,3.82024787048738
2394,1853,3.82024787048738
1816,1164,3.82024787048738
2377,1092,3.80795254503289
849,1035,3.79987983808345
698,1470,3.79528536812887
570,1338,3.79271204578757
1089,1412,3.78779658715314
1591,412,3.78462991938098
474,517,3.78433517621087
1823,2320,3.78291133526544
1290,444,3.77886798749866
158,1483,3.77886798749866
2452,1999,3.77840853132028
74,1440,3.77727292257824
2027,666,3.77633866929685
424,870,3.77633866929685
2160,1730,3.7759203389837
2468,347,3.77416400720585
1295,1089,3.77372838742592
779,1130,3.77275649851445
1735,2230,3.77187197874975
2178,124,3.76941856483609
2058,1350,3.76767527427584
2208,627,3.76534278333458
1933,804,3.76534278333458
690,2018,3.76458964210913
571,1467,3.76438453586313
1820,720,3.76279874698217
76,32,3.76245759009151
2052,501,3.76168903792053
576,186,3.76163560971825
2474,958,3.76124471290186
50,1157,3.7611286591417
525,1644,3.76037320622641
945,1783,3.75940666479461
2369,2461,3.75940666479461
1167,620,3.75931866613034
1933,524,3.75850742490167
550,2820,3.75768017109363
2222,951,3.75679092960181
2071,465,3.75596267806357
1442,1202,3.75449718432388
554,1399,3.75449718432388
2708,1191,3.75327841475678
782,68,3.75288000938184
1360,227,3.75218344822277
340,963,3.74986181572519
2473,190,3.74964616554944
2662,2356,3.74894726195457
2510,113,3.74829542360202
403,1136,3.74817925632943
70,387,3.74815934218692
2293,896,3.74783101413925
1656,2199,3.74762462732999
2197,802,3.74747321242881
1906,690,3.74734655121877
1722,2341,3.74584900488733
2653,2103,3.74583790139663
893,363,3.74525543050443
2377,977,3.74489403688429
254,68,3.74488822087178
2829,1124,3.74423253452411
741,2832,3.74377775876321
26,2705,3.74351118927829
1593,1118,3.74304141337348
2713,1833,3.7422363402314
117,1927,3.74191867515626
1787,307,3.7413291091738
555,2705,3.74064284587046
2629,1232,3.73852724625833
331,2432,3.73834046456766
1455,71,3.73828558527057
2432,2126,3.73825261031879
867,234,3.73724556156515
1155,2659,3.73710495723296
1241,262,3.73710495723296
853,1232,3.73624203664676
82,1578,3.73606575330791
2161,1948,3.73606575330791
740,355,3.73601359864685
375,260,3.7352892071534
1413,2287,3.73477461860674
2004,1904,3.73436351862764
1018,2682,3.73280792705647
2160,675,3.73239153602652
173,102,3.73134481090826
45,2682,3.72899521677658
1106,2361,3.72854888612392
2770,95,3.72854888612392
1279,1197,3.72667185241365
1244,1163,3.7254695998583
17,143,3.7254695998583
1167,2851,3.72470742086985
1519,1229,3.72470657573239
620,2087,3.72470143370531
463,2129,3.72385825210723
2049,1067,3.72349539422254
2036,129,3.72349539422254
1741,2098,3.72349539422254
1473,2107,3.72349539422254
2701,1456,3.72276264810416
1430,1535,3.72266474955748
361,1816,3.72202897614816
2731,1342,3.72139084754244
1875,301,3.72137509241002
845,2326,3.71980060183927
1708,1959,3.71970395766671
1735,1729,3.71753636776366
205,625,3.71657686043327
288,1293,3.71657686043327
2682,1000,3.7164704705723
1890,55,3.71620815947094
635,1912,3.71393016389757
1855,1994,3.71293973334136
2716,2167,3.71257865778788
495,2114,3.71235320867397
1727,2083,3.71235320867397
200,2336,3.71235320867397
2211,1423,3.71235320867397
1961,530,3.71235320867397
959,2062,3.71074784678016
2405,302,3.71005293119932
343,1162,3.706268362933
1878,1362,3.706268362933
1049,1807,3.70221930810756
540,1704,3.70151648824002
1258,721,3.6992939214002
2312,2819,3.69578309959116
187,1978,3.69394526204012
756,2167,3.69354423048579
1371,2451,3.68817454045723
268,896,3.68784431233031
2172,2297,3.68568294894483
1331,497,3.6750356221025
2279,1522,3.67056640043224
288,2359,3.66989411435668
2653,1905,3.66746412738592
1338,2806,3.66576408147321
1807,741,3.66456648792991
2234,2568,3.6584380770811
9,2452,3.65508591764349
1161,1159,3.64878504080715
527,1674,3.64792812250355
232,387,3.64688547875345
2215,190,3.64313242516271
2635,1778,3.64148504143551
2452,1361,3.63705781404847
2473,2820,3.63461524288212
2216,1707,3.61233904744663
13,401,3.60857788381711
925,621,3.60500274750094
1317,1928,3.60500274750094
1928,808,3.60500274750094
1979,1262,3.60394132947352
286,222,3.60113402714782
910,1605,3.58945065953634
1295,2141,3.5795455967142
32,1265,3.57894049031441
148,1093,3.57637266896519
858,2722,3.56918672857625
604,2725,3.56795311146849
87,2026,3.55929734440354
87,1476,3.55929734440354
181,1742,3.55763173113821
1089,1904,3.55571082891205
1933,2179,3.53599608411572
1011,295,3.53517893057035
2136,1451,3.52056196861745
876,455,3.51053750937326
609,739,3.51053750937326
956,1434,3.51053750937326
1029,270,3.51053750937326
2420,273,3.51053750937326
371,2592,3.51053750937326
325,596,3.51053750937326
2091,2604,3.51053750937326
1548,1050,3.51053750937326
2735,817,3.51053750937326
255,574,3.51053750937326
2044,1218,3.51053750937326
2783,1280,3.51053750937326
75,1752,3.51053750937326
588,957,3.51053750937326
2311,1972,3.50962455937756
1972,1920,3.50962455937756
1735,2220,3.50689616705885
1928,1966,3.50098255358077
1259,206,3.49313501343173
1777,1154,3.48145328579305
2060,227,3.47633868451889
1279,1956,3.47633868451889
481,1154,3.47114662266434
2120,2612,3.46609484567832
213,905,3.46413392757497
1928,1747,3.45569677711512
1805,148,3.43426683913176
1430,2739,3.42447537756856
2103,2139,3.42235817765265
2718,474,3.4170750351547
310,2601,3.4162010770413
1192,2101,3.4161077274619
1189,1464,3.41496207677992
1827,2641,3.41496207677992
305,937,3.41496207677992
1788,2056,3.41496207677992
466,94,3.41496207677992
1212,1226,3.41496207677992
2218,1626,3.41496207677992
1283,2325,3.41496207677992
2700,1998,3.41496207677992
2572,590,3.41496207677992
2433,2714,3.41496207677992
1096,776,3.41496207677992
1846,2744,3.41496207677992
954,206,3.41431526432788
1608,1601,3.41109020735026
2718,517,3.39806851186925
2569,113,3.3939235013963
2183,952,3.39138874640796
2025,1921,3.39013200967421
2410,1326,3.38530992037537
173,2472,3.37959516089824
1796,288,3.37760727577335
598,1700,3.37372247335937
989,2537,3.37214020380081
2597,2243,3.36917664836162
693,1938,3.36660934876568
497,2320,3.3627288714425
173,1624,3.35463242630292
1161,2562,3.35323969125212
227,1844,3.34648613691065
2428,1051,3.34505529841179
1539,1465,3.34505529841179
2421,551,3.34505529841179
432,2313,3.34505529841179
521,2489,3.34505529841179
2525,2666,3.34505529841179
2613,1103,3.34505529841179
1951,1932,3.34505529841179
1303,2407,3.34505529841179
634,280,3.34505529841179
334,2123,3.34505529841179
2047,2784,3.34505529841179
1177,197,3.34505529841179
2517,1675,3.34505529841179
1970,2016,3.34505529841179
1849,2829,3.32722321619575
344,1264,3.32465279262138
2072,1264,3.32465279262138
1442,1264,3.30645867395609
1162,412,3.30334499167867
2305,1132,3.30074126263226
842,1804,3.29971213981219
860,239,3.29971213981219
2151,420,3.29971213981219
1206,1664,3.29971213981219
1638,511,3.29971213981219
2779,952,3.29124152950161
2338,2852,3.28786463075285
543,2719,3.28786463075285
2458,2722,3.28786463075285
1878,2335,3.28786463075285
1299,265,3.28786463075285
2220,1784,3.28786463075285
2767,1901,3.28735724441407
1730,1672,3.28018420278578
1413,113,3.25948910576401
2281,234,3.25846211121119
2052,311,3.25428172525068
1516,2136,3.23875687962199
121,2561,3.23875687962199
55,510,3.23875687962199
2226,1228,3.22015753606033
2452,1821,3.21845529175433
114,521,3.21548826439175
1870,601,3.21548826439175
1146,2138,3.21548826439175
2007,1993,3.21548826439175
478,1689,3.20561654722316
2155,821,3.20504854955897
2184,2823,3.20328823891171
2302,2823,3.20328823891171
2819,2452,3.20211099470816
1682,1521,3.19557489005439
187,829,3.19557489005439
77,1265,3.19557489005439
174,700,3.19557489005439
1906,2018,3.187563238391
598,1407,3.17544488775131
2405,1136,3.17318644212311
359,1191,3.16752429130727
201,2257,3.15689481445249
1863,1986,3.14730944238296
89,1748,3.14730944238296
2449,108,3.14730944238296
599,2380,3.14730944238296
446,2259,3.14730944238296
861,1926,3.14730944238296
430,1986,3.14730944238296
2003,1264,3.14528567278263
1341,2320,3.13941945172676
2155,301,3.12927133413867
2848,905,3.1288960786983
1831,284,3.12676095321964
2207,2303,3.12180194159193
801,661,3.12180194159193
1334,1910,3.1217115431928
2568,1264,3.11190845988564
458,1264,3.11068473598632
2717,2150,3.10698069525154
341,906,3.09960263083091
1757,1566,3.09380539184573
1049,1872,3.09210741678052
1092,218,3.08953166307275
2481,1085,3.08948545352226
380,111,3.08948545352226
915,640,3.07488187092796
1584,540,3.07422619980811
2410,881,3.0597221672488
1175,2223,3.0597221672488
916,1926,3.04659979179659
1673,2838,3.04659979179659
1693,2499,3.04659979179659
1360,1260,3.03912192405185
986,1311,3.03912192405185
351,2356,3.03912192405185
1818,1077,3.03200838197064
1811,1450,3.02842944461684
113,1208,3.01456292930917
858,708,3.00606860777923
856,1584,3.00078370082056
2848,1304,2.98342317833193
1698,37,2.98342317833193
2012,2684,2.98342317833193
362,2003,2.98162536898317
2265,1338,2.98162536898317
1063,1592,2.97349218195225
2389,190,2.95659450577565
1634,2118,2.95402434069321
367,1902,2.95402434069321
2778,2216,2.95258689990467
2051,1807,2.94088745135277
982,1984,2.93952701041126
97,1802,2.93675385791523
1960,2108,2.93675385791523
8,1778,2.93419286838422
2826,813,2.92871051767709
924,1655,2.92871051767709
1747,846,2.92871051767709
1518,966,2.91826868652467
2767,60,2.91724145547709
523,2823,2.91720760209975
2665,2823,2.91720760209975
1525,47,2.91505889292297
869,459,2.9028988560681
2338,111,2.89963885992967
1609,844,2.896240428711
1329,1586,2.896240428711
2427,782,2.89091093736053
2004,2415,2.88346964907597
409,2248,2.88346964907597
375,44,2.88346964907597
1326,2574,2.88346964907597
2392,1641,2.88043953528146
1165,2167,2.87005381183328
1593,1398,2.86221923757526
2628,952,2.85694448596844
2063,347,2.85221401300931
2243,1676,2.84869162076249
2778,1391,2.84204536915975
1012,700,2.84204536915975
2547,71,2.84196043025684
245,2062,2.84196043025684
2188,2110,2.83712522472107
531,1966,2.83002357794611
1450,260,2.8283474147586
2404,2159,2.8231214384835
640,1872,2.81540069325001
1941,1915,2.79588366007737
1538,1063,2.79588366007737
1119,112,2.79389139162578
2071,2660,2.79142453428779
1460,1450,2.77149858154454
1297,1450,2.77149858154454
1573,821,2.77034719693576
924,139,2.77034719693576
461,1311,2.77034719693576
341,1361,2.76650338467718
1049,2832,2.76625435690525
1678,1921,2.76461215981293
2747,1921,2.76461215981293
1161,742,2.76461215981293
1636,1704,2.75406055127567
1447,2575,2.7462322369793
74,405,2.74618269840869
74,1643,2.74618269840869
1007,2823,2.74057749394994
1200,2390,2.73723125102643
1818,608,2.72885363674352
1272,870,2.72885363674352
254,1391,2.70913006428315
50,1424,2.70868095313991
520,1872,2.70170201036642
2287,251,2.69920591596077
366,2243,2.69240526026432
326,2110,2.6716165355841
1941,2684,2.66952417290353
1928,1866,2.66952417290353
1892,1000,2.66952417290353
2501,2170,2.66818695706568
1942,1721,2.66431995666385
1959,1006,2.66431995666385
966,140,2.6614920289601
2436,1816,2.66144495404718
401,1232,2.66029201048867
2802,1243,2.65493036606259
1972,2017,2.65330308929321
2155,2242,2.65330308929321
1940,1674,2.65330308929321
243,2829,2.65187948331299
877,1157,2.64685158263805
2120,1850,2.6437473316972
148,896,2.62730568428099
2533,802,2.6183621670747
2534,2755,2.60830808183385
1157,1633,2.6049507753368
227,909,2.60214848859297
227,2538,2.60214848859297
1117,373,2.60140422035716
1167,2120,2.59875330621941
1401,1450,2.59610638467704
644,1450,2.59610638467704
1347,1362,2.59169267356005
2411,2601,2.59169267356005
1815,905,2.58331188226638
2243,2726,2.5753645099152
2243,1469,2.5753645099152
2243,751,2.5753645099152
2243,1083,2.5753645099152
1445,670,2.57497988493672
87,400,2.57124673663873
943,1094,2.5682120783563
1522,2389,2.55759305757824
1818,2073,2.55680631712103
1657,2738,2.54483647666939
1997,2541,2.53054773380047
147,2110,2.5301918802077
1351,2413,2.52871191581908
1424,1822,2.52580924145918
257,2103,2.52335261197993
1851,1071,2.51971333292965
1851,2025,2.51971333292965
820,2502,2.51673234482576
1949,1842,2.51673234482576
2389,1063,2.51140273589083
2051,2439,2.50336390124465
2167,1952,2.49545867423195
1573,1697,2.49181051308163
2378,2738,2.48911333992467
966,265,2.48445348917937
491,316,2.47806271722525
2397,2394,2.47405161889686
2183,770,2.47405161889686
2183,1449,2.47405161889686
87,306,2.47255771601249
2493,1264,2.47225243501481
869,1721,2.46964713261999
1858,1350,2.46568134693356
1450,2816,2.46069365591736
70,619,2.45929492858329
1119,378,2.45708941216066
2832,1081,2.45385213157574
1455,1959,2.44379669410194
1674,1988,2.44235745424702
1370,1851,2.44087068848793
1697,2566,2.43574667287742
823,1584,2.43343004851303
982,1701,2.42294768286023
1227,2118,2.4222552477823
1041,2820,2.41638356069046
992,1014,2.41218775519735
1328,2549,2.41007575072749
1281,1098,2.40970349129217
2710,1264,2.40842312452704
643,1264,2.40842312452704
2404,2579,2.40304588676921
582,2823,2.40205772592835
1331,1979,2.39199593118157
227,2462,2.38931618597786
1763,1819,2.37496722292082
2584,540,2.37414429890233
2593,2305,2.37172254233342
2086,2305,2.37172254233342
1082,2305,2.37172254233342
2305,1286,2.37172254233342
2305,1736,2.37172254233342
2305,63,2.37172254233342
701,1157,2.36991693663657
2051,744,2.3679781080076
1110,292,2.3679781080076
1253,952,2.36087523411155
232,2170,2.35705760069889
2216,1443,2.34513923312299
2300,1994,2.34471037693079
990,234,2.32508749362923
570,2054,2.32346251213107
2312,1550,2.32346251213107
1525,1008,2.31543187122039
1010,2819,2.31069132190721
2497,2819,2.31069132190721
777,1232,2.30983276506687
2103,317,2.30864291720927
2103,1173,2.30864291720927
2272,382,2.30845764367485
1136,1833,2.30718095987895
2155,37,2.30644075266315
1222,2243,2.30625068450108
284,966,2.30550151431896
1167,1973,2.30332655232763
2021,1873,2.29276206062589
2357,966,2.28990847145252
2853,802,2.28505754078677
2289,1816,2.28472782799856
1182,2452,2.28340270215713
2427,1231,2.27471679461143
922,2513,2.27044581934552
1689,2116,2.27044581934552
1430,2575,2.25464290306286
227,2290,2.25330918715303
1355,190,2.25109900010035
1370,1921,2.24543196400688
331,2187,2.24543196400688
109,1053,2.23484167534649
1099,905,2.23396156507379
1199,2777,2.22695648112911
2636,2101,2.22695648112911
2514,2101,2.22695648112911
2100,2101,2.22695648112911
2578,2101,2.22695648112911
274,2101,2.22695648112911
844,1424,2.21601413394442
1964,1211,2.21572253853611
1045,2062,2.20884609333893
1440,373,2.20884609333893
1807,1204,2.20667947116492
1789,2155,2.2064361193959
982,1852,2.18732314452046
982,1457,2.18732314452046
982,100,2.18732314452046
286,1850,2.18266227951392
2226,1543,2.18055091064817
2120,113,2.18039298926097
1024,2823,2.17390068170236
1719,2823,2.17390068170236
2632,2823,2.17390068170236
2823,1491,2.17390068170236
2823,1097,2.17390068170236
2823,1659,2.17390068170236
2823,1087,2.17390068170236
1130,2548,2.16206798476806
2612,640,2.15571402678558
227,47,2.15379752693275
2150,989,2.14274396838975
336,1264,2.13969387951929
2072,1576,2.13668506434394
1352,2288,2.13635581113104
1352,1581,2.13334847343187
357,2243,2.12933400955413
2380,1342,2.11654610653896
288,557,2.11409392771748
2287,1391,2.11055236827668
1532,1850,2.10659907224104
2727,1995,2.10470930540676
1452,1414,2.10470930540676
1044,167,2.10470930540676
421,2339,2.10470930540676
1065,1405,2.10470930540676
1859,1587,2.10470930540676
902,577,2.10470930540676
2595,264,2.10470930540676
2464,2480,2.10470930540676
88,2030,2.10470930540676
1758,2185,2.10470930540676
2050,1498,2.10470930540676
632,2789,2.10470930540676
2263,59,2.10470930540676
64,2620,2.10470930540676
1198,1537,2.10470930540676
120,718,2.10470930540676
537,84,2.10470930540676
2505,1812,2.10470930540676
680,1073,2.10470930540676
759,411,2.10470930540676
170,847,2.10470930540676
2137,1257,2.10470930540676
1523,487,2.10470930540676
2671,27,2.10470930540676
2067,901,2.10470930540676
14,2322,2.10470930540676
1039,1627,2.10470930540676
216,453,2.10470930540676
2010,2591,2.10470930540676
1893,1291,2.10470930540676
2209,1310,2.10470930540676
1588,1533,2.10470930540676
439,874,2.10470930540676
118,210,2.10470930540676
587,1557,2.10470930540676
2198,1728,2.10470930540676
2425,2809,2.10470930540676
228,2817,2.10470930540676
1131,2173,2.10470930540676
843,256,2.10470930540676
2518,1484,2.10470930540676
737,62,2.10470930540676
671,1934,2.10470930540676
1623,402,2.10470930540676
672,2508,2.10470930540676
2482,379,2.10470930540676
2650,2565,2.10470930540676
2228,663,2.10470930540676
2811,2679,2.10470930540676
1882,2045,2.10470930540676
2663,636,2.10470930540676
1830,2232,2.10470930540676
66,1113,2.10470930540676
231,2742,2.10470930540676
2764,162,2.10470930540676
2586,348,2.10470930540676
2352,2117,2.10470930540676
1184,2085,2.10470930540676
1506,293,2.10470930540676
1238,2214,2.10470930540676
2035,185,2.10470930540676
2759,1686,2.10470930540676
2782,2570,2.10470930540676
748,2013,2.10470930540676
2634,762,2.10470930540676
2277,1989,2.10470930540676
703,1520,2.10470930540676
1602,138,2.10470930540676
178,1109,2.10470930540676
1138,1019,2.10470930540676
837,165,2.10470930540676
1373,2154,2.10470930540676
2261,1541,2.10470930540676
593,1813,2.10470930540676
1111,2691,2.10470930540676
827,1001,2.10470930540676
1800,308,2.10470930540676
2652,1230,2.10470930540676
552,553,2.10470930540676
1806,38,2.10470930540676
1935,377,2.10470930540676
1884,1798,2.10470930540676
440,809,2.10470930540676
1477,1057,2.10470930540676
2610,611,2.10470930540676
2581,404,2.10470930540676
283,1431,2.10470930540676
324,106,2.10470930540676
1531,2384,2.10470930540676
508,2651,2.10470930540676
1482,125,2.10470930540676
207,1048,2.10470930540676
1770,492,2.10470930540676
1931,2088,2.10470930540676
933,1235,2.10470930540676
2515,447,2.10470930540676
332,1967,2.10470930540676
2743,2422,2.10470930540676
426,1127,2.10470930540676
710,1667,2.10470930540676
2299,2270,2.10470930540676
2827,745,2.10470930540676
2723,2435,2.10470930540676
1723,1525,2.10158678344428
1525,789,2.10158678344428
915,2197,2.09762034564791
1450,113,2.09707762718585
2102,2819,2.09696230324383
2328,2819,2.09696230324383
2612,1997,2.09513537780775
2725,1053,2.09475758632475
895,424,2.08291052373038
1584,2549,2.08261205710315
1450,546,2.08135396722
1450,2393,2.08135396722
1450,1564,2.08135396722
1450,146,2.08135396722
1450,1652,2.08135396722
879,2103,2.07485554810719
2479,966,2.07172170841528
2048,1584,2.06395929428016
922,354,2.05786700933539
922,189,2.05786700933539
1441,1689,2.05786700933539
2058,1451,2.05114729731386
391,1540,2.04974308876125
1227,1264,2.0470647621835
2585,1264,2.0470647621835
1584,2248,2.0257998082036
490,2305,2.02441611847035
2584,1636,2.02376850190346
979,288,2.01705460711102
2150,619,2.01665961823976
2342,2457,2.01647256155193
1205,2457,2.01647256155193
58,2457,2.01647256155193
209,2457,2.01647256155193
349,1199,2.01567358768075
665,2101,2.01567358768075
1735,2108,2.01313774217913
2721,966,2.01019672054328
1421,966,2.01019672054328
1962,966,2.01019672054328
1267,966,2.01019672054328
966,2803,2.01019672054328
966,934,2.01019672054328
966,2149,2.01019672054328
2851,2378,2.00534505992872
2000,1964,2.00492860233884
578,2243,1.99951501758303
2243,1047,1.99951501758303
2247,2601,1.99609939204192
1167,720,1.98470151081196
982,1459,1.97785850279449
982,486,1.97785850279449
731,544,1.97348625858551
1534,1751,1.97348625858551
179,2498,1.97348625858551
1489,2532,1.97348625858551
862,873,1.97348625858551
719,2350,1.97348625858551
2616,2078,1.97348625858551
2616,2765,1.97348625858551
897,1568,1.97348625858551
1740,642,1.97348625858551
2463,1249,1.97348625858551
514,115,1.97348625858551
735,2396,1.97348625858551
735,2245,1.97348625858551
397,1943,1.97348625858551
406,4,1.97348625858551
2437,2792,1.97348625858551
2437,1799,1.97348625858551
1963,1699,1.97348625858551
1120,1242,1.97348625858551
878,2127,1.97348625858551
2720,1753,1.97348625858551
2639,669,1.97348625858551
2732,258,1.97348625858551
1336,803,1.97348625858551
2530,2104,1.97348625858551
1887,2844,1.97348625858551
629,1486,1.97348625858551
1750,1381,1.97348625858551
1062,1881,1.97348625858551
1560,938,1.97348625858551
1390,199,1.97348625858551
2555,836,1.97348625858551
1980,918,1.97348625858551
2477,1395,1.97348625858551
758,2125,1.97348625858551
2685,1388,1.97348625858551
938,1239,1.97348625858551
1054,2453,1.97348625858551
2250,1195,1.97348625858551
2250,1646,1.97348625858551
1715,1571,1.97348625858551
930,2099,1.97348625858551
2528,2379,1.97348625858551
1454,1790,1.97348625858551
1074,322,1.97348625858551
2177,1030,1.97348625858551
686,707,1.97348625858551
898,1112,1.97348625858551
836,2459,1.97348625858551
2304,2034,1.97348625858551
2235,857,1.97348625858551
275,542,1.97348625858551
2483,92,1.97348625858551
2002,2736,1.97348625858551
83,2600,1.97348625858551
2661,929,1.97348625858551
1603,460,1.97348625858551
1876,1898,1.97348625858551
2105,2276,1.97348625858551
2624,1060,1.97348625858551
2314,1703,1.97348625858551
2694,244,1.97348625858551
1220,338,1.97348625858551
285,2840,1.97348625858551
1706,2692,1.97348625858551
2398,61,1.97348625858551
2654,2758,1.97348625858551
1568,297,1.97348625858551
2166,1121,1.97348625858551
182,1895,1.97348625858551
2807,1629,1.97348625858551
2807,127,1.97348625858551
2333,1335,1.97348625858551
298,1502,1.97348625858551
907,2594,1.97348625858551
2349,832,1.97348625858551
1760,413,1.97348625858551
1526,2162,1.97348625858551
2029,73,1.97348625858551
664,2065,1.97348625858551
145,16,1.97348625858551
415,1737,1.97348625858551
415,2733,1.97348625858551
416,585,1.97348625858551
1444,2346,1.97348625858551
648,1015,1.97348625858551
1613,2416,1.97348625858551
683,2175,1.97348625858551
1323,469,1.97348625858551
2484,960,1.97348625858551
2531,2176,1.97348625858551
2794,919,1.97348625858551
1919,1790,1.97348625858551
1990,1779,1.97348625858551
1739,2757,1.97348625858551
2454,1145,1.97348625858551
1339,1340,1.97348625858551
1510,202,1.97348625858551
1871,2605,1.97348625858551
1237,364,1.97348625858551
1147,1225,1.97348625858551
2740,214,1.97348625858551
775,488,1.97348625858551
2426,798,1.97348625858551
381,2845,1.97348625858551
149,2492,1.97348625858551
67,1616,1.97348625858551
1181,2158,1.97348625858551
914,16,1.97348625858551
771,784,1.97348625858551
840,2244,1.97348625858551
840,215,1.97348625858551
360,192,1.97348625858551
567,1738,1.97348625858551
2315,85,1.97348625858551
2812,1144,1.97348625858551
2560,1639,1.97348625858551
1179,2788,1.97348625858551
974,441,1.97348625858551
2524,19,1.97348625858551
57,2253,1.97348625858551
1236,1300,1.97348625858551
1418,1079,1.97348625858551
792,1171,1.97348625858551
390,1100,1.97348625858551
390,1143,1.97348625858551
1145,386,1.97348625858551
1621,1492,1.97348625858551
1574,1720,1.97348625858551
2236,1429,1.97348625858551
752,1086,1.97348625858551
1828,2258,1.97348625858551
630,1732,1.97348625858551
929,650,1.97348625858551
1174,2043,1.97348625858551
2712,2225,1.97348625858551
1545,2034,1.97348625858551
774,2736,1.97348625858551
172,1786,1.97348625858551
512,247,1.97348625858551
1372,2603,1.97348625858551
535,240,1.97348625858551
2122,614,1.97348625858551
975,144,1.97348625858551
157,1240,1.97348625858551
763,423,1.97348625858551
2801,987,1.97348625858551
2316,697,1.97348625858551
2193,1021,1.97348625858551
2164,2763,1.97348625858551
923,1726,1.97348625858551
5,333,1.97348625858551
1248,2343,1.97296089540181
135,2343,1.97296089540181
812,2343,1.97296089540181
2808,2343,1.97296089540181
2678,2343,1.97296089540181
2089,2343,1.97296089540181
886,2343,1.97296089540181
2847,2343,1.97296089540181
516,2343,1.97296089540181
2529,2343,1.97296089540181
2343,1219,1.97296089540181
2343,2837,1.97296089540181
2343,1596,1.97296089540181
2343,1168,1.97296089540181
2343,2271,1.97296089540181
2343,1513,1.97296089540181
217,1584,1.97287499658089
1655,1525,1.97097177990053
378,1525,1.97097177990053
2704,1264,1.96869183092462
2189,1264,1.96869183092462
2790,741,1.96794135933189
2397,2819,1.96651386594197
2074,2823,1.96511162111142
1368,2823,1.96511162111142
2823,988,1.96511162111142
2411,113,1.96198572842414
580,1913,1.95668244404681
32,2832,1.95504626516387
286,1730,1.95199710346213
1941,2394,1.94931581192784
173,1352,1.94105482449441
1199,1689,1.93788690823351
2533,2378,1.93460818569803
2305,1948,1.92986675862634
2767,1972,1.92171137092037
1820,1978,1.92160451578328
952,2549,1.92103799481466
2389,1098,1.91381347911006
740,1801,1.90432669928632
1614,25,1.89914900742761
1002,1841,1.89914900742761
99,1508,1.89914900742761
2815,1944,1.89914900742761
842,2059,1.89914900742761
1080,2119,1.89914900742761
2494,98,1.89914900742761
688,940,1.89914900742761
589,776,1.89914900742761
2227,467,1.89914900742761
1612,838,1.89914900742761
6,526,1.89914900742761
2695,482,1.89914900742761
2074,2233,1.89914900742761
449,2846,1.89914900742761
885,2598,1.89914900742761
889,163,1.89914900742761
163,195,1.89914900742761
163,1724,1.89914900742761
2180,865,1.89914900742761
2113,380,1.89914900742761
2395,392,1.89914900742761
2395,980,1.89914900742761
2395,1101,1.89914900742761
834,44,1.89914900742761
1004,2564,1.89914900742761
1854,1353,1.89914900742761
1946,1954,1.89914900742761
986,969,1.89914900742761
1877,818,1.89914900742761
1375,1445,1.89914900742761
1368,122,1.89914900742761
2849,2415,1.89914900742761
1511,2202,1.89914900742761
1597,1744,1.89914900742761
2267,204,1.89914900742761
1366,2291,1.89914900742761
2163,2486,1.89914900742761
2286,2284,1.89914900742761
2286,2648,1.89914900742761
123,805,1.89914900742761
1377,1114,1.89914900742761
996,528,1.89914900742761
1475,1088,1.89914900742761
2774,519,1.89914900742761
668,277,1.89914900742761
668,41,1.89914900742761
1278,1009,1.89914900742761
2329,1988,1.89914900742761
2306,235,1.89914900742761
388,445,1.89914900742761
1212,606,1.89914900742761
1141,345,1.89914900742761
917,1814,1.89914900742761
2146,2711,1.89914900742761
494,2194,1.89914900742761
1768,2202,1.89914900742761
559,1364,1.89914900742761
33,2348,1.89914900742761
2543,1683,1.89914900742761
445,652,1.89914900742761
2450,1084,1.89914900742761
848,2194,1.89914900742761
2202,724,1.89914900742761
2796,2687,1.89914900742761
1648,451,1.89914900742761
475,2440,1.89914900742761
1400,2038,1.89914900742761
98,2015,1.89914900742761
2462,1903,1.89914900742761
1176,2822,1.89914900742761
1134,1625,1.89914900742761
385,2441,1.89914900742761
2509,1032,1.89914900742761
1508,1992,1.89914900742761
2075,781,1.89914900742761
2667,1448,1.89914900742761
2106,2656,1.89914900742761
1743,1363,1.89914900742761
1654,2140,1.89914900742761
220,2424,1.89914900742761
563,317,1.89914900742761
2805,1157,1.89524945970433
1593,869,1.89263507689221
1199,334,1.88846702101496
2512,2101,1.88846702101496
326,1424,1.88295668096792
1525,2112,1.87823834451837
1964,727,1.87822747959152
1808,1450,1.87805554618168
2813,1450,1.87805554618168
1825,1450,1.87805554618168
1450,477,1.87805554618168
2062,1536,1.86909849507489
982,2680,1.85248705824822
982,1309,1.85248705824822
1941,1264,1.85245608020876
582,113,1.8495716554069
564,2469,1.84773136939385
1740,828,1.84773136939385
514,1381,1.84773136939385
1569,923,1.84773136939385
1661,513,1.84773136939385
319,1542,1.84773136939385
2639,1357,1.84773136939385
2210,2005,1.84773136939385
2557,289,1.84773136939385
738,868,1.84773136939385
738,1619,1.84773136939385
1463,1809,1.84773136939385
1965,1692,1.84773136939385
2688,1017,1.84773136939385
2453,2406,1.84773136939385
1547,2496,1.84773136939385
610,2812,1.84773136939385
1987,2465,1.84773136939385
83,1079,1.84773136939385
1220,1156,1.84773136939385
370,679,1.84773136939385
1112,534,1.84773136939385
907,346,1.84773136939385
150,793,1.84773136939385
545,1621,1.84773136939385
1526,2447,1.84773136939385
15,791,1.84773136939385
2498,1287,1.84773136939385
1990,614,1.84773136939385
73,1425,1.84773136939385
2031,1797,1.84773136939385
639,1086,1.84773136939385
2111,784,1.84773136939385
949,2447,1.84773136939385
394,2668,1.84773136939385
997,199,1.84773136939385
616,2788,1.84773136939385
918,1410,1.84773136939385
630,2258,1.84773136939385
221,961,1.84773136939385
2363,246,1.84773136939385
2225,1583,1.84773136939385
2158,1502,1.84773136939385
1107,1794,1.84772676715477
1327,855,1.84772676715477
916,2308,1.84772676715477
2766,753,1.84772676715477
794,1474,1.84772676715477
2773,154,1.84772676715477
1027,2037,1.84772676715477
1026,2499,1.84772676715477
2665,330,1.84772676715477
318,1273,1.84772676715477
601,1907,1.84772676715477
2476,2466,1.84772676715477
1151,444,1.84772676715477
795,1570,1.84772676715477
506,1273,1.84772676715477
604,1275,1.84772676715477
2525,1826,1.84772676715477
2487,1604,1.84772676715477
2487,1125,1.84772676715477
169,2008,1.84772676715477
1480,835,1.84772676715477
398,1690,1.84772676715477
704,1201,1.84772676715477
560,2407,1.84772676715477
107,835,1.84772676715477
2095,744,1.84772676715477
2408,689,1.84772676715477
78,498,1.84772676715477
1690,1379,1.84772676715477
1216,2307,1.84772676715477
2637,689,1.84772676715477
556,689,1.84772676715477
2577,1005,1.84772676715477
1892,1389,1.84772676715477
2587,538,1.84772676715477
129,1817,1.84772676715477
626,2626,1.84772676715477
292,2022,1.84772676715477
452,86,1.84772676715477
1185,1308,1.84772676715477
1718,2290,1.84772676715477
1102,2626,1.84772676715477
2628,1264,1.84604777158214
823,1264,1.84604777158214
176,1584,1.84408383494192
1633,1584,1.84408383494192
206,1586,1.84054031844561
678,1576,1.83886689350602
922,259,1.8377943971646
1401,1689,1.8377943971646
2347,1689,1.8377943971646
2120,2155,1.82562095847327
2009,1525,1.82155894517862
1157,2093,1.82050844125384
2243,721,1.81743740654834
2711,966,1.81211574830438
966,2617,1.81211574830438
979,2309,1.80867391950668
994,1713,1.80867391950668
1016,306,1.80867391950668
2338,1795,1.80867391950668
1269,2112,1.80867391950668
383,507,1.80867391950668
383,431,1.80867391950668
645,1090,1.80867391950668
1556,108,1.80867391950668
965,2142,1.80867391950668
151,1578,1.80867391950668
983,879,1.80867391950668
2584,2190,1.80867391950668
2745,2619,1.80867391950668
2745,1710,1.80867391950668
2704,313,1.80867391950668
1071,1681,1.80867391950668
2748,944,1.80867391950668
944,2403,1.80867391950668
944,1559,1.80867391950668
1688,1836,1.80867391950668
446,472,1.80867391950668
2470,2445,1.80867391950668
2470,2563,1.80867391950668
2380,2182,1.80867391950668
1012,783,1.80867391950668
2234,2292,1.80867391950668
79,2631,1.80867391950668
2523,887,1.80867391950668
279,2068,1.80867391950668
2706,2719,1.80867391950668
729,2631,1.80867391950668
259,1572,1.80867391950668
971,2359,1.80867391950668
777,1282,1.80867391950668
2799,562,1.80867391950668
2516,1063,1.80758664998689
1047,1525,1.80726294712796
232,2197,1.80301152356001
694,2101,1.79897873749539
859,1000,1.79749121198492
1063,943,1.79749121198492
2196,2243,1.79271258131129
1711,2243,1.79271258131129
1115,2243,1.79271258131129
389,2243,1.79271258131129
1023,2243,1.79271258131129
103,2243,1.79271258131129
787,2243,1.79271258131129
1839,2243,1.79271258131129
2243,1754,1.79271258131129
2243,315,1.79271258131129
2243,1128,1.79271258131129
2243,2417,1.79271258131129
2243,1595,1.79271258131129
2243,926,1.79271258131129
2243,1857,1.79271258131129
2243,320,1.79271258131129
2243,1040,1.79271258131129
2243,761,1.79271258131129
2243,1294,1.79271258131129
2431,2343,1.7779554557036
2238,2343,1.7779554557036
1141,2343,1.7779554557036
1524,2343,1.7779554557036
1020,2343,1.7779554557036
475,2343,1.7779554557036
2381,2343,1.7779554557036
2667,2343,1.7779554557036
2343,2500,1.7779554557036
2343,2106,1.7779554557036
2343,714,1.7779554557036
2343,1879,1.7779554557036
349,785,1.77734876008251
1002,535,1.77734876008251
2724,2647,1.77734876008251
860,1249,1.77734876008251
790,1084,1.77734876008251
688,1618,1.77734876008251
327,2668,1.77734876008251
1874,2441,1.77734876008251
820,1549,1.77734876008251
1863,1042,1.77734876008251
1013,1894,1.77734876008251
1004,370,1.77734876008251
1808,749,1.77734876008251
758,2286,1.77734876008251
532,674,1.77734876008251
1388,1683,1.77734876008251
43,832,1.77734876008251
930,1814,1.77734876008251
2439,1438,1.77734876008251
2011,2689,1.77734876008251
1788,2097,1.77734876008251
503,2273,1.77734876008251
1146,2105,1.77734876008251
572,1797,1.77734876008251
2000,289,1.77734876008251
2496,665,1.77734876008251
1366,2686,1.77734876008251
1066,1858,1.77734876008251
1894,2273,1.77734876008251
996,2615,1.77734876008251
1475,683,1.77734876008251
2144,942,1.77734876008251
1436,865,1.77734876008251
2239,1650,1.77734876008251
2306,1438,1.77734876008251
1149,1312,1.77734876008251
2615,2850,1.77734876008251
2323,2363,1.77734876008251
2436,81,1.77734876008251
702,1139,1.77734876008251
1425,2373,1.77734876008251
868,438,1.77734876008251
1036,714,1.77734876008251
57,220,1.77734876008251
1236,25,1.77734876008251
2066,942,1.77734876008251
1479,1032,1.77734876008251
962,2346,1.77734876008251
1287,1622,1.77734876008251
1606,539,1.77734876008251
1606,791,1.77734876008251
2063,2391,1.77734876008251
2760,1810,1.77734876008251
2760,1420,1.77734876008251
1260,786,1.77734876008251
451,1766,1.77734876008251
2709,935,1.77734876008251
1683,434,1.77734876008251
1037,1998,1.77734876008251
2001,248,1.77734022473581
939,12,1.77734022473581
615,374,1.77734022473581
578,1466,1.77734022473581
578,435,1.77734022473581
1343,1684,1.77734022473581
139,1937,1.77734022473581
139,2094,1.77734022473581
2033,1953,1.77734022473581
2033,815,1.77734022473581
2481,2750,1.77734022473581
1575,2816,1.77734022473581
110,2411,1.77734022473581
1362,1183,1.77734022473581
1611,950,1.77734022473581
673,309,1.77734022473581
1708,2769,1.77734022473581
509,950,1.77734022473581
2429,238,1.77734022473581
641,2561,1.77734022473581
2187,2174,1.77734022473581
2187,866,1.77734022473581
1689,111,1.76827833858209
225,1264,1.76272106860461
1227,1873,1.75372840145653
2823,1918,1.7531077634988
2823,1772,1.7531077634988
1172,1424,1.75199057698025
2826,2495,1.75126905313715
2826,1507,1.75126905313715
1573,2145,1.75126905313715
1763,755,1.75126905313715
1763,2734,1.75126905313715
594,584,1.75126905313715
594,747,1.75126905313715
2534,2552,1.75126905313715
1241,2296,1.75126905313715
1734,700,1.75126905313715
981,1747,1.75126905313715
1298,547,1.75126905313715
2556,2659,1.75126905313715
1712,1912,1.75126905313715
2659,2115,1.75126905313715
681,547,1.75126905313715
2287,2452,1.74640103629375
1901,2457,1.74621442105569
1577,1584,1.74310390946171
1157,720,1.73272776278166
461,2101,1.73094526786291
2561,2101,1.73094526786291
1107,1152,1.72901960482426
523,682,1.72901960482426
1485,1058,1.72901960482426
1791,702,1.72901960482426
1791,1174,1.72901960482426
1539,2455,1.72901960482426
1499,2307,1.72901960482426
2109,95,1.72901960482426
2109,1308,1.72901960482426
1328,136,1.72901960482426
610,1696,1.72901960482426
1641,679,1.72901960482426
2037,1658,1.72901960482426
2613,1580,1.72901960482426
2613,1563,1.72901960482426
704,549,1.72901960482426
1951,682,1.72901960482426
1222,928,1.72901960482426
1313,1177,1.72901960482426
156,1675,1.72901960482426
1339,1308,1.72901960482426
607,1304,1.72901960482426
1955,2135,1.72901960482426
1194,1675,1.72901960482426
2135,1709,1.72901960482426
565,188,1.72901960482426
900,2179,1.72901960482426
2236,1924,1.72901960482426
1709,1309,1.72901960482426
722,1910,1.72901960482426
81,557,1.72901960482426
1204,1542,1.72901960482426
1064,2828,1.72900720515137
582,1653,1.72900720515137
410,1994,1.72900720515137
7,1994,1.72900720515137
624,1840,1.72900720515137
624,1985,1.72900720515137
1888,1193,1.72900720515137
2409,2282,1.72900720515137
263,721,1.72900720515137
1045,2337,1.72900720515137
1045,1307,1.72900720515137
1045,2702,1.72900720515137
766,2354,1.72900720515137
373,863,1.72900720515137
1964,177,1.7215573110192
1964,1208,1.7215573110192
1165,2738,1.71496617687193
2150,259,1.71375725504103
605,1157,1.71200813046489
1472,2382,1.70964144087043
418,818,1.70964144087043
1464,2266,1.70964144087043
367,617,1.70964144087043
2238,533,1.70964144087043
2011,2373,1.70964144087043
354,2124,1.70964144087043
617,2268,1.70964144087043
2675,2274,1.70964144087043
1475,533,1.70964144087043
1114,1363,1.70964144087043
2266,2553,1.70964144087043
2268,1032,1.70964144087043
1206,1622,1.70964144087043
2280,2590,1.70964144087043
2638,486,1.70964144087043
818,2574,1.70964144087043
2207,2672,1.70962516665083
1897,2479,1.70962516665083
1902,998,1.70962516665083
358,1271,1.70962516665083
2573,2608,1.70962516665083
1671,1153,1.70962516665083
2204,90,1.70962516665083
2305,2479,1.70895612900478
139,982,1.69802318138245
130,1264,1.69768227418079
913,1264,1.69768227418079
985,1264,1.69768227418079
282,1264,1.69768227418079
1950,1264,1.69768227418079
1900,1264,1.69768227418079
2428,966,1.69666266232358
490,966,1.69666266232358
1860,966,1.69666266232358
1866,966,1.69666266232358
310,1424,1.69639788713829
46,1424,1.69639788713829
2243,1061,1.69345843748219
1674,1536,1.69299660458385
979,2624,1.69250947002879
343,434,1.69250947002879
713,353,1.69250947002879
2576,285,1.69250947002879
944,2176,1.69250947002879
1688,2699,1.69250947002879
1688,1703,1.69250947002879
1789,793,1.69250947002879
357,1069,1.69250947002879
1237,2838,1.69250947002879
1918,1479,1.69250947002879
136,2631,1.69250947002879
2347,2527,1.69250947002879
1713,2785,1.69250947002879
2633,562,1.69250947002879
2767,573,1.69249327319474
1838,579,1.69249327319474
46,396,1.69249327319474
845,266,1.69249327319474
968,883,1.69249327319474
1818,989,1.68175104896881
1850,250,1.67919064299321
1430,2101,1.67741086408739
1347,1561,1.67716594426565
1347,1862,1.67716594426565
1347,1975,1.67716594426565
1347,2609,1.67716594426565
915,1392,1.67716594426565
483,203,1.67716594426565
2121,2093,1.67716594426565
375,40,1.67716594426565
375,2843,1.67716594426565
768,756,1.67716594426565
649,2601,1.67716594426565
1450,1693,1.67521198818087
1450,1772,1.67521198818087
1450,48,1.67521198818087
1450,1398,1.67521198818087
46,1777,1.67329432109546
1327,2343,1.66492954647215
1474,2343,1.66492954647215
2319,2343,1.66492954647215
2343,657,1.66492954647215
953,1424,1.66457312276728
1576,670,1.66450734767531
916,769,1.66334002397798
1214,1673,1.66334002397798
1662,1702,1.66334002397798
305,188,1.66334002397798
1328,2371,1.66334002397798
753,1033,1.66334002397798
647,2590,1.66334002397798
647,533,1.66334002397798
2037,2328,1.66334002397798
2267,1624,1.66334002397798
1860,2194,1.66334002397798
2675,1204,1.66334002397798
1432,608,1.66334002397798
559,2319,1.66334002397798
2388,2007,1.66334002397798
1085,2135,1.66334002397798
1814,1258,1.66334002397798
1842,1308,1.66334002397798
154,2159,1.66334002397798
899,2491,1.66334002397798
1250,368,1.66334002397798
1654,689,1.66334002397798
1449,942,1.66334002397798
1880,1370,1.66333608321621
2001,900,1.66333608321621
1792,1881,1.66333608321621
576,1323,1.66333608321621
2301,531,1.66333608321621
692,2073,1.66333608321621
2366,1773,1.66333608321621
1698,488,1.66333608321621
531,1410,1.66333608321621
1417,706,1.66333608321621
797,1983,1.66333608321621
1983,2070,1.66333608321621
55,221,1.66333608321621
2252,1035,1.66333608321621
750,2073,1.66333608321621
2642,109,1.66331632815945
484,109,1.66331632815945
2640,260,1.66331632815945
1697,1292,1.66331632815945
109,2195,1.66331632815945
109,558,1.66331632815945
2077,2611,1.66331632815945
456,260,1.66331632815945
989,1999,1.65548905457358
2321,1783,1.65069790099748
2630,2404,1.65069790099748
1043,2526,1.65069790099748
1801,908,1.65069790099748
52,2369,1.65069790099748
619,2800,1.65069790099748
1783,1642,1.65069790099748
1053,2295,1.65069790099748
2058,1279,1.65031668136054
2247,2150,1.64365771301307
2226,359,1.6396661610114
1471,2534,1.63914360960548
2444,2826,1.63914360960548
2826,2588,1.63914360960548
924,2545,1.63914360960548
2534,505,1.63914360960548
2534,1156,1.63914360960548
187,1865,1.63914360960548
1876,1241,1.63914360960548
2200,143,1.63914360960548
2289,2133,1.63914360960548
2289,1335,1.63914360960548
1761,1778,1.63914360960548
198,1912,1.63914360960548
287,1550,1.63912030153494
2804,1550,1.63912030153494
1694,1070,1.63912030153494
1558,1550,1.63912030153494
1140,2054,1.63912030153494
296,2054,1.63912030153494
1617,2054,1.63912030153494
1332,1550,1.63912030153494
1052,1550,1.63912030153494
2478,2054,1.63912030153494
2355,1070,1.63912030153494
1031,2054,1.63912030153494
875,2054,1.63912030153494
810,1070,1.63912030153494
782,515,1.63912030153494
1514,1070,1.63912030153494
1070,1186,1.63912030153494
1070,2752,1.63912030153494
1070,1122,1.63912030153494
2438,1229,1.63912030153494
1923,2101,1.63195038251103
158,948,1.62846432292966
383,1459,1.62846432292966
1870,777,1.62846432292966
2645,879,1.62846432292966
2576,2371,1.62846432292966
599,2112,1.62846432292966
1266,445,1.62846432292966
1439,887,1.62846432292966
1918,269,1.62846432292966
1400,48,1.62846432292966
1503,2631,1.62846432292966
48,2617,1.62846432292966
2753,526,1.62846432292966
962,2112,1.62846432292966
1713,60,1.62846432292966
518,562,1.62846432292966
1009,1986,1.62846432292966
1695,124,1.62843353701257
2255,2621,1.62843353701257
2255,1406,1.62843353701257
2412,1075,1.62843353701257
1731,2064,1.62843353701257
176,23,1.62843353701257
813,169,1.61855169905549
1532,2499,1.61855169905549
1106,1566,1.61855169905549
2032,704,1.61855169905549
169,1951,1.61855169905549
1860,2577,1.61855169905549
835,770,1.61855169905549
835,2307,1.61855169905549
78,400,1.61855169905549
2188,657,1.61855169905549
557,2407,1.61855169905549
1336,1701,1.61854408900072
995,766,1.61854408900072
582,1554,1.61854408900072
1976,993,1.61854408900072
1888,2455,1.61854408900072
2165,1994,1.61854408900072
201,1510,1.61854408900072
1045,1619,1.61854408900072
24,97,1.61851735174972
300,2715,1.61851735174972
300,1348,1.61851735174972
300,171,1.61851735174972
300,824,1.61851735174972
300,337,1.61851735174972
2728,97,1.61851735174972
2298,1851,1.61851735174972
2042,2108,1.61851735174972
1851,1631,1.61851735174972
746,2108,1.61851735174972
97,1055,1.61851735174972
474,1665,1.61851735174972
2227,2243,1.61592538605521
1214,2243,1.61592538605521
1702,2243,1.61592538605521
1439,2243,1.61592538605521
1432,2243,1.61592538605521
1255,2243,1.61592538605521
2243,1503,1.61592538605521
2243,1312,1.61592538605521
2243,872,1.61592538605521
2243,1528,1.61592538605521
2243,2382,1.61592538605521
2243,1251,1.61592538605521
2414,1264,1.61270288627473
1698,1450,1.61270277610327
892,1264,1.60941559685932
1769,2087,1.60927391480434
1850,54,1.60812403281341
1199,1850,1.60077866385905
717,2853,1.60066034712154
2674,2561,1.60066034712154
2504,2073,1.60066034712154
1538,219,1.60066034712154
1684,1251,1.60066034712154
20,2241,1.600652858198
1493,586,1.600652858198
995,2755,1.600652858198
1902,384,1.600652858198
2479,413,1.600652858198
2430,1072,1.600652858198
1969,87,1.60062272203311
2377,1925,1.60062272203311
2377,825,1.60062272203311
2377,1394,1.60062272203311
2643,2551,1.60062272203311
893,2192,1.60062272203311
1490,1872,1.60062272203311
2305,2389,1.59764819630249
2317,2320,1.59249656839233
1867,1536,1.59249656839233
690,1330,1.59249656839233
888,2343,1.58733837778847
2576,2343,1.58733837778847
2470,2343,1.58733837778847
108,2343,1.58733837778847
944,86,1.58488352095688
1012,2275,1.58488352095688
2135,1952,1.58488352095688
2719,1250,1.58488352095688
691,883,1.58487238231604
1914,1816,1.58483895713297
1049,1089,1.57938246483204
114,1163,1.577646058458
1763,1540,1.577646058458
2645,366,1.577646058458
2627,1302,1.577646058458
359,269,1.577646058458
2388,547,1.577646058458
1202,290,1.577646058458
1625,1644,1.577646058458
368,1311,1.577646058458
2150,1424,1.57647477915616
383,580,1.57444787299639
757,387,1.57078072913343
1347,1372,1.57078072913343
1347,1242,1.57078072913343
2410,246,1.57078072913343
915,928,1.57078072913343
1227,2696,1.57078072913343
375,2065,1.57078072913343
375,1072,1.57078072913343
156,1326,1.57078072913343
203,423,1.57078072913343
779,1411,1.57074405013988
34,471,1.57074405013988
2511,471,1.57074405013988
2625,471,1.57074405013988
1123,471,1.57074405013988
230,2797,1.57074405013988
684,1979,1.57074405013988
471,667,1.57074405013988
471,676,1.57074405013988
471,2237,1.57074405013988
471,1207,1.57074405013988
471,662,1.57074405013988
2229,1979,1.57074405013988
1979,1899,1.57074405013988
1341,2819,1.56843222495002
176,1424,1.5672343226206
142,2183,1.56423025113519
1594,1592,1.56423025113519
2442,871,1.56423025113519
864,1361,1.56423025113519
2749,1592,1.56423025113519
113,1536,1.55973804120005
2481,1696,1.55808389332573
1483,950,1.55808389332573
1827,721,1.55808037456514
89,1104,1.55808037456514
2163,1093,1.55808037456514
1011,1654,1.55808037456514
1045,1190,1.55808037456514
1818,1650,1.55806945488868
1818,904,1.55806945488868
2366,260,1.55806945488868
109,2693,1.55806945488868
1124,1563,1.55806945488868
232,2707,1.55802954531899
2041,1374,1.55802954531899
1807,1592,1.55644363271595
1801,234,1.55498557727322
471,1264,1.55346682590699
982,2357,1.55299849424029
1071,1789,1.55217269151829
947,2562,1.55211501002917
1972,2272,1.55179430066046
2493,1584,1.55022090574823
2289,1584,1.55022090574823
912,2369,1.54650608072013
575,2090,1.54650608072013
545,1783,1.54650608072013
1546,1801,1.54650608072013
619,1580,1.54650608072013
1921,622,1.54646298847692
2670,25,1.54110968656903
1142,1232,1.54105258642418
1453,2549,1.54105258642418
1187,412,1.54105258642418
50,1584,1.53942294337348
1107,924,1.53592911434574
1763,2587,1.53592911434574
2534,78,1.53592911434574
1874,1550,1.53591139123001
2720,1550,1.53591139123001
1885,2054,1.53591139123001
2054,2231,1.53591139123001
1070,1883,1.53591139123001
1070,935,1.53591139123001
2368,1997,1.53586515997663
1762,1997,1.53586515997663
93,740,1.53586515997663
740,2664,1.53586515997663
740,1478,1.53586515997663
740,276,1.53586515997663
1997,583,1.53586515997663
1997,180,1.53586515997663
1279,2390,1.53344265083976
1384,234,1.53325655656916
2181,1264,1.53270340834135
1597,1264,1.53270340834135
799,1264,1.53270340834135
1033,1264,1.53270340834135
1807,2562,1.5324119052893
241,341,1.53121715334363
765,2768,1.53088438955118
1166,1322,1.53088438955118
2023,2768,1.53088438955118
372,1576,1.53088438955118
2343,950,1.52939666689668
540,1264,1.52863113837998
2305,2814,1.52781493685015
2120,1906,1.52644827668553
2120,2222,1.52644827668553
694,3,1.52616570741438
888,2481,1.52616570741438
1370,2753,1.52616570741438
967,1190,1.52615873855111
2255,1422,1.52614461368094
394,973,1.52614461368094
973,786,1.52614461368094
2051,841,1.52609537757528
1783,2452,1.52517751616466
1264,2248,1.52288566450709
1430,2081,1.52148483559515
1888,808,1.51711399852074
300,2483,1.51709308783681
300,2379,1.51709308783681
300,2831,1.51709308783681
300,208,1.51709308783681
300,591,1.51709308783681
397,97,1.51709308783681
1851,685,1.51709308783681
1851,1583,1.51709308783681
1851,1420,1.51709308783681
97,654,1.51709308783681
97,798,1.51709308783681
1576,1154,1.51664606952356
1485,2243,1.51621127402956
2476,2243,1.51621127402956
2487,2243,1.51621127402956
1690,2243,1.51621127402956
2243,1924,1.51621127402956
2243,2275,1.51621127402956
2243,188,1.51621127402956
2243,1059,1.51621127402956
2243,2016,1.51621127402956
1347,2709,1.51282180419988
2266,970,1.51282180419988
2441,2601,1.51282180419988
391,1999,1.51023834719182
2732,555,1.50866505698552
2725,1764,1.50866505698552
1906,2831,1.50866505698552
2222,1105,1.50866505698552
555,1030,1.50866505698552
555,2070,1.50866505698552
212,1904,1.50866505698552
382,1252,1.5086098002671
436,1959,1.5086098002671
2414,1958,1.5086098002671
1199,347,1.5081987374523
580,2103,1.50697505940998
2057,1674,1.5046040081611
1972,1224,1.5046040081611
1972,1393,1.5046040081611
1590,1674,1.5046040081611
2153,1674,1.5046040081611
2155,11,1.5046040081611
2155,1776,1.5046040081611
2155,1369,1.5046040081611
1274,1674,1.5046040081611
1674,1957,1.5046040081611
1674,2607,1.5046040081611
1674,1247,1.5046040081611
2739,2118,1.500809279237
2784,1971,1.500809279237
418,109,1.50080239497364
2504,963,1.50080239497364
109,2760,1.50080239497364
109,451,1.50080239497364
347,2687,1.50080239497364
1749,1586,1.5007853389985
2683,1586,1.5007853389985
1017,21,1.5007853389985
975,1586,1.5007853389985
2522,2697,1.5007269998703
2287,1154,1.49823881038101
363,2467,1.49697122184929
363,2567,1.49697122184929
1636,540,1.49530067083597
1068,54,1.49339105845465
1160,1094,1.49339105845465
1767,1098,1.493329821014
2150,46,1.49105355682304
1939,769,1.48987778474844
1043,2268,1.48987778474844
1801,1173,1.48987778474844
1508,1451,1.48987778474844
619,2553,1.48987778474844
1167,1782,1.48748684153199
952,2551,1.48737478219256
647,976,1.48645654637154
2851,400,1.48645654637154
892,1344,1.48642956147897
2208,1034,1.48642956147897
603,227,1.48636544625243
227,1666,1.48636544625243
227,2644,1.48636544625243
227,946,1.48636544625243
227,2171,1.48636544625243
2360,2821,1.48636544625243
831,1424,1.48523554281824
76,2343,1.483826555526
2343,468,1.483826555526
2318,1154,1.48303124309522
2854,1550,1.47987623228238
2021,2054,1.47987623228238
1276,1550,1.47987623228238
1013,1550,1.47987623228238
532,2054,1.47987623228238
850,2239,1.47987623228238
2119,1338,1.47987623228238
29,1638,1.47987623228238
2166,1440,1.47985616498553
833,905,1.47978906389733
628,905,1.47978906389733
2589,905,1.47978906389733
764,905,1.47978906389733
1649,905,1.47978906389733
31,905,1.47978906389733
2729,905,1.47978906389733
880,905,1.47978906389733
1991,905,1.47978906389733
1996,1157,1.47978906389733
905,2443,1.47978906389733
905,1647,1.47978906389733
1157,1691,1.47978906389733
2226,1315,1.47656335995406
1347,732,1.47366242301214
915,1317,1.47366242301214
1175,1277,1.47366242301214
1326,2626,1.47366242301214
414,471,1.47363245642401
2399,471,1.47363245642401
912,471,1.47363245642401
471,1987,1.47363245642401
471,569,1.47363245642401
1979,2231,1.47363245642401
1979,2699,1.47363245642401
2385,580,1.47322457416188
2150,1413,1.47088905971778
158,2118,1.47067610957136
2255,2647,1.47066283910233
124,2675,1.47066283910233
1197,1009,1.47066283910233
519,973,1.47066283910233
2120,2062,1.46821670215207
2830,1679,1.46772551096592
1108,540,1.46772551096592
1549,1592,1.46772551096592
1749,1361,1.46772551096592
826,2183,1.46772551096592
2183,997,1.46772551096592
262,2660,1.46214614114031
109,2290,1.46213959448972
300,405,1.46212969270431
300,655,1.46212969270431
2674,97,1.46212969270431
1851,948,1.46212969270431
1851,2687,1.46212969270431
2163,97,1.46212969270431
2041,686,1.46210670186097
2041,2776,1.46210670186097
2041,360,1.46210670186097
2144,1119,1.46210670186097
1747,547,1.45943835301733
982,858,1.45941869048822
796,2103,1.45932042864139
831,952,1.45913525002777
1384,1964,1.45827700543931
2716,2838,1.45679024270301
1092,2753,1.45679024270301
2160,2751,1.45675108992354
1281,1904,1.45418937216258
2449,1906,1.45418937216258
2323,2167,1.45418937216258
619,1264,1.45284786030369
2378,113,1.45249741290826
2484,1921,1.45163662653407
1149,1921,1.45163662653407
1921,208,1.45163662653407
1921,548,1.45163662653407
1921,839,1.45163662653407
1921,1865,1.45163662653407
1356,2052,1.45155544855345
2389,1869,1.44908110678326
1748,2243,1.44892454976948
2331,2243,1.44892454976948
2243,2753,1.44892454976948
2243,1889,1.44892454976948
2243,1672,1.44892454976948
540,1424,1.44819389820847
310,1584,1.44800063397943
661,1708,1.44678915635699
449,21,1.44676984398753
1409,1586,1.44676984398753
2427,2148,1.44674400327977
2776,1535,1.44674400327977
408,412,1.44674400327977
1810,412,1.44674400327977
1011,2343,1.44669051559549
1415,113,1.44666003806103
1610,113,1.44666003806103
2658,113,1.44666003806103
113,1945,1.44666003806103
694,1347,1.44441887741523
1071,1822,1.44441887741523
2049,1070,1.44209455801458
687,740,1.44205604993089
740,1225,1.44205604993089
740,19,1.44205604993089
225,2751,1.44205604993089
1997,2801,1.44205604993089
1028,1636,1.4419693632988
1636,480,1.4419693632988
1803,1264,1.44099587127915
1731,1964,1.44016349344669
1612,2320,1.43981119830107
2264,288,1.43969593796877
288,699,1.43969593796877
101,625,1.43969593796877
625,2310,1.43969593796877
181,2683,1.43755751770284
565,1576,1.43755751770284
1455,1424,1.43726987916486
2452,1586,1.43664984165103
845,222,1.43328543319681
465,1124,1.43328224193613
1539,973,1.43327590223912
605,770,1.43327590223912
605,1910,1.43327590223912
846,973,1.43327590223912
1430,1422,1.42907518184913
2682,381,1.42907518184913
1997,1264,1.42800521629223
624,1045,1.4251246268348
1485,695,1.42511206761099
2629,657,1.42511206761099
877,1264,1.4240577716302
2631,619,1.42317024669047
1090,1999,1.42317024669047
2585,1584,1.42305218443226
2024,1014,1.42301963809891
1632,1014,1.42301963809891
1386,1014,1.42301963809891
433,1014,1.42301963809891
1378,1014,1.42301963809891
1687,1014,1.42301963809891
2690,1014,1.42301963809891
10,1014,1.42301963809891
2501,1676,1.42125962290005
2001,387,1.42125962290005
1684,1326,1.42125962290005
779,1114,1.42123462136981
471,1481,1.42123462136981
471,559,1.42123462136981
471,33,1.42123462136981
788,828,1.42120333946999
1261,2795,1.4211031534029
2150,1783,1.42090332472571
160,1424,1.41921998108872
53,517,1.41751856149587
2725,2307,1.41751856149587
2516,1955,1.41747188421127
2111,1959,1.41747188421127
750,1959,1.41747188421127
2638,2394,1.41568614659701
2343,90,1.41563012621719
343,2054,1.4139212514234
446,1070,1.4139212514234
1070,2413,1.4139212514234
116,1674,1.41386546784894
399,2155,1.41386546784894
859,1546,1.41386546784894
2200,2155,1.41386546784894
2155,927,1.41386546784894
2155,408,1.41386546784894
2155,1947,1.41386546784894
1042,1674,1.41386546784894
1674,1658,1.41386546784894
1075,2823,1.41384411615142
1888,2110,1.41044134861599
925,1586,1.41042594227259
1099,1872,1.41042594227259
608,1586,1.41042594227259
2041,2181,1.41041050369451
2041,2647,1.41041050369451
134,2305,1.41026849089569
1256,2305,1.41026849089569
1180,2305,1.41026849089569
2305,470,1.41026849089569
2305,1133,1.41026849089569
2305,807,1.41026849089569
2305,1714,1.41026849089569
2305,2039,1.41026849089569
2305,2703,1.41026849089569
2305,1022,1.41026849089569
2305,1416,1.41026849089569
2305,1781,1.41026849089569
2305,2358,1.41026849089569
2305,1178,1.41026849089569
1777,1470,1.40931202255848
1279,1807,1.40854228853655
2549,1424,1.40789153381217
363,2128,1.40699830349948
241,1952,1.40540843956171
2160,438,1.40538391760395
620,1409,1.40538391760395
854,2120,1.40432153311554
674,1098,1.40372437023931
1807,1850,1.40280747751835
1244,915,1.40219337133009
1305,2216,1.4020101624734
2283,2216,1.4020101624734
1757,291,1.4020101624734
1757,2092,1.4020101624734
948,1921,1.40058552478399
2219,1921,1.40058552478399
2388,1921,1.40058552478399
2669,2705,1.40043312296044
2580,2705,1.40043312296044
2243,2187,1.39930308561044
2243,222,1.39930308561044
304,1929,1.39887941188933
46,2566,1.39753957631826
300,357,1.39753048512735
1819,1365,1.39753048512735
227,2560,1.3974667774167
227,539,1.3974667774167
227,2164,1.3974667774167
1279,2602,1.3974667774167
1856,2479,1.39603324249262
2503,234,1.3958393944919
96,234,1.3958393944919
811,633,1.39435190536004
568,633,1.39435190536004
633,1076,1.39435190536004
891,1525,1.3928853448348
2147,1525,1.3928853448348
734,1525,1.3928853448348
2401,1525,1.3928853448348
2246,1525,1.3928853448348
2006,1525,1.3928853448348
2754,1525,1.3928853448348
2730,1525,1.3928853448348
2131,1525,1.3928853448348
653,1525,1.3928853448348
1837,1525,1.3928853448348
1529,1525,1.3928853448348
778,1525,1.3928853448348
1562,1525,1.3928853448348
1217,1525,1.3928853448348
1525,1345,1.3928853448348
1525,2028,1.3928853448348
1525,903,1.3928853448348
1525,1670,1.3928853448348
1525,2771,1.3928853448348
1525,2419,1.3928853448348
1525,479,1.3928853448348
1525,2330,1.3928853448348
2826,1697,1.39163788296694
740,220,1.39160179424271
1997,2075,1.39160179424271
581,905,1.39156266426243
728,905,1.39156266426243
2399,905,1.39156266426243
2490,905,1.39156266426243
2688,905,1.39156266426243
1066,905,1.39156266426243
2694,905,1.39156266426243
236,905,1.39156266426243
905,61,1.39156266426243
905,706,1.39156266426243
905,1194,1.39156266426243
905,194,1.39156266426243
42,2819,1.39143914722343
339,2819,1.39143914722343
852,2819,1.39143914722343
2841,2819,1.39143914722343
2582,2819,1.39143914722343
1725,2819,1.39143914722343
2787,2819,1.39143914722343
1701,756,1.38605751193855
230,154,1.38603661813662
471,906,1.38603661813662
227,126,1.38345732051915
2300,1129,1.3833710946302
457,973,1.3833710946302
882,1527,1.3833710946302
973,2073,1.3833710946302
2331,1586,1.38336513417361
1213,1586,1.38336513417361
1889,1586,1.38336513417361
1090,1586,1.38336513417361
2272,617,1.38333539028861
2842,1807,1.38329374206954
1091,2452,1.38316265801197
2682,1264,1.38162752528184
2587,2183,1.38074141753039
1593,1346,1.38054559018581
859,989,1.38010919551202
1290,1264,1.37967812443083
922,1979,1.37943819941139
1078,1689,1.37926177595859
1316,1689,1.37926177595859
2535,1689,1.37926177595859
830,1689,1.37926177595859
1579,1689,1.37926177595859
1380,1689,1.37926177595859
1223,1689,1.37926177595859
2240,1689,1.37926177595859
365,1689,1.37926177595859
1640,1689,1.37926177595859
602,1689,1.37926177595859
618,1689,1.37926177595859
1530,1689,1.37926177595859
141,1689,1.37926177595859
261,1689,1.37926177595859
428,1689,1.37926177595859
1824,1689,1.37926177595859
1689,1428,1.37926177595859
1689,2076,1.37926177595859
1689,780,1.37926177595859
1689,30,1.37926177595859
1689,131,1.37926177595859
1689,1677,1.37926177595859
1689,1427,1.37926177595859
1689,2201,1.37926177595859
1012,1536,1.37695418516492
2183,2452,1.37658311938516
50,952,1.37577955821343
300,2635,1.37572567671667
1662,2041,1.37570802700275
2041,727,1.37570802700275
1460,1119,1.37570802700275
2306,1191,1.37568741898976
594,1550,1.37330424081866
1070,547,1.37330424081866
1433,2103,1.37321623071437
2103,726,1.37321623071437
161,756,1.3721165427428
1130,2118,1.3721165427428
1755,849,1.37084631095541
1213,1850,1.36649592536065
1921,2361,1.36633793865619
1921,1304,1.36633793865619
1152,802,1.36626822945407
958,2542,1.36626822945407
1169,2101,1.36611986893615
1419,2101,1.36611986893615
2169,2101,1.36611986893615
1199,1254,1.36611986893615
1199,931,1.36611986893615
760,2101,1.36611986893615
2434,2101,1.36611986893615
2080,2101,1.36611986893615
1544,2101,1.36611986893615
369,2101,1.36611986893615
175,2101,1.36611986893615
2096,2101,1.36611986893615
964,2101,1.36611986893615
1909,2101,1.36611986893615
1745,2101,1.36611986893615
132,2101,1.36611986893615
2558,2101,1.36611986893615
2334,2101,1.36611986893615
2550,2101,1.36611986893615
2386,2101,1.36611986893615
1446,2101,1.36611986893615
356,2101,1.36611986893615
164,2101,1.36611986893615
955,2101,1.36611986893615
152,2101,1.36611986893615
1891,2101,1.36611986893615
978,2101,1.36611986893615
1977,2101,1.36611986893615
2101,2655,1.36611986893615
2504,1674,1.3652036441514
982,1536,1.3650460685699
638,2101,1.36471407266912
2389,2252,1.36405562476105
2389,726,1.36405562476105
56,1964,1.36281556655964
1964,1325,1.36281556655964
1964,2762,1.36281556655964
1964,932,1.36281556655964
1964,1468,1.36281556655964
2427,753,1.36196345784035
2427,1250,1.36196345784035
2491,412,1.36196345784035
1084,2697,1.36194036923243
1780,113,1.36189128346185
1357,113,1.36189128346185
4,113,1.36189128346185
113,1058,1.36189128346185
915,46,1.35987685747488
1007,1979,1.35985960143399
1576,2216,1.35870107766858
53,1997,1.35777440799193
767,1536,1.35576644969291
1268,54,1.35576644969291
1488,1094,1.35576644969291
288,2416,1.35566920523203
2633,625,1.35566920523203
2838,540,1.35475941925963
1337,982,1.3545078525707
1289,982,1.3545078525707
982,1517,1.3545078525707
982,253,1.3545078525707
982,1916,1.3545078525707
982,1968,1.3545078525707
982,709,1.3545078525707
982,427,1.3545078525707
982,1717,1.3545078525707
982,566,1.3545078525707
982,1716,1.3545078525707
982,395,1.3545078525707
982,2657,1.3545078525707
982,1868,1.3545078525707
982,651,1.3545078525707
982,352,1.3545078525707
982,2372,1.3545078525707
982,2353,1.3545078525707
982,328,1.3545078525707
982,1408,1.3545078525707
982,1896,1.3545078525707
982,1397,1.3545078525707
982,1314,1.3545078525707
1166,1696,1.35375684733914
2319,631,1.35375684733914
1167,1850,1.35357803645971
2312,2369,1.35280978814385
1043,463,1.35280978814385
858,1359,1.35280978814385
1801,2755,1.35280978814385
2226,2130,1.35253616943967
2226,2606,1.35253616943967
2226,529,1.35253616943967
1163,2167,1.35087632033444
366,741,1.35087632033444
1521,2548,1.35087632033444
2365,2823,1.3506035019091
166,2823,1.3506035019091
2546,2823,1.3506035019091
2559,2823,1.3506035019091
211,2823,1.3506035019091
2344,2823,1.3506035019091
2623,2823,1.3506035019091
2475,2823,1.3506035019091
1585,2823,1.3506035019091
2519,2823,1.3506035019091
1,2823,1.3506035019091
773,2823,1.3506035019091
500,2823,1.3506035019091
2079,2823,1.3506035019091
1318,2823,1.3506035019091
2823,1765,1.3506035019091
2823,1607,1.3506035019091
2823,1847,1.3506035019091
2823,1487,1.3506035019091
2823,2370,1.3506035019091
2823,2836,1.3506035019091
2823,2798,1.3506035019091
2823,193,1.3506035019091
2823,2554,1.3506035019091
2823,1170,1.3506035019091
2823,1733,1.3506035019091
2823,1829,1.3506035019091
2823,1025,1.3506035019091
1633,373,1.34992947533162
2208,1684,1.34992096549646
2041,1772,1.34991247544101
2041,2347,1.34991247544101
1107,2051,1.34989829527478
885,227,1.34987279521224
227,2239,1.34987279521224
1227,1581,1.34899183505311
1978,234,1.34746049460012
920,670,1.34529654315775
1049,2805,1.34441954555331
1276,905,1.34435771416449
2695,905,1.34435771416449
532,905,1.34435771416449
1481,905,1.34435771416449
2274,905,1.34435771416449
2825,1738,1.34430147289633
1199,2442,1.34415627791863
1851,1450,1.34361904856366
300,1701,1.34264815461182
711,2541,1.34171442187989
644,1921,1.34089216509464
1832,1014,1.34079149000182
2383,1014,1.34079149000182
2128,1014,1.34079149000182
2272,1136,1.3399800023845
1342,518,1.33914224242639
542,2795,1.33908366799433
1582,2795,1.33908366799433
1263,2150,1.33722194853573
2150,1404,1.33722194853573
2820,1850,1.33689970278181
882,2118,1.33670441861907
463,973,1.33670441861907
446,1232,1.33668220318622
1355,899,1.33663777129613
2001,1264,1.33476260238668
1041,1264,1.33476260238668
2635,1264,1.33476260238668
1268,2394,1.33425310716116
892,1311,1.33266800967211
740,1707,1.33265145773515
1167,623,1.33254378990167
1167,1883,1.33254378990167
1704,459,1.32957090356732
1923,1586,1.3295681646619
2724,2305,1.32943631465507
1068,1777,1.32943631465507
2210,2305,1.32943631465507
2305,1547,1.32943631465507
2305,2781,1.32943631465507
2305,692,1.32943631465507
2305,15,1.32943631465507
2305,1313,1.32943631465507
2305,489,1.32943631465507
2305,616,1.32943631465507
2305,873,1.32943631465507
2674,2103,1.32723584989048
2155,952,1.3260297593417
2300,675,1.32510217600184
2345,1450,1.32403141272815
2340,1450,1.32403141272815
715,1450,1.32403141272815
1620,1450,1.32403141272815
2278,1450,1.32403141272815
168,1450,1.32403141272815
2471,1450,1.32403141272815
1494,1450,1.32403141272815
1246,1450,1.32403141272815
1450,1306,1.32403141272815
1450,1285,1.32403141272815
1450,736,1.32403141272815
1450,1771,1.32403141272815
1450,2676,1.32403141272815
1450,1793,1.32403141272815
1450,429,1.32403141272815
1450,1358,1.32403141272815
1450,312,1.32403141272815
1413,1424,1.32402542336508
1673,1098,1.32361294098932
2725,463,1.32294329290763
1018,2430,1.32294329290763
1528,1873,1.32286722552588
2287,1090,1.32150622131915
173,1273,1.32079032912401
2516,1850,1.32070195805014
1018,1584,1.32063088009597
723,1929,1.31930940497215
1349,1584,1.31909807349294
2189,1191,1.31807050874647
227,2032,1.31805164956685
234,839,1.31660875321321
2275,1154,1.31539243541527
1633,2601,1.31479113798624
2444,1525,1.31398545879382
757,1525,1.31398545879382
1551,1525,1.31398545879382
691,1525,1.31398545879382
2842,1525,1.31398545879382
513,1525,1.31398545879382
2066,1525,1.31398545879382
2686,1525,1.31398545879382
1525,1618,1.31398545879382
1525,1786,1.31398545879382
1525,1240,1.31398545879382
795,1157,1.31280854536339
336,1157,1.31280854536339
2854,1636,1.31277379375962
1825,1636,1.31277379375962
1461,2819,1.31270157279134
581,2819,1.31270157279134
2375,2819,1.31270157279134
2165,2819,1.31270157279134
1705,1351,1.31184278269885
1351,743,1.31184278269885
2653,1536,1.31096769748187
2226,1777,1.30931865535082
2178,2160,1.30849845306679
888,2155,1.30847724613537
2155,954,1.30847724613537
1979,2132,1.30789946068532
2243,2802,1.30685301273724
223,2457,1.30571343205346
1158,2457,1.30571343205346
2673,2457,1.30571343205346
493,2457,1.30571343205346
1376,2457,1.30571343205346
1188,2457,1.30571343205346
725,2457,1.30571343205346
1630,2457,1.30571343205346
1234,2457,1.30571343205346
91,2457,1.30571343205346
1565,2457,1.30571343205346
2457,613,1.30571343205346
2457,1319,1.30571343205346
2457,281,1.30571343205346
2457,299,1.30571343205346
2457,984,1.30571343205346
2457,1150,1.30571343205346
2457,2488,1.30571343205346
2457,1435,1.30571343205346
2457,454,1.30571343205346
2197,1288,1.30552479966314
1297,1355,1.30547202771817
1761,2452,1.30535843904473
32,1850,1.30494607299234
1070,896,1.30436469276027
816,966,1.30395288880798
1775,966,1.30395288880798
1495,966,1.30395288880798
329,966,1.30395288880798
972,966,1.30395288880798
1496,966,1.30395288880798
2191,966,1.30395288880798
637,966,1.30395288880798
2400,966,1.30395288880798
342,966,1.30395288880798
2746,966,1.30395288880798
2212,966,1.30395288880798
1908,966,1.30395288880798
462,966,1.30395288880798
196,966,1.30395288880798
1615,966,1.30395288880798
2285,966,1.30395288880798
39,966,1.30395288880798
442,966,1.30395288880798
314,966,1.30395288880798
966,2046,1.30395288880798
966,696,1.30395288880798
966,2254,1.30395288880798
966,128,1.30395288880798
966,1645,1.30395288880798
966,2387,1.30395288880798
1593,198,1.30303811615536
1850,2199,1.30221548886493
2287,1684,1.30205244067043
1461,1689,1.301900158099
20,1689,1.301900158099
1887,1689,1.301900158099
2133,1689,1.301900158099
927,1689,1.301900158099
792,1689,1.301900158099
2224,1689,1.301900158099
884,1689,1.301900158099
2527,1689,1.301900158099
1689,2316,1.301900158099
1689,890,1.301900158099
2585,2087,1.30151361286168
2427,1656,1.30038364207211
518,501,1.30029991169792
501,1409,1.30029991169792
97,1124,1.29875377338156
2823,2562,1.29816453572355
895,1584,1.29730832435975
1584,1094,1.29730832435975
241,1783,1.29713834917111
2325,1014,1.29703428535962
2103,2313,1.2965414290962
1555,2343,1.29354269929544
1774,2343,1.29354269929544
1382,2343,1.29354269929544
1936,2343,1.29354269929544
2294,2343,1.29354269929544
2084,2343,1.29354269929544
1403,2343,1.29354269929544
1284,2343,1.29354269929544
712,2343,1.29354269929544
819,2343,1.29354269929544
278,2343,1.29354269929544
595,2343,1.29354269929544
1635,2343,1.29354269929544
2351,2343,1.29354269929544
2343,294,1.29354269929544
2343,612,1.29354269929544
2120,2267,1.2923521643056
2120,2761,1.2923521643056
1442,97,1.29046035061965
1791,2052,1.29039097232073
319,1199,1.29026225827523
687,2101,1.29026225827523
1199,1395,1.29026225827523
2654,2101,1.29026225827523
1780,2101,1.29026225827523
2406,2101,1.29026225827523
541,2101,1.29026225827523
2031,2101,1.29026225827523
1462,2101,1.29026225827523
353,2101,1.29026225827523
586,2101,1.29026225827523
1105,2101,1.29026225827523
534,2101,1.29026225827523
119,2101,1.29026225827523
159,2101,1.29026225827523
2005,2101,1.29026225827523
2101,2588,1.29026225827523
924,2051,1.2894567412933
366,2571,1.2894567412933
1041,1674,1.28944655848013
853,1674,1.28944655848013
1674,226,1.28944655848013
1674,1676,1.28944655848013
1387,580,1.28900902903852
1148,580,1.28900902903852
2456,580,1.28900902903852
2332,580,1.28900902903852
2157,580,1.28900902903852
376,580,1.28900902903852
580,65,1.28900902903852
580,2260,1.28900902903852
580,1215,1.28900902903852
580,705,1.28900902903852
580,153,1.28900902903852
580,1930,1.28900902903852
1807,1089,1.28864917322791
1976,1964,1.28733926527389
1582,1964,1.28733926527389
1964,346,1.28733926527389
2305,2102,1.28647585483279
2305,988,1.28647585483279
2305,520,1.28647585483279
2305,2280,1.28647585483279
2305,290,1.28647585483279
43,1777,1.28647585483279
1901,2343,1.28446899334362
300,1941,1.28288992040716
719,982,1.2799958637637
1551,982,1.2799958637637
2557,982,1.2799958637637
982,1436,1.2799958637637
982,2256,1.2799958637637
982,2532,1.2799958637637
982,685,1.2799958637637
982,194,1.2799958637637
982,1396,1.2799958637637
982,2785,1.2799958637637
982,1637,1.2799958637637
982,2418,1.2799958637637
982,212,1.2799958637637
982,1433,1.2799958637637
982,1486,1.2799958637637
982,242,1.2799958637637
982,2193,1.2799958637637
982,2465,1.2799958637637
982,2646,1.2799958637637
982,2775,1.2799958637637
982,919,1.2799958637637
982,1947,1.2799958637637
1949,2579,1.27932490823587
53,989,1.27926187064337
1921,2118,1.27846572767388
2226,384,1.27825422684645
269,1929,1.27706775867835
728,2823,1.27654750016465
1569,2823,1.27654750016465
1963,2823,1.27654750016465
399,2823,1.27654750016465
1463,2823,1.27654750016465
2301,2823,1.27654750016465
2823,575,1.27654750016465
2823,1911,1.27654750016465
2823,1835,1.27654750016465
2823,648,1.27654750016465
2823,2362,1.27654750016465
2823,561,1.27654750016465
2823,2775,1.27654750016465
176,97,1.27593490722421
1110,2579,1.27591741115753
1175,1979,1.27509962764286
536,1535,1.27468004556823
2219,234,1.27456010478939
1782,2457,1.27289025440944
885,1525,1.27212491372212
239,1525,1.27212491372212
2219,1525,1.27212491372212
2373,1525,1.27212491372212
659,1525,1.27212491372212
1625,1525,1.27212491372212
1353,1525,1.27212491372212
438,1525,1.27212491372212
1525,1363,1.27212491372212
1525,420,1.27212491372212
1525,1622,1.27212491372212
1525,2744,1.27212491372212
1525,1954,1.27212491372212
1525,590,1.27212491372212
1525,2850,1.27212491372212
1600,1550,1.27106971855483
1063,1872,1.27106971855483
1697,2062,1.27106724427994
740,2110,1.27105726810113
1041,1157,1.27102997930301
496,1157,1.27102997930301
419,1525,1.27096426708378
1472,2819,1.27093318326419
1612,2819,1.27093318326419
1723,2819,1.27093318326419
189,2819,1.27093318326419
1018,1973,1.26989694846184
2566,1191,1.26948988380907
1099,1014,1.26788705366034
2512,1014,1.26788705366034
2577,1014,1.26788705366034
501,491,1.26736760548506
2026,1424,1.26490232406268
795,1424,1.26490232406268
723,2150,1.26474259472016
2150,1344,1.26474259472016
2855,113,1.2642032949029
2761,2452,1.26411994547935
2132,1721,1.26352277841647
1791,2120,1.26344936235357
1476,720,1.26344936235357
1593,2645,1.26196795031034
1301,1850,1.26113306589019
1472,1689,1.26091268416166
1276,1689,1.26091268416166
1013,1689,1.26091268416166
1944,1689,1.26091268416166
1634,1689,1.26091268416166
861,1689,1.26091268416166
94,1689,1.26091268416166
1674,1093,1.26069373422639
288,1552,1.25892939893756
1819,2839,1.25798343918857
2402,109,1.25797859646287
2305,744,1.2578818018341
2305,1924,1.2578818018341
2305,2098,1.2578818018341
1941,638,1.25599054048814
344,1157,1.25595686204991
2103,1488,1.25594242317046
952,2491,1.25523432848422
1972,1964,1.25331240011409
2490,1450,1.2531274591039
422,1450,1.2531274591039
2375,1450,1.2531274591039
857,1450,1.2531274591039
2256,1450,1.2531274591039
49,1450,1.2531274591039
1450,949,1.2531274591039
1450,654,1.2531274591039
1450,5,1.2531274591039
284,741,1.25215113362112
915,740,1.25151914450945
1311,2341,1.25149047711964
1757,2313,1.25141882148882
2052,1966,1.25024339258589
449,1199,1.25012654782754
1199,2119,1.25012654782754
2274,2101,1.25012654782754
2218,2101,1.25012654782754
1255,2101,1.25012654782754
1524,2101,1.25012654782754
2500,2101,1.25012654782754
1804,2101,1.25012654782754
2714,2101,1.25012654782754
1643,2101,1.25012654782754
1993,2101,1.25012654782754
1664,2101,1.25012654782754
1385,1674,1.24936614599891
1674,463,1.24936614599891
1383,1584,1.24878877931574
227,1011,1.24786181234462
48,2,1.2478120201364
1964,1879,1.24741916046424
2279,284,1.24671422730276
2032,234,1.24659835546179
732,234,1.24659835546179
954,1014,1.24634258280546
1014,306,1.24634258280546
2476,1525,1.24429335886706
2512,1525,1.24429335886706
1525,1277,1.24429335886706
1525,311,1.24429335886706
966,2213,1.24399931027517
1203,2243,1.24371108734104
592,2243,1.24371108734104
28,2243,1.24371108734104
2618,2243,1.24371108734104
105,2243,1.24371108734104
2520,2243,1.24371108734104
1886,2243,1.24371108734104
1056,2243,1.24371108734104
407,2243,1.24371108734104
485,2243,1.24371108734104
323,2243,1.24371108734104
321,2243,1.24371108734104
393,2243,1.24371108734104
2786,2243,1.24371108734104
437,2243,1.24371108734104
2186,2243,1.24371108734104
2040,2243,1.24371108734104
51,2243,1.24371108734104
473,2243,1.24371108734104
72,2243,1.24371108734104
1354,2243,1.24371108734104
499,2243,1.24371108734104
417,2243,1.24371108734104
1095,2243,1.24371108734104
1038,2243,1.24371108734104
1321,2243,1.24371108734104
646,2243,1.24371108734104
1426,2243,1.24371108734104
1333,2243,1.24371108734104
2243,2053,1.24371108734104
2243,229,1.24371108734104
2243,249,1.24371108734104
2243,2506,1.24371108734104
2243,2599,1.24371108734104
2243,894,1.24371108734104
2243,2249,1.24371108734104
2243,999,1.24371108734104
2243,425,1.24371108734104
2243,2539,1.24371108734104
2243,911,1.24371108734104
2243,1834,1.24371108734104
2243,2737,1.24371108734104
2243,448,1.24371108734104
2243,0,1.24371108734104
2243,104,1.24371108734104
2243,1567,1.24371108734104
2243,2061,1.24371108734104
2243,1785,1.24371108734104
2243,1845,1.24371108734104
2243,2221,1.24371108734104
2243,2810,1.24371108734104
2243,350,1.24371108734104
2243,450,1.24371108734104
2243,1680,1.24371108734104
2243,2168,1.24371108734104
2243,1296,1.24371108734104
2243,1843,1.24371108734104
2243,1003,1.24371108734104
2243,2251,1.24371108734104
2243,1917,1.24371108734104
2243,1367,1.24371108734104
2243,2269,1.24371108734104
892,2820,1.24217555150947
2120,2745,1.24209123100216
2120,1578,1.24209123100216
2682,2248,1.24188886829688
241,1361,1.24080771180311
2331,1089,1.24072361936092
2813,982,1.24062069181376
982,33,1.24062069181376
982,865,1.24062069181376
982,2124,1.24062069181376
982,511,1.24062069181376
982,2761,1.24062069181376
982,789,1.24062069181376
2226,430,1.23900893480076
327,2823,1.23742973507286
2151,2823,1.23742973507286
418,2823,1.23742973507286
572,2823,1.23742973507286
1366,2823,1.23742973507286
660,2457,1.23703310518876
2830,2457,1.23703310518876
1835,2457,1.23703310518876
2545,2457,1.23703310518876
1871,2457,1.23703310518876
2327,2457,1.23703310518876
489,2457,1.23703310518876
772,2457,1.23703310518876
2315,2457,1.23703310518876
730,2457,1.23703310518876
1036,2457,1.23703310518876
569,2457,1.23703310518876
884,2457,1.23703310518876
1574,2457,1.23703310518876
2689,2457,1.23703310518876
2457,1034,1.23703310518876
2457,242,1.23703310518876
2457,214,1.23703310518876
2457,1571,1.23703310518876
2457,1069,1.23703310518876
1731,1119,1.23684673244845
227,1447,1.23682361105519
2305,1688,1.23675873970801
2305,1693,1.23675873970801
1259,2452,1.23671930859487
814,756,1.23606714989349
1938,2404,1.23581973015421
2378,1783,1.23581973015421
502,966,1.23548846995119
2019,966,1.23548846995119
541,966,1.23548846995119
639,966,1.23548846995119
826,966,1.23548846995119
974,966,1.23548846995119
322,966,1.23548846995119
966,183,1.23548846995119
966,1751,1.23548846995119
966,119,1.23548846995119
966,890,1.23548846995119
966,1037,1.23548846995119
966,1766,1.23548846995119
966,561,1.23548846995119
2823,2155,1.23430985951546
2767,363,1.23429732103776
2745,952,1.23422355228178
2577,1689,1.23368579060245
727,1689,1.23368579060245
2770,1689,1.23368579060245
1689,1309,1.23368579060245
1451,1576,1.23258534947853
237,113,1.23229870985407
310,1264,1.22922390389946
2385,97,1.22718384601699
2150,1081,1.22651374737131
422,2343,1.22636354440998
150,2343,1.22636354440998
2019,2343,1.22636354440998
2696,2343,1.22636354440998
1692,2343,1.22636354440998
149,2343,1.22636354440998
2327,2343,1.22636354440998
549,2343,1.22636354440998
591,2343,1.22636354440998
2343,585,1.22636354440998
2343,722,1.22636354440998
2343,1396,1.22636354440998
2343,1637,1.22636354440998
2343,183,1.22636354440998
1807,1412,1.22602892761546
234,2413,1.22595647256656
2832,2521,1.22537969005571
2835,2343,1.22495030506812
1851,1921,1.22363754581973
2052,1093,1.22359701037199
2795,1424,1.22353525399815
78,2101,1.22348885916496
2680,2101,1.22348885916496
86,2101,1.22348885916496
1984,2101,1.22348885916496
1059,2101,1.22348885916496
740,973,1.22277478937426
1674,963,1.22276582755835
310,1157,1.22275459399034
693,2819,1.22267142098102
2470,2819,1.22267142098102
2819,1213,1.22267142098102
2469,580,1.22239407779827
116,580,1.22239407779827
1160,580,1.22239407779827
580,1554,1.22239407779827
580,2391,1.22239407779827
580,1616,1.22239407779827
580,1196,1.22239407779827
580,2693,1.22239407779827
1964,1272,1.2209306189636
1964,2784,1.2209306189636
2305,1155,1.22017295211479
2385,966,1.21977741748775
1424,720,1.21847986901595
2627,2825,1.21835298580377
1801,382,1.21820272761267
363,1697,1.21779704224309
1746,1264,1.21751917361384
2833,1264,1.21751917361384
2780,1264,1.21751917361384
2772,1264,1.21751917361384
335,1264,1.21751917361384
1264,1861,1.21751917361384
879,2452,1.21650419693606
1002,1450,1.21578516690894
409,1450,1.21578516690894
1450,2485,1.21578516690894
1450,98,1.21578516690894
1450,2280,1.21578516690894
1450,1954,1.21578516690894
1043,2155,1.21563052129963
497,1014,1.21557748018342
232,1782,1.21544754107258
2421,982,1.21450867872956
2037,982,1.21450867872956
982,1250,1.21450867872956
982,1277,1.21450867872956
1157,2248,1.21427195516662
155,2216,1.2142058176488
181,97,1.21390907682927
465,1689,1.21360282575743
1161,284,1.21315612482066
802,90,1.21311877028241
2226,2525,1.21298669854025
17,1424,1.2129026281981
2446,1850,1.21240472273499
1756,1850,1.21240472273499
1850,1501,1.21240472273499
756,1264,1.21239462864804
2120,2326,1.21160092998152
2032,2823,1.21149560323812
169,2823,1.21149560323812
2823,704,1.21149560323812
2823,1272,1.21149560323812
1089,700,1.21032206363426
2427,68,1.20984932414535
536,113,1.20981006520314
234,2816,1.20975766657813
2427,1850,1.20869122342465
358,2818,1.20821052383109
491,2241,1.20821052383109
147,326,1.20763147992111
1525,1684,1.20763147992111
2427,966,1.20686104836683
217,1157,1.20666939656675
2305,237,1.20661523889411
2848,2819,1.20659139681947
1197,2243,1.20647019325967
1979,540,1.20634610124912
2493,952,1.20424574520224
1199,887,1.20385382069911
1789,2101,1.20385382069911
2331,2101,1.20385382069911
777,2101,1.20385382069911
1926,2101,1.20385382069911
1090,2101,1.20385382069911
87,1949,1.20365722471675
1759,2279,1.20365722471675
2378,2457,1.20358919682735
2160,2343,1.20340541338683
2255,1674,1.2031584673994
241,1674,1.2031584673994
1850,1326,1.20299993251129
2287,2548,1.20283645732638
1098,1229,1.2020185634857
1004,2457,1.2009398666681
899,2457,1.2009398666681
1353,2457,1.2009398666681
2457,2124,1.2009398666681
2457,2709,1.2009398666681
2457,477,1.2009398666681
2103,2601,1.20088371199475
845,113,1.2007169381624
2423,2452,1.20064855757353
2472,1636,1.2001489686949
2818,1689,1.19956243780338
2011,966,1.1995164476869
123,966,1.1995164476869
799,966,1.1995164476869
351,966,1.1995164476869
2381,966,1.1995164476869
769,966,1.1995164476869
659,966,1.1995164476869
1606,966,1.1995164476869
872,966,1.1995164476869
966,1139,1.1995164476869
966,526,1.1995164476869
966,2273,1.1995164476869
2136,1689,1.19785335219014
867,2549,1.19660726905911
2716,288,1.19612146187393
1576,966,1.19527877225231
982,887,1.19527314034645
982,562,1.19527314034645
1399,1525,1.19446296855953
1014,90,1.19392028956172
225,867,1.19354358064531
1997,401,1.19354358064531
463,2795,1.19263859590157
2823,693,1.19239517213003
869,1921,1.19213177336121
2731,678,1.19184030261455
1359,1424,1.19138018242093
1302,2343,1.19111225959953
1400,2343,1.19111225959953
655,2343,1.19111225959953
1176,2343,1.19111225959953
1915,2343,1.19111225959953
659,2343,1.19111225959953
2343,1139,1.19111225959953
2343,519,1.19111225959953
813,1450,1.19107682132007
2680,1450,1.19107682132007
1450,732,1.19107682132007
1450,1844,1.19107682132007
598,2343,1.19104894887566
137,2725,1.1901941541767
2001,2101,1.18846433936988
853,2101,1.18846433936988
1669,1110,1.18779486637411
176,1157,1.18778245753742
1384,1807,1.18777831271665
1573,2452,1.18769968882111
2431,580,1.18745897841162
43,580,1.18745897841162
123,580,1.18745897841162
580,368,1.18745897841162
795,1584,1.18730317824297
1273,1584,1.18730317824297
1584,2491,1.18730317824297
779,1759,1.18675317019845
1165,1997,1.1859822442085
1697,113,1.18544228787129
2207,2305,1.18541143194454
2305,1497,1.18541143194454
1591,1674,1.18334482178935
731,2243,1.18289241594602
564,2243,1.18289241594602
1471,2243,1.18289241594602
790,2243,1.18289241594602
660,2243,1.18289241594602
1661,2243,1.18289241594602
414,2243,1.18289241594602
1885,2243,1.18289241594602
1499,2243,1.18289241594602
1108,2243,1.18289241594602
2781,2243,1.18289241594602
623,2243,1.18289241594602
49,2243,1.18289241594602
502,2243,1.18289241594602
505,2243,1.18289241594602
1462,2243,1.18289241594602
1832,2243,1.18289241594602
772,2243,1.18289241594602
2692,2243,1.18289241594602
730,2243,1.18289241594602
607,2243,1.18289241594602
2243,2383,1.18289241594602
2243,797,1.18289241594602
2243,1809,1.18289241594602
2243,2148,1.18289241594602
2243,2224,1.18289241594602
2243,749,1.18289241594602
2243,2127,1.18289241594602
2243,512,1.18289241594602
2243,1196,1.18289241594602
2243,2418,1.18289241594602
2243,2097,1.18289241594602
2243,1553,1.18289241594602
2243,2757,1.18289241594602
2243,961,1.18289241594602
2243,2362,1.18289241594602
2243,1764,1.18289241594602
2243,2542,1.18289241594602
2814,1157,1.18248189954753
1351,647,1.18176352371975
2790,1098,1.18104546183029
2226,461,1.17880564221322
1599,905,1.17756835173052
1327,2457,1.17709315103705
1577,2457,1.17709315103705
292,2457,1.17709315103705
1334,2457,1.17709315103705
2457,1449,1.17709315103705
2457,2626,1.17709315103705
2457,1696,1.17709315103705
2767,1777,1.17684911792148
2320,1098,1.1766765610827
1831,1850,1.1761298377847
1573,2101,1.17590420969322
601,966,1.17575332555893
753,966,1.17575332555893
966,846,1.17575332555893
966,2138,1.17575332555893
2093,1424,1.17498696319455
550,1689,1.17418610941516
288,1264,1.17395203368164
1447,1525,1.17388322832694
1525,2241,1.17388322832694
1600,905,1.17299360772524
966,1136,1.17196545364445
2215,1979,1.17154348372684
403,1929,1.16945521833181
640,1350,1.16931921738589
2189,1584,1.16930906000193
1713,1584,1.16930906000193
895,1157,1.16871773924911
982,700,1.16791222954588
1892,2343,1.16784618357958
1803,2343,1.16784618357958
1334,2343,1.16784618357958
1167,2452,1.16777593739065
1701,2101,1.16535423152648
1941,1850,1.16494417747499
1671,1689,1.16490755716698
1933,1157,1.16470728918056
1167,1697,1.16466838858518
53,580,1.16441094195681
2421,580,1.16441094195681
580,634,1.16441094195681
580,1177,1.16441094195681
580,140,1.16441094195681
1172,1584,1.1640477774677
582,1964,1.1631412888102
1820,2305,1.1624822892186
1697,1777,1.1624822892186
802,2087,1.16074835133213
1880,1264,1.16019791497413
503,1264,1.16019791497413
1603,1264,1.16019791497413
236,1264,1.16019791497413
182,1264,1.16019791497413
1755,1264,1.16019791497413
1383,1264,1.16019791497413
888,2457,1.15957832197945
2745,2457,1.15957832197945
1688,2457,1.15957832197945
2217,2457,1.15957832197945
2457,1889,1.15957832197945
2457,2575,1.15957832197945
1918,966,1.15830198936574
2719,966,1.15830198936574
966,1952,1.15830198936574
227,1351,1.15803624595541
982,1104,1.15759144659425
1663,2101,1.15630007307758
2003,1424,1.15619899514286
1244,2150,1.15608493226706
2150,1391,1.15608493226706
1850,2602,1.15578053498504
1850,1553,1.15578053498504
1722,1807,1.1556640333196
673,1584,1.15523823676112
2823,2409,1.15499016325307
1964,1671,1.15414390656189
1964,2479,1.15414390656189
1157,540,1.15400576217418
2058,1873,1.15376278590047
2378,1674,1.15292707255743
989,2222,1.1524464215547
1782,802,1.15230197028637
32,1872,1.15214666192856
2216,1999,1.15128784578935
1227,2472,1.15126537661002
2472,1581,1.15126537661002
2854,2243,1.15120108829194
688,2243,1.15120108829194
327,2243,1.15120108829194
2695,2243,1.15120108829194
1944,2243,1.15120108829194
1657,2243,1.15120108829194
1481,2243,1.15120108829194
996,2243,1.15120108829194
668,2243,1.15120108829194
1302,2243,1.15120108829194
1020,2243,1.15120108829194
2485,2243,1.15120108829194
655,2243,1.15120108829194
2243,2075,1.15120108829194
2243,2259,1.15120108829194
2243,1441,1.15120108829194
2243,2638,1.15120108829194
2243,290,1.15120108829194
2020,2343,1.15077247560909
2343,2170,1.15077247560909
2457,2821,1.15008930365124
982,2474,1.14873744759396
1199,46,1.14839877618728
32,54,1.14811779163422
2272,1674,1.14778127675023
580,1213,1.14750295019493
344,1450,1.14711813083225
2377,2213,1.14691981101548
1352,1636,1.1465803131051
821,2457,1.14589281055351
2411,2457,1.14589281055351
1047,2457,1.14589281055351
232,1787,1.1456972116069
2305,241,1.14566411114815
754,2452,1.14563649534241
1264,2829,1.14525825020639
1264,2548,1.14525825020639
2120,2814,1.14512783020457
525,2343,1.14503389917027
2343,2357,1.14503389917027
1698,966,1.14466752020231
966,461,1.14466752020231
966,1208,1.14466752020231
1338,1929,1.14390996941531
2178,1584,1.14377798602848
2183,2103,1.14257666381478
982,1159,1.14101369016577
814,1674,1.14080301597644
2405,1816,1.1404724693442
50,905,1.13949816374704
1819,952,1.13897392482856
2120,982,1.13805215172879
1450,373,1.1374095369274
1110,1154,1.13627757771435
870,2101,1.13516298247939
1167,2839,1.13453343019775
2143,580,1.13430554532478
578,580,1.13430554532478
2481,580,1.13430554532478
580,531,1.13430554532478
580,2816,1.13430554532478
2718,966,1.13357150994161
966,301,1.13357150994161
966,1912,1.13357150994161
2054,1689,1.13218331659249
2389,2562,1.13100446709227
701,1264,1.13046357120882
572,1264,1.13046357120882
2323,1264,1.13046357120882
1176,1264,1.13046357120882
1641,2243,1.13039133572596
634,2243,1.13039133572596
1474,2243,1.13039133572596
2188,2243,1.13039133572596
154,2243,1.13039133572596
2243,1803,1.13039133572596
2243,2007,1.13039133572596
2243,86,1.13039133572596
2243,1277,1.13039133572596
973,2452,1.12964986996662
148,2457,1.12885199307293
234,517,1.12828345535607
1689,973,1.12736541673516
359,2343,1.12659941783546
1359,1584,1.1259390249755
580,2452,1.12593636713459
2414,1157,1.12580620663588
2457,1093,1.12542198625952
2768,126,1.12474999023506
1199,1063,1.12439978400055
580,547,1.12357459459825
2150,756,1.12351261017401
1525,2551,1.12266841264514
1906,2452,1.12104073980713
1157,2357,1.12003579692408
1599,1689,1.11882341209582
2716,1584,1.1187681089405
2409,2343,1.11752138942464
2343,373,1.11752138942464
2385,1014,1.11701830734411
1856,966,1.11631795449083
2795,1470,1.11599921209264
1450,2248,1.11543934163538
694,2243,1.11518650900502
1007,2243,1.11518650900502
2704,2243,1.11518650900502
644,2243,1.11518650900502
2234,2243,1.11518650900502
2243,2347,1.11518650900502
2243,887,1.11518650900502
2243,562,1.11518650900502
2243,2448,1.11518650900502
624,580,1.11459216475915
580,1011,1.11459216475915
580,1701,1.11459216475915
580,766,1.11459216475915
230,1757,1.11424104325787
1584,2093,1.11243638517633
1584,1326,1.11243638517633
1584,1822,1.11243638517633
952,640,1.1111367120645
1905,1264,1.11100749024722
1577,1264,1.11100749024722
2107,1264,1.11100749024722
1979,234,1.1109083090362
2203,2457,1.1104753808087
711,1157,1.11006592707403
2573,2343,1.10975393515374
2343,1704,1.10975393515374
288,1191,1.10941499009195
225,1424,1.10758736955468
732,1850,1.10725109822744
2213,1191,1.10718323319378
2062,2452,1.10708288348257
2312,580,1.10690840222718
580,1359,1.10690840222718
1636,1721,1.10664243322381
740,720,1.10663277935159
1161,952,1.10595633130968
18,2243,1.10336166750902
1981,2243,1.10336166750902
457,2243,1.10336166750902
2243,2376,1.10336166750902
740,1777,1.10298278084848
2305,1938,1.10298278084848
2041,2819,1.10297008886223
1264,206,1.10216912628486
504,1584,1.1016915628821
1933,2101,1.10097494715151
893,2823,1.09911760360691
2457,424,1.09885895333533
2051,2305,1.09865138015697
173,1636,1.09797613743626
71,2101,1.09792950115065
1264,1853,1.09760178138136
979,1264,1.09683610386581
1713,1264,1.09683610386581
2819,2549,1.09562262599192
1450,882,1.09561917214345
2150,2548,1.09529110454539
2272,1757,1.09450481772368
580,2367,1.09432980811562
1763,2243,1.0937795659982
1807,958,1.09373287134611
1850,1889,1.09328678000973
1939,966,1.09291145417889
966,1999,1.09291145417889
605,1584,1.09284250376212
2287,2216,1.09250806229505
1757,1450,1.09133489438913
2305,2414,1.09098726977702
1167,1972,1.09093964244468
1807,32,1.09033704356457
2120,363,1.08934565666036
2305,2155,1.0892477821403
2150,2199,1.0885668335897
850,966,1.08845574245426
288,580,1.08835513270016
1450,1904,1.08805582655107
2385,2101,1.08735624575287
1167,1098,1.08604028759603
326,1264,1.08584715836788
26,2243,1.08578498600753
982,1964,1.0854287376534
1450,68,1.08468458396552
1157,2795,1.08362587809032
2571,1689,1.08322752901359
531,1850,1.08246563044453
1455,2823,1.08184437542643
1901,966,1.08064703479486
2215,2819,1.08021212164453
1279,952,1.07983131742622
982,1921,1.07921696647237
2243,2430,1.07896786239721
741,966,1.07719486976428
2178,1264,1.07696734548863
2289,1264,1.07696734548863
959,1264,1.07696734548863
1075,580,1.07614828150841
854,2823,1.07515050951864
2343,720,1.07506105555584
966,68,1.07399328411031
1850,1265,1.07372711899336
2716,2243,1.07305558672293
845,2243,1.07305558672293
391,1264,1.07174202239666
2516,2101,1.06988257055186
2243,2819,1.06962727202011
1264,1104,1.06957885553357
2272,2823,1.06934818162694
2150,2549,1.06860943128494
982,1191,1.06771336194944
2215,1964,1.06678188723833
288,2795,1.06656545064205
2681,1929,1.06504054251697
1351,2472,1.06410274168664
1199,1164,1.06392934549209
1342,1689,1.06211445335612
1850,295,1.06028525079405
1850,1458,1.06028525079405
982,525,1.06007408781163
1807,391,1.05984859487735
2150,1191,1.0596592341273
2343,234,1.0591091786687
1043,2243,1.0590947326852
2243,619,1.0590947326852
1450,1576,1.05856756455395
966,670,1.05659289587098
2472,1873,1.0556808627012
331,966,1.05462939587077
1413,1264,1.05453424152886
1807,1964,1.05383688784997
2824,2343,1.0536537943003
2305,2120,1.05302868792021
2226,1450,1.05224427017392
2255,2243,1.05193876805982
605,2243,1.05193876805982
2343,1853,1.05164888642305
1584,1191,1.05139341230969
2583,966,1.05098590243235
2216,1424,1.05047089767733
2305,1777,1.050237252531
227,1352,1.04968659809429
1697,1264,1.04887073660619
147,1014,1.04831832420823
1636,2243,1.04816667593563
1264,2216,1.04751553193166
2432,2457,1.04690967092812
1430,966,1.04612406503709
391,2343,1.04606302089051
501,2452,1.04596267969193
2713,1264,1.04509111371091
1451,1264,1.04509111371091
1777,234,1.04464881731543
50,580,1.04416998148812
1413,1450,1.0441551468103
982,958,1.04347452321322
2243,2551,1.04329304069508
1279,1450,1.04298835069102
341,234,1.04215821179827
2405,1964,1.04178116017499
1430,2343,1.04152230808132
2731,1584,1.04091976472814
1584,1154,1.03980974592452
982,2791,1.03931280937397
1450,1342,1.03868812026135
678,1264,1.03858945690488
1973,1264,1.03858945690488
1593,952,1.03764466501412
382,2343,1.03740124047082
1413,966,1.03576678140603
2452,1929,1.03575032478343
849,1264,1.03543662149825
1584,2103,1.0320890242997
2226,2120,1.03097785577091
2243,640,1.03073718451426
1295,2243,1.02906454881995
1850,802,1.02890671594554
2058,1264,1.02857482717674
1264,1094,1.02857482717674
1933,1264,1.0265225499448
2058,1850,1.02626068364299
1519,1850,1.02626068364299
2405,1264,1.02560433714273
2457,1873,1.02539826438086
2405,1584,1.02526255235732
989,1584,1.02526255235732
1938,2243,1.02456499783446
2823,1929,1.02428875827785
982,1525,1.02370362689347
1450,720,1.02092733829
522,2243,1.02070586348352
288,966,1.02052822467756
2791,966,1.02052822467756
1584,1424,1.01979705267616
982,1689,1.01943843116947
1584,720,1.01925549358045
2243,1721,1.01735434217514
1450,2216,1.0164343077463
1161,1850,1.0147026433051
2378,1264,1.01415097142366
966,1089,1.01376776088471
1850,720,1.01327313469086
1199,1352,1.01109312106769
1850,1584,1.01025432990469
2120,580,1.00955995247833
952,1850,1.00908454471522
1721,1264,1.00789406109315
2243,464,1.00676460798588
1850,943,1.00530885487806
2819,2343,1.00453531934244
580,147,1.00363256914661
2821,1264,1.00316795340872
2243,113,1.00278937428921
1413,1850,1.00227779932996
288,2243,1.00133518331951
711,1264,1.00121741423564
1342,1264,1.00061726497829
1850,2341,0.999148998407454
2343,2101,0.998853908849551
982,580,0.995485475755078
1757,2243,0.994224140548472
2243,1929,0.993695347670543
1850,2213,0.992658622254022
580,1850,0.986585381180278
1352,2243,0.985746583870268
