src_idx,dst_idx,weight
1357,700,3.86852412362641
1027,583,3.86852412362641
568,763,3.86852412362641
568,1021,3.86852412362641
568,1432,3.86852412362641
568,425,3.86852412362641
1445,1038,3.86852412362641
817,451,3.86852412362641
817,918,3.86852412362641
817,1078,3.86852412362641
817,241,3.86852412362641
763,1021,3.86852412362641
763,1432,3.86852412362641
763,425,3.86852412362641
720,838,3.86852412362641
1279,71,3.86852412362641
1279,783,3.86852412362641
1279,1119,3.86852412362641
1279,134,3.86852412362641
72,101,3.86852412362641
72,325,3.86852412362641
72,671,3.86852412362641
1438,450,3.86852412362641
1037,1100,3.86852412362641
451,918,3.86852412362641
451,241,3.86852412362641
459,330,3.86852412362641
459,404,3.86852412362641
1271,323,3.86852412362641
1271,864,3.86852412362641
1188,1406,3.86852412362641
1065,1117,3.86852412362641
842,700,3.86852412362641
81,996,3.86852412362641
323,864,3.86852412362641
1162,1465,3.86852412362641
774,1084,3.86852412362641
466,524,3.86852412362641
466,29,3.86852412362641
466,149,3.86852412362641
466,342,3.86852412362641
1224,1320,3.86852412362641
1224,247,3.86852412362641
905,1510,3.86852412362641
905,831,3.86852412362641
524,29,3.86852412362641
524,149,3.86852412362641
524,342,3.86852412362641
71,1119,3.86852412362641
71,134,3.86852412362641
1320,850,3.86852412362641
1320,806,3.86852412362641
689,146,3.86852412362641
318,872,3.86852412362641
981,193,3.86852412362641
17,1208,3.86852412362641
51,84,3.86852412362641
210,765,3.86852412362641
210,542,3.86852412362641
958,1302,3.86852412362641
1021,1432,3.86852412362641
1021,425,3.86852412362641
783,1119,3.86852412362641
783,134,3.86852412362641
1510,1165,3.86852412362641
1510,506,3.86852412362641
1510,831,3.86852412362641
1300,1166,3.86852412362641
1016,806,3.86852412362641
1009,1060,3.86852412362641
706,747,3.86852412362641
133,376,3.86852412362641
101,325,3.86852412362641
101,671,3.86852412362641
909,1190,3.86852412362641
612,896,3.86852412362641
1025,293,3.86852412362641
1025,424,3.86852412362641
1025,1163,3.86852412362641
765,542,3.86852412362641
1119,134,3.86852412362641
29,149,3.86852412362641
29,342,3.86852412362641
149,342,3.86852412362641
677,337,3.86852412362641
293,424,3.86852412362641
1170,1352,3.86852412362641
918,1078,3.86852412362641
918,241,3.86852412362641
325,671,3.86852412362641
1165,506,3.86852412362641
247,337,3.86852412362641
247,806,3.86852412362641
850,747,3.86852412362641
850,806,3.86852412362641
1482,1220,3.86852412362641
288,1060,3.86852412362641
288,337,3.86852412362641
288,910,3.86852412362641
1432,425,3.86852412362641
1060,910,3.86852412362641
337,747,3.86852412362641
337,806,3.86852412362641
337,1444,3.86852412362641
747,806,3.86852412362641
747,488,3.86852412362641
1495,980,3.86852412362641
1495,1540,3.86852412362641
980,1540,3.86852412362641
1137,720,3.86832269909176
1137,838,3.86832269909176
1454,872,3.86832269909176
1295,74,3.86805604922151
678,193,3.86805604922151
1072,910,3.86792306737325
700,296,3.86791790496969
35,1243,3.86791790496969
677,1444,3.86752272691278
250,358,3.86741983206255
1357,842,3.86734821049195
1357,296,3.86734821049195
905,1165,3.86734821049195
424,1163,3.86734821049195
1320,747,3.86730527853055
888,806,3.86726256570103
1176,407,3.86673986240533
1445,1382,3.86673986170899
224,806,3.86640743783002
981,1248,3.86640739647428
1320,1009,3.86638785562159
468,378,3.86623795035762
706,850,3.86606181188165
1320,706,3.86606181133497
1320,1258,3.86606181133497
772,1142,3.86593116733746
1188,1014,3.86588870539845
397,1130,3.86588870539845
71,1309,3.86588870539845
1406,1014,3.86588870539845
783,1309,3.86588870539845
795,1373,3.86588870539845
221,1128,3.86588776820224
113,1465,3.86588776820224
628,344,3.86588776820224
601,795,3.86588776820224
598,1078,3.86588776820224
1224,806,3.86588529531928
1016,1302,3.86588529531928
1072,688,3.86582905039286
210,1168,3.86581309359297
765,1168,3.86581309359297
1165,831,3.86581309359297
717,318,3.86530425938009
612,1166,3.86517856796414
1320,1302,3.86434913525112
455,599,3.86400538051849
148,1537,3.86400538051849
817,598,3.86400538051849
817,0,3.86400538051849
44,51,3.86400538051849
113,1162,3.86400538051849
1222,599,3.86400538051849
17,1303,3.86400538051849
51,953,3.86400538051849
1537,1373,3.86400538051849
1309,1119,3.86400538051849
220,1181,3.86400538051849
236,1150,3.86400538051849
501,626,3.86388719764277
1300,612,3.86380816783744
1065,1264,3.86364812188149
287,541,3.86352817448687
71,783,3.86259455260102
1461,1142,3.86259455260102
1173,1469,3.86259455260102
1302,747,3.86255149756026
896,1166,3.86255149756026
451,1078,3.86226288621831
318,1454,3.86219042753988
1320,337,3.86181675912166
850,337,3.86181675912166
1279,1309,3.86178531361786
1068,425,3.86178531361786
1208,1303,3.86178531361786
953,84,3.86178531361786
512,1444,3.86178531361786
210,291,3.86151217516894
472,1495,3.86151217516894
472,1540,3.86151217516894
5,1107,3.8611669138347
617,674,3.8611669138347
1168,542,3.8606618622117
850,1192,3.86031575181029
994,1231,3.85997668549474
568,1068,3.85924682589221
1068,1021,3.85924682589221
323,1031,3.85924682589221
1379,1220,3.85924682589221
1309,134,3.85924682589221
677,512,3.85924682589221
341,1220,3.85924682589221
0,241,3.85924682589221
1072,288,3.85920611986574
1331,831,3.85896533988565
1002,210,3.8586575744443
809,688,3.8586575744443
839,363,3.8585167697542
905,506,3.8585167697542
51,1546,3.8585167697542
462,1000,3.8585167697542
363,864,3.85851676510378
1461,864,3.85851676510378
1038,1382,3.85851676510378
1142,864,3.85851676510378
795,1537,3.85851676510378
1295,554,3.85851676510378
1178,772,3.85841573223951
1178,1214,3.85841573223951
459,230,3.85814706159492
1117,1264,3.85804247631108
670,864,3.8574415306932
806,1444,3.85709699271809
918,0,3.85640896128948
1379,1482,3.85640867450488
598,918,3.85640867450488
341,1482,3.85640867450488
868,251,3.85640867450488
559,1521,3.85640867450488
1009,910,3.85612467082473
1009,1192,3.85571411136745
888,346,3.85530663289415
1302,806,3.85520074187657
772,773,3.85505350154854
774,602,3.85503120807869
354,1231,3.85489823165091
853,958,3.85370839342669
620,425,3.85370839342669
363,990,3.85370839342669
1461,773,3.85370839342669
1142,773,3.85370839342669
257,812,3.85370839342669
506,831,3.85370839342669
638,786,3.85370839342669
318,965,3.85311657998455
730,747,3.85311657998455
513,135,3.8517240843966
839,864,3.8517240843966
514,541,3.8517240843966
1258,1518,3.8517240843966
1120,1060,3.85087032780467
1027,575,3.85003843161208
981,923,3.85003843161208
250,407,3.84989143797937
358,407,3.84989143797937
1302,337,3.84839590083375
568,620,3.84822044384322
620,1021,3.84822044384322
323,363,3.84822044384322
323,1461,3.84822044384322
323,1142,3.84822044384322
1078,241,3.84822044384322
1271,376,3.84706549480138
648,960,3.84706549480138
323,772,3.84678690081819
618,234,3.84623638814061
789,1543,3.84623638814061
1224,850,3.8457622083926
1120,850,3.8457622083926
850,1060,3.8457622083926
366,35,3.84372928275438
717,1454,3.84372928275438
717,872,3.84372928275438
905,1352,3.84372928275438
1510,1352,3.84372928275438
703,1432,3.84372928275438
703,425,3.84372928275438
864,773,3.84372928275438
403,337,3.84325593512591
1192,910,3.84325593512591
174,376,3.84233115698334
763,1068,3.84233115698334
459,233,3.84233115698334
318,1219,3.84233115698334
1002,542,3.84215717522236
994,542,3.84215717522236
94,1291,3.84215717522236
878,159,3.84209657064155
1243,219,3.84209657064155
1211,456,3.84209657064155
730,806,3.84126312793176
451,1178,3.84031674826991
814,410,3.83997112694932
1120,288,3.83997112694932
1060,747,3.83997112694932
618,94,3.83818494401144
1002,247,3.83671549986931
478,83,3.83537424439163
1002,1443,3.83537424078344
1271,363,3.83537424078344
1271,1461,3.83537424078344
1271,1142,3.83537424078344
994,666,3.83537424078344
323,670,3.83534592988575
568,703,3.83462643104091
839,323,3.83462643104091
714,855,3.83462643104091
1021,703,3.83462643104091
404,230,3.83462643104091
677,1236,3.83462643104091
1120,1009,3.83349010711924
831,1352,3.83201274759253
730,337,3.83137297583176
994,806,3.83073650520467
1471,981,3.82920473357637
408,547,3.82920462040892
363,1327,3.82808651625192
723,532,3.82808651625192
1173,532,3.82808651625192
1469,532,3.82808651625192
1016,247,3.82631464670751
538,1050,3.8259152314471
237,736,3.8259152314471
2,951,3.8259152314471
471,1241,3.8259152314471
915,1039,3.8259152314471
915,155,3.8259152314471
613,180,3.8259152314471
845,453,3.8259152314471
977,263,3.8259152314471
454,271,3.8259152314471
785,997,3.8259152314471
1455,1319,3.8259152314471
218,1247,3.8259152314471
637,1325,3.8259152314471
637,383,3.8259152314471
285,551,3.8259152314471
1325,383,3.8259152314471
310,367,3.8259152314471
1538,98,3.8259152314471
1538,691,3.8259152314471
1039,155,3.8259152314471
98,691,3.8259152314471
857,760,3.8259152314471
639,251,3.82449741961919
330,34,3.82449741961919
772,1031,3.82438547814581
1271,772,3.82421738381499
94,234,3.82354504062588
1009,850,3.82354504062588
1320,224,3.82026353739585
1320,521,3.82026353739585
368,193,3.82026353739585
655,910,3.81935634639836
512,337,3.81935634639836
323,773,3.81871206681357
1292,257,3.81871206681357
1120,806,3.81844234119087
896,168,3.81844234119087
994,1072,3.81715715952932
1072,437,3.81715715952932
49,528,3.81715715952932
437,337,3.81715715952932
688,910,3.81715715952932
1320,247,3.81439840058813
234,932,3.81439840058813
247,850,3.81439840058813
675,5,3.81341347818394
839,1271,3.81341347818394
124,1159,3.81341347818394
143,688,3.81341347818394
1522,888,3.81341347818394
451,1214,3.81336205150098
602,1030,3.8123182307244
620,763,3.81193180637699
224,747,3.81193180637699
508,1445,3.80987317896366
366,1243,3.80396083648958
275,101,3.80396083648958
275,671,3.80396083648958
1301,911,3.80396083648958
1454,965,3.80396083648958
965,872,3.80396083648958
472,638,3.80396083648958
1065,416,3.8030742025532
839,532,3.80143843538941
839,1327,3.80143843538941
1224,822,3.80143843538941
1224,1258,3.80143843538941
1224,1518,3.80143843538941
1120,143,3.80143843538941
706,1060,3.80143843538941
1522,346,3.80143843538941
864,1327,3.80143843538941
1271,670,3.8014153685655
1280,287,3.80096981427764
1480,147,3.8007062684727
1120,910,3.80060926101296
1016,337,3.80060926101296
1072,1060,3.80060926101296
56,380,3.79349674543855
1214,74,3.79349674543855
451,598,3.79128260605693
451,0,3.79128260605693
14,1064,3.79128260605693
1001,674,3.79128260605693
595,280,3.79029956099225
221,897,3.79029956099225
221,1238,3.79029956099225
103,438,3.79029956099225
1502,320,3.79029956099225
395,1411,3.79029956099225
185,1017,3.79029956099225
42,1209,3.79029956099225
69,627,3.79029956099225
1471,208,3.79029956099225
113,1370,3.79029956099225
1411,236,3.79029956099225
884,1373,3.79029956099225
862,302,3.79029956099225
711,1261,3.79029956099225
845,36,3.79029956099225
48,709,3.79029956099225
1339,208,3.79029956099225
1261,285,3.79029956099225
1261,551,3.79029956099225
954,1130,3.79029956099225
208,759,3.79029956099225
1517,479,3.79029956099225
615,1273,3.79029956099225
36,453,3.79029956099225
1447,948,3.79029956099225
1001,1152,3.79029956099225
1320,822,3.78863001349519
1320,1518,3.78863001349519
85,234,3.78863001349519
1258,850,3.78863001349519
1518,850,3.78863001349519
74,554,3.78863001349519
1002,1168,3.7878774178838
1271,773,3.7878774178838
1165,1352,3.7878774178838
888,1444,3.7878774178838
437,1168,3.7878774178838
809,1290,3.7878774178838
638,1495,3.7878774178838
638,1540,3.7878774178838
1009,247,3.78604176804566
853,1302,3.78412692445244
981,678,3.78412692445244
1526,380,3.7817537979922
670,1327,3.78001496624181
763,703,3.77504156751899
459,34,3.77504156751899
1280,541,3.77504156751899
864,376,3.77504156751899
508,1038,3.77399486250755
56,548,3.77399486250755
772,1461,3.77399486250755
772,723,3.77399486250755
772,1362,3.77399486250755
1107,708,3.77378705221014
1027,1030,3.7710190807358
1300,896,3.7710190807358
275,325,3.77056840103985
1224,820,3.77056840103985
1224,1290,3.77056840103985
1224,1444,3.77056840103985
990,1327,3.77056840103985
1178,1092,3.76072261382909
1009,822,3.76072261382909
1072,747,3.76063464791461
747,910,3.76063464791461
1203,708,3.75920597360407
1117,1544,3.75883390841274
1228,744,3.75430837336358
1409,663,3.75430837336358
490,15,3.75430837336358
897,1173,3.75430837336358
897,1128,3.75430837336358
897,1469,3.75430837336358
987,1370,3.75430837336358
1093,1411,3.75430837336358
1037,1535,3.75430837336358
397,954,3.75430837336358
1411,219,3.75430837336358
884,795,3.75430837336358
1207,1535,3.75430837336358
796,249,3.75430837336358
1380,419,3.75430837336358
187,1505,3.75430837336358
689,1245,3.75430837336358
1100,1535,3.75430837336358
723,360,3.75430837336358
1105,1402,3.75430837336358
208,678,3.75430837336358
89,219,3.75430837336358
224,240,3.75430837336358
1370,1465,3.75430837336358
1264,665,3.75430837336358
1238,1128,3.75430837336358
1355,1538,3.75430837336358
1355,98,3.75430837336358
1355,691,3.75430837336358
1239,1248,3.75430837336358
812,240,3.75430837336358
709,150,3.75430837336358
912,1000,3.75430837336358
1371,74,3.75213169264499
1320,1444,3.75213169264499
850,843,3.75213169264499
850,1444,3.75213169264499
74,773,3.75213169264499
287,435,3.75177965271749
1302,247,3.75177965271749
905,1331,3.74572000319353
514,287,3.74572000319353
143,932,3.74572000319353
451,532,3.74406792556308
363,670,3.74128247530914
723,670,3.74128247530914
1033,670,3.74128247530914
670,581,3.74128247530914
1009,1072,3.73731397573058
714,1120,3.73605521631086
323,1327,3.73605521631086
1120,1192,3.73605521631086
1310,532,3.73605521631086
591,1327,3.73605521631086
1371,1280,3.73265767617777
72,275,3.73265767617777
308,1428,3.73265767617777
257,747,3.73265767617777
747,1290,3.73265767617777
747,1444,3.73265767617777
772,287,3.73251016662312
1027,408,3.73089154604855
127,1231,3.73077789008003
855,1302,3.7300775837089
981,17,3.7300775837089
706,1302,3.7300775837089
706,806,3.7300775837089
408,1094,3.7300775837089
602,354,3.72866702080577
648,354,3.72866702080577
37,1495,3.72779169020581
730,809,3.72779169020581
455,1222,3.72638174503718
148,601,3.72638174503718
148,1373,3.72638174503718
395,236,3.72638174503718
1471,1339,3.72638174503718
1471,759,3.72638174503718
301,949,3.72638174503718
655,1269,3.72638174503718
44,953,3.72638174503718
601,1373,3.72638174503718
1339,759,3.72638174503718
1449,761,3.72638174503718
598,0,3.72638174503718
250,426,3.72638174503718
1431,483,3.72638174503718
358,426,3.72638174503718
1348,1289,3.72638174503718
1373,194,3.72638174503718
1178,133,3.71869019612682
388,1393,3.71807947702069
513,1297,3.71807947702069
513,1066,3.71807947702069
513,1442,3.71807947702069
639,1442,3.71807947702069
1176,684,3.71807947702069
1176,976,3.71807947702069
1411,35,3.71807947702069
1411,1393,3.71807947702069
1411,1150,3.71807947702069
884,1537,3.71807947702069
855,1006,3.71807947702069
855,635,3.71807947702069
717,245,3.71807947702069
381,1017,3.71807947702069
1162,1370,3.71807947702069
748,1485,3.71807947702069
514,1455,3.71807947702069
514,1319,3.71807947702069
124,1221,3.71807947702069
17,208,3.71807947702069
1455,541,3.71807947702069
1509,220,3.71807947702069
706,1006,3.71807947702069
706,240,3.71807947702069
637,34,3.71807947702069
1483,731,3.71807947702069
1006,1258,3.71807947702069
1006,1518,3.71807947702069
556,782,3.71807947702069
1325,34,3.71807947702069
332,438,3.71807947702069
541,1319,3.71807947702069
1245,146,3.71807947702069
34,383,3.71807947702069
1442,135,3.71807947702069
912,462,3.71807947702069
508,1382,3.71383704979192
772,864,3.71383704979192
247,910,3.71186909074048
1361,1320,3.71150887334344
1361,850,3.71150887334344
1320,1192,3.71150887334344
234,1508,3.71150887334344
193,923,3.71150887334344
451,74,3.71059361378753
1030,354,3.69893178935758
1120,965,3.69841549698952
855,337,3.69703827331856
706,337,3.69703827331856
1072,822,3.69703827331856
1258,337,3.69703827331856
1518,337,3.69703827331856
5,708,3.69398733416135
1002,765,3.69398733416135
994,210,3.69398733416135
1331,1352,3.69093162883507
247,820,3.69093162883507
247,1444,3.69093162883507
1129,287,3.68990416718581
323,376,3.68570645052952
288,1192,3.68570645052952
1526,806,3.68439120873511
1072,806,3.68439120873511
366,1411,3.68181190999465
366,349,3.68181190999465
1371,782,3.68181190999465
1438,813,3.68181190999465
1075,727,3.68181190999465
1075,1265,3.68181190999465
1411,555,3.68181190999465
245,1454,3.68181190999465
245,872,3.68181190999465
1208,208,3.68181190999465
257,240,3.68181190999465
89,653,3.68181190999465
1301,1153,3.68181190999465
293,1044,3.68181190999465
240,1168,3.68181190999465
704,1444,3.68181190999465
451,376,3.67357532510995
1371,1096,3.66883406197408
981,1208,3.66883406197408
1302,1290,3.66883406197408
1302,1444,3.66883406197408
820,806,3.66883406197408
37,1543,3.66742261094554
1211,1330,3.66742261094554
730,850,3.66742261094554
472,980,3.66742261094554
1010,623,3.66305301852896
107,148,3.66305301852896
107,601,3.66305301852896
107,1373,3.66305301852896
221,1173,3.66305301852896
221,1469,3.66305301852896
345,14,3.66305301852896
455,798,3.66305301852896
148,795,3.66305301852896
395,1093,3.66305301852896
395,219,3.66305301852896
620,1068,3.66305301852896
1471,678,3.66305301852896
987,113,3.66305301852896
1093,286,3.66305301852896
1093,865,3.66305301852896
1093,236,3.66305301852896
44,1546,3.66305301852896
496,478,3.66305301852896
949,224,3.66305301852896
1068,985,3.66305301852896
862,480,3.66305301852896
862,1242,3.66305301852896
48,150,3.66305301852896
363,1031,3.66305301852896
1222,798,3.66305301852896
1461,1031,3.66305301852896
1339,678,3.66305301852896
1142,1031,3.66305301852896
723,32,3.66305301852896
723,1031,3.66305301852896
795,194,3.66305301852896
365,45,3.66305301852896
1148,1529,3.66305301852896
953,1546,3.66305301852896
1295,173,3.66305301852896
1078,0,3.66305301852896
456,900,3.66305301852896
678,759,3.66305301852896
236,219,3.66305301852896
160,1373,3.66305301852896
160,194,3.66305301852896
859,1099,3.66305301852896
839,670,3.6619159411156
206,354,3.6619159411156
133,896,3.6589080156467
575,1030,3.65877788639626
1292,1009,3.65877788639626
1271,1327,3.6581138319098
1224,888,3.6581138319098
410,49,3.6581138319098
1120,809,3.6581138319098
210,1060,3.6581138319098
1291,1084,3.6581138319098
1291,127,3.6581138319098
1526,56,3.65498290952292
1214,773,3.64600944642301
802,281,3.64566034157536
1361,1273,3.64566034157536
1361,240,3.64566034157536
714,1006,3.64566034157536
714,635,3.64566034157536
575,1410,3.64566034157536
845,1192,3.64566034157536
403,991,3.64566034157536
16,87,3.64566034157536
230,1459,3.64566034157536
453,1192,3.64566034157536
763,965,3.63501224847971
965,288,3.63501224847971
965,747,3.63501224847971
612,1107,3.63325952895271
354,896,3.63203232848554
337,910,3.62375686373831
994,850,3.62046475069009
1320,888,3.62046475069009
1320,437,3.62046475069009
1291,1330,3.62046475069009
1232,1521,3.60973980536673
878,112,3.60973980536673
878,1209,3.60973980536673
1411,1243,3.60973980536673
700,637,3.60973980536673
700,1325,3.60973980536673
700,383,3.60973980536673
439,903,3.60973980536673
245,965,3.60973980536673
775,1243,3.60973980536673
450,813,3.60973980536673
89,1243,3.60973980536673
1153,911,3.60973980536673
251,1442,3.60973980536673
94,1231,3.60938819371982
1361,1302,3.6020216843372
714,1302,3.6020216843372
403,1302,3.6020216843372
806,1192,3.6020216843372
10,1243,3.6013693383267
815,1211,3.6013693383267
174,864,3.60054997689727
103,332,3.60054997689727
395,35,3.60054997689727
395,1393,3.60054997689727
395,1150,3.60054997689727
185,381,3.60054997689727
1471,17,3.60054997689727
655,855,3.60054997689727
1176,250,3.60054997689727
1176,358,3.60054997689727
1176,426,3.60054997689727
26,1005,3.60054997689727
839,1031,3.60054997689727
1068,703,3.60054997689727
855,1269,3.60054997689727
717,1219,3.60054997689727
124,158,3.60054997689727
601,1537,3.60054997689727
1339,17,3.60054997689727
1449,703,3.60054997689727
17,759,3.60054997689727
129,1130,3.60054997689727
1390,273,3.60054997689727
35,236,3.60054997689727
1537,194,3.60054997689727
332,754,3.60054997689727
365,1011,3.60054997689727
173,554,3.60054997689727
404,967,3.60054997689727
404,233,3.60054997689727
1393,236,3.60054997689727
703,761,3.60054997689727
512,1258,3.60054997689727
512,1518,3.60054997689727
864,1031,3.60054997689727
1258,1269,3.60054997689727
898,883,3.60054997689727
774,317,3.59519574889797
772,670,3.59519574889797
1107,932,3.58992017114419
994,747,3.58130914966883
288,688,3.58130914966883
809,747,3.58130914966883
1010,497,3.57438971018375
107,795,3.57438971018375
1545,71,3.57438971018375
620,985,3.57438971018375
620,1469,3.57438971018375
987,1465,3.57438971018375
1093,219,3.57438971018375
1037,1207,3.57438971018375
1207,1100,3.57438971018375
363,1461,3.57438971018375
363,1142,3.57438971018375
363,723,3.57438971018375
1461,723,3.57438971018375
1461,1362,3.57438971018375
666,1436,3.57438971018375
1142,723,3.57438971018375
1142,1362,3.57438971018375
723,1362,3.57438971018375
795,160,3.57438971018375
1173,1128,3.57438971018375
224,812,3.57438971018375
1295,644,3.57438971018375
678,160,3.57438971018375
678,368,3.57438971018375
1128,1469,3.57438971018375
1357,637,3.57413583331319
1357,1325,3.57413583331319
1357,383,3.57413583331319
994,244,3.57413583331319
210,240,3.57413583331319
1159,1221,3.57413583331319
765,632,3.57413583331319
765,240,3.57413583331319
239,626,3.57413583331319
1291,492,3.57413583331319
424,1044,3.57413583331319
1165,869,3.57413583331319
888,704,3.57413583331319
704,688,3.57413583331319
774,1146,3.57382828189233
990,670,3.57382828189233
670,773,3.57382828189233
508,1542,3.57241496365956
56,1292,3.57241496365956
1320,1120,3.57116729796199
1320,1060,3.57116729796199
1526,774,3.55633973187512
920,451,3.54385133737278
1064,435,3.54385133737278
1526,1292,3.54212527818335
714,337,3.54212527818335
1072,677,3.54212527818335
5,815,3.54089428477948
1002,1009,3.54089428477948
1009,437,3.54089428477948
1009,688,3.54089428477948
1030,1291,3.54089428477948
612,1291,3.54089428477948
437,542,3.54089428477948
1137,141,3.53919292213443
366,395,3.53919292213443
366,236,3.53919292213443
366,1429,3.53919292213443
30,290,3.53919292213443
395,555,3.53919292213443
1471,1208,3.53919292213443
44,84,3.53919292213443
949,1168,3.53919292213443
1068,1432,3.53919292213443
1075,662,3.53919292213443
555,236,3.53919292213443
1339,1208,3.53919292213443
1311,1444,3.53919292213443
1208,759,3.53919292213443
1219,872,3.53919292213443
604,653,3.53919292213443
1031,773,3.53919292213443
1445,217,3.53891214504322
1224,1006,3.53891214504322
1224,704,3.53891214504322
684,407,3.53891214504322
1230,1016,3.53891214504322
1016,1277,3.53891214504322
1016,667,3.53891214504322
310,346,3.53891214504322
1538,1067,3.53891214504322
98,1067,3.53891214504322
360,532,3.53891214504322
346,367,3.53891214504322
240,1060,3.53891214504322
127,492,3.53891214504322
40,1267,3.53891214504322
1067,691,3.53891214504322
1060,413,3.53891214504322
965,806,3.53105963001652
1280,1067,3.52525075457561
1224,747,3.52525075457561
1120,747,3.52525075457561
1016,747,3.52525075457561
648,1084,3.52525075457561
1428,168,3.52525075457561
234,980,3.52000858699315
1302,1231,3.51222289360148
806,1231,3.51222289360148
1480,801,3.51124675095249
118,1330,3.50411661080873
915,380,3.50411661080873
446,1320,3.50411661080873
1320,1006,3.50411661080873
1320,240,3.50411661080873
1320,704,3.50411661080873
112,1527,3.50411661080873
208,193,3.50411661080873
1006,850,3.50411661080873
380,1039,3.50411661080873
380,155,3.50411661080873
850,240,3.50411661080873
850,704,3.50411661080873
1331,1165,3.49944699728369
247,888,3.49944699728369
247,688,3.49944699728369
451,773,3.49732545482532
838,1064,3.49732545482532
508,468,3.49469961495942
56,730,3.49469961495942
1243,317,3.49469961495942
1211,317,3.49469961495942
853,1522,3.48854072445591
919,675,3.48854072445591
919,381,3.48854072445591
107,1537,3.48854072445591
1545,1119,3.48854072445591
987,1162,3.48854072445591
1093,35,3.48854072445591
1093,1393,3.48854072445591
1093,1150,3.48854072445591
839,1461,3.48854072445591
839,1142,3.48854072445591
839,723,3.48854072445591
397,129,3.48854072445591
1505,1382,3.48854072445591
17,678,3.48854072445591
723,864,3.48854072445591
143,694,3.48854072445591
1422,706,3.48854072445591
1390,745,3.48854072445591
706,224,3.48854072445591
706,812,3.48854072445591
1173,883,3.48854072445591
35,219,3.48854072445591
1537,160,3.48854072445591
1362,864,3.48854072445591
1393,219,3.48854072445591
1092,663,3.48854072445591
822,521,3.48854072445591
885,135,3.48854072445591
1469,883,3.48854072445591
599,798,3.48854072445591
644,554,3.48854072445591
1011,45,3.48854072445591
663,606,3.48854072445591
972,786,3.48854072445591
1094,272,3.48854072445591
219,1150,3.48854072445591
174,323,3.47920446951663
1361,615,3.47920446951663
655,714,3.47920446951663
714,1269,3.47920446951663
714,967,3.47920446951663
403,1506,3.47920446951663
1542,560,3.47920446951663
1542,898,3.47920446951663
618,1203,3.47920446951663
1449,1192,3.47920446951663
598,241,3.47920446951663
36,1192,3.47920446951663
1203,662,3.47920446951663
761,1192,3.47920446951663
1218,1220,3.47920446951663
1445,1030,3.47813553246924
612,1084,3.47813553246924
1065,801,3.47579722742149
958,1231,3.47111181385374
245,318,3.46978507612445
796,288,3.46978507612445
318,477,3.46978507612445
318,1083,3.46978507612445
553,1428,3.46978507612445
1006,747,3.46978507612445
520,376,3.46978507612445
519,583,3.46978507612445
1447,583,3.46978507612445
240,747,3.46978507612445
782,583,3.46978507612445
1320,288,3.46741787939984
234,1428,3.46741787939984
850,288,3.46741787939984
1526,730,3.45772193695225
291,337,3.45772193695225
965,337,3.45772193695225
1027,1291,3.45717503125862
210,806,3.45717503125862
1302,888,3.45717503125862
765,806,3.45717503125862
809,806,3.45717503125862
930,1178,3.4359440465725
237,463,3.4359440465725
845,1009,3.4359440465725
94,1360,3.4359440465725
1009,453,3.4359440465725
1009,413,3.4359440465725
1030,1410,3.4359440465725
736,463,3.4359440465725
869,542,3.4359440465725
1120,247,3.43010624964346
247,1060,3.43010624964346
395,1243,3.42072520425797
42,878,3.42072520425797
1427,37,3.42072520425797
301,965,3.42072520425797
1068,1482,3.42072520425797
286,1211,3.42072520425797
623,730,3.42072520425797
37,789,3.42072520425797
37,390,3.42072520425797
588,329,3.42072520425797
603,330,3.42072520425797
1243,236,3.42072520425797
329,616,3.42072520425797
14,1211,3.42072520425797
1211,900,3.42072520425797
1482,1218,3.42072520425797
149,58,3.41426813038547
1178,74,3.4137791060738
234,1030,3.4137791060738
602,1428,3.40832435571781
288,747,3.40832435571781
733,308,3.40582239237553
1545,1279,3.40582239237553
1545,275,3.40582239237553
366,1093,3.40582239237553
366,219,3.40582239237553
1371,1207,3.40582239237553
1371,1295,3.40582239237553
1371,644,3.40582239237553
620,1432,3.40582239237553
620,1227,3.40582239237553
1093,555,3.40582239237553
1443,1168,3.40582239237553
165,1175,3.40582239237553
480,555,3.40582239237553
555,219,3.40582239237553
363,773,3.40582239237553
1380,1454,3.40582239237553
1380,872,3.40582239237553
497,1444,3.40582239237553
1208,678,3.40582239237553
1007,1454,3.40582239237553
1007,872,3.40582239237553
723,773,3.40582239237553
1422,1290,3.40582239237553
257,224,3.40582239237553
257,786,3.40582239237553
224,1168,3.40582239237553
985,425,3.40582239237553
1362,773,3.40582239237553
1295,752,3.40582239237553
84,1546,3.40582239237553
1454,249,3.40582239237553
506,1352,3.40582239237553
249,872,3.40582239237553
812,1168,3.40582239237553
1469,1432,3.40582239237553
1469,425,3.40582239237553
1469,1227,3.40582239237553
653,219,3.40582239237553
458,1331,3.40261288868394
1331,712,3.40261288868394
1455,287,3.40261288868394
287,1319,3.40261288868394
1025,1044,3.40261288868394
451,133,3.39236974764002
1129,1107,3.39236974764002
790,1107,3.38352482262447
774,1211,3.38240899544681
513,639,3.38207689673056
639,135,3.38207689673056
842,296,3.38207689673056
855,706,3.38207689673056
855,332,3.38207689673056
855,1258,3.38207689673056
855,1518,3.38207689673056
905,1170,3.38207689673056
515,1073,3.38207689673056
1390,1092,3.38207689673056
1390,606,3.38207689673056
1510,1170,3.38207689673056
706,1258,3.38207689673056
706,1518,3.38207689673056
35,1393,3.38207689673056
35,1150,3.38207689673056
1393,1150,3.38207689673056
1092,606,3.38207689673056
1445,896,3.38141947218271
1224,1302,3.38141947218271
408,40,3.38141947218271
346,806,3.38141947218271
1060,806,3.38141947218271
809,528,3.37089910600357
809,337,3.37089910600357
809,910,3.37089910600357
930,449,3.36980523955287
1027,519,3.36980523955287
1027,1447,3.36980523955287
1027,1410,3.36980523955287
920,105,3.36980523955287
446,1302,3.36980523955287
446,806,3.36980523955287
768,435,3.36980523955287
1230,1302,3.36980523955287
981,208,3.36980523955287
981,1239,3.36980523955287
1302,1006,3.36980523955287
1302,635,3.36980523955287
896,1512,3.36980523955287
240,806,3.36980523955287
806,704,3.36980523955287
806,1277,3.36980523955287
268,1117,3.36391088796732
5,978,3.36383710159375
174,1271,3.36383710159375
395,888,3.36383710159375
69,1495,3.36383710159375
301,688,3.36383710159375
496,83,3.36383710159375
949,437,3.36383710159375
1271,1031,3.36383710159375
994,754,3.36383710159375
158,1159,3.36383710159375
210,250,3.36383710159375
210,358,3.36383710159375
210,426,3.36383710159375
1001,617,3.36383710159375
49,1076,3.36383710159375
1331,1543,3.3594339957298
1178,376,3.3484221882165
1009,288,3.3484221882165
1009,747,3.3484221882165
1030,1428,3.3484221882165
930,1214,3.33753017874317
508,901,3.33753017874317
508,70,3.33753017874317
508,243,3.33753017874317
1409,772,3.33753017874317
829,1214,3.33753017874317
915,56,3.33753017874317
56,1039,3.33753017874317
56,155,3.33753017874317
772,217,3.33753017874317
67,317,3.33753017874317
317,791,3.33753017874317
508,168,3.33230549535873
508,1327,3.33230549535873
1445,772,3.33230549535873
56,1120,3.33230549535873
772,1327,3.33230549535873
317,168,3.33230549535873
853,403,3.32639889115568
1545,134,3.32639889115568
568,985,3.32639889115568
568,1469,3.32639889115568
987,403,3.32639889115568
1361,224,3.32639889115568
1361,812,3.32639889115568
561,1542,3.32639889115568
323,723,3.32639889115568
323,1362,3.32639889115568
1292,812,3.32639889115568
1542,1128,3.32639889115568
497,677,3.32639889115568
497,1203,3.32639889115568
1461,1508,3.32639889115568
1461,591,3.32639889115568
666,230,3.32639889115568
1422,1192,3.32639889115568
1021,985,3.32639889115568
1021,1469,3.32639889115568
790,21,3.32639889115568
1173,1310,3.32639889115568
1362,1508,3.32639889115568
1435,1310,3.32639889115568
812,488,3.32639889115568
368,923,3.32639889115568
174,1445,3.30858147743506
1445,978,3.30858147743506
628,410,3.30858147743506
1224,1311,3.30858147743506
1224,512,3.30858147743506
1224,940,3.30858147743506
1120,588,3.30858147743506
32,532,3.30858147743506
761,1060,3.30858147743506
407,426,3.30858147743506
1060,940,3.30858147743506
1031,532,3.30858147743506
1031,1327,3.30858147743506
1526,915,3.30579317896601
1526,1039,3.30579317896601
1526,155,3.30579317896601
796,1072,3.30579317896601
259,1072,3.30579317896601
259,910,3.30579317896601
1006,337,3.30579317896601
1072,413,3.30579317896601
635,337,3.30579317896601
804,910,3.30579317896601
413,910,3.30579317896601
1302,850,3.30468487596654
247,288,3.28810634139951
247,747,3.28810634139951
5,354,3.28338729231092
774,1291,3.28338729231092
670,960,3.28338729231092
960,354,3.28338729231092
354,1291,3.28338729231092
1224,1072,3.28297002687742
1224,337,3.28297002687742
1120,337,3.28297002687742
1060,337,3.28297002687742
1008,1178,3.28258049752306
815,612,3.28258049752306
1300,1030,3.28258049752306
366,1393,3.28129647433934
366,1150,3.28129647433934
1371,556,3.28129647433934
1371,554,3.28129647433934
839,990,3.28129647433934
839,773,3.28129647433934
842,1190,3.28129647433934
787,1022,3.28129647433934
555,35,3.28129647433934
555,1393,3.28129647433934
555,1150,3.28129647433934
990,864,3.28129647433934
958,1522,3.28129647433934
143,1290,3.28129647433934
257,706,3.28129647433934
706,1168,3.28129647433934
293,1163,3.28129647433934
1170,831,3.28129647433934
822,1290,3.28129647433934
1258,1444,3.28129647433934
1518,1444,3.28129647433934
972,638,3.28129647433934
1129,492,3.27459681736864
785,133,3.27459681736864
997,133,3.27459681736864
676,133,3.27459681736864
148,234,3.25497110740942
148,980,3.25497110740942
69,980,3.25497110740942
1471,193,3.25497110740942
655,850,3.25497110740942
601,234,3.25497110740942
601,980,3.25497110740942
1320,1311,3.25497110740942
1320,512,3.25497110740942
1320,1269,3.25497110740942
1339,193,3.25497110740942
1311,850,3.25497110740942
588,380,3.25497110740942
234,273,3.25497110740942
234,1373,3.25497110740942
14,1330,3.25497110740942
173,74,3.25497110740942
512,850,3.25497110740942
759,193,3.25497110740942
1373,980,3.25497110740942
1010,730,3.25031617197967
345,1211,3.25031617197967
1093,1243,3.25031617197967
439,456,3.25031617197967
37,1233,3.25031617197967
37,837,3.25031617197967
666,965,3.25031617197967
1007,965,3.25031617197967
548,329,3.25031617197967
468,1295,3.25031617197967
468,1198,3.25031617197967
468,644,3.25031617197967
224,965,3.25031617197967
329,456,3.25031617197967
171,295,3.25031617197967
249,965,3.25031617197967
251,1413,3.25031617197967
965,1436,3.25031617197967
1330,317,3.24979804916305
467,466,3.24394123448274
466,718,3.24394123448274
873,670,3.24394123448274
1129,407,3.23359612158645
133,168,3.23359612158645
730,1231,3.22929339929251
602,408,3.22771893975148
602,896,3.22771893975148
318,435,3.22771893975148
648,435,3.22771893975148
376,896,3.22771893975148
288,806,3.22771893975148
1178,1331,3.21669499470482
94,932,3.21669499470482
829,1065,3.2138244452459
1065,328,3.2138244452459
1065,665,3.2138244452459
655,288,3.20299842668776
655,747,3.20299842668776
72,286,3.20299842668776
949,747,3.20299842668776
459,967,3.20299842668776
1280,390,3.20299842668776
602,618,3.20299842668776
618,1428,3.20299842668776
1449,1428,3.20299842668776
1449,288,3.20299842668776
14,1166,3.20299842668776
342,1139,3.20299842668776
512,747,3.20299842668776
1269,288,3.20299842668776
948,583,3.20299842668776
761,288,3.20299842668776
376,162,3.20299842668776
1526,1320,3.19500579439711
1526,850,3.19500579439711
1320,1072,3.19500579439711
1072,850,3.19500579439711
850,910,3.19500579439711
675,575,3.18615026722598
1361,706,3.18615026722598
714,706,3.18615026722598
714,1258,3.18615026722598
714,1518,3.18615026722598
124,591,3.18615026722598
1542,1073,3.18615026722598
1542,883,3.18615026722598
85,1508,3.18615026722598
790,1393,3.18615026722598
731,87,3.18615026722598
677,1258,3.18615026722598
677,1518,3.18615026722598
703,1192,3.18615026722598
822,1192,3.18615026722598
230,34,3.18615026722598
147,957,3.18615026722598
1310,1485,3.18615026722598
1445,670,3.18434513017328
410,670,3.18434513017328
670,168,3.18434513017328
354,168,3.18434513017328
112,29,3.18424347310799
853,888,3.17754243023258
733,1291,3.17754243023258
107,809,3.17754243023258
5,666,3.17754243023258
5,21,3.17754243023258
5,694,3.17754243023258
987,994,3.17754243023258
987,888,3.17754243023258
561,58,3.17754243023258
561,1165,3.17754243023258
1271,723,3.17754243023258
1271,1362,3.17754243023258
1271,1198,3.17754243023258
1443,210,3.17754243023258
994,497,3.17754243023258
497,688,3.17754243023258
210,224,3.17754243023258
210,812,3.17754243023258
1422,809,3.17754243023258
1422,688,3.17754243023258
1173,58,3.17754243023258
1233,1495,3.17754243023258
224,765,3.17754243023258
765,812,3.17754243023258
1295,58,3.17754243023258
58,1469,3.17754243023258
58,566,3.17754243023258
424,368,3.17754243023258
734,150,3.17754243023258
1117,801,3.16954356618672
508,1280,3.16755446561356
772,376,3.16755446561356
772,876,3.16755446561356
366,555,3.16537827862149
257,1168,3.16537827862149
1432,1227,3.16537827862149
425,1227,3.16537827862149
1290,1444,3.16537827862149
451,18,3.15519329809558
1152,674,3.15519329809558
10,1429,3.15264248985076
949,1009,3.15264248985076
949,542,3.15264248985076
1178,273,3.15264248985076
815,662,3.15264248985076
588,1009,3.15264248985076
1009,36,3.15264248985076
1009,1269,3.15264248985076
1009,761,3.15264248985076
250,542,3.15264248985076
358,542,3.15264248985076
426,542,3.15264248985076
542,967,3.15264248985076
451,1271,3.15210582297641
809,674,3.15210582297641
1027,1300,3.15113943852085
1009,806,3.15113943852085
1030,896,3.15113943852085
1202,1231,3.12666841946068
1360,1231,3.12666841946068
1231,371,3.12666841946068
1231,244,3.12666841946068
1291,1231,3.10876361187975
888,1231,3.10876361187975
853,1016,3.10799771755639
853,346,3.10799771755639
733,168,3.10799771755639
620,532,3.10799771755639
1037,1067,3.10799771755639
1443,1120,3.10799771755639
410,344,3.10799771755639
363,532,3.10799771755639
1120,666,3.10799771755639
1120,548,3.10799771755639
1120,1422,3.10799771755639
1120,694,3.10799771755639
1120,1436,3.10799771755639
1461,532,3.10799771755639
1461,1327,3.10799771755639
1100,1067,3.10799771755639
1142,532,3.10799771755639
1142,1327,3.10799771755639
723,1327,3.10799771755639
1016,224,3.10799771755639
224,1060,3.10799771755639
171,1084,3.10799771755639
1355,1067,3.10799771755639
1435,532,3.10799771755639
745,168,3.10799771755639
456,1084,3.10799771755639
812,1060,3.10799771755639
127,1436,3.10799771755639
655,247,3.10387170847841
1311,247,3.10387170847841
618,932,3.10387170847841
247,1269,3.10387170847841
513,251,3.09645721237216
700,34,3.09645721237216
717,965,3.09645721237216
37,972,3.09645721237216
143,965,3.09645721237216
706,730,3.09645721237216
706,291,3.09645721237216
468,554,3.09645721237216
1243,1393,3.09645721237216
1243,1150,3.09645721237216
404,965,3.09645721237216
703,1482,3.09645721237216
291,1236,3.09645721237216
251,135,3.09645721237216
234,354,3.08648373603
56,1009,3.08622692842316
612,317,3.08622692842316
568,1227,3.05764644294798
1361,958,3.05764644294798
1361,257,3.05764644294798
1361,1168,3.05764644294798
323,990,3.05764644294798
575,1146,3.05764644294798
403,958,3.05764644294798
403,1290,3.05764644294798
403,1444,3.05764644294798
1021,1227,3.05764644294798
257,488,3.05764644294798
1203,1146,3.05764644294798
281,1146,3.05764644294798
843,1192,3.05764644294798
1290,488,3.05764644294798
1027,547,3.0566480750608
1027,948,3.0566480750608
1027,900,3.0566480750608
174,896,3.0566480750608
655,1302,3.0566480750608
949,806,3.0566480750608
1056,806,3.0566480750608
1339,981,3.0566480750608
141,408,3.0566480750608
981,759,3.0566480750608
1171,1302,3.0566480750608
1302,615,3.0566480750608
1302,1269,3.0566480750608
479,435,3.0566480750608
512,806,3.0566480750608
611,435,3.0566480750608
865,896,3.0566480750608
236,896,3.0566480750608
1348,1096,3.0566480750608
801,876,3.04885795752319
733,234,3.04157229848914
107,234,3.04157229848914
107,980,3.04157229848914
345,1330,3.04157229848914
1207,74,3.04157229848914
1320,548,3.04157229848914
1320,1422,3.04157229848914
1320,812,3.04157229848914
1461,234,3.04157229848914
1505,1543,3.04157229848914
548,850,3.04157229848914
1422,850,3.04157229848914
234,795,3.04157229848914
234,1362,3.04157229848914
795,980,3.04157229848914
1233,1543,3.04157229848914
224,850,3.04157229848914
21,380,3.04157229848914
456,1330,3.04157229848914
850,812,3.04157229848914
1,74,3.04157229848914
160,193,3.04157229848914
644,74,3.04157229848914
451,1327,3.03866082153851
227,1117,3.01768190984932
1117,549,3.01768190984932
1117,328,3.01768190984932
1117,937,3.01768190984932
1117,665,3.01768190984932
1357,34,3.01196251297576
1176,210,3.01196251297576
1271,1390,3.01196251297576
855,617,3.01196251297576
855,809,3.01196251297576
994,706,3.01196251297576
994,332,3.01196251297576
210,706,3.01196251297576
706,765,3.01196251297576
706,437,3.01196251297576
706,809,3.01196251297576
1005,734,3.01196251297576
332,809,3.01196251297576
1382,1291,3.01196251297576
1170,1165,3.01196251297576
58,883,3.01196251297576
58,554,3.01196251297576
822,888,3.01196251297576
1258,888,3.01196251297576
1258,437,3.01196251297576
972,1495,3.01196251297576
972,1540,3.01196251297576
508,390,3.01092899654999
508,611,3.01092899654999
508,560,3.01092899654999
1056,56,3.01092899654999
286,317,3.01092899654999
56,1035,3.01092899654999
772,273,3.01092899654999
149,1139,3.01092899654999
1214,287,3.00633094837383
774,648,2.99071320208443
648,670,2.99071320208443
670,376,2.99071320208443
1428,354,2.99071320208443
354,583,2.99071320208443
733,1428,2.97813938648003
345,1166,2.97813938648003
763,985,2.97813938648003
763,1469,2.97813938648003
72,1093,2.97813938648003
1280,1207,2.97813938648003
814,694,2.97813938648003
363,876,2.97813938648003
1380,318,2.97813938648003
1461,376,2.97813938648003
318,1007,2.97813938648003
318,249,2.97813938648003
1142,376,2.97813938648003
1422,747,2.97813938648003
1033,648,2.97813938648003
1428,694,2.97813938648003
1428,1198,2.97813938648003
1435,376,2.97813938648003
1198,376,2.97813938648003
1198,876,2.97813938648003
1128,376,2.97813938648003
581,376,2.97813938648003
581,876,2.97813938648003
249,288,2.97813938648003
812,747,2.97813938648003
1526,623,2.96666884381208
926,337,2.96666884381208
301,1072,2.96666884381208
301,910,2.96666884381208
655,337,2.96666884381208
949,1072,2.96666884381208
949,910,2.96666884381208
623,1072,2.96666884381208
370,1135,2.96666884381208
370,1373,2.96666884381208
370,662,2.96666884381208
370,194,2.96666884381208
1449,910,2.96666884381208
273,528,2.96666884381208
1072,512,2.96666884381208
1072,761,2.96666884381208
1269,337,2.96666884381208
1269,910,2.96666884381208
761,910,2.96666884381208
1076,528,2.96666884381208
366,1211,2.95757125773505
1371,468,2.95757125773505
30,1243,2.95757125773505
700,1190,2.95757125773505
555,1243,2.95757125773505
468,752,2.95757125773505
1243,653,2.95757125773505
1211,1146,2.95757125773505
730,1168,2.95757125773505
730,1290,2.95757125773505
730,1444,2.95757125773505
291,843,2.95757125773505
291,1168,2.95757125773505
1482,1432,2.95757125773505
1482,425,2.95757125773505
575,1203,2.9399489149259
1292,488,2.9399489149259
1292,1192,2.9399489149259
790,147,2.9399489149259
488,1192,2.9399489149259
1445,864,2.93237551116124
855,1224,2.93237551116124
1224,706,2.93237551116124
1120,706,2.93237551116124
143,1060,2.93237551116124
1016,1522,2.93237551116124
1016,1236,2.93237551116124
864,532,2.93237551116124
822,1060,2.93237551116124
407,1236,2.93237551116124
532,883,2.93237551116124
532,1485,2.93237551116124
380,1107,2.92859012108038
380,674,2.92859012108038
508,449,2.92826538572431
56,806,2.92826538572431
449,1214,2.92826538572431
174,133,2.92382043111151
1129,250,2.92382043111151
1129,358,2.92382043111151
1129,426,2.92382043111151
1419,133,2.92382043111151
133,125,2.92382043111151
801,125,2.92382043111151
733,94,2.91756374395411
345,94,2.91756374395411
1443,1009,2.91756374395411
1443,542,2.91756374395411
1178,1198,2.91756374395411
815,885,2.91756374395411
666,1030,2.91756374395411
548,1009,2.91756374395411
1300,694,2.91756374395411
1009,521,2.91756374395411
612,694,2.91756374395411
1008,524,2.89770067448416
774,612,2.89770067448416
94,354,2.89770067448416
612,354,2.89770067448416
774,865,2.88233578405905
670,1031,2.88233578405905
354,978,2.88233578405905
354,900,2.88233578405905
1331,133,2.87238751274375
1357,1190,2.86458347599422
1137,960,2.86458347599422
5,1371,2.86458347599422
5,1146,2.86458347599422
1002,820,2.86458347599422
1271,990,2.86458347599422
308,734,2.86458347599422
210,257,2.86458347599422
958,888,2.86458347599422
257,765,2.86458347599422
84,617,2.86458347599422
888,1290,2.86458347599422
809,1168,2.86458347599422
809,1444,2.86458347599422
1290,688,2.86458347599422
708,1146,2.86458347599422
688,1444,2.86458347599422
733,932,2.85970686055278
1443,247,2.85970686055278
1461,1331,2.85970686055278
1331,456,2.85970686055278
1505,932,2.85970686055278
795,932,2.85970686055278
694,932,2.85970686055278
1025,368,2.85970686055278
855,1320,2.85739287908339
855,850,2.85739287908339
17,193,2.85739287908339
85,980,2.85739287908339
206,234,2.85739287908339
1390,234,2.85739287908339
234,1537,2.85739287908339
1537,980,2.85739287908339
1382,380,2.85739287908339
1543,972,2.85739287908339
972,980,2.85739287908339
508,1214,2.85232904699791
772,1214,2.85232904699791
1065,1544,2.84216673512926
1065,1451,2.84216673512926
568,1482,2.83207867944472
37,1542,2.83207867944472
37,1310,2.83207867944472
403,730,2.83207867944472
330,230,2.83207867944472
1021,1482,2.83207867944472
1480,468,2.83207867944472
677,291,2.83207867944472
730,488,2.83207867944472
230,965,2.83207867944472
451,876,2.82275639981152
1280,1064,2.82275639981152
318,1107,2.82275639981152
1331,354,2.80791404722478
853,806,2.80443109281791
1027,456,2.80443109281791
64,806,2.80443109281791
345,408,2.80443109281791
1207,1096,2.80443109281791
449,1038,2.80443109281791
497,1302,2.80443109281791
981,160,2.80443109281791
548,1302,2.80443109281791
1422,806,2.80443109281791
1302,224,2.80443109281791
694,435,2.80443109281791
171,408,2.80443109281791
408,1435,2.80443109281791
408,272,2.80443109281791
745,896,2.80443109281791
896,272,2.80443109281791
896,1436,2.80443109281791
812,806,2.80443109281791
45,1096,2.80443109281791
219,435,2.80443109281791
1129,435,2.78841763450152
763,35,2.78671299457624
763,404,2.78671299457624
771,814,2.78671299457624
771,1166,2.78671299457624
1280,514,2.78671299457624
855,288,2.78671299457624
855,747,2.78671299457624
814,143,2.78671299457624
602,206,2.78671299457624
318,143,2.78671299457624
318,1059,2.78671299457624
143,288,2.78671299457624
1390,376,2.78671299457624
706,288,2.78671299457624
556,583,2.78671299457624
1428,1236,2.78671299457624
342,554,2.78671299457624
703,288,2.78671299457624
1258,747,2.78671299457624
1518,747,2.78671299457624
366,1084,2.77811592666255
1445,165,2.77811592666255
410,33,2.77811592666255
308,127,2.77811592666255
308,168,2.77811592666255
1120,1168,2.77811592666255
1120,1290,2.77811592666255
958,1016,2.77811592666255
958,346,2.77811592666255
257,1060,2.77811592666255
1016,1168,2.77811592666255
1016,1444,2.77811592666255
346,1444,2.77811592666255
1432,532,2.77811592666255
1060,843,2.77811592666255
1060,1168,2.77811592666255
1060,1290,2.77811592666255
425,532,2.77811592666255
1227,532,2.77811592666255
532,773,2.77811592666255
1327,773,2.77811592666255
747,1231,2.769241171038
451,173,2.76558559476145
1135,1064,2.76558559476145
615,1064,2.76558559476145
733,508,2.75160147322692
64,56,2.75160147322692
508,745,2.75160147322692
772,363,2.75160147322692
772,1038,2.75160147322692
772,1198,2.75160147322692
772,663,2.75160147322692
1038,317,2.75160147322692
745,317,2.75160147322692
5,230,2.73308533386358
5,281,2.73308533386358
1361,210,2.73308533386358
1361,765,2.73308533386358
323,58,2.73308533386358
575,1291,2.73308533386358
403,888,2.73308533386358
403,809,2.73308533386358
1542,1165,2.73308533386358
960,66,2.73308533386358
677,437,2.73308533386358
58,1310,2.73308533386358
1203,734,2.73308533386358
281,708,2.73308533386358
809,488,2.73308533386358
809,1192,2.73308533386358
1310,1495,2.73308533386358
1310,1540,2.73308533386358
688,1192,2.73308533386358
754,1231,2.7290805734522
815,1107,2.72170235207772
1107,463,2.72170235207772
1027,774,2.7216607496427
1027,354,2.7216607496427
774,896,2.7216607496427
1302,354,2.7216607496427
670,896,2.7216607496427
408,354,2.7216607496427
675,815,2.72004390681526
10,883,2.72004390681526
10,135,2.72004390681526
1176,542,2.72004390681526
771,612,2.72004390681526
1178,1390,2.72004390681526
815,135,2.72004390681526
94,1382,2.72004390681526
143,1009,2.72004390681526
1009,706,2.72004390681526
1009,1258,2.72004390681526
1030,1382,2.72004390681526
404,542,2.72004390681526
439,1211,2.71847482954745
730,965,2.71847482954745
858,1229,2.71016686292786
1477,764,2.71016686292786
429,913,2.71016686292786
432,1090,2.71016686292786
647,139,2.71016686292786
647,1141,2.71016686292786
647,246,2.71016686292786
647,1048,2.71016686292786
647,758,2.71016686292786
647,229,2.71016686292786
647,1185,2.71016686292786
647,350,2.71016686292786
647,1240,2.71016686292786
647,879,2.71016686292786
647,1061,2.71016686292786
647,781,2.71016686292786
1384,418,2.71016686292786
1384,770,2.71016686292786
1384,307,2.71016686292786
1384,527,2.71016686292786
1384,1287,2.71016686292786
1384,681,2.71016686292786
1384,530,2.71016686292786
59,871,2.71016686292786
418,770,2.71016686292786
418,307,2.71016686292786
418,527,2.71016686292786
418,1287,2.71016686292786
418,681,2.71016686292786
418,530,2.71016686292786
474,890,2.71016686292786
474,534,2.71016686292786
474,441,2.71016686292786
474,1458,2.71016686292786
474,1082,2.71016686292786
235,131,2.71016686292786
235,1456,2.71016686292786
1396,1433,2.71016686292786
1396,743,2.71016686292786
1396,543,2.71016686292786
1396,757,2.71016686292786
1396,269,2.71016686292786
1396,1534,2.71016686292786
1396,1285,2.71016686292786
1396,971,2.71016686292786
1396,928,2.71016686292786
1286,270,2.71016686292786
1286,399,2.71016686292786
1286,255,2.71016686292786
1286,834,2.71016686292786
1286,1369,2.71016686292786
1286,573,2.71016686292786
1286,963,2.71016686292786
1338,222,2.71016686292786
1338,183,2.71016686292786
1338,1533,2.71016686292786
502,633,2.71016686292786
1326,1363,2.71016686292786
1326,114,2.71016686292786
1326,1283,2.71016686292786
1326,120,2.71016686292786
1326,1089,2.71016686292786
1326,91,2.71016686292786
1326,1423,2.71016686292786
1326,294,2.71016686292786
1326,1074,2.71016686292786
1326,1254,2.71016686292786
1326,1516,2.71016686292786
1326,607,2.71016686292786
1326,469,2.71016686292786
3,452,2.71016686292786
3,19,2.71016686292786
3,682,2.71016686292786
452,19,2.71016686292786
452,682,2.71016686292786
634,1174,2.71016686292786
634,1051,2.71016686292786
500,914,2.71016686292786
1252,517,2.71016686292786
1252,7,2.71016686292786
1252,333,2.71016686292786
1252,921,2.71016686292786
1252,597,2.71016686292786
139,1141,2.71016686292786
139,246,2.71016686292786
139,1048,2.71016686292786
139,758,2.71016686292786
139,229,2.71016686292786
139,1185,2.71016686292786
139,350,2.71016686292786
139,1240,2.71016686292786
139,879,2.71016686292786
139,1061,2.71016686292786
139,781,2.71016686292786
1394,169,2.71016686292786
1394,110,2.71016686292786
1260,955,2.71016686292786
1260,177,2.71016686292786
1260,258,2.71016686292786
619,692,2.71016686292786
1012,13,2.71016686292786
1012,941,2.71016686292786
1012,966,2.71016686292786
572,874,2.71016686292786
572,1235,2.71016686292786
331,882,2.71016686292786
277,651,2.71016686292786
392,1036,2.71016686292786
392,1399,2.71016686292786
392,22,2.71016686292786
392,1494,2.71016686292786
1342,810,2.71016686292786
1342,924,2.71016686292786
1342,186,2.71016686292786
1342,1470,2.71016686292786
1342,1496,2.71016686292786
1342,1468,2.71016686292786
642,1201,2.71016686292786
642,1015,2.71016686292786
642,986,2.71016686292786
448,447,2.71016686292786
448,137,2.71016686292786
448,88,2.71016686292786
833,306,2.71016686292786
1474,564,2.71016686292786
1189,491,2.71016686292786
1189,516,2.71016686292786
191,1337,2.71016686292786
191,75,2.71016686292786
191,762,2.71016686292786
1164,355,2.71016686292786
1164,181,2.71016686292786
1363,114,2.71016686292786
1363,1283,2.71016686292786
1363,120,2.71016686292786
1363,1089,2.71016686292786
1363,91,2.71016686292786
1363,1423,2.71016686292786
1363,294,2.71016686292786
1363,1074,2.71016686292786
1363,1254,2.71016686292786
1363,1516,2.71016686292786
1363,607,2.71016686292786
1363,469,2.71016686292786
319,1343,2.71016686292786
319,377,2.71016686292786
319,835,2.71016686292786
319,1217,2.71016686292786
319,525,2.71016686292786
319,710,2.71016686292786
319,444,2.71016686292786
319,1378,2.71016686292786
319,724,2.71016686292786
319,188,2.71016686292786
319,825,2.71016686292786
535,993,2.71016686292786
535,422,2.71016686292786
535,550,2.71016686292786
535,811,2.71016686292786
705,1489,2.71016686292786
1063,1407,2.71016686292786
1063,769,2.71016686292786
77,961,2.71016686292786
77,1077,2.71016686292786
77,536,2.71016686292786
427,935,2.71016686292786
562,1226,2.71016686292786
562,992,2.71016686292786
562,145,2.71016686292786
562,540,2.71016686292786
562,460,2.71016686292786
562,826,2.71016686292786
562,891,2.71016686292786
562,658,2.71016686292786
562,68,2.71016686292786
1349,794,2.71016686292786
1349,779,2.71016686292786
1349,852,2.71016686292786
214,824,2.71016686292786
214,1340,2.71016686292786
544,351,2.71016686292786
544,1086,2.71016686292786
544,440,2.71016686292786
1141,246,2.71016686292786
1141,1048,2.71016686292786
1141,758,2.71016686292786
1141,229,2.71016686292786
1141,1185,2.71016686292786
1141,350,2.71016686292786
1141,1240,2.71016686292786
1141,879,2.71016686292786
1141,1061,2.71016686292786
1141,781,2.71016686292786
122,1408,2.71016686292786
122,396,2.71016686292786
1337,75,2.71016686292786
1337,762,2.71016686292786
1085,1147,2.71016686292786
86,640,2.71016686292786
1497,1108,2.71016686292786
1497,324,2.71016686292786
1497,1353,2.71016686292786
1497,964,2.71016686292786
1497,753,2.71016686292786
140,108,2.71016686292786
140,1041,2.71016686292786
140,571,2.71016686292786
80,384,2.71016686292786
80,1440,2.71016686292786
391,1498,2.71016686292786
391,523,2.71016686292786
1088,600,2.71016686292786
1088,1412,2.71016686292786
1088,959,2.71016686292786
1088,742,2.71016686292786
1088,1157,2.71016686292786
874,1235,2.71016686292786
751,848,2.71016686292786
751,1346,2.71016686292786
1036,1399,2.71016686292786
1036,22,2.71016686292786
1036,1494,2.71016686292786
1108,324,2.71016686292786
1108,1353,2.71016686292786
1108,964,2.71016686292786
1108,753,2.71016686292786
1156,1069,2.71016686292786
491,516,2.71016686292786
794,779,2.71016686292786
794,852,2.71016686292786
1433,743,2.71016686292786
1433,543,2.71016686292786
1433,757,2.71016686292786
1433,269,2.71016686292786
1433,1534,2.71016686292786
1433,1285,2.71016686292786
1433,971,2.71016686292786
1433,928,2.71016686292786
114,1283,2.71016686292786
114,120,2.71016686292786
114,1089,2.71016686292786
114,91,2.71016686292786
114,1423,2.71016686292786
114,294,2.71016686292786
114,1074,2.71016686292786
114,1254,2.71016686292786
114,1516,2.71016686292786
114,607,2.71016686292786
114,469,2.71016686292786
962,109,2.71016686292786
962,690,2.71016686292786
1421,443,2.71016686292786
1421,1364,2.71016686292786
1389,587,2.71016686292786
13,941,2.71016686292786
13,966,2.71016686292786
1434,1307,2.71016686292786
1434,895,2.71016686292786
993,422,2.71016686292786
993,550,2.71016686292786
993,811,2.71016686292786
743,543,2.71016686292786
743,757,2.71016686292786
743,269,2.71016686292786
743,1534,2.71016686292786
743,1285,2.71016686292786
743,971,2.71016686292786
743,928,2.71016686292786
543,757,2.71016686292786
543,269,2.71016686292786
543,1534,2.71016686292786
543,1285,2.71016686292786
543,971,2.71016686292786
543,928,2.71016686292786
955,177,2.71016686292786
955,258,2.71016686292786
757,269,2.71016686292786
757,1534,2.71016686292786
757,1285,2.71016686292786
757,971,2.71016686292786
757,928,2.71016686292786
847,1206,2.71016686292786
847,189,2.71016686292786
847,1268,2.71016686292786
847,1293,2.71016686292786
847,721,2.71016686292786
847,57,2.71016686292786
847,164,2.71016686292786
447,137,2.71016686292786
447,88,2.71016686292786
24,1275,2.71016686292786
1226,992,2.71016686292786
1226,145,2.71016686292786
1226,540,2.71016686292786
1226,460,2.71016686292786
1226,826,2.71016686292786
1226,891,2.71016686292786
1226,658,2.71016686292786
1226,68,2.71016686292786
169,110,2.71016686292786
563,46,2.71016686292786
563,47,2.71016686292786
563,701,2.71016686292786
563,1205,2.71016686292786
841,939,2.71016686292786
63,1071,2.71016686292786
63,892,2.71016686292786
63,389,2.71016686292786
19,682,2.71016686292786
1043,1004,2.71016686292786
578,1377,2.71016686292786
1507,8,2.71016686292786
222,183,2.71016686292786
222,1533,2.71016686292786
1333,621,2.71016686292786
539,461,2.71016686292786
1498,523,2.71016686292786
715,386,2.71016686292786
715,894,2.71016686292786
715,756,2.71016686292786
246,1048,2.71016686292786
246,758,2.71016686292786
246,229,2.71016686292786
246,1185,2.71016686292786
246,350,2.71016686292786
246,1240,2.71016686292786
246,879,2.71016686292786
246,1061,2.71016686292786
246,781,2.71016686292786
664,475,2.71016686292786
1048,758,2.71016686292786
1048,229,2.71016686292786
1048,1185,2.71016686292786
1048,350,2.71016686292786
1048,1240,2.71016686292786
1048,879,2.71016686292786
1048,1061,2.71016686292786
1048,781,2.71016686292786
1115,198,2.71016686292786
1115,1511,2.71016686292786
1115,1305,2.71016686292786
1115,1539,2.71016686292786
324,1353,2.71016686292786
324,964,2.71016686292786
324,753,2.71016686292786
890,534,2.71016686292786
890,441,2.71016686292786
890,1458,2.71016686292786
890,1082,2.71016686292786
41,231,2.71016686292786
41,983,2.71016686292786
1403,605,2.71016686292786
998,1058,2.71016686292786
95,216,2.71016686292786
1154,300,2.71016686292786
1154,641,2.71016686292786
1513,1049,2.71016686292786
1161,1210,2.71016686292786
1053,1101,2.71016686292786
941,966,2.71016686292786
292,260,2.71016686292786
961,1077,2.71016686292786
961,536,2.71016686292786
974,1140,2.71016686292786
974,1347,2.71016686292786
974,352,2.71016686292786
405,414,2.71016686292786
1206,189,2.71016686292786
1206,1268,2.71016686292786
1206,1293,2.71016686292786
1206,721,2.71016686292786
1206,57,2.71016686292786
1206,164,2.71016686292786
1283,120,2.71016686292786
1283,1089,2.71016686292786
1283,91,2.71016686292786
1283,1423,2.71016686292786
1283,294,2.71016686292786
1283,1074,2.71016686292786
1283,1254,2.71016686292786
1283,1516,2.71016686292786
1283,607,2.71016686292786
1283,469,2.71016686292786
1174,1051,2.71016686292786
992,145,2.71016686292786
992,540,2.71016686292786
992,460,2.71016686292786
992,826,2.71016686292786
992,891,2.71016686292786
992,658,2.71016686292786
992,68,2.71016686292786
534,441,2.71016686292786
534,1458,2.71016686292786
534,1082,2.71016686292786
274,1323,2.71016686292786
274,1276,2.71016686292786
351,1086,2.71016686292786
351,440,2.71016686292786
145,540,2.71016686292786
145,460,2.71016686292786
145,826,2.71016686292786
145,891,2.71016686292786
145,658,2.71016686292786
145,68,2.71016686292786
1071,892,2.71016686292786
1071,389,2.71016686292786
1126,393,2.71016686292786
779,852,2.71016686292786
1113,969,2.71016686292786
1113,100,2.71016686292786
1113,1318,2.71016686292786
1113,361,2.71016686292786
137,88,2.71016686292786
1414,931,2.71016686292786
484,199,2.71016686292786
484,741,2.71016686292786
484,1199,2.71016686292786
4,267,2.71016686292786
4,594,2.71016686292786
4,509,2.71016686292786
4,657,2.71016686292786
199,741,2.71016686292786
199,1199,2.71016686292786
269,1534,2.71016686292786
269,1285,2.71016686292786
269,971,2.71016686292786
269,928,2.71016686292786
517,7,2.71016686292786
517,333,2.71016686292786
517,921,2.71016686292786
517,597,2.71016686292786
96,725,2.71016686292786
96,184,2.71016686292786
96,130,2.71016686292786
96,807,2.71016686292786
96,335,2.71016686292786
267,594,2.71016686292786
267,509,2.71016686292786
267,657,2.71016686292786
1144,304,2.71016686292786
92,1204,2.71016686292786
1534,1285,2.71016686292786
1534,971,2.71016686292786
1534,928,2.71016686292786
1323,1276,2.71016686292786
428,927,2.71016686292786
428,339,2.71016686292786
428,1080,2.71016686292786
557,374,2.71016686292786
557,126,2.71016686292786
557,1197,2.71016686292786
810,924,2.71016686292786
810,186,2.71016686292786
810,1470,2.71016686292786
810,1496,2.71016686292786
810,1468,2.71016686292786
231,983,2.71016686292786
313,818,2.71016686292786
313,394,2.71016686292786
1285,971,2.71016686292786
1285,928,2.71016686292786
908,693,2.71016686292786
908,364,2.71016686292786
908,656,2.71016686292786
1359,1251,2.71016686292786
1359,1416,2.71016686292786
270,399,2.71016686292786
270,255,2.71016686292786
270,834,2.71016686292786
270,1369,2.71016686292786
270,573,2.71016686292786
270,963,2.71016686292786
374,126,2.71016686292786
374,1197,2.71016686292786
625,1306,2.71016686292786
476,828,2.71016686292786
46,47,2.71016686292786
46,701,2.71016686292786
46,1205,2.71016686292786
1077,536,2.71016686292786
436,23,2.71016686292786
600,1412,2.71016686292786
600,959,2.71016686292786
600,742,2.71016686292786
600,1157,2.71016686292786
576,650,2.71016686292786
1353,964,2.71016686292786
1353,753,2.71016686292786
282,102,2.71016686292786
120,1089,2.71016686292786
120,91,2.71016686292786
120,1423,2.71016686292786
120,294,2.71016686292786
120,1074,2.71016686292786
120,1254,2.71016686292786
120,1516,2.71016686292786
120,607,2.71016686292786
120,469,2.71016686292786
283,707,2.71016686292786
189,1268,2.71016686292786
189,1293,2.71016686292786
189,721,2.71016686292786
189,57,2.71016686292786
189,164,2.71016686292786
892,389,2.71016686292786
934,152,2.71016686292786
934,154,2.71016686292786
1412,959,2.71016686292786
1412,742,2.71016686292786
1412,1157,2.71016686292786
1127,284,2.71016686292786
766,844,2.71016686292786
1399,22,2.71016686292786
1399,1494,2.71016686292786
1407,769,2.71016686292786
7,333,2.71016686292786
7,921,2.71016686292786
7,597,2.71016686292786
687,128,2.71016686292786
399,255,2.71016686292786
399,834,2.71016686292786
399,1369,2.71016686292786
399,573,2.71016686292786
399,963,2.71016686292786
1448,1501,2.71016686292786
1448,1234,2.71016686292786
75,762,2.71016686292786
537,1055,2.71016686292786
537,262,2.71016686292786
333,921,2.71016686292786
333,597,2.71016686292786
1140,1347,2.71016686292786
1140,352,2.71016686292786
1055,262,2.71016686292786
861,55,2.71016686292786
861,43,2.71016686292786
861,1179,2.71016686292786
861,1351,2.71016686292786
1062,1149,2.71016686292786
1343,377,2.71016686292786
1343,835,2.71016686292786
1343,1217,2.71016686292786
1343,525,2.71016686292786
1343,710,2.71016686292786
1343,444,2.71016686292786
1343,1378,2.71016686292786
1343,724,2.71016686292786
1343,188,2.71016686292786
1343,825,2.71016686292786
108,1041,2.71016686292786
108,571,2.71016686292786
893,1356,2.71016686292786
893,797,2.71016686292786
47,701,2.71016686292786
47,1205,2.71016686292786
473,1040,2.71016686292786
131,1456,2.71016686292786
577,60,2.71016686292786
1308,1026,2.71016686292786
1308,1259,2.71016686292786
1253,1272,2.71016686292786
183,1533,2.71016686292786
1026,1259,2.71016686292786
377,835,2.71016686292786
377,1217,2.71016686292786
377,525,2.71016686292786
377,710,2.71016686292786
377,444,2.71016686292786
377,1378,2.71016686292786
377,724,2.71016686292786
377,188,2.71016686292786
377,825,2.71016686292786
758,229,2.71016686292786
758,1185,2.71016686292786
758,350,2.71016686292786
758,1240,2.71016686292786
758,879,2.71016686292786
758,1061,2.71016686292786
758,781,2.71016686292786
832,1262,2.71016686292786
832,279,2.71016686292786
229,1185,2.71016686292786
229,350,2.71016686292786
229,1240,2.71016686292786
229,879,2.71016686292786
229,1061,2.71016686292786
229,781,2.71016686292786
422,550,2.71016686292786
422,811,2.71016686292786
1089,91,2.71016686292786
1089,1423,2.71016686292786
1089,294,2.71016686292786
1089,1074,2.71016686292786
1089,1254,2.71016686292786
1089,1516,2.71016686292786
1089,607,2.71016686292786
1089,469,2.71016686292786
770,307,2.71016686292786
770,527,2.71016686292786
770,1287,2.71016686292786
770,681,2.71016686292786
770,530,2.71016686292786
198,1511,2.71016686292786
198,1305,2.71016686292786
198,1539,2.71016686292786
848,1346,2.71016686292786
1307,895,2.71016686292786
415,372,2.71016686292786
1201,1015,2.71016686292786
1201,986,2.71016686292786
818,394,2.71016686292786
540,460,2.71016686292786
540,826,2.71016686292786
540,891,2.71016686292786
540,658,2.71016686292786
540,68,2.71016686292786
338,1316,2.71016686292786
338,1481,2.71016686292786
959,742,2.71016686292786
959,1157,2.71016686292786
969,100,2.71016686292786
969,1318,2.71016686292786
969,361,2.71016686292786
550,811,2.71016686292786
654,1430,2.71016686292786
654,569,2.71016686292786
654,417,2.71016686292786
971,928,2.71016686292786
702,1187,2.71016686292786
702,326,2.71016686292786
307,527,2.71016686292786
307,1287,2.71016686292786
307,681,2.71016686292786
307,530,2.71016686292786
693,364,2.71016686292786
693,656,2.71016686292786
470,749,2.71016686292786
1256,836,2.71016686292786
1256,805,2.71016686292786
741,1199,2.71016686292786
1457,586,2.71016686292786
434,481,2.71016686292786
1426,1003,2.71016686292786
54,659,2.71016686292786
742,1157,2.71016686292786
1251,1416,2.71016686292786
1347,352,2.71016686292786
303,1387,2.71016686292786
964,753,2.71016686292786
856,1530,2.71016686292786
55,43,2.71016686292786
55,1179,2.71016686292786
55,1351,2.71016686292786
91,1423,2.71016686292786
91,294,2.71016686292786
91,1074,2.71016686292786
91,1254,2.71016686292786
91,1516,2.71016686292786
91,607,2.71016686292786
91,469,2.71016686292786
1430,569,2.71016686292786
1430,417,2.71016686292786
725,184,2.71016686292786
725,130,2.71016686292786
725,807,2.71016686292786
725,335,2.71016686292786
1511,1305,2.71016686292786
1511,1539,2.71016686292786
1262,279,2.71016686292786
701,1205,2.71016686292786
184,130,2.71016686292786
184,807,2.71016686292786
184,335,2.71016686292786
152,154,2.71016686292786
300,641,2.71016686292786
445,1288,2.71016686292786
445,922,2.71016686292786
445,62,2.71016686292786
1423,294,2.71016686292786
1423,1074,2.71016686292786
1423,1254,2.71016686292786
1423,1516,2.71016686292786
1423,607,2.71016686292786
1423,469,2.71016686292786
294,1074,2.71016686292786
294,1254,2.71016686292786
294,1516,2.71016686292786
294,607,2.71016686292786
294,469,2.71016686292786
924,186,2.71016686292786
924,1470,2.71016686292786
924,1496,2.71016686292786
924,1468,2.71016686292786
1305,1539,2.71016686292786
22,1494,2.71016686292786
441,1458,2.71016686292786
441,1082,2.71016686292786
1268,1293,2.71016686292786
1268,721,2.71016686292786
1268,57,2.71016686292786
1268,164,2.71016686292786
1185,350,2.71016686292786
1185,1240,2.71016686292786
1185,879,2.71016686292786
1185,1061,2.71016686292786
1185,781,2.71016686292786
1356,797,2.71016686292786
1501,1234,2.71016686292786
835,1217,2.71016686292786
835,525,2.71016686292786
835,710,2.71016686292786
835,444,2.71016686292786
835,1378,2.71016686292786
835,724,2.71016686292786
835,188,2.71016686292786
835,825,2.71016686292786
130,807,2.71016686292786
130,335,2.71016686292786
100,1318,2.71016686292786
100,361,2.71016686292786
1217,525,2.71016686292786
1217,710,2.71016686292786
1217,444,2.71016686292786
1217,1378,2.71016686292786
1217,724,2.71016686292786
1217,188,2.71016686292786
1217,825,2.71016686292786
1187,326,2.71016686292786
927,339,2.71016686292786
927,1080,2.71016686292786
527,1287,2.71016686292786
527,681,2.71016686292786
527,530,2.71016686292786
1318,361,2.71016686292786
917,1400,2.71016686292786
917,867,2.71016686292786
594,509,2.71016686292786
594,657,2.71016686292786
1514,420,2.71016686292786
255,834,2.71016686292786
255,1369,2.71016686292786
255,573,2.71016686292786
255,963,2.71016686292786
1408,396,2.71016686292786
109,690,2.71016686292786
569,417,2.71016686292786
836,805,2.71016686292786
253,695,2.71016686292786
525,710,2.71016686292786
525,444,2.71016686292786
525,1378,2.71016686292786
525,724,2.71016686292786
525,188,2.71016686292786
525,825,2.71016686292786
1458,1082,2.71016686292786
443,1364,2.71016686292786
355,181,2.71016686292786
979,614,2.71016686292786
1288,922,2.71016686292786
1288,62,2.71016686292786
1287,681,2.71016686292786
1287,530,2.71016686292786
1041,571,2.71016686292786
339,1080,2.71016686292786
43,1179,2.71016686292786
43,1351,2.71016686292786
950,685,2.71016686292786
364,656,2.71016686292786
780,870,2.71016686292786
460,826,2.71016686292786
460,891,2.71016686292786
460,658,2.71016686292786
460,68,2.71016686292786
710,444,2.71016686292786
710,1378,2.71016686292786
710,724,2.71016686292786
710,188,2.71016686292786
710,825,2.71016686292786
1425,1020,2.71016686292786
384,1440,2.71016686292786
166,315,2.71016686292786
1074,1254,2.71016686292786
1074,1516,2.71016686292786
1074,607,2.71016686292786
1074,469,2.71016686292786
834,1369,2.71016686292786
834,573,2.71016686292786
834,963,2.71016686292786
807,335,2.71016686292786
1086,440,2.71016686292786
826,891,2.71016686292786
826,658,2.71016686292786
826,68,2.71016686292786
126,1197,2.71016686292786
1186,740,2.71016686292786
891,658,2.71016686292786
891,68,2.71016686292786
509,657,2.71016686292786
1400,867,2.71016686292786
350,1240,2.71016686292786
350,879,2.71016686292786
350,1061,2.71016686292786
350,781,2.71016686292786
658,68,2.71016686292786
186,1470,2.71016686292786
186,1496,2.71016686292786
186,1468,2.71016686292786
1369,573,2.71016686292786
1369,963,2.71016686292786
1180,722,2.71016686292786
921,597,2.71016686292786
1254,1516,2.71016686292786
1254,607,2.71016686292786
1254,469,2.71016686292786
1293,721,2.71016686292786
1293,57,2.71016686292786
1293,164,2.71016686292786
1179,1351,2.71016686292786
177,258,2.71016686292786
1516,607,2.71016686292786
1516,469,2.71016686292786
1015,986,2.71016686292786
1470,1496,2.71016686292786
1470,1468,2.71016686292786
373,204,2.71016686292786
1316,1481,2.71016686292786
1496,1468,2.71016686292786
444,1378,2.71016686292786
444,724,2.71016686292786
444,188,2.71016686292786
444,825,2.71016686292786
681,530,2.71016686292786
922,62,2.71016686292786
1240,879,2.71016686292786
1240,1061,2.71016686292786
1240,781,2.71016686292786
386,894,2.71016686292786
386,756,2.71016686292786
573,963,2.71016686292786
824,1340,2.71016686292786
607,469,2.71016686292786
879,1061,2.71016686292786
879,781,2.71016686292786
1061,781,2.71016686292786
1378,724,2.71016686292786
1378,188,2.71016686292786
1378,825,2.71016686292786
486,1368,2.71016686292786
1136,624,2.71016686292786
1136,299,2.71016686292786
721,57,2.71016686292786
721,164,2.71016686292786
1415,686,2.71016686292786
1488,357,2.71016686292786
57,164,2.71016686292786
724,188,2.71016686292786
724,825,2.71016686292786
894,756,2.71016686292786
624,299,2.71016686292786
188,825,2.71016686292786
1129,772,2.70763852749181
133,149,2.70763852749181
1526,337,2.70298809640771
1072,337,2.70298809640771
1526,1010,2.70108753975703
1526,64,2.70108753975703
1526,1422,2.70108753975703
1526,1148,2.70108753975703
1526,812,2.70108753975703
1010,1072,2.70108753975703
107,528,2.70108753975703
987,337,2.70108753975703
370,497,2.70108753975703
370,795,2.70108753975703
370,160,2.70108753975703
497,1072,2.70108753975703
497,337,2.70108753975703
666,1072,2.70108753975703
548,337,2.70108753975703
548,910,2.70108753975703
1072,224,2.70108753975703
1072,249,2.70108753975703
224,337,2.70108753975703
224,910,2.70108753975703
1362,528,2.70108753975703
366,1330,2.69762529520144
308,234,2.69762529520144
1320,257,2.69762529520144
1320,820,2.69762529520144
1320,1168,2.69762529520144
1320,1290,2.69762529520144
1208,193,2.69762529520144
257,850,2.69762529520144
1543,223,2.69762529520144
850,1168,2.69762529520144
752,74,2.69762529520144
638,980,2.69762529520144
1030,1231,2.66623463910506
855,247,2.65710786285289
1331,1510,2.65710786285289
1331,1170,2.65710786285289
287,1475,2.65710786285289
1382,932,2.65710786285289
1258,247,2.65710786285289
247,1518,2.65710786285289
733,1129,2.65276441291094
1129,1505,2.65276441291094
1175,133,2.65276441291094
1233,801,2.65276441291094
133,1362,2.65276441291094
568,532,2.64208315027606
1445,323,2.64208315027606
1361,1060,2.64208315027606
714,1224,2.64208315027606
323,532,2.64208315027606
996,1203,2.64208315027606
1224,677,2.64208315027606
1292,1120,2.64208315027606
1292,1060,2.64208315027606
403,346,2.64208315027606
1021,532,2.64208315027606
790,127,2.64208315027606
1016,677,2.64208315027606
1203,168,2.64208315027606
40,1310,2.64208315027606
1060,1192,2.64208315027606
1060,66,2.64208315027606
241,532,2.64208315027606
774,56,2.63912110977605
932,1064,2.62572573195761
1137,648,2.62260380070907
366,763,2.62260380070907
1371,583,2.62260380070907
763,1227,2.62260380070907
990,876,2.62260380070907
33,876,2.62260380070907
648,653,2.62260380070907
376,773,2.62260380070907
747,1168,2.62260380070907
1146,1166,2.62260380070907
5,468,2.61538547395331
1002,291,2.61538547395331
439,734,2.61538547395331
37,1540,2.61538547395331
994,730,2.61538547395331
450,49,2.61538547395331
210,730,2.61538547395331
765,730,2.61538547395331
765,291,2.61538547395331
1211,734,2.61538547395331
1211,626,2.61538547395331
730,888,2.61538547395331
1291,251,2.61538547395331
965,809,2.61538547395331
733,354,2.60651290741589
64,774,2.60651290741589
1175,466,2.60651290741589
774,456,2.60651290741589
1461,670,2.60651290741589
1142,670,2.60651290741589
670,1362,2.60651290741589
670,1413,2.60651290741589
21,354,2.60651290741589
354,745,2.60651290741589
354,456,2.60651290741589
1027,404,2.5976438407796
920,606,2.5976438407796
839,1096,2.5976438407796
514,408,2.5976438407796
449,1382,2.5976438407796
206,408,2.5976438407796
206,896,2.5976438407796
143,435,2.5976438407796
1302,1522,2.5976438407796
1302,1258,2.5976438407796
1302,1518,2.5976438407796
1302,1236,2.5976438407796
35,896,2.5976438407796
1522,806,2.5976438407796
408,34,2.5976438407796
864,896,2.5976438407796
1475,435,2.5976438407796
896,1150,2.5976438407796
896,1133,2.5976438407796
1236,435,2.5976438407796
1117,1451,2.59393896620882
1065,1214,2.57323009348451
247,1231,2.56890118659619
1065,1,2.56221998811734
714,1320,2.55826538519374
714,850,2.55826538519374
1292,1320,2.55826538519374
1292,380,2.55826538519374
1292,850,2.55826538519374
1320,677,2.55826538519374
1320,488,2.55826538519374
1542,74,2.55826538519374
234,1203,2.55826538519374
790,380,2.55826538519374
380,230,2.55826538519374
380,87,2.55826538519374
1543,591,2.55826538519374
677,850,2.55826538519374
1203,1330,2.55826538519374
1508,980,2.55826538519374
1527,87,2.55826538519374
850,488,2.55826538519374
1310,980,2.55826538519374
366,815,2.55258313836501
10,308,2.55258313836501
720,94,2.55258313836501
1075,815,2.55258313836501
1178,1146,2.55258313836501
308,612,2.55258313836501
94,838,2.55258313836501
257,1009,2.55258313836501
1300,1146,2.55258313836501
1009,843,2.55258313836501
1009,1168,2.55258313836501
1030,1146,2.55258313836501
612,752,2.55258313836501
612,1146,2.55258313836501
752,463,2.55258313836501
508,1073,2.54140810113672
839,772,2.54140810113672
772,1390,2.54140810113672
772,1382,2.54140810113672
772,1092,2.54140810113672
772,1475,2.54140810113672
772,606,2.54140810113672
124,1214,2.54140810113672
1214,541,2.54140810113672
35,317,2.54140810113672
1382,317,2.54140810113672
149,554,2.54140810113672
1302,1064,2.5349412114179
1445,468,2.52158585986406
37,532,2.52158585986406
1120,329,2.52158585986406
1120,730,2.52158585986406
1120,291,2.52158585986406
1016,730,2.52158585986406
1016,291,2.52158585986406
1211,1084,2.52158585986406
730,1060,2.52158585986406
1084,295,2.52158585986406
291,1060,2.52158585986406
965,1060,2.52158585986406
5,1271,2.5096633128704
1002,437,2.5096633128704
1002,688,2.5096633128704
1271,58,2.5096633128704
994,765,2.5096633128704
994,888,2.5096633128704
994,437,2.5096633128704
994,688,2.5096633128704
210,437,2.5096633128704
765,437,2.5096633128704
888,437,2.5096633128704
888,809,2.5096633128704
888,688,2.5096633128704
437,809,2.5096633128704
437,688,2.5096633128704
1526,675,2.48817453617939
1526,706,2.48817453617939
839,370,2.48817453617939
855,910,2.48817453617939
370,1537,2.48817453617939
143,1072,2.48817453617939
143,910,2.48817453617939
706,1072,2.48817453617939
706,910,2.48817453617939
1072,1258,2.48817453617939
703,910,2.48817453617939
337,1236,2.48817453617939
932,1146,2.48713517277987
466,133,2.48543327038897
524,133,2.48543327038897
763,790,2.480906696515
763,230,2.480906696515
1361,747,2.480906696515
714,288,2.480906696515
714,747,2.480906696515
575,814,2.480906696515
575,602,2.480906696515
575,1166,2.480906696515
1292,747,2.480906696515
403,747,2.480906696515
1542,876,2.480906696515
1428,1203,2.480906696515
677,747,2.480906696515
1203,1166,2.480906696515
747,1192,2.480906696515
853,1064,2.47908854024364
733,1107,2.47908854024364
345,1064,2.47908854024364
451,363,2.47908854024364
451,1461,2.47908854024364
451,1142,2.47908854024364
451,1173,2.47908854024364
451,1295,2.47908854024364
451,1198,2.47908854024364
451,644,2.47908854024364
1505,1107,2.47908854024364
21,1107,2.47908854024364
1027,1231,2.47727441458874
451,772,2.44933023318978
733,1231,2.44005482154879
497,1231,2.44005482154879
666,1231,2.44005482154879
171,1231,2.44005482154879
842,133,2.43773346234014
1129,1382,2.43773346234014
1129,1475,2.43773346234014
1129,1236,2.43773346234014
1129,1133,2.43773346234014
1390,133,2.43773346234014
133,1537,2.43773346234014
133,864,2.43773346234014
801,1011,2.43773346234014
878,1527,2.43599938826692
37,980,2.43599938826692
450,1543,2.43599938826692
1320,730,2.43599938826692
468,74,2.43599938826692
1330,251,2.43599938826692
850,965,2.43599938826692
1137,408,2.42587141465912
1027,1438,2.42587141465912
1027,1146,2.42587141465912
990,1096,2.42587141465912
958,806,2.42587141465912
257,806,2.42587141465912
1301,896,2.42587141465912
896,1146,2.42587141465912
806,1168,2.42587141465912
806,1290,2.42587141465912
1096,773,2.42587141465912
522,897,2.41599903675816
522,458,2.41599903675816
863,1360,2.41599903675816
388,392,2.41599903675816
388,1036,2.41599903675816
388,1399,2.41599903675816
388,22,2.41599903675816
388,1494,2.41599903675816
388,661,2.41599903675816
930,572,2.41599903675816
930,874,2.41599903675816
930,1235,2.41599903675816
595,629,2.41599903675816
858,1500,2.41599903675816
1477,382,2.41599903675816
1477,413,2.41599903675816
1477,1122,2.41599903675816
1232,140,2.41599903675816
1232,108,2.41599903675816
1232,1041,2.41599903675816
1232,571,2.41599903675816
432,1202,2.41599903675816
432,1182,2.41599903675816
1388,510,2.41599903675816
647,99,2.41599903675816
647,297,2.41599903675816
647,728,2.41599903675816
647,1152,2.41599903675816
1473,936,2.41599903675816
802,1326,2.41599903675816
802,1363,2.41599903675816
802,114,2.41599903675816
802,1283,2.41599903675816
802,120,2.41599903675816
802,766,2.41599903675816
802,844,2.41599903675816
802,1089,2.41599903675816
802,91,2.41599903675816
802,1423,2.41599903675816
802,294,2.41599903675816
802,1074,2.41599903675816
802,1254,2.41599903675816
802,1516,2.41599903675816
802,607,2.41599903675816
802,469,2.41599903675816
59,1479,2.41599903675816
59,1230,2.41599903675816
412,321,2.41599903675816
474,1158,2.41599903675816
474,1515,2.41599903675816
235,1486,2.41599903675816
1286,785,2.41599903675816
1286,997,2.41599903675816
1286,676,2.41599903675816
1286,305,2.41599903675816
1286,511,2.41599903675816
1338,915,2.41599903675816
1338,845,2.41599903675816
1338,1039,2.41599903675816
1338,453,2.41599903675816
1338,155,2.41599903675816
502,938,2.41599903675816
1326,176,2.41599903675816
1326,1111,2.41599903675816
1326,1410,2.41599903675816
1326,1265,2.41599903675816
1326,869,2.41599903675816
3,1017,2.41599903675816
3,175,2.41599903675816
538,242,2.41599903675816
538,589,2.41599903675816
452,1017,2.41599903675816
452,175,2.41599903675816
634,1202,2.41599903675816
500,1409,2.41599903675816
500,1114,2.41599903675816
1252,518,2.41599903675816
1252,104,2.41599903675816
65,1155,2.41599903675816
139,99,2.41599903675816
139,297,2.41599903675816
139,728,2.41599903675816
139,1152,2.41599903675816
1260,1385,2.41599903675816
1409,914,2.41599903675816
1409,1184,2.41599903675816
1012,82,2.41599903675816
1012,297,2.41599903675816
1012,400,2.41599903675816
1012,1277,2.41599903675816
1012,244,2.41599903675816
1012,667,2.41599903675816
490,1457,2.41599903675816
490,586,2.41599903675816
200,1144,2.41599903675816
200,304,2.41599903675816
200,755,2.41599903675816
897,934,2.41599903675816
897,152,2.41599903675816
897,154,2.41599903675816
572,901,2.41599903675816
572,25,2.41599903675816
1297,529,2.41599903675816
1297,373,2.41599903675816
1297,204,2.41599903675816
331,829,2.41599903675816
808,4,2.41599903675816
808,267,2.41599903675816
808,594,2.41599903675816
808,509,2.41599903675816
808,657,2.41599903675816
830,529,2.41599903675816
392,1411,2.41599903675816
392,302,2.41599903675816
392,944,2.41599903675816
392,89,2.41599903675816
392,489,2.41599903675816
392,67,2.41599903675816
1342,237,2.41599903675816
1342,736,2.41599903675816
1342,627,2.41599903675816
642,1298,2.41599903675816
642,217,2.41599903675816
642,1424,2.41599903675816
448,1345,2.41599903675816
448,1437,2.41599903675816
833,1372,2.41599903675816
833,132,2.41599903675816
1474,467,2.41599903675816
1189,187,2.41599903675816
1189,217,2.41599903675816
1189,70,2.41599903675816
191,1095,2.41599903675816
191,289,2.41599903675816
1164,18,2.41599903675816
1298,1201,2.41599903675816
1298,1015,2.41599903675816
1298,986,2.41599903675816
237,810,2.41599903675816
237,924,2.41599903675816
237,186,2.41599903675816
237,1470,2.41599903675816
237,1496,2.41599903675816
237,1304,2.41599903675816
237,1468,2.41599903675816
1363,176,2.41599903675816
1363,1111,2.41599903675816
1363,1410,2.41599903675816
1363,1265,2.41599903675816
1363,869,2.41599903675816
319,768,2.41599903675816
319,1499,2.41599903675816
319,20,2.41599903675816
319,1274,2.41599903675816
319,70,2.41599903675816
1091,398,2.41599903675816
1365,1308,2.41599903675816
1365,1026,2.41599903675816
1365,1259,2.41599903675816
431,360,2.41599903675816
1145,854,2.41599903675816
1225,353,2.41599903675816
829,882,2.41599903675816
2,968,2.41599903675816
77,1476,2.41599903675816
77,438,2.41599903675816
1479,871,2.41599903675816
379,1509,2.41599903675816
471,90,2.41599903675816
562,553,2.41599903675816
562,239,2.41599903675816
562,1360,2.41599903675816
914,1114,2.41599903675816
1349,744,2.41599903675816
1504,163,2.41599903675816
214,1143,2.41599903675816
544,192,2.41599903675816
544,320,2.41599903675816
1141,99,2.41599903675816
1141,297,2.41599903675816
1141,728,2.41599903675816
1141,1152,2.41599903675816
118,799,2.41599903675816
118,375,2.41599903675816
1337,1095,2.41599903675816
1337,289,2.41599903675816
1085,20,2.41599903675816
1497,347,2.41599903675816
1497,903,2.41599903675816
140,411,2.41599903675816
140,225,2.41599903675816
1090,1202,2.41599903675816
1090,1182,2.41599903675816
80,157,2.41599903675816
391,121,2.41599903675816
336,1114,2.41599903675816
1088,197,2.41599903675816
1088,660,2.41599903675816
1088,504,2.41599903675816
1088,1484,2.41599903675816
1088,869,2.41599903675816
874,901,2.41599903675816
874,25,2.41599903675816
1036,1411,2.41599903675816
1036,302,2.41599903675816
1036,944,2.41599903675816
1036,89,2.41599903675816
1036,489,2.41599903675816
1036,67,2.41599903675816
1108,347,2.41599903675816
1108,903,2.41599903675816
491,187,2.41599903675816
491,217,2.41599903675816
491,70,2.41599903675816
794,744,2.41599903675816
192,351,2.41599903675816
192,338,2.41599903675816
192,1086,2.41599903675816
192,440,2.41599903675816
192,1316,2.41599903675816
192,1481,2.41599903675816
1411,1399,2.41599903675816
1411,22,2.41599903675816
1411,1494,2.41599903675816
673,1216,2.41599903675816
673,322,2.41599903675816
673,622,2.41599903675816
114,176,2.41599903675816
114,1111,2.41599903675816
114,1410,2.41599903675816
114,1265,2.41599903675816
114,869,2.41599903675816
962,1209,2.41599903675816
884,715,2.41599903675816
884,579,2.41599903675816
884,386,2.41599903675816
884,894,2.41599903675816
884,756,2.41599903675816
1229,1500,2.41599903675816
1312,405,2.41599903675816
1312,1126,2.41599903675816
1312,393,2.41599903675816
1312,414,2.41599903675816
567,582,2.41599903675816
567,470,2.41599903675816
567,749,2.41599903675816
1345,447,2.41599903675816
1345,137,2.41599903675816
1345,88,2.41599903675816
1345,362,2.41599903675816
1097,473,2.41599903675816
1097,1040,2.41599903675816
97,1113,2.41599903675816
97,969,2.41599903675816
97,739,2.41599903675816
97,100,2.41599903675816
97,1318,2.41599903675816
97,361,2.41599903675816
13,82,2.41599903675816
13,297,2.41599903675816
13,400,2.41599903675816
13,1277,2.41599903675816
13,244,2.41599903675816
13,667,2.41599903675816
1434,1332,2.41599903675816
955,1385,2.41599903675816
847,259,2.41599903675816
847,243,2.41599903675816
915,222,2.41599903675816
915,183,2.41599903675816
915,1533,2.41599903675816
915,702,2.41599903675816
915,1187,2.41599903675816
915,326,2.41599903675816
447,1437,2.41599903675816
633,938,2.41599903675816
1226,553,2.41599903675816
1226,239,2.41599903675816
1226,1360,2.41599903675816
446,537,2.41599903675816
446,1055,2.41599903675816
446,262,2.41599903675816
613,375,2.41599903675816
778,984,2.41599903675816
711,283,2.41599903675816
711,707,2.41599903675816
711,1514,2.41599903675816
711,420,2.41599903675816
845,222,2.41599903675816
845,183,2.41599903675816
845,1533,2.41599903675816
563,632,2.41599903675816
563,240,2.41599903675816
245,646,2.41599903675816
1328,1239,2.41599903675816
841,665,2.41599903675816
1525,264,2.41599903675816
1525,27,2.41599903675816
467,564,2.41599903675816
63,438,2.41599903675816
748,821,2.41599903675816
19,1017,2.41599903675816
19,175,2.41599903675816
1098,526,2.41599903675816
1098,1257,2.41599903675816
578,991,2.41599903675816
222,1039,2.41599903675816
222,453,2.41599903675816
222,155,2.41599903675816
764,382,2.41599903675816
764,413,2.41599903675816
764,1122,2.41599903675816
1498,121,2.41599903675816
201,1245,2.41599903675816
246,99,2.41599903675816
246,297,2.41599903675816
246,728,2.41599903675816
246,1152,2.41599903675816
1118,487,2.41599903675816
1118,166,2.41599903675816
1118,315,2.41599903675816
1017,682,2.41599903675816
1452,1536,2.41599903675816
1452,166,2.41599903675816
1452,315,2.41599903675816
977,570,2.41599903675816
493,1514,2.41599903675816
493,420,2.41599903675816
1048,99,2.41599903675816
1048,297,2.41599903675816
1048,728,2.41599903675816
1048,1152,2.41599903675816
1115,31,2.41599903675816
1115,1492,2.41599903675816
1115,243,2.41599903675816
1115,622,2.41599903675816
324,347,2.41599903675816
324,903,2.41599903675816
636,1023,2.41599903675816
788,777,2.41599903675816
788,646,2.41599903675816
482,16,2.41599903675816
890,1158,2.41599903675816
890,1515,2.41599903675816
1403,492,2.41599903675816
1154,1066,2.41599903675816
1154,784,2.41599903675816
1154,1442,2.41599903675816
608,557,2.41599903675816
608,374,2.41599903675816
608,126,2.41599903675816
608,1197,2.41599903675816
1161,104,2.41599903675816
1053,726,2.41599903675816
941,82,2.41599903675816
941,297,2.41599903675816
941,400,2.41599903675816
941,1277,2.41599903675816
941,244,2.41599903675816
941,667,2.41599903675816
454,356,2.41599903675816
796,625,2.41599903675816
796,1306,2.41599903675816
796,646,2.41599903675816
682,175,2.41599903675816
768,1343,2.41599903675816
768,377,2.41599903675816
768,835,2.41599903675816
768,1217,2.41599903675816
768,525,2.41599903675816
768,710,2.41599903675816
768,444,2.41599903675816
768,1378,2.41599903675816
768,1194,2.41599903675816
768,724,2.41599903675816
768,188,2.41599903675816
768,825,2.41599903675816
242,1050,2.41599903675816
961,1476,2.41599903675816
961,438,2.41599903675816
684,96,2.41599903675816
684,725,2.41599903675816
684,184,2.41599903675816
684,130,2.41599903675816
684,807,2.41599903675816
684,335,2.41599903675816
974,676,2.41599903675816
187,516,2.41599903675816
142,111,2.41599903675816
1050,589,2.41599903675816
1045,4,2.41599903675816
1045,267,2.41599903675816
1045,594,2.41599903675816
1045,509,2.41599903675816
1045,657,2.41599903675816
866,266,2.41599903675816
1206,259,2.41599903675816
1206,243,2.41599903675816
726,577,2.41599903675816
726,1101,2.41599903675816
726,60,2.41599903675816
1467,857,2.41599903675816
1467,760,2.41599903675816
203,1524,2.41599903675816
203,1520,2.41599903675816
1283,176,2.41599903675816
1283,1111,2.41599903675816
1283,1410,2.41599903675816
1283,1265,2.41599903675816
1283,869,2.41599903675816
1174,1202,2.41599903675816
992,553,2.41599903675816
992,239,2.41599903675816
992,1360,2.41599903675816
534,1158,2.41599903675816
534,1515,2.41599903675816
1437,137,2.41599903675816
1437,88,2.41599903675816
871,1230,2.41599903675816
274,322,2.41599903675816
351,320,2.41599903675816
1284,1359,2.41599903675816
1284,1251,2.41599903675816
1284,1416,2.41599903675816
259,625,2.41599903675816
259,189,2.41599903675816
259,1268,2.41599903675816
259,1306,2.41599903675816
259,1293,2.41599903675816
259,721,2.41599903675816
259,57,2.41599903675816
259,164,2.41599903675816
302,1399,2.41599903675816
302,22,2.41599903675816
302,821,2.41599903675816
302,1494,2.41599903675816
145,553,2.41599903675816
145,239,2.41599903675816
145,1360,2.41599903675816
785,270,2.41599903675816
785,399,2.41599903675816
785,255,2.41599903675816
785,1132,2.41599903675816
785,834,2.41599903675816
785,1369,2.41599903675816
785,573,2.41599903675816
785,963,2.41599903675816
1071,438,2.41599903675816
161,1113,2.41599903675816
161,1524,2.41599903675816
161,969,2.41599903675816
161,100,2.41599903675816
161,1318,2.41599903675816
161,361,2.41599903675816
779,744,2.41599903675816
933,669,2.41599903675816
1417,553,2.41599903675816
1113,526,2.41599903675816
1113,1455,2.41599903675816
1113,99,2.41599903675816
1113,1503,2.41599903675816
1113,1238,2.41599903675816
1113,1319,2.41599903675816
1547,115,2.41599903675816
1414,804,2.41599903675816
943,25,2.41599903675816
82,966,2.41599903675816
484,580,2.41599903675816
484,667,2.41599903675816
851,1095,2.41599903675816
997,270,2.41599903675816
997,399,2.41599903675816
997,255,2.41599903675816
997,1132,2.41599903675816
997,834,2.41599903675816
997,1369,2.41599903675816
997,573,2.41599903675816
997,963,2.41599903675816
1466,645,2.41599903675816
570,263,2.41599903675816
4,1420,2.41599903675816
4,1111,2.41599903675816
4,343,2.41599903675816
4,39,2.41599903675816
138,643,2.41599903675816
199,580,2.41599903675816
199,667,2.41599903675816
517,518,2.41599903675816
517,104,2.41599903675816
96,215,2.41599903675816
267,1420,2.41599903675816
267,1111,2.41599903675816
267,343,2.41599903675816
267,39,2.41599903675816
1124,660,2.41599903675816
1124,984,2.41599903675816
1124,1277,2.41599903675816
901,1235,2.41599903675816
901,610,2.41599903675816
1144,1391,2.41599903675816
1144,1515,2.41599903675816
944,1399,2.41599903675816
944,445,2.41599903675816
944,22,2.41599903675816
944,1288,2.41599903675816
944,922,2.41599903675816
944,1494,2.41599903675816
944,62,2.41599903675816
579,906,2.41599903675816
793,1052,2.41599903675816
793,1520,2.41599903675816
1184,401,2.41599903675816
526,969,2.41599903675816
526,100,2.41599903675816
526,1318,2.41599903675816
526,361,2.41599903675816
1323,322,2.41599903675816
428,31,2.41599903675816
523,121,2.41599903675816
549,253,2.41599903675816
549,695,2.41599903675816
322,1276,2.41599903675816
557,1321,2.41599903675816
557,244,2.41599903675816
810,736,2.41599903675816
810,627,2.41599903675816
209,1079,2.41599903675816
209,1193,2.41599903675816
1177,737,2.41599903675816
908,1246,2.41599903675816
31,198,2.41599903675816
31,1511,2.41599903675816
31,1305,2.41599903675816
31,927,2.41599903675816
31,339,2.41599903675816
31,1080,2.41599903675816
31,1539,2.41599903675816
76,1274,2.41599903675816
1455,969,2.41599903675816
1455,100,2.41599903675816
1455,1318,2.41599903675816
1455,361,2.41599903675816
270,676,2.41599903675816
270,305,2.41599903675816
270,511,2.41599903675816
374,1321,2.41599903675816
374,244,2.41599903675816
625,1249,2.41599903675816
625,413,2.41599903675816
476,179,2.41599903675816
180,375,2.41599903675816
881,1122,2.41599903675816
46,632,2.41599903675816
46,240,2.41599903675816
1066,300,2.41599903675816
1066,529,2.41599903675816
1066,641,2.41599903675816
1077,1476,2.41599903675816
1077,438,2.41599903675816
852,744,2.41599903675816
600,197,2.41599903675816
600,660,2.41599903675816
600,504,2.41599903675816
600,1484,2.41599903675816
600,869,2.41599903675816
256,401,2.41599903675816
784,942,2.41599903675816
784,300,2.41599903675816
784,641,2.41599903675816
382,1023,2.41599903675816
1353,347,2.41599903675816
1353,903,2.41599903675816
1439,729,2.41599903675816
487,423,2.41599903675816
120,176,2.41599903675816
120,1111,2.41599903675816
120,1410,2.41599903675816
120,1265,2.41599903675816
120,869,2.41599903675816
1221,1281,2.41599903675816
218,464,2.41599903675816
189,243,2.41599903675816
631,729,2.41599903675816
631,1134,2.41599903675816
630,1182,2.41599903675816
892,438,2.41599903675816
934,1238,2.41599903675816
1202,1051,2.41599903675816
1412,197,2.41599903675816
1412,660,2.41599903675816
1412,504,2.41599903675816
1412,1484,2.41599903675816
1412,869,2.41599903675816
766,172,2.41599903675816
766,680,2.41599903675816
766,1500,2.41599903675816
1241,90,2.41599903675816
1399,89,2.41599903675816
1399,489,2.41599903675816
1399,67,2.41599903675816
1492,198,2.41599903675816
1492,1511,2.41599903675816
1492,1305,2.41599903675816
1492,373,2.41599903675816
1492,204,2.41599903675816
1492,1539,2.41599903675816
7,518,2.41599903675816
7,104,2.41599903675816
687,504,2.41599903675816
399,676,2.41599903675816
399,305,2.41599903675816
399,511,2.41599903675816
1448,105,2.41599903675816
1448,627,2.41599903675816
75,1095,2.41599903675816
75,289,2.41599903675816
537,1006,2.41599903675816
537,635,2.41599903675816
537,704,2.41599903675816
333,518,2.41599903675816
333,104,2.41599903675816
128,504,2.41599903675816
1140,676,2.41599903675816
777,1024,2.41599903675816
1499,1343,2.41599903675816
1499,377,2.41599903675816
1499,835,2.41599903675816
1499,1217,2.41599903675816
1499,525,2.41599903675816
1499,710,2.41599903675816
1499,444,2.41599903675816
1499,755,2.41599903675816
1499,1378,2.41599903675816
1499,724,2.41599903675816
1499,188,2.41599903675816
1499,825,2.41599903675816
197,959,2.41599903675816
197,742,2.41599903675816
197,1157,2.41599903675816
197,1491,2.41599903675816
1055,1006,2.41599903675816
1055,635,2.41599903675816
1055,704,2.41599903675816
99,758,2.41599903675816
99,229,2.41599903675816
99,969,2.41599903675816
99,1185,2.41599903675816
99,100,2.41599903675816
99,1318,2.41599903675816
99,350,2.41599903675816
99,361,2.41599903675816
99,1240,2.41599903675816
99,879,2.41599903675816
99,1061,2.41599903675816
99,781,2.41599903675816
89,22,2.41599903675816
89,1494,2.41599903675816
38,1424,2.41599903675816
844,172,2.41599903675816
844,680,2.41599903675816
844,1500,2.41599903675816
536,1476,2.41599903675816
536,438,2.41599903675816
676,1347,2.41599903675816
676,255,2.41599903675816
676,352,2.41599903675816
676,834,2.41599903675816
676,1369,2.41599903675816
676,573,2.41599903675816
676,963,2.41599903675816
553,540,2.41599903675816
553,460,2.41599903675816
553,826,2.41599903675816
553,891,2.41599903675816
553,658,2.41599903675816
553,68,2.41599903675816
285,1514,2.41599903675816
285,1358,2.41599903675816
285,420,2.41599903675816
1167,649,2.41599903675816
297,758,2.41599903675816
297,229,2.41599903675816
297,966,2.41599903675816
297,1185,2.41599903675816
297,350,2.41599903675816
297,1240,2.41599903675816
297,879,2.41599903675816
297,1061,2.41599903675816
297,781,2.41599903675816
1343,20,2.41599903675816
1343,1274,2.41599903675816
1343,70,2.41599903675816
580,264,2.41599903675816
580,741,2.41599903675816
580,1199,2.41599903675816
1524,643,2.41599903675816
1237,1246,2.41599903675816
108,411,2.41599903675816
108,225,2.41599903675816
1420,594,2.41599903675816
1420,509,2.41599903675816
1420,657,2.41599903675816
47,632,2.41599903675816
47,240,2.41599903675816
1006,262,2.41599903675816
473,1493,2.41599903675816
131,1486,2.41599903675816
1532,1132,2.41599903675816
1503,969,2.41599903675816
1503,100,2.41599903675816
1503,1318,2.41599903675816
1503,361,2.41599903675816
385,1299,2.41599903675816
183,1039,2.41599903675816
183,453,2.41599903675816
183,155,2.41599903675816
377,20,2.41599903675816
377,1274,2.41599903675816
377,70,2.41599903675816
758,728,2.41599903675816
758,1152,2.41599903675816
520,1395,2.41599903675816
520,1047,2.41599903675816
832,938,2.41599903675816
229,728,2.41599903675816
229,1152,2.41599903675816
931,804,2.41599903675816
1089,176,2.41599903675816
1089,1111,2.41599903675816
1089,1410,2.41599903675816
1089,1265,2.41599903675816
1089,869,2.41599903675816
736,924,2.41599903675816
736,186,2.41599903675816
736,1470,2.41599903675816
736,1496,2.41599903675816
736,1304,2.41599903675816
736,1468,2.41599903675816
1372,1341,2.41599903675816
1372,306,2.41599903675816
198,243,2.41599903675816
198,622,2.41599903675816
966,400,2.41599903675816
966,1277,2.41599903675816
966,244,2.41599903675816
966,667,2.41599903675816
1307,1332,2.41599903675816
182,519,2.41599903675816
182,347,2.41599903675816
1370,1531,2.41599903675816
1201,217,2.41599903675816
1201,1424,2.41599903675816
489,22,2.41599903675816
489,1494,2.41599903675816
540,239,2.41599903675816
540,1360,2.41599903675816
411,1041,2.41599903675816
411,571,2.41599903675816
239,460,2.41599903675816
239,826,2.41599903675816
239,891,2.41599903675816
239,658,2.41599903675816
239,68,2.41599903675816
310,470,2.41599903675816
310,749,2.41599903675816
1533,1039,2.41599903675816
1533,453,2.41599903675816
1533,155,2.41599903675816
213,1249,2.41599903675816
213,1267,2.41599903675816
320,1086,2.41599903675816
320,440,2.41599903675816
1238,969,2.41599903675816
1238,152,2.41599903675816
1238,100,2.41599903675816
1238,1318,2.41599903675816
1238,154,2.41599903675816
1238,361,2.41599903675816
959,660,2.41599903675816
959,504,2.41599903675816
959,1484,2.41599903675816
959,869,2.41599903675816
969,1319,2.41599903675816
1109,1195,2.41599903675816
1273,1034,2.41599903675816
660,742,2.41599903675816
660,1157,2.41599903675816
702,1039,2.41599903675816
702,155,2.41599903675816
518,921,2.41599903675816
518,597,2.41599903675816
305,255,2.41599903675816
305,834,2.41599903675816
305,1369,2.41599903675816
305,573,2.41599903675816
305,840,2.41599903675816
305,963,2.41599903675816
1385,177,2.41599903675816
1385,258,2.41599903675816
271,356,2.41599903675816
693,1246,2.41599903675816
1332,252,2.41599903675816
1332,895,2.41599903675816
470,367,2.41599903675816
504,742,2.41599903675816
504,1157,2.41599903675816
632,701,2.41599903675816
632,1081,2.41599903675816
632,1205,2.41599903675816
741,667,2.41599903675816
225,1041,2.41599903675816
225,571,2.41599903675816
742,1484,2.41599903675816
742,869,2.41599903675816
104,921,2.41599903675816
104,597,2.41599903675816
104,1210,2.41599903675816
744,505,2.41599903675816
605,492,2.41599903675816
635,262,2.41599903675816
1087,755,2.41599903675816
1087,1317,2.41599903675816
964,347,2.41599903675816
964,903,2.41599903675816
728,1185,2.41599903675816
728,350,2.41599903675816
728,1240,2.41599903675816
728,879,2.41599903675816
728,1061,2.41599903675816
728,646,2.41599903675816
728,781,2.41599903675816
91,176,2.41599903675816
91,1111,2.41599903675816
91,1410,2.41599903675816
91,1265,2.41599903675816
91,869,2.41599903675816
157,384,2.41599903675816
157,1440,2.41599903675816
157,6,2.41599903675816
1391,304,2.41599903675816
725,215,2.41599903675816
1511,243,2.41599903675816
1511,622,2.41599903675816
1262,938,2.41599903675816
20,835,2.41599903675816
20,1217,2.41599903675816
20,525,2.41599903675816
20,710,2.41599903675816
20,444,2.41599903675816
20,1378,2.41599903675816
20,1147,2.41599903675816
20,724,2.41599903675816
20,188,2.41599903675816
20,825,2.41599903675816
1360,460,2.41599903675816
1360,826,2.41599903675816
1360,891,2.41599903675816
1360,658,2.41599903675816
1360,68,2.41599903675816
701,240,2.41599903675816
184,215,2.41599903675816
1235,25,2.41599903675816
300,1442,2.41599903675816
445,1321,2.41599903675816
445,546,2.41599903675816
1377,991,2.41599903675816
1423,176,2.41599903675816
1423,1111,2.41599903675816
1423,1410,2.41599903675816
1423,1265,2.41599903675816
1423,869,2.41599903675816
294,176,2.41599903675816
294,1111,2.41599903675816
294,1410,2.41599903675816
294,1265,2.41599903675816
294,869,2.41599903675816
924,627,2.41599903675816
1305,243,2.41599903675816
1305,622,2.41599903675816
22,67,2.41599903675816
441,1158,2.41599903675816
441,1515,2.41599903675816
1095,762,2.41599903675816
511,255,2.41599903675816
511,834,2.41599903675816
511,1369,2.41599903675816
511,573,2.41599903675816
511,875,2.41599903675816
511,963,2.41599903675816
1268,243,2.41599903675816
205,495,2.41599903675816
1538,1255,2.41599903675816
1185,1152,2.41599903675816
762,289,2.41599903675816
1501,105,2.41599903675816
1501,627,2.41599903675816
1486,1456,2.41599903675816
551,1514,2.41599903675816
551,1358,2.41599903675816
551,420,2.41599903675816
835,1274,2.41599903675816
835,70,2.41599903675816
130,215,2.41599903675816
100,1319,2.41599903675816
1040,1493,2.41599903675816
215,807,2.41599903675816
215,335,2.41599903675816
1200,121,2.41599903675816
1200,1476,2.41599903675816
1200,1410,2.41599903675816
1200,492,2.41599903675816
176,1074,2.41599903675816
176,1254,2.41599903675816
176,1516,2.41599903675816
176,607,2.41599903675816
176,469,2.41599903675816
1032,1116,2.41599903675816
67,1494,2.41599903675816
1143,824,2.41599903675816
1143,1340,2.41599903675816
262,704,2.41599903675816
1217,1274,2.41599903675816
1217,70,2.41599903675816
1187,1039,2.41599903675816
1187,155,2.41599903675816
800,349,2.41599903675816
1039,326,2.41599903675816
172,406,2.41599903675816
1318,1319,2.41599903675816
594,1111,2.41599903675816
594,343,2.41599903675816
594,39,2.41599903675816
1446,704,2.41599903675816
406,782,2.41599903675816
109,1209,2.41599903675816
1490,1398,2.41599903675816
753,347,2.41599903675816
753,903,2.41599903675816
1244,106,2.41599903675816
11,982,2.41599903675816
11,1255,2.41599903675816
253,328,2.41599903675816
98,1255,2.41599903675816
525,1274,2.41599903675816
525,70,2.41599903675816
1458,1158,2.41599903675816
1458,1515,2.41599903675816
298,804,2.41599903675816
1249,1306,2.41599903675816
355,18,2.41599903675816
1111,1074,2.41599903675816
1111,509,2.41599903675816
1111,1254,2.41599903675816
1111,657,2.41599903675816
1111,1516,2.41599903675816
1111,607,2.41599903675816
1111,469,2.41599903675816
1288,1321,2.41599903675816
1288,546,2.41599903675816
156,1374,2.41599903675816
1234,105,2.41599903675816
1234,627,2.41599903675816
1247,464,2.41599903675816
364,1246,2.41599903675816
710,1274,2.41599903675816
710,70,2.41599903675816
328,695,2.41599903675816
1074,1410,2.41599903675816
1074,1265,2.41599903675816
1074,869,2.41599903675816
126,1321,2.41599903675816
126,244,2.41599903675816
389,438,2.41599903675816
217,1015,2.41599903675816
217,516,2.41599903675816
217,986,2.41599903675816
1266,1354,2.41599903675816
1442,373,2.41599903675816
1442,204,2.41599903675816
1442,641,2.41599903675816
1152,350,2.41599903675816
1152,1240,2.41599903675816
1152,879,2.41599903675816
1152,1061,2.41599903675816
1152,781,2.41599903675816
509,343,2.41599903675816
509,39,2.41599903675816
1157,1484,2.41599903675816
1157,869,2.41599903675816
645,442,2.41599903675816
240,916,2.41599903675816
240,1205,2.41599903675816
306,132,2.41599903675816
1209,690,2.41599903675816
304,1515,2.41599903675816
202,1029,2.41599903675816
505,1535,2.41599903675816
186,627,2.41599903675816
1246,656,2.41599903675816
1410,1254,2.41599903675816
1410,1516,2.41599903675816
1410,607,2.41599903675816
1410,469,2.41599903675816
699,312,2.41599903675816
1306,413,2.41599903675816
1274,444,2.41599903675816
1274,1378,2.41599903675816
1274,724,2.41599903675816
1274,188,2.41599903675816
1274,825,2.41599903675816
1254,1265,2.41599903675816
1254,869,2.41599903675816
326,155,2.41599903675816
860,278,2.41599903675816
1293,243,2.41599903675816
1487,1183,2.41599903675816
665,939,2.41599903675816
1265,1516,2.41599903675816
1265,607,2.41599903675816
1265,469,2.41599903675816
1195,1375,2.41599903675816
361,1319,2.41599903675816
279,938,2.41599903675816
657,343,2.41599903675816
657,39,2.41599903675816
1516,869,2.41599903675816
1015,1424,2.41599903675816
1470,627,2.41599903675816
181,18,2.41599903675816
869,607,2.41599903675816
869,469,2.41599903675816
912,1376,2.41599903675816
1496,627,2.41599903675816
887,1354,2.41599903675816
444,70,2.41599903675816
179,828,2.41599903675816
922,1321,2.41599903675816
922,546,2.41599903675816
367,749,2.41599903675816
877,1194,2.41599903675816
1539,243,2.41599903675816
1539,622,2.41599903675816
1158,1082,2.41599903675816
1424,986,2.41599903675816
1378,70,2.41599903675816
70,724,2.41599903675816
70,516,2.41599903675816
70,188,2.41599903675816
70,825,2.41599903675816
1255,691,2.41599903675816
1255,115,2.41599903675816
1512,1304,2.41599903675816
1321,1197,2.41599903675816
1321,62,2.41599903675816
1083,646,2.41599903675816
1197,244,2.41599903675816
840,782,2.41599903675816
721,243,2.41599903675816
968,951,2.41599903675816
132,503,2.41599903675816
1313,18,2.41599903675816
1199,667,2.41599903675816
57,243,2.41599903675816
1082,1515,2.41599903675816
546,62,2.41599903675816
1468,627,2.41599903675816
243,164,2.41599903675816
5,1445,2.41435122602869
1445,1271,2.41435122602869
1002,1224,2.41435122602869
1002,1120,2.41435122602869
1002,1016,2.41435122602869
1271,532,2.41435122602869
996,734,2.41435122602869
1224,994,2.41435122602869
1224,688,2.41435122602869
994,1016,2.41435122602869
994,1060,2.41435122602869
1120,210,2.41435122602869
1120,688,2.41435122602869
210,1016,2.41435122602869
210,407,2.41435122602869
1016,765,2.41435122602869
1016,888,2.41435122602869
1016,437,2.41435122602869
765,1060,2.41435122602869
960,1084,2.41435122602869
960,168,2.41435122602869
734,168,2.41435122602869
1067,83,2.41435122602869
774,354,2.41424049209105
10,147,2.4093601023571
575,1300,2.4093601023571
575,612,2.4093601023571
1178,1542,2.4093601023571
94,1203,2.4093601023571
1300,1480,2.4093601023571
1300,1203,2.4093601023571
1480,612,2.4093601023571
1009,66,2.4093601023571
1030,1203,2.4093601023571
1030,230,2.4093601023571
612,1203,2.4093601023571
774,206,2.38989176591254
774,35,2.38989176591254
466,1094,2.38989176591254
670,1133,2.38989176591254
1382,354,2.38989176591254
354,1133,2.38989176591254
451,370,2.36878025452827
366,317,2.36843920734162
1371,772,2.36843920734162
1371,1214,2.36843920734162
508,308,2.36843920734162
30,317,2.36843920734162
165,1214,2.36843920734162
56,257,2.36843920734162
149,843,2.36843920734162
763,1243,2.35768635759921
763,1482,2.35768635759921
459,965,2.35768635759921
1280,37,2.35768635759921
1280,468,2.35768635759921
602,468,2.35768635759921
1211,1166,2.35768635759921
730,288,2.35768635759921
291,747,2.35768635759921
133,29,2.35402013111911
714,247,2.34305055112991
575,932,2.34305055112991
1542,1331,2.34305055112991
1542,287,2.34305055112991
1331,1508,2.34305055112991
1203,932,2.34305055112991
281,932,2.34305055112991
5,380,2.32810862789756
1271,234,2.32810862789756
994,1320,2.32810862789756
1320,210,2.32810862789756
1320,765,2.32810862789756
1320,809,2.32810862789756
1320,688,2.32810862789756
210,850,2.32810862789756
234,1291,2.32810862789756
234,809,2.32810862789756
765,850,2.32810862789756
380,1291,2.32810862789756
380,809,2.32810862789756
380,688,2.32810862789756
1543,1495,2.32810862789756
1543,1540,2.32810862789756
58,74,2.32810862789756
424,193,2.32810862789756
850,888,2.32810862789756
850,437,2.32810862789756
850,809,2.32810862789756
850,688,2.32810862789756
49,74,2.32810862789756
1445,410,2.31847594755529
1445,168,2.31847594755529
996,168,2.31847594755529
1224,1060,2.31847594755529
1016,346,2.31847594755529
1016,1060,2.31847594755529
40,532,2.31847594755529
532,1327,2.31847594755529
1526,257,2.31451956312176
1072,820,2.31451956312176
1072,843,2.31451956312176
1072,1290,2.31451956312176
1072,1444,2.31451956312176
528,1290,2.31451956312176
337,1168,2.31451956312176
337,1290,2.31451956312176
843,910,2.31451956312176
1168,910,2.31451956312176
337,1231,2.31066662220102
1537,29,2.30130785515259
1117,45,2.29877569857019
10,439,2.28582891336607
1008,1211,2.28582891336607
439,815,2.28582891336607
439,612,2.28582891336607
1009,329,2.28582891336607
468,612,2.28582891336607
612,1211,2.28582891336607
612,730,2.28582891336607
730,463,2.28582891336607
291,542,2.28582891336607
1027,1203,2.28146791332289
1027,230,2.28146791332289
1361,806,2.28146791332289
714,806,2.28146791332289
323,896,2.28146791332289
575,408,2.28146791332289
575,896,2.28146791332289
1292,806,2.28146791332289
403,806,2.28146791332289
1542,435,2.28146791332289
1302,677,2.28146791332289
1302,488,2.28146791332289
408,1310,2.28146791332289
677,806,2.28146791332289
1203,896,2.28146791332289
281,896,2.28146791332289
281,435,2.28146791332289
806,488,2.28146791332289
165,133,2.26382483123239
675,1107,2.26025048556913
771,1107,2.26025048556913
839,451,2.26025048556913
451,864,2.26025048556913
451,554,2.26025048556913
85,1107,2.26025048556913
1382,1107,2.26025048556913
1107,1059,2.26025048556913
1518,674,2.26025048556913
1064,1236,2.26025048556913
5,376,2.24979318650951
1271,876,2.24979318650951
1280,83,2.24979318650951
814,1165,2.24979318650951
602,1291,2.24979318650951
602,688,2.24979318650951
318,1159,2.24979318650951
318,708,2.24979318650951
210,747,2.24979318650951
648,1291,2.24979318650951
1428,734,2.24979318650951
765,747,2.24979318650951
342,58,2.24979318650951
888,747,2.24979318650951
288,809,2.24979318650951
437,747,2.24979318650951
522,221,2.23905770733477
522,207,2.23905770733477
629,280,2.23905770733477
858,26,2.23905770733477
429,44,2.23905770733477
429,953,2.23905770733477
1388,1056,2.23905770733477
647,1502,2.23905770733477
647,1001,2.23905770733477
1384,1315,2.23905770733477
1384,898,2.23905770733477
59,1135,2.23905770733477
418,1315,2.23905770733477
418,898,2.23905770733477
474,926,2.23905770733477
474,301,2.23905770733477
474,949,2.23905770733477
474,512,2.23905770733477
474,616,2.23905770733477
235,1139,2.23905770733477
221,1113,2.23905770733477
221,934,2.23905770733477
221,969,2.23905770733477
221,152,2.23905770733477
221,100,2.23905770733477
221,1318,2.23905770733477
221,154,2.23905770733477
221,361,2.23905770733477
1396,430,2.23905770733477
1286,314,2.23905770733477
1338,1056,2.23905770733477
1338,588,2.23905770733477
1338,36,2.23905770733477
502,1419,2.23905770733477
1326,185,2.23905770733477
1326,611,2.23905770733477
1326,662,2.23905770733477
1326,967,2.23905770733477
485,572,2.23905770733477
485,874,2.23905770733477
485,846,2.23905770733477
485,38,2.23905770733477
485,1235,2.23905770733477
827,448,2.23905770733477
827,947,2.23905770733477
827,447,2.23905770733477
827,137,2.23905770733477
827,88,2.23905770733477
827,755,2.23905770733477
3,185,2.23905770733477
452,185,2.23905770733477
926,890,2.23905770733477
926,41,2.23905770733477
926,534,2.23905770733477
926,231,2.23905770733477
926,983,2.23905770733477
926,441,2.23905770733477
926,1458,2.23905770733477
926,1082,2.23905770733477
369,1014,2.23905770733477
65,286,2.23905770733477
139,1502,2.23905770733477
139,1001,2.23905770733477
1394,273,2.23905770733477
1394,250,2.23905770733477
1394,358,2.23905770733477
116,1336,2.23905770733477
116,498,2.23905770733477
116,464,2.23905770733477
348,48,2.23905770733477
1260,1427,2.23905770733477
1260,26,2.23905770733477
1260,416,2.23905770733477
1260,1046,2.23905770733477
455,610,2.23905770733477
174,642,2.23905770733477
174,1113,2.23905770733477
174,1201,2.23905770733477
174,969,2.23905770733477
174,100,2.23905770733477
174,1318,2.23905770733477
174,1514,2.23905770733477
174,361,2.23905770733477
174,1015,2.23905770733477
174,420,2.23905770733477
174,986,2.23905770733477
103,77,2.23905770733477
103,63,2.23905770733477
103,961,2.23905770733477
103,1071,2.23905770733477
103,1077,2.23905770733477
103,630,2.23905770733477
103,892,2.23905770733477
103,536,2.23905770733477
103,389,2.23905770733477
148,715,2.23905770733477
148,1541,2.23905770733477
148,386,2.23905770733477
148,894,2.23905770733477
148,756,2.23905770733477
1502,544,2.23905770733477
1502,1141,2.23905770733477
1502,246,2.23905770733477
1502,1048,2.23905770733477
1502,351,2.23905770733477
1502,758,2.23905770733477
1502,229,2.23905770733477
1502,1185,2.23905770733477
1502,1086,2.23905770733477
1502,440,2.23905770733477
1502,350,2.23905770733477
1502,1240,2.23905770733477
1502,879,2.23905770733477
1502,1061,2.23905770733477
1502,781,2.23905770733477
395,392,2.23905770733477
395,122,2.23905770733477
395,1036,2.23905770733477
395,1399,2.23905770733477
395,22,2.23905770733477
395,1408,2.23905770733477
395,396,2.23905770733477
395,1494,2.23905770733477
185,1363,2.23905770733477
185,114,2.23905770733477
185,19,2.23905770733477
185,682,2.23905770733477
185,1283,2.23905770733477
185,120,2.23905770733477
185,1089,2.23905770733477
185,91,2.23905770733477
185,1423,2.23905770733477
185,294,2.23905770733477
185,1074,2.23905770733477
185,1254,2.23905770733477
185,1516,2.23905770733477
185,607,2.23905770733477
185,469,2.23905770733477
572,1339,2.23905770733477
572,560,2.23905770733477
290,54,2.23905770733477
290,659,2.23905770733477
42,962,2.23905770733477
42,109,2.23905770733477
42,690,2.23905770733477
970,940,2.23905770733477
392,862,2.23905770733477
392,286,2.23905770733477
392,14,2.23905770733477
392,604,2.23905770733477
392,236,2.23905770733477
1342,69,2.23905770733477
69,810,2.23905770733477
69,1448,2.23905770733477
69,924,2.23905770733477
69,1501,2.23905770733477
69,1234,2.23905770733477
69,186,2.23905770733477
69,1470,2.23905770733477
69,1496,2.23905770733477
69,1106,2.23905770733477
69,1468,2.23905770733477
642,273,2.23905770733477
642,978,2.23905770733477
448,170,2.23905770733477
833,280,2.23905770733477
1250,79,2.23905770733477
1250,334,2.23905770733477
1164,1427,2.23905770733477
1164,789,2.23905770733477
1164,598,2.23905770733477
1164,0,2.23905770733477
1427,955,2.23905770733477
1427,355,2.23905770733477
1427,177,2.23905770733477
1427,181,2.23905770733477
1427,258,2.23905770733477
1363,611,2.23905770733477
1363,662,2.23905770733477
1363,967,2.23905770733477
319,1311,2.23905770733477
319,390,2.23905770733477
319,611,2.23905770733477
319,1348,2.23905770733477
319,560,2.23905770733477
319,1139,2.23905770733477
535,1139,2.23905770733477
1528,36,2.23905770733477
431,32,2.23905770733477
562,618,2.23905770733477
562,207,2.23905770733477
562,14,2.23905770733477
562,865,2.23905770733477
562,900,2.23905770733477
301,890,2.23905770733477
301,534,2.23905770733477
301,441,2.23905770733477
301,1458,2.23905770733477
301,646,2.23905770733477
301,1082,2.23905770733477
301,609,2.23905770733477
655,445,2.23905770733477
655,1288,2.23905770733477
655,922,2.23905770733477
655,62,2.23905770733477
214,1035,2.23905770733477
544,426,2.23905770733477
1141,1001,2.23905770733477
1085,1429,2.23905770733477
26,1229,2.23905770733477
26,955,2.23905770733477
26,177,2.23905770733477
26,1255,2.23905770733477
26,258,2.23905770733477
44,913,2.23905770733477
496,1405,2.23905770733477
140,125,2.23905770733477
949,563,2.23905770733477
949,890,2.23905770733477
949,534,2.23905770733477
949,46,2.23905770733477
949,47,2.23905770733477
949,701,2.23905770733477
949,441,2.23905770733477
949,1458,2.23905770733477
949,1205,2.23905770733477
949,1082,2.23905770733477
949,609,2.23905770733477
336,615,2.23905770733477
1056,222,2.23905770733477
1056,1161,2.23905770733477
1056,183,2.23905770733477
1056,1533,2.23905770733477
1056,1210,2.23905770733477
874,1339,2.23905770733477
874,560,2.23905770733477
1068,934,2.23905770733477
1068,152,2.23905770733477
1068,739,2.23905770733477
1068,154,2.23905770733477
1036,862,2.23905770733477
1036,286,2.23905770733477
1036,14,2.23905770733477
1036,604,2.23905770733477
1036,236,2.23905770733477
113,1531,2.23905770733477
1156,141,2.23905770733477
1433,430,2.23905770733477
628,974,2.23905770733477
628,476,2.23905770733477
628,1448,2.23905770733477
628,1140,2.23905770733477
628,1347,2.23905770733477
628,1501,2.23905770733477
628,1234,2.23905770733477
628,352,2.23905770733477
628,828,2.23905770733477
114,611,2.23905770733477
114,662,2.23905770733477
114,967,2.23905770733477
1389,12,2.23905770733477
993,1139,2.23905770733477
743,430,2.23905770733477
543,430,2.23905770733477
955,416,2.23905770733477
955,1046,2.23905770733477
757,430,2.23905770733477
847,588,2.23905770733477
847,754,2.23905770733477
847,978,2.23905770733477
862,1399,2.23905770733477
862,22,2.23905770733477
862,821,2.23905770733477
862,1494,2.23905770733477
447,170,2.23905770733477
24,1449,2.23905770733477
633,1419,2.23905770733477
1519,483,2.23905770733477
1226,618,2.23905770733477
1226,207,2.23905770733477
1226,14,2.23905770733477
1226,865,2.23905770733477
1226,900,2.23905770733477
119,430,2.23905770733477
169,273,2.23905770733477
169,250,2.23905770733477
169,358,2.23905770733477
563,761,2.23905770733477
1102,486,2.23905770733477
1102,1368,2.23905770733477
1102,1313,2.23905770733477
1102,1398,2.23905770733477
63,754,2.23905770733477
286,1399,2.23905770733477
286,22,2.23905770733477
286,1494,2.23905770733477
623,537,2.23905770733477
623,1055,2.23905770733477
623,702,2.23905770733477
623,262,2.23905770733477
623,1187,2.23905770733477
623,326,2.23905770733477
623,819,2.23905770733477
222,588,2.23905770733477
222,36,2.23905770733477
1333,1076,2.23905770733477
913,953,2.23905770733477
715,601,2.23905770733477
715,125,2.23905770733477
715,1373,2.23905770733477
246,1001,2.23905770733477
1048,1001,2.23905770733477
1135,871,2.23905770733477
1135,117,2.23905770733477
1135,697,2.23905770733477
890,512,2.23905770733477
890,616,2.23905770733477
41,1315,2.23905770733477
552,1344,2.23905770733477
1222,1113,2.23905770733477
1222,969,2.23905770733477
1222,100,2.23905770733477
1222,1318,2.23905770733477
1222,361,2.23905770733477
1222,610,2.23905770733477
405,547,2.23905770733477
405,340,2.23905770733477
601,1541,2.23905770733477
601,386,2.23905770733477
601,894,2.23905770733477
601,756,2.23905770733477
1206,588,2.23905770733477
1206,754,2.23905770733477
1206,978,2.23905770733477
1283,611,2.23905770733477
1283,662,2.23905770733477
1283,967,2.23905770733477
587,12,2.23905770733477
992,618,2.23905770733477
992,207,2.23905770733477
992,14,2.23905770733477
992,865,2.23905770733477
992,900,2.23905770733477
534,512,2.23905770733477
534,616,2.23905770733477
351,426,2.23905770733477
145,618,2.23905770733477
145,207,2.23905770733477
145,14,2.23905770733477
145,865,2.23905770733477
145,900,2.23905770733477
1071,754,2.23905770733477
433,995,2.23905770733477
1339,1235,2.23905770733477
1113,547,2.23905770733477
1113,314,2.23905770733477
137,170,2.23905770733477
141,1069,2.23905770733477
141,117,2.23905770733477
141,136,2.23905770733477
1311,1343,2.23905770733477
1311,377,2.23905770733477
1311,835,2.23905770733477
1311,1217,2.23905770733477
1311,1446,2.23905770733477
1311,525,2.23905770733477
1311,710,2.23905770733477
1311,444,2.23905770733477
1311,1378,2.23905770733477
1311,106,2.23905770733477
1311,724,2.23905770733477
1311,188,2.23905770733477
1311,825,2.23905770733477
618,428,2.23905770733477
618,1308,2.23905770733477
618,1026,2.23905770733477
618,540,2.23905770733477
618,927,2.23905770733477
618,339,2.23905770733477
618,460,2.23905770733477
618,826,2.23905770733477
618,891,2.23905770733477
618,1080,2.23905770733477
618,658,2.23905770733477
618,1259,2.23905770733477
618,68,2.23905770733477
1541,1373,2.23905770733477
1541,194,2.23905770733477
4,170,2.23905770733477
138,662,2.23905770733477
269,430,2.23905770733477
1449,428,2.23905770733477
1449,625,2.23905770733477
1449,1275,2.23905770733477
1449,927,2.23905770733477
1449,339,2.23905770733477
1449,1080,2.23905770733477
1449,1306,2.23905770733477
925,1448,2.23905770733477
925,1501,2.23905770733477
925,1234,2.23905770733477
588,189,2.23905770733477
588,1253,2.23905770733477
588,183,2.23905770733477
588,1533,2.23905770733477
588,1268,2.23905770733477
588,1293,2.23905770733477
588,721,2.23905770733477
588,1272,2.23905770733477
588,57,2.23905770733477
588,164,2.23905770733477
96,250,2.23905770733477
96,358,2.23905770733477
96,426,2.23905770733477
96,886,2.23905770733477
267,170,2.23905770733477
1171,1034,2.23905770733477
92,859,2.23905770733477
579,1373,2.23905770733477
579,194,2.23905770733477
1261,283,2.23905770733477
1261,707,2.23905770733477
1261,1514,2.23905770733477
1261,1358,2.23905770733477
1261,420,2.23905770733477
1534,430,2.23905770733477
428,761,2.23905770733477
995,821,2.23905770733477
207,540,2.23905770733477
207,460,2.23905770733477
207,826,2.23905770733477
207,891,2.23905770733477
207,658,2.23905770733477
207,68,2.23905770733477
557,754,2.23905770733477
557,967,2.23905770733477
557,233,2.23905770733477
231,1315,2.23905770733477
621,1076,2.23905770733477
1285,430,2.23905770733477
603,1282,2.23905770733477
1359,236,2.23905770733477
1359,359,2.23905770733477
270,314,2.23905770733477
789,27,2.23905770733477
789,355,2.23905770733477
789,181,2.23905770733477
374,754,2.23905770733477
374,967,2.23905770733477
374,233,2.23905770733477
625,761,2.23905770733477
881,889,2.23905770733477
899,341,2.23905770733477
899,1218,2.23905770733477
46,761,2.23905770733477
120,611,2.23905770733477
120,662,2.23905770733477
120,967,2.23905770733477
189,754,2.23905770733477
189,978,2.23905770733477
892,754,2.23905770733477
934,898,2.23905770733477
983,1315,2.23905770733477
766,1478,2.23905770733477
1399,14,2.23905770733477
1399,604,2.23905770733477
1399,236,2.23905770733477
750,14,2.23905770733477
687,1215,2.23905770733477
687,859,2.23905770733477
687,1046,2.23905770733477
399,314,2.23905770733477
537,512,2.23905770733477
128,1215,2.23905770733477
128,859,2.23905770733477
128,1046,2.23905770733477
582,1506,2.23905770733477
716,365,2.23905770733477
1055,512,2.23905770733477
844,1478,2.23905770733477
615,1034,2.23905770733477
1343,390,2.23905770733477
1343,611,2.23905770733477
1343,1348,2.23905770733477
1343,560,2.23905770733477
1343,1139,2.23905770733477
108,125,2.23905770733477
47,761,2.23905770733477
131,1139,2.23905770733477
1419,1514,2.23905770733477
1419,420,2.23905770733477
273,1201,2.23905770733477
273,1015,2.23905770733477
273,486,2.23905770733477
273,1368,2.23905770733477
273,110,2.23905770733477
273,986,2.23905770733477
1253,616,2.23905770733477
183,36,2.23905770733477
377,390,2.23905770733477
377,611,2.23905770733477
377,1348,2.23905770733477
377,560,2.23905770733477
377,1139,2.23905770733477
758,1001,2.23905770733477
832,1215,2.23905770733477
832,173,2.23905770733477
229,1001,2.23905770733477
422,1139,2.23905770733477
1089,611,2.23905770733477
1089,662,2.23905770733477
1089,967,2.23905770733477
596,1104,2.23905770733477
596,406,2.23905770733477
596,672,2.23905770733477
770,1315,2.23905770733477
770,898,2.23905770733477
1478,54,2.23905770733477
1478,659,2.23905770733477
1478,646,2.23905770733477
1215,1262,2.23905770733477
1215,279,2.23905770733477
1201,978,2.23905770733477
540,14,2.23905770733477
540,865,2.23905770733477
540,900,2.23905770733477
264,194,2.23905770733477
598,355,2.23905770733477
598,181,2.23905770733477
1110,136,2.23905770733477
1533,36,2.23905770733477
479,1136,2.23905770733477
479,624,2.23905770733477
479,299,2.23905770733477
196,1315,2.23905770733477
196,849,2.23905770733477
969,547,2.23905770733477
969,314,2.23905770733477
550,1139,2.23905770733477
654,1506,2.23905770733477
654,314,2.23905770733477
971,430,2.23905770733477
307,1315,2.23905770733477
307,898,2.23905770733477
1219,646,2.23905770733477
250,725,2.23905770733477
250,184,2.23905770733477
250,130,2.23905770733477
250,807,2.23905770733477
250,335,2.23905770733477
250,110,2.23905770733477
14,22,2.23905770733477
14,460,2.23905770733477
14,826,2.23905770733477
14,891,2.23905770733477
14,658,2.23905770733477
14,68,2.23905770733477
14,1494,2.23905770733477
754,1268,2.23905770733477
754,126,2.23905770733477
754,389,2.23905770733477
754,1293,2.23905770733477
754,1197,2.23905770733477
754,721,2.23905770733477
754,57,2.23905770733477
754,164,2.23905770733477
173,1262,2.23905770733477
173,406,2.23905770733477
173,279,2.23905770733477
390,1381,2.23905770733477
390,835,2.23905770733477
390,1217,2.23905770733477
390,525,2.23905770733477
390,710,2.23905770733477
390,444,2.23905770733477
390,1378,2.23905770733477
390,724,2.23905770733477
390,188,2.23905770733477
390,825,2.23905770733477
811,1139,2.23905770733477
1251,236,2.23905770733477
1251,359,2.23905770733477
1130,1029,2.23905770733477
1463,117,2.23905770733477
1463,1374,2.23905770733477
604,22,2.23905770733477
604,1494,2.23905770733477
91,611,2.23905770733477
91,662,2.23905770733477
91,967,2.23905770733477
1430,1506,2.23905770733477
1430,314,2.23905770733477
725,358,2.23905770733477
725,426,2.23905770733477
725,886,2.23905770733477
512,441,2.23905770733477
512,262,2.23905770733477
512,1458,2.23905770733477
512,106,2.23905770733477
512,1082,2.23905770733477
547,100,2.23905770733477
547,1318,2.23905770733477
547,414,2.23905770733477
547,361,2.23905770733477
547,840,2.23905770733477
701,761,2.23905770733477
184,358,2.23905770733477
184,426,2.23905770733477
184,886,2.23905770733477
1081,1289,2.23905770733477
152,898,2.23905770733477
1235,560,2.23905770733477
1423,611,2.23905770733477
1423,662,2.23905770733477
1423,967,2.23905770733477
294,611,2.23905770733477
294,662,2.23905770733477
294,967,2.23905770733477
22,236,2.23905770733477
441,616,2.23905770733477
1268,978,2.23905770733477
1185,1001,2.23905770733477
835,611,2.23905770733477
835,1348,2.23905770733477
835,560,2.23905770733477
835,1139,2.23905770733477
130,358,2.23905770733477
130,426,2.23905770733477
130,886,2.23905770733477
100,314,2.23905770733477
611,1217,2.23905770733477
611,525,2.23905770733477
611,710,2.23905770733477
611,1074,2.23905770733477
611,1254,2.23905770733477
611,1516,2.23905770733477
611,444,2.23905770733477
611,607,2.23905770733477
611,1378,2.23905770733477
611,469,2.23905770733477
611,724,2.23905770733477
611,188,2.23905770733477
611,825,2.23905770733477
252,416,2.23905770733477
948,917,2.23905770733477
948,1400,2.23905770733477
948,867,2.23905770733477
1217,1348,2.23905770733477
1217,560,2.23905770733477
1217,1139,2.23905770733477
761,927,2.23905770733477
761,339,2.23905770733477
761,1080,2.23905770733477
761,1306,2.23905770733477
761,1205,2.23905770733477
865,460,2.23905770733477
865,826,2.23905770733477
865,891,2.23905770733477
865,658,2.23905770733477
865,68,2.23905770733477
527,1315,2.23905770733477
527,898,2.23905770733477
1318,314,2.23905770733477
358,807,2.23905770733477
358,335,2.23905770733477
358,110,2.23905770733477
594,170,2.23905770733477
236,1494,2.23905770733477
236,1416,2.23905770733477
406,162,2.23905770733477
255,314,2.23905770733477
1456,1139,2.23905770733477
151,1076,2.23905770733477
569,1506,2.23905770733477
569,314,2.23905770733477
525,1348,2.23905770733477
525,560,2.23905770733477
525,1139,2.23905770733477
1458,616,2.23905770733477
889,1404,2.23905770733477
889,503,2.23905770733477
355,0,2.23905770733477
1001,350,2.23905770733477
1001,1240,2.23905770733477
1001,879,2.23905770733477
1001,1061,2.23905770733477
1001,781,2.23905770733477
1287,1315,2.23905770733477
1287,898,2.23905770733477
1041,125,2.23905770733477
0,982,2.23905770733477
0,181,2.23905770733477
950,359,2.23905770733477
426,807,2.23905770733477
426,1086,2.23905770733477
426,440,2.23905770733477
426,335,2.23905770733477
978,1293,2.23905770733477
978,1015,2.23905770733477
978,721,2.23905770733477
978,57,2.23905770733477
978,986,2.23905770733477
978,164,2.23905770733477
125,386,2.23905770733477
125,571,2.23905770733477
125,646,2.23905770733477
125,894,2.23905770733477
125,756,2.23905770733477
1315,681,2.23905770733477
1315,530,2.23905770733477
460,900,2.23905770733477
988,1322,2.23905770733477
710,1348,2.23905770733477
710,560,2.23905770733477
710,1139,2.23905770733477
1132,1348,2.23905770733477
1132,1289,2.23905770733477
340,414,2.23905770733477
859,1204,2.23905770733477
1074,662,2.23905770733477
1074,967,2.23905770733477
834,314,2.23905770733477
807,886,2.23905770733477
170,509,2.23905770733477
170,88,2.23905770733477
170,657,2.23905770733477
212,52,2.23905770733477
826,900,2.23905770733477
126,967,2.23905770733477
126,233,2.23905770733477
891,900,2.23905770733477
1348,444,2.23905770733477
1348,1378,2.23905770733477
1348,724,2.23905770733477
1348,188,2.23905770733477
1348,825,2.23905770733477
560,1195,2.23905770733477
560,444,2.23905770733477
560,1378,2.23905770733477
560,724,2.23905770733477
560,188,2.23905770733477
560,825,2.23905770733477
936,1035,2.23905770733477
306,280,2.23905770733477
898,154,2.23905770733477
898,681,2.23905770733477
898,530,2.23905770733477
658,900,2.23905770733477
685,359,2.23905770733477
1369,314,2.23905770733477
1254,662,2.23905770733477
1254,967,2.23905770733477
311,1160,2.23905770733477
916,900,2.23905770733477
177,416,2.23905770733477
177,1046,2.23905770733477
849,697,2.23905770733477
361,314,2.23905770733477
1516,662,2.23905770733477
1516,967,2.23905770733477
68,900,2.23905770733477
444,1139,2.23905770733477
386,1373,2.23905770733477
573,314,2.23905770733477
824,1035,2.23905770733477
1344,616,2.23905770733477
416,258,2.23905770733477
607,662,2.23905770733477
607,967,2.23905770733477
1035,1340,2.23905770733477
886,335,2.23905770733477
334,1322,2.23905770733477
334,52,2.23905770733477
1378,1139,2.23905770733477
1047,162,2.23905770733477
1506,417,2.23905770733477
469,662,2.23905770733477
469,967,2.23905770733477
1197,967,2.23905770733477
1197,233,2.23905770733477
940,1023,2.23905770733477
1147,1429,2.23905770733477
314,417,2.23905770733477
314,963,2.23905770733477
1272,616,2.23905770733477
928,430,2.23905770733477
1046,258,2.23905770733477
1373,894,2.23905770733477
1373,756,2.23905770733477
616,1082,2.23905770733477
359,1416,2.23905770733477
724,1139,2.23905770733477
1139,188,2.23905770733477
1139,825,2.23905770733477
1320,1016,2.23236937682278
1120,380,2.23236937682278
234,1084,2.23236937682278
1016,850,2.23236937682278
1543,40,2.23236937682278
1543,1327,2.23236937682278
1330,1084,2.23236937682278
74,1327,2.23236937682278
508,575,2.22416013712345
508,230,2.22416013712345
714,56,2.22416013712345
56,1203,2.22416013712345
772,1542,2.22416013712345
772,591,2.22416013712345
1542,1214,2.22416013712345
1022,1231,2.22115939171483
332,1231,2.22115939171483
1382,1231,2.22115939171483
37,287,2.21971591089516
1331,329,2.21971591089516
287,472,2.21971591089516
730,247,2.21971591089516
1137,354,2.21609457589918
366,774,2.21609457589918
466,843,2.21609457589918
958,354,2.21609457589918
5,1178,2.17843012061045
5,1300,2.17843012061045
5,1030,2.17843012061045
5,612,2.17843012061045
1271,1178,2.17843012061045
1178,1540,2.17843012061045
815,734,2.17843012061045
210,1009,2.17843012061045
1300,1291,2.17843012061045
1009,888,2.17843012061045
612,734,2.17843012061045
1165,542,2.17843012061045
1526,403,2.1707266207441
1526,1192,2.1707266207441
1361,337,2.1707266207441
714,910,2.1707266207441
370,1203,2.1707266207441
1292,910,2.1707266207441
1480,528,2.1707266207441
1072,1192,2.1707266207441
1072,66,2.1707266207441
1508,528,2.1707266207441
337,488,2.1707266207441
488,910,2.1707266207441
774,1231,2.16476492506204
378,1231,2.16476492506204
1027,1211,2.1587291631825
1027,965,2.1587291631825
439,449,2.1587291631825
330,408,2.1587291631825
1302,730,2.1587291631825
468,1096,2.1587291631825
1243,896,2.1587291631825
909,896,2.1587291631825
329,806,2.1587291631825
1211,896,2.1587291631825
965,435,2.1587291631825
1445,814,2.15470315618986
1445,376,2.15470315618986
763,532,2.15470315618986
996,1428,2.15470315618986
814,1120,2.15470315618986
602,1084,2.15470315618986
648,168,2.15470315618986
1084,1166,2.15470315618986
376,168,2.15470315618986
376,532,2.15470315618986
376,1327,2.15470315618986
1543,980,2.14696033816558
29,843,2.12860859809564
323,133,2.12081103514291
1129,591,2.12081103514291
133,1508,2.12081103514291
801,147,2.12081103514291
388,1411,2.11459368556722
388,302,2.11459368556722
388,944,2.11459368556722
388,89,2.11459368556722
388,489,2.11459368556722
388,67,2.11459368556722
930,901,2.11459368556722
930,25,2.11459368556722
1232,411,2.11459368556722
1232,225,2.11459368556722
1473,82,2.11459368556722
802,176,2.11459368556722
802,172,2.11459368556722
802,1111,2.11459368556722
802,680,2.11459368556722
802,1410,2.11459368556722
802,1265,2.11459368556722
802,869,2.11459368556722
802,1500,2.11459368556722
412,327,2.11459368556722
412,877,2.11459368556722
1409,1114,2.11459368556722
1409,401,2.11459368556722
200,1499,2.11459368556722
200,1087,2.11459368556722
200,1391,2.11459368556722
200,1515,2.11459368556722
897,458,2.11459368556722
897,1238,2.11459368556722
1297,830,2.11459368556722
1297,1066,2.11459368556722
1297,1492,2.11459368556722
1297,1442,2.11459368556722
808,1045,2.11459368556722
808,1420,2.11459368556722
808,1111,2.11459368556722
808,1487,2.11459368556722
808,343,2.11459368556722
808,39,2.11459368556722
830,446,2.11459368556722
830,1230,2.11459368556722
830,1066,2.11459368556722
830,156,2.11459368556722
1298,873,2.11459368556722
1298,217,2.11459368556722
1298,1424,2.11459368556722
237,1512,2.11459368556722
237,627,2.11459368556722
458,903,2.11459368556722
1091,349,2.11459368556722
1091,1484,2.11459368556722
1365,105,2.11459368556722
1145,289,2.11459368556722
1479,1230,2.11459368556722
118,613,2.11459368556722
118,180,2.11459368556722
1329,1244,2.11459368556722
192,320,2.11459368556722
1411,302,2.11459368556722
1411,944,2.11459368556722
1411,89,2.11459368556722
1411,1503,2.11459368556722
1411,489,2.11459368556722
1411,67,2.11459368556722
1411,696,2.11459368556722
1411,1512,2.11459368556722
884,906,2.11459368556722
567,310,2.11459368556722
567,367,2.11459368556722
1345,1437,2.11459368556722
1097,1493,2.11459368556722
1097,1172,2.11459368556722
97,161,2.11459368556722
97,526,2.11459368556722
97,1455,2.11459368556722
97,99,2.11459368556722
97,1503,2.11459368556722
97,1238,2.11459368556722
97,1319,2.11459368556722
915,845,2.11459368556722
915,453,2.11459368556722
446,1230,2.11459368556722
446,1006,2.11459368556722
446,635,2.11459368556722
446,156,2.11459368556722
446,704,2.11459368556722
613,39,2.11459368556722
711,493,2.11459368556722
711,285,2.11459368556722
711,551,2.11459368556722
845,1039,2.11459368556722
845,155,2.11459368556722
245,788,2.11459368556722
245,796,2.11459368556722
245,728,2.11459368556722
245,1083,2.11459368556722
1525,580,2.11459368556722
467,411,2.11459368556722
467,1212,2.11459368556722
748,302,2.11459368556722
1118,1452,2.11459368556722
1118,423,2.11459368556722
1017,1045,2.11459368556722
1017,175,2.11459368556722
493,285,2.11459368556722
493,551,2.11459368556722
493,1459,2.11459368556722
636,382,2.11459368556722
788,796,2.11459368556722
788,728,2.11459368556722
788,1024,2.11459368556722
788,1083,2.11459368556722
775,89,2.11459368556722
775,239,2.11459368556722
775,1109,2.11459368556722
775,1402,2.11459368556722
775,205,2.11459368556722
608,1321,2.11459368556722
608,244,2.11459368556722
510,1299,2.11459368556722
796,259,2.11459368556722
796,728,2.11459368556722
796,1249,2.11459368556722
796,413,2.11459368556722
796,1083,2.11459368556722
768,1499,2.11459368556722
768,20,2.11459368556722
768,1274,2.11459368556722
768,877,2.11459368556722
768,70,2.11459368556722
684,976,2.11459368556722
684,215,2.11459368556722
187,217,2.11459368556722
187,70,2.11459368556722
1045,1420,2.11459368556722
1045,1111,2.11459368556722
1045,343,2.11459368556722
1045,39,2.11459368556722
203,161,2.11459368556722
203,793,2.11459368556722
203,643,2.11459368556722
259,1249,2.11459368556722
259,413,2.11459368556722
259,243,2.11459368556722
302,944,2.11459368556722
302,89,2.11459368556722
302,489,2.11459368556722
302,67,2.11459368556722
785,676,2.11459368556722
785,1532,2.11459368556722
785,305,2.11459368556722
785,511,2.11459368556722
161,526,2.11459368556722
161,1455,2.11459368556722
161,99,2.11459368556722
161,1503,2.11459368556722
161,1238,2.11459368556722
161,643,2.11459368556722
161,1319,2.11459368556722
82,297,2.11459368556722
82,400,2.11459368556722
82,1277,2.11459368556722
82,244,2.11459368556722
82,667,2.11459368556722
1230,156,2.11459368556722
997,676,2.11459368556722
997,1532,2.11459368556722
997,305,2.11459368556722
997,511,2.11459368556722
901,25,2.11459368556722
944,89,2.11459368556722
944,489,2.11459368556722
944,67,2.11459368556722
944,1321,2.11459368556722
944,546,2.11459368556722
526,1455,2.11459368556722
526,99,2.11459368556722
526,1503,2.11459368556722
526,1238,2.11459368556722
526,1257,2.11459368556722
526,1319,2.11459368556722
1216,322,2.11459368556722
1216,622,2.11459368556722
549,328,2.11459368556722
322,622,2.11459368556722
1155,1153,2.11459368556722
1138,1509,2.11459368556722
31,1492,2.11459368556722
31,243,2.11459368556722
31,622,2.11459368556722
1455,99,2.11459368556722
1455,1503,2.11459368556722
1455,1238,2.11459368556722
180,39,2.11459368556722
954,1493,2.11459368556722
954,353,2.11459368556722
1066,784,2.11459368556722
1066,1442,2.11459368556722
784,1442,2.11459368556722
382,413,2.11459368556722
382,1122,2.11459368556722
327,877,2.11459368556722
1439,631,2.11459368556722
1439,215,2.11459368556722
1202,1182,2.11459368556722
1492,1442,2.11459368556722
1492,243,2.11459368556722
1492,622,2.11459368556722
637,179,2.11459368556722
1499,1087,2.11459368556722
1499,20,2.11459368556722
1499,1274,2.11459368556722
1499,70,2.11459368556722
197,660,2.11459368556722
197,504,2.11459368556722
197,1484,2.11459368556722
197,869,2.11459368556722
99,297,2.11459368556722
99,1503,2.11459368556722
99,1238,2.11459368556722
99,728,2.11459368556722
99,1152,2.11459368556722
99,1319,2.11459368556722
89,489,2.11459368556722
89,239,2.11459368556722
89,1109,2.11459368556722
89,205,2.11459368556722
89,67,2.11459368556722
676,305,2.11459368556722
676,511,2.11459368556722
553,239,2.11459368556722
553,1360,2.11459368556722
297,728,2.11459368556722
297,400,2.11459368556722
297,1152,2.11459368556722
297,1277,2.11459368556722
297,244,2.11459368556722
297,667,2.11459368556722
580,667,2.11459368556722
1420,1111,2.11459368556722
1420,343,2.11459368556722
1420,39,2.11459368556722
1006,635,2.11459368556722
1006,704,2.11459368556722
698,776,2.11459368556722
1503,1238,2.11459368556722
1503,696,2.11459368556722
1503,1319,2.11459368556722
1503,1512,2.11459368556722
533,93,2.11459368556722
533,735,2.11459368556722
1325,179,2.11459368556722
736,1512,2.11459368556722
736,627,2.11459368556722
1372,132,2.11459368556722
93,735,2.11459368556722
489,67,2.11459368556722
519,347,2.11459368556722
411,225,2.11459368556722
411,1212,2.11459368556722
239,1109,2.11459368556722
239,1360,2.11459368556722
239,205,2.11459368556722
310,991,2.11459368556722
1238,1319,2.11459368556722
1109,205,2.11459368556722
1109,1375,2.11459368556722
660,504,2.11459368556722
660,1484,2.11459368556722
660,869,2.11459368556722
660,984,2.11459368556722
660,1277,2.11459368556722
518,104,2.11459368556722
305,511,2.11459368556722
305,782,2.11459368556722
1397,423,2.11459368556722
504,1484,2.11459368556722
504,869,2.11459368556722
632,240,2.11459368556722
1019,1265,2.11459368556722
1019,1535,2.11459368556722
744,1535,2.11459368556722
635,704,2.11459368556722
728,1152,2.11459368556722
728,1083,2.11459368556722
1391,1515,2.11459368556722
400,709,2.11459368556722
400,1277,2.11459368556722
400,244,2.11459368556722
400,667,2.11459368556722
20,1274,2.11459368556722
20,70,2.11459368556722
1095,289,2.11459368556722
1538,176,2.11459368556722
1538,11,2.11459368556722
1538,115,2.11459368556722
176,98,2.11459368556722
176,1111,2.11459368556722
176,1410,2.11459368556722
176,1265,2.11459368556722
176,869,2.11459368556722
176,691,2.11459368556722
1039,453,2.11459368556722
349,1484,2.11459368556722
172,680,2.11459368556722
172,1500,2.11459368556722
172,782,2.11459368556722
1493,353,2.11459368556722
11,98,2.11459368556722
11,691,2.11459368556722
11,115,2.11459368556722
98,115,2.11459368556722
1249,413,2.11459368556722
1249,1267,2.11459368556722
803,238,2.11459368556722
1111,1410,2.11459368556722
1111,1265,2.11459368556722
1111,869,2.11459368556722
1111,343,2.11459368556722
1111,39,2.11459368556722
347,903,2.11459368556722
453,155,2.11459368556722
121,1476,2.11459368556722
121,1410,2.11459368556722
121,492,2.11459368556722
680,1500,2.11459368556722
217,1424,2.11459368556722
217,70,2.11459368556722
791,776,2.11459368556722
1476,1410,2.11459368556722
1476,492,2.11459368556722
1476,438,2.11459368556722
105,627,2.11459368556722
1410,492,2.11459368556722
1410,1265,2.11459368556722
1410,869,2.11459368556722
991,367,2.11459368556722
1274,70,2.11459368556722
266,278,2.11459368556722
254,175,2.11459368556722
413,1122,2.11459368556722
1265,1535,2.11459368556722
1265,869,2.11459368556722
1484,869,2.11459368556722
696,1512,2.11459368556722
179,383,2.11459368556722
343,39,2.11459368556722
984,1277,2.11459368556722
1158,1515,2.11459368556722
1321,244,2.11459368556722
1321,546,2.11459368556722
1277,244,2.11459368556722
1277,667,2.11459368556722
244,667,2.11459368556722
691,115,2.11459368556722
243,622,2.11459368556722
522,561,2.11445751903188
522,1242,2.11445751903188
522,1173,2.11445751903188
522,837,2.11445751903188
522,1128,2.11445751903188
522,1469,2.11445751903188
853,319,2.11445751903188
853,122,2.11445751903188
853,1124,2.11445751903188
853,1343,2.11445751903188
853,377,2.11445751903188
853,835,2.11445751903188
853,1217,2.11445751903188
853,1408,2.11445751903188
853,525,2.11445751903188
853,396,2.11445751903188
853,710,2.11445751903188
853,1034,2.11445751903188
853,444,2.11445751903188
853,1378,2.11445751903188
853,724,2.11445751903188
853,188,2.11445751903188
853,825,2.11445751903188
429,1546,2.11445751903188
429,521,2.11445751903188
647,1465,2.11445751903188
647,1000,2.11445751903188
919,214,2.11445751903188
919,484,2.11445751903188
919,199,2.11445751903188
919,741,2.11445751903188
919,824,2.11445751903188
919,1340,2.11445751903188
919,1199,2.11445751903188
1010,138,2.11445751903188
1010,537,2.11445751903188
1010,1055,2.11445751903188
1010,702,2.11445751903188
1010,262,2.11445751903188
1010,1187,2.11445751903188
1010,326,2.11445751903188
1010,1023,2.11445751903188
59,497,2.11445751903188
59,548,2.11445751903188
733,1342,2.11445751903188
733,562,2.11445751903188
733,1226,2.11445751903188
733,1403,2.11445751903188
733,992,2.11445751903188
733,145,2.11445751903188
733,810,2.11445751903188
733,540,2.11445751903188
733,605,2.11445751903188
733,924,2.11445751903188
733,1520,2.11445751903188
733,460,2.11445751903188
733,826,2.11445751903188
733,891,2.11445751903188
733,658,2.11445751903188
733,186,2.11445751903188
733,1470,2.11445751903188
733,1496,2.11445751903188
733,68,2.11445751903188
733,1468,2.11445751903188
107,715,2.11445751903188
107,1541,2.11445751903188
107,182,2.11445751903188
107,1425,2.11445751903188
107,1020,2.11445751903188
107,386,2.11445751903188
107,894,2.11445751903188
107,756,2.11445751903188
474,224,2.11445751903188
474,1355,2.11445751903188
1228,1349,2.11445751903188
1228,794,2.11445751903188
1228,779,2.11445751903188
1228,852,2.11445751903188
1228,702,2.11445751903188
1228,1187,2.11445751903188
1228,505,2.11445751903188
1228,326,2.11445751903188
211,566,2.11445751903188
507,654,2.11445751903188
507,1430,2.11445751903188
507,1514,2.11445751903188
507,569,2.11445751903188
507,166,2.11445751903188
507,420,2.11445751903188
507,315,2.11445751903188
507,417,2.11445751903188
1338,548,2.11445751903188
1338,1422,2.11445751903188
1338,1148,2.11445751903188
1338,521,2.11445751903188
1545,1472,2.11445751903188
1545,893,2.11445751903188
1545,1356,2.11445751903188
1545,797,2.11445751903188
1326,666,2.11445751903188
1326,694,2.11445751903188
1326,1436,2.11445751903188
500,1142,2.11445751903188
500,663,2.11445751903188
64,379,2.11445751903188
64,1389,2.11445751903188
64,587,2.11445751903188
64,1124,2.11445751903188
64,916,2.11445751903188
369,1188,2.11445751903188
369,1406,2.11445751903188
345,392,2.11445751903188
345,562,2.11445751903188
345,1036,2.11445751903188
345,1226,2.11445751903188
345,292,2.11445751903188
345,992,2.11445751903188
345,145,2.11445751903188
345,1399,2.11445751903188
345,540,2.11445751903188
345,22,2.11445751903188
345,260,2.11445751903188
345,460,2.11445751903188
345,826,2.11445751903188
345,891,2.11445751903188
345,658,2.11445751903188
345,68,2.11445751903188
345,1494,2.11445751903188
1252,368,2.11445751903188
139,1465,2.11445751903188
139,1000,2.11445751903188
1260,1033,2.11445751903188
1260,1233,2.11445751903188
1260,885,2.11445751903188
1260,581,2.11445751903188
619,792,2.11445751903188
975,1421,2.11445751903188
975,1314,2.11445751903188
975,558,2.11445751903188
975,443,2.11445751903188
975,1364,2.11445751903188
1012,666,2.11445751903188
1012,1546,2.11445751903188
1012,1436,2.11445751903188
1472,71,2.11445751903188
572,1038,2.11445751903188
572,344,2.11445751903188
392,1093,2.11445751903188
392,480,2.11445751903188
392,219,2.11445751903188
1342,1461,2.11445751903188
1342,786,2.11445751903188
642,1461,2.11445751903188
642,1142,2.11445751903188
642,21,2.11445751903188
642,1362,2.11445751903188
642,745,2.11445751903188
1189,1038,2.11445751903188
1189,1505,2.11445751903188
191,1207,2.11445751903188
1164,1078,2.11445751903188
1164,837,2.11445751903188
620,1467,2.11445751903188
620,934,2.11445751903188
620,152,2.11445751903188
620,739,2.11445751903188
620,154,2.11445751903188
1363,666,2.11445751903188
1363,694,2.11445751903188
1363,1436,2.11445751903188
319,561,2.11445751903188
319,1207,2.11445751903188
319,1295,2.11445751903188
319,745,2.11445751903188
319,644,2.11445751903188
319,566,2.11445751903188
431,723,2.11445751903188
987,578,2.11445751903188
987,537,2.11445751903188
987,1055,2.11445751903188
987,1377,2.11445751903188
987,262,2.11445751903188
987,1531,2.11445751903188
562,171,2.11445751903188
562,456,2.11445751903188
562,272,2.11445751903188
914,1142,2.11445751903188
914,663,2.11445751903188
1349,985,2.11445751903188
214,812,2.11445751903188
1141,1465,2.11445751903188
1141,1000,2.11445751903188
1093,1036,2.11445751903188
1093,1399,2.11445751903188
1093,22,2.11445751903188
1093,1494,2.11445751903188
1337,1207,2.11445751903188
1037,505,2.11445751903188
15,577,2.11445751903188
15,1457,2.11445751903188
15,586,2.11445751903188
15,60,2.11445751903188
80,1038,2.11445751903188
561,1467,2.11445751903188
561,1343,2.11445751903188
561,377,2.11445751903188
561,835,2.11445751903188
561,1217,2.11445751903188
561,525,2.11445751903188
561,710,2.11445751903188
561,444,2.11445751903188
561,1378,2.11445751903188
561,724,2.11445751903188
561,188,2.11445751903188
561,825,2.11445751903188
1088,1443,2.11445751903188
1088,506,2.11445751903188
874,1038,2.11445751903188
874,344,2.11445751903188
1036,480,2.11445751903188
1036,219,2.11445751903188
1156,745,2.11445751903188
1188,1042,2.11445751903188
491,1038,2.11445751903188
491,1505,2.11445751903188
794,985,2.11445751903188
397,1381,2.11445751903188
397,1029,2.11445751903188
673,837,2.11445751903188
114,666,2.11445751903188
114,694,2.11445751903188
114,1436,2.11445751903188
962,159,2.11445751903188
1207,75,2.11445751903188
1207,1343,2.11445751903188
1207,377,2.11445751903188
1207,762,2.11445751903188
1207,835,2.11445751903188
1207,1217,2.11445751903188
1207,525,2.11445751903188
1207,710,2.11445751903188
1207,505,2.11445751903188
1207,444,2.11445751903188
1207,1378,2.11445751903188
1207,724,2.11445751903188
1207,188,2.11445751903188
1207,825,2.11445751903188
1389,387,2.11445751903188
1389,1198,2.11445751903188
13,666,2.11445751903188
13,1546,2.11445751903188
13,1436,2.11445751903188
823,484,2.11445751903188
823,199,2.11445751903188
823,741,2.11445751903188
823,1199,2.11445751903188
955,1033,2.11445751903188
955,1233,2.11445751903188
955,885,2.11445751903188
955,581,2.11445751903188
847,497,2.11445751903188
847,666,2.11445751903188
1226,171,2.11445751903188
1226,456,2.11445751903188
1226,272,2.11445751903188
1443,600,2.11445751903188
1443,1412,2.11445751903188
1443,1253,2.11445751903188
1443,959,2.11445751903188
1443,742,2.11445751903188
1443,1157,2.11445751903188
1443,106,2.11445751903188
1443,1272,2.11445751903188
1443,609,2.11445751903188
563,224,2.11445751903188
563,812,2.11445751903188
1175,274,2.11445751903188
1175,1323,2.11445751903188
1175,1276,2.11445751903188
1175,1426,2.11445751903188
1175,1003,2.11445751903188
1175,1132,2.11445751903188
480,1399,2.11445751903188
480,22,2.11445751903188
480,1494,2.11445751903188
1328,1248,2.11445751903188
841,1264,2.11445751903188
841,644,2.11445751903188
1098,1392,2.11445751903188
1131,138,2.11445751903188
1131,738,2.11445751903188
1131,1263,2.11445751903188
1131,1281,2.11445751903188
222,548,2.11445751903188
222,1422,2.11445751903188
222,1148,2.11445751903188
222,521,2.11445751903188
913,1546,2.11445751903188
913,521,2.11445751903188
201,689,2.11445751903188
715,795,2.11445751903188
715,1362,2.11445751903188
246,1465,2.11445751903188
246,1000,2.11445751903188
1048,1465,2.11445751903188
1048,1000,2.11445751903188
890,224,2.11445751903188
890,1355,2.11445751903188
1403,1505,2.11445751903188
1403,21,2.11445751903188
1403,1392,2.11445751903188
1053,1128,2.11445751903188
941,666,2.11445751903188
941,1546,2.11445751903188
941,1436,2.11445751903188
292,1435,2.11445751903188
363,1450,2.11445751903188
363,136,2.11445751903188
1380,687,2.11445751903188
1380,128,2.11445751903188
974,344,2.11445751903188
974,581,2.11445751903188
405,1173,2.11445751903188
405,1469,2.11445751903188
1206,497,2.11445751903188
1206,666,2.11445751903188
692,792,2.11445751903188
1283,666,2.11445751903188
1283,694,2.11445751903188
1283,1436,2.11445751903188
587,387,2.11445751903188
587,1198,2.11445751903188
992,171,2.11445751903188
992,456,2.11445751903188
992,272,2.11445751903188
534,224,2.11445751903188
534,1355,2.11445751903188
497,871,2.11445751903188
497,138,2.11445751903188
497,189,2.11445751903188
497,537,2.11445751903188
497,1055,2.11445751903188
497,1268,2.11445751903188
497,262,2.11445751903188
497,1293,2.11445751903188
497,721,2.11445751903188
497,57,2.11445751903188
497,164,2.11445751903188
871,548,2.11445751903188
145,171,2.11445751903188
145,456,2.11445751903188
145,272,2.11445751903188
1461,810,2.11445751903188
1461,1201,2.11445751903188
1461,924,2.11445751903188
1461,186,2.11445751903188
1461,1015,2.11445751903188
1461,1470,2.11445751903188
1461,1496,2.11445751903188
1461,986,2.11445751903188
1461,1468,2.11445751903188
779,985,2.11445751903188
1314,249,2.11445751903188
1113,1435,2.11445751903188
1113,1128,2.11445751903188
1038,1426,2.11445751903188
1038,1003,2.11445751903188
1038,1235,2.11445751903188
1038,384,2.11445751903188
1038,1440,2.11445751903188
1038,516,2.11445751903188
1414,548,2.11445751903188
1406,1042,2.11445751903188
1541,795,2.11445751903188
1541,160,2.11445751903188
1541,566,2.11445751903188
570,668,2.11445751903188
1100,505,2.11445751903188
517,368,2.11445751903188
1124,786,2.11445751903188
92,1099,2.11445751903188
579,795,2.11445751903188
579,160,2.11445751903188
1505,605,2.11445751903188
1505,516,2.11445751903188
1184,663,2.11445751903188
428,1422,2.11445751903188
428,694,2.11445751903188
810,786,2.11445751903188
666,120,2.11445751903188
666,189,2.11445751903188
666,1089,2.11445751903188
666,966,2.11445751903188
666,91,2.11445751903188
666,1423,2.11445751903188
666,294,2.11445751903188
666,1268,2.11445751903188
666,1074,2.11445751903188
666,1254,2.11445751903188
666,1293,2.11445751903188
666,1516,2.11445751903188
666,607,2.11445751903188
666,469,2.11445751903188
666,721,2.11445751903188
666,57,2.11445751903188
666,164,2.11445751903188
1142,1201,2.11445751903188
1142,1015,2.11445751903188
1142,986,2.11445751903188
1359,272,2.11445751903188
625,249,2.11445751903188
1242,821,2.11445751903188
548,183,2.11445751903188
548,931,2.11445751903188
548,1533,2.11445751903188
476,344,2.11445751903188
46,224,2.11445751903188
46,812,2.11445751903188
852,985,2.11445751903188
1422,537,2.11445751903188
1422,1055,2.11445751903188
1422,183,2.11445751903188
1422,1533,2.11445751903188
1422,262,2.11445751903188
1422,927,2.11445751903188
1422,339,2.11445751903188
1422,1080,2.11445751903188
1422,936,2.11445751903188
600,506,2.11445751903188
1105,800,2.11445751903188
120,694,2.11445751903188
120,1436,2.11445751903188
1450,1413,2.11445751903188
783,53,2.11445751903188
934,1173,2.11445751903188
934,985,2.11445751903188
934,1128,2.11445751903188
934,1469,2.11445751903188
1412,506,2.11445751903188
795,386,2.11445751903188
795,894,2.11445751903188
795,756,2.11445751903188
766,668,2.11445751903188
766,1413,2.11445751903188
1399,219,2.11445751903188
7,368,2.11445751903188
1448,344,2.11445751903188
333,368,2.11445751903188
716,45,2.11445751903188
1140,344,2.11445751903188
1140,581,2.11445751903188
38,1233,2.11445751903188
1033,1514,2.11445751903188
1033,177,2.11445751903188
1033,420,2.11445751903188
1033,258,2.11445751903188
844,668,2.11445751903188
844,1413,2.11445751903188
1343,1295,2.11445751903188
1343,745,2.11445751903188
1343,644,2.11445751903188
1343,566,2.11445751903188
1524,506,2.11445751903188
1173,152,2.11445751903188
1173,414,2.11445751903188
1173,154,2.11445751903188
1233,654,2.11445751903188
1233,1430,2.11445751903188
1233,27,2.11445751903188
1233,569,2.11445751903188
1233,177,2.11445751903188
1233,417,2.11445751903188
1233,258,2.11445751903188
47,224,2.11445751903188
47,812,2.11445751903188
1308,668,2.11445751903188
668,1026,2.11445751903188
668,182,2.11445751903188
668,1259,2.11445751903188
1253,985,2.11445751903188
183,1148,2.11445751903188
183,521,2.11445751903188
377,1295,2.11445751903188
377,745,2.11445751903188
377,644,2.11445751903188
377,566,2.11445751903188
224,701,2.11445751903188
224,441,2.11445751903188
224,1458,2.11445751903188
224,916,2.11445751903188
224,1205,2.11445751903188
224,1082,2.11445751903188
758,1465,2.11445751903188
758,1000,2.11445751903188
21,1201,2.11445751903188
21,605,2.11445751903188
21,1081,2.11445751903188
21,956,2.11445751903188
21,1015,2.11445751903188
21,986,2.11445751903188
229,1465,2.11445751903188
229,1000,2.11445751903188
985,152,2.11445751903188
985,739,2.11445751903188
985,154,2.11445751903188
985,1272,2.11445751903188
1089,694,2.11445751903188
1089,1436,2.11445751903188
465,885,2.11445751903188
966,1546,2.11445751903188
966,1436,2.11445751903188
1069,745,2.11445751903188
694,91,2.11445751903188
694,1423,2.11445751903188
694,294,2.11445751903188
694,927,2.11445751903188
694,406,2.11445751903188
694,339,2.11445751903188
694,1074,2.11445751903188
694,1080,2.11445751903188
694,1254,2.11445751903188
694,1516,2.11445751903188
694,607,2.11445751903188
694,1136,2.11445751903188
694,469,2.11445751903188
694,624,2.11445751903188
694,299,2.11445751903188
1148,1533,2.11445751903188
1362,1201,2.11445751903188
1362,1015,2.11445751903188
1362,386,2.11445751903188
1362,894,2.11445751903188
1362,986,2.11445751903188
1362,756,2.11445751903188
1201,745,2.11445751903188
344,1347,2.11445751903188
344,1235,2.11445751903188
344,1501,2.11445751903188
344,1234,2.11445751903188
344,352,2.11445751903188
344,828,2.11445751903188
540,171,2.11445751903188
540,456,2.11445751903188
540,272,2.11445751903188
1264,939,2.11445751903188
1533,521,2.11445751903188
1295,654,2.11445751903188
1295,1430,2.11445751903188
1295,835,2.11445751903188
1295,1217,2.11445751903188
1295,406,2.11445751903188
1295,569,2.11445751903188
1295,525,2.11445751903188
1295,710,2.11445751903188
1295,444,2.11445751903188
1295,1378,2.11445751903188
1295,417,2.11445751903188
1295,724,2.11445751903188
1295,188,2.11445751903188
1295,825,2.11445751903188
196,644,2.11445751903188
959,506,2.11445751903188
969,1435,2.11445751903188
969,1128,2.11445751903188
171,460,2.11445751903188
171,826,2.11445751903188
171,891,2.11445751903188
171,729,2.11445751903188
171,658,2.11445751903188
171,68,2.11445751903188
816,1436,2.11445751903188
1355,441,2.11445751903188
1355,1458,2.11445751903188
1355,1255,2.11445751903188
1355,1082,2.11445751903188
54,159,2.11445751903188
742,506,2.11445751903188
1251,272,2.11445751903188
1347,581,2.11445751903188
605,1392,2.11445751903188
1435,100,2.11445751903188
1435,1318,2.11445751903188
1435,260,2.11445751903188
1435,361,2.11445751903188
745,835,2.11445751903188
745,1217,2.11445751903188
745,525,2.11445751903188
745,1520,2.11445751903188
745,710,2.11445751903188
745,1015,2.11445751903188
745,444,2.11445751903188
745,1378,2.11445751903188
745,724,2.11445751903188
745,986,2.11445751903188
745,188,2.11445751903188
745,825,2.11445751903188
91,1436,2.11445751903188
792,1104,2.11445751903188
1078,355,2.11445751903188
1078,181,2.11445751903188
456,460,2.11445751903188
456,826,2.11445751903188
456,891,2.11445751903188
456,658,2.11445751903188
456,373,2.11445751903188
456,68,2.11445751903188
456,204,2.11445751903188
1198,406,2.11445751903188
1198,610,2.11445751903188
701,812,2.11445751903188
1081,1112,2.11445751903188
152,1128,2.11445751903188
152,1469,2.11445751903188
1423,1436,2.11445751903188
294,1436,2.11445751903188
924,786,2.11445751903188
22,219,2.11445751903188
837,355,2.11445751903188
837,181,2.11445751903188
1185,1465,2.11445751903188
1185,1000,2.11445751903188
1128,100,2.11445751903188
1128,1101,2.11445751903188
1128,1318,2.11445751903188
1128,154,2.11445751903188
1128,361,2.11445751903188
835,644,2.11445751903188
835,566,2.11445751903188
252,1,2.11445751903188
885,177,2.11445751903188
885,373,2.11445751903188
885,204,2.11445751903188
885,258,2.11445751903188
1217,644,2.11445751903188
1217,566,2.11445751903188
499,1,2.11445751903188
581,352,2.11445751903188
581,1425,2.11445751903188
581,177,2.11445751903188
581,1020,2.11445751903188
581,258,2.11445751903188
1514,1436,2.11445751903188
406,644,2.11445751903188
109,159,2.11445751903188
525,644,2.11445751903188
525,566,2.11445751903188
1,494,2.11445751903188
506,1157,2.11445751903188
1112,321,2.11445751903188
1520,663,2.11445751903188
249,1306,2.11445751903188
249,646,2.11445751903188
460,272,2.11445751903188
710,644,2.11445751903188
710,566,2.11445751903188
1465,350,2.11445751903188
1465,1531,2.11445751903188
1465,1240,2.11445751903188
1465,879,2.11445751903188
1465,1061,2.11445751903188
1465,781,2.11445751903188
812,982,2.11445751903188
812,916,2.11445751903188
812,1205,2.11445751903188
812,824,2.11445751903188
812,1340,2.11445751903188
1074,1436,2.11445751903188
826,272,2.11445751903188
891,272,2.11445751903188
1469,414,2.11445751903188
1469,154,2.11445751903188
350,1000,2.11445751903188
658,272,2.11445751903188
186,786,2.11445751903188
798,982,2.11445751903188
798,610,2.11445751903188
644,444,2.11445751903188
644,1378,2.11445751903188
644,939,2.11445751903188
644,724,2.11445751903188
644,188,2.11445751903188
644,825,2.11445751903188
921,368,2.11445751903188
1254,1436,2.11445751903188
368,597,2.11445751903188
1516,1436,2.11445751903188
1470,786,2.11445751903188
150,1255,2.11445751903188
1496,786,2.11445751903188
68,272,2.11445751903188
444,566,2.11445751903188
1392,589,2.11445751903188
1193,786,2.11445751903188
1240,1000,2.11445751903188
566,1378,2.11445751903188
566,724,2.11445751903188
566,1023,2.11445751903188
566,188,2.11445751903188
566,825,2.11445751903188
607,1436,2.11445751903188
879,1000,2.11445751903188
659,159,2.11445751903188
1134,786,2.11445751903188
420,1436,2.11445751903188
1061,1000,2.11445751903188
1494,219,2.11445751903188
106,1099,2.11445751903188
1136,219,2.11445751903188
469,1436,2.11445751903188
272,1121,2.11445751903188
272,1416,2.11445751903188
1099,1204,2.11445751903188
219,624,2.11445751903188
219,299,2.11445751903188
53,1000,2.11445751903188
1000,1376,2.11445751903188
1000,781,2.11445751903188
1468,786,2.11445751903188
159,690,2.11445751903188
994,247,2.11318767927365
1291,932,2.11318767927365
247,809,2.11318767927365
932,688,2.11318767927365
508,37,2.10232983278265
1137,1064,2.08844745993145
720,1064,2.08844745993145
451,165,2.08844745993145
451,990,2.08844745993145
451,223,2.08844745993145
555,1107,2.08844745993145
84,674,2.08844745993145
1107,1146,2.08844745993145
1445,1178,2.08436293636289
1445,612,2.08436293636289
10,168,2.08436293636289
1224,1009,2.08436293636289
815,1084,2.08436293636289
1120,542,2.08436293636289
94,1084,2.08436293636289
94,127,2.08436293636289
1016,542,2.08436293636289
1030,1084,2.08436293636289
1030,127,2.08436293636289
1030,168,2.08436293636289
612,168,2.08436293636289
407,542,2.08436293636289
774,790,2.07409727399367
774,1203,2.07409727399367
774,147,2.07409727399367
670,591,2.07409727399367
354,230,2.07409727399367
1280,74,2.07038504892964
602,234,2.07038504892964
234,648,2.07038504892964
380,583,2.07038504892964
1330,1166,2.07038504892964
376,74,2.07038504892964
876,980,2.07038504892964
5,896,2.05335394746667
1002,806,2.05335394746667
1271,896,2.05335394746667
994,1302,2.05335394746667
449,1291,2.05335394746667
1302,437,2.05335394746667
1302,809,2.05335394746667
408,1291,2.05335394746667
58,435,2.05335394746667
734,896,2.05335394746667
437,806,2.05335394746667
806,688,2.05335394746667
720,1231,2.05043514553303
838,1231,2.05043514553303
1231,1290,2.05043514553303
1231,1146,2.05043514553303
1231,1444,2.05043514553303
1526,468,2.05004764919592
1072,730,2.05004764919592
1072,965,2.05004764919592
329,910,2.05004764919592
965,910,2.05004764919592
1065,1480,2.03030382736224
1065,147,2.03030382736224
1445,1331,2.02041241689346
1120,932,2.02041241689346
247,346,2.02041241689346
863,1022,2.0195158970832
858,1005,2.0195158970832
1477,143,2.0195158970832
513,1384,2.0195158970832
513,418,2.0195158970832
513,1154,2.0195158970832
513,4,2.0195158970832
513,267,2.0195158970832
513,770,2.0195158970832
513,307,2.0195158970832
513,300,2.0195158970832
513,527,2.0195158970832
513,529,2.0195158970832
513,594,2.0195158970832
513,1287,2.0195158970832
513,509,2.0195158970832
513,657,2.0195158970832
513,373,2.0195158970832
513,681,2.0195158970832
513,204,2.0195158970832
513,641,2.0195158970832
513,530,2.0195158970832
429,51,2.0195158970832
647,855,2.0195158970832
647,1162,2.0195158970832
647,332,2.0195158970832
647,462,2.0195158970832
59,1236,2.0195158970832
474,129,2.0195158970832
474,35,2.0195158970832
474,556,2.0195158970832
1396,717,2.0195158970832
1396,1059,2.0195158970832
502,1537,2.0195158970832
675,1326,2.0195158970832
675,1363,2.0195158970832
675,214,2.0195158970832
675,114,2.0195158970832
675,1283,2.0195158970832
675,484,2.0195158970832
675,199,2.0195158970832
675,120,2.0195158970832
675,1089,2.0195158970832
675,741,2.0195158970832
675,91,2.0195158970832
675,1423,2.0195158970832
675,294,2.0195158970832
675,1074,2.0195158970832
675,1254,2.0195158970832
675,1516,2.0195158970832
675,373,2.0195158970832
675,204,2.0195158970832
675,824,2.0195158970832
675,610,2.0195158970832
675,607,2.0195158970832
675,1340,2.0195158970832
675,469,2.0195158970832
675,1199,2.0195158970832
1326,771,2.0195158970832
1326,143,2.0195158970832
1326,404,2.0195158970832
3,381,2.0195158970832
452,381,2.0195158970832
634,124,2.0195158970832
500,606,2.0195158970832
1252,1163,2.0195158970832
1252,1133,2.0195158970832
139,855,2.0195158970832
139,1162,2.0195158970832
139,332,2.0195158970832
139,462,2.0195158970832
1260,515,2.0195158970832
1260,135,2.0195158970832
1012,1022,2.0195158970832
1472,1119,2.0195158970832
639,1154,2.0195158970832
639,1177,2.0195158970832
639,1167,2.0195158970832
639,300,2.0195158970832
639,373,2.0195158970832
639,204,2.0195158970832
639,641,2.0195158970832
572,1382,2.0195158970832
970,822,2.0195158970832
392,35,2.0195158970832
392,1393,2.0195158970832
392,1150,2.0195158970832
1342,85,2.0195158970832
1342,972,2.0195158970832
9,1022,2.0195158970832
642,206,2.0195158970832
642,1390,2.0195158970832
642,864,2.0195158970832
642,1475,2.0195158970832
833,1162,2.0195158970832
833,1278,2.0195158970832
1474,1005,2.0195158970832
1474,135,2.0195158970832
1189,1382,2.0195158970832
1189,1133,2.0195158970832
191,541,2.0195158970832
1164,817,2.0195158970832
1363,771,2.0195158970832
1363,143,2.0195158970832
1363,404,2.0195158970832
319,554,2.0195158970832
817,355,2.0195158970832
817,982,2.0195158970832
817,181,2.0195158970832
431,1485,2.0195158970832
167,129,2.0195158970832
77,332,2.0195158970832
379,220,2.0195158970832
562,206,2.0195158970832
914,606,2.0195158970832
1141,855,2.0195158970832
1141,1162,2.0195158970832
1141,332,2.0195158970832
1141,462,2.0195158970832
122,731,2.0195158970832
122,1522,2.0195158970832
1176,96,2.0195158970832
1176,725,2.0195158970832
1176,184,2.0195158970832
1176,130,2.0195158970832
1176,807,2.0195158970832
1176,335,2.0195158970832
1337,541,2.0195158970832
1085,85,2.0195158970832
1085,883,2.0195158970832
771,114,2.0195158970832
771,1283,2.0195158970832
771,120,2.0195158970832
771,577,2.0195158970832
771,1089,2.0195158970832
771,1336,2.0195158970832
771,91,2.0195158970832
771,1423,2.0195158970832
771,294,2.0195158970832
771,1074,2.0195158970832
771,1254,2.0195158970832
771,1491,2.0195158970832
771,1516,2.0195158970832
771,607,2.0195158970832
771,469,2.0195158970832
771,60,2.0195158970832
839,1450,2.0195158970832
839,716,2.0195158970832
140,1011,2.0195158970832
80,85,2.0195158970832
336,1475,2.0195158970832
336,1236,2.0195158970832
336,1133,2.0195158970832
1088,1510,2.0195158970832
1088,1170,2.0195158970832
1088,462,2.0195158970832
874,1382,2.0195158970832
1036,35,2.0195158970832
1036,1393,2.0195158970832
1036,1150,2.0195158970832
1156,514,2.0195158970832
1156,1133,2.0195158970832
491,1382,2.0195158970832
491,1133,2.0195158970832
1433,717,2.0195158970832
1433,1059,2.0195158970832
842,1053,2.0195158970832
842,1101,2.0195158970832
673,1485,2.0195158970832
114,143,2.0195158970832
114,404,2.0195158970832
1229,1005,2.0195158970832
531,515,2.0195158970832
531,1073,2.0195158970832
1389,1005,2.0195158970832
13,1022,2.0195158970832
855,246,2.0195158970832
855,1048,2.0195158970832
855,687,2.0195158970832
855,537,2.0195158970832
855,128,2.0195158970832
855,1055,2.0195158970832
855,758,2.0195158970832
855,229,2.0195158970832
855,1185,2.0195158970832
855,262,2.0195158970832
855,350,2.0195158970832
855,1240,2.0195158970832
855,879,2.0195158970832
855,1061,2.0195158970832
855,781,2.0195158970832
743,717,2.0195158970832
743,1059,2.0195158970832
543,717,2.0195158970832
543,1059,2.0195158970832
955,515,2.0195158970832
955,135,2.0195158970832
757,717,2.0195158970832
757,1059,2.0195158970832
545,905,2.0195158970832
545,1510,2.0195158970832
545,1170,2.0195158970832
847,1382,2.0195158970832
847,1073,2.0195158970832
717,269,2.0195158970832
717,1534,2.0195158970832
717,1285,2.0195158970832
717,687,2.0195158970832
717,128,2.0195158970832
717,971,2.0195158970832
717,646,2.0195158970832
717,928,2.0195158970832
381,19,2.0195158970832
381,682,2.0195158970832
381,484,2.0195158970832
381,199,2.0195158970832
381,38,2.0195158970832
381,741,2.0195158970832
381,1199,2.0195158970832
24,1236,2.0195158970832
633,1537,2.0195158970832
1226,206,2.0195158970832
563,706,2.0195158970832
563,1278,2.0195158970832
563,1094,2.0195158970832
1162,246,2.0195158970832
1162,1048,2.0195158970832
1162,758,2.0195158970832
1162,229,2.0195158970832
1162,1185,2.0195158970832
1162,306,2.0195158970832
1162,350,2.0195158970832
1162,1531,2.0195158970832
1162,1240,2.0195158970832
1162,879,2.0195158970832
1162,1061,2.0195158970832
1162,781,2.0195158970832
63,332,2.0195158970832
63,972,2.0195158970832
578,1278,2.0195158970832
764,143,2.0195158970832
905,1524,2.0195158970832
913,51,2.0195158970832
201,146,2.0195158970832
514,1113,2.0195158970832
514,1069,2.0195158970832
514,969,2.0195158970832
514,100,2.0195158970832
514,1318,2.0195158970832
514,361,2.0195158970832
514,1383,2.0195158970832
715,85,2.0195158970832
715,1537,2.0195158970832
246,332,2.0195158970832
246,462,2.0195158970832
1048,332,2.0195158970832
1048,462,2.0195158970832
890,129,2.0195158970832
890,35,2.0195158970832
890,556,2.0195158970832
41,1133,2.0195158970832
1403,1382,2.0195158970832
1403,1393,2.0195158970832
1154,135,2.0195158970832
1053,1073,2.0195158970832
941,1022,2.0195158970832
961,332,2.0195158970832
405,404,2.0195158970832
405,34,2.0195158970832
405,883,2.0195158970832
124,1174,2.0195158970832
124,1281,2.0195158970832
124,1051,2.0195158970832
1206,1382,2.0195158970832
1206,1073,2.0195158970832
1283,143,2.0195158970832
1283,404,2.0195158970832
587,1005,2.0195158970832
992,206,2.0195158970832
534,129,2.0195158970832
534,35,2.0195158970832
534,556,2.0195158970832
871,1236,2.0195158970832
274,129,2.0195158970832
274,957,2.0195158970832
145,206,2.0195158970832
1071,332,2.0195158970832
1071,972,2.0195158970832
1417,1236,2.0195158970832
1113,541,2.0195158970832
1113,599,2.0195158970832
1547,1059,2.0195158970832
1541,1537,2.0195158970832
4,135,2.0195158970832
138,515,2.0195158970832
269,1059,2.0195158970832
517,1163,2.0195158970832
517,1133,2.0195158970832
96,1236,2.0195158970832
267,135,2.0195158970832
1124,1522,2.0195158970832
579,1537,2.0195158970832
1184,1092,2.0195158970832
1534,1059,2.0195158970832
1323,129,2.0195158970832
1323,957,2.0195158970832
428,143,2.0195158970832
428,703,2.0195158970832
557,332,2.0195158970832
557,404,2.0195158970832
810,85,2.0195158970832
810,972,2.0195158970832
231,1133,2.0195158970832
1285,1059,2.0195158970832
1359,1150,2.0195158970832
374,332,2.0195158970832
374,404,2.0195158970832
625,703,2.0195158970832
625,822,2.0195158970832
625,957,2.0195158970832
85,1308,2.0195158970832
85,1026,2.0195158970832
85,924,2.0195158970832
85,384,2.0195158970832
85,1440,2.0195158970832
85,186,2.0195158970832
85,1259,2.0195158970832
85,1470,2.0195158970832
85,1496,2.0195158970832
85,386,2.0195158970832
85,1147,2.0195158970832
85,894,2.0195158970832
85,1468,2.0195158970832
85,756,2.0195158970832
129,1276,2.0195158970832
129,441,2.0195158970832
129,1458,2.0195158970832
129,1029,2.0195158970832
129,1082,2.0195158970832
46,706,2.0195158970832
46,1278,2.0195158970832
46,1094,2.0195158970832
206,1201,2.0195158970832
206,540,2.0195158970832
206,460,2.0195158970832
206,826,2.0195158970832
206,891,2.0195158970832
206,658,2.0195158970832
206,1015,2.0195158970832
206,68,2.0195158970832
206,986,2.0195158970832
143,120,2.0195158970832
143,1253,2.0195158970832
143,1089,2.0195158970832
143,91,2.0195158970832
143,1423,2.0195158970832
143,294,2.0195158970832
143,927,2.0195158970832
143,339,2.0195158970832
143,1074,2.0195158970832
143,1080,2.0195158970832
143,1254,2.0195158970832
143,1516,2.0195158970832
143,607,2.0195158970832
143,469,2.0195158970832
143,646,2.0195158970832
143,1272,2.0195158970832
1077,332,2.0195158970832
436,554,2.0195158970832
600,1510,2.0195158970832
600,1170,2.0195158970832
600,462,2.0195158970832
576,462,2.0195158970832
296,1282,2.0195158970832
515,979,2.0195158970832
515,729,2.0195158970832
515,177,2.0195158970832
515,614,2.0195158970832
515,258,2.0195158970832
120,404,2.0195158970832
1450,864,2.0195158970832
1276,957,2.0195158970832
1390,1201,2.0195158970832
1390,1520,2.0195158970832
1390,505,2.0195158970832
1390,1015,2.0195158970832
1390,486,2.0195158970832
1390,1368,2.0195158970832
1390,986,2.0195158970832
189,1382,2.0195158970832
189,1073,2.0195158970832
892,332,2.0195158970832
892,972,2.0195158970832
934,703,2.0195158970832
934,883,2.0195158970832
1412,1510,2.0195158970832
1412,1170,2.0195158970832
1412,462,2.0195158970832
983,1133,2.0195158970832
1399,35,2.0195158970832
1399,1393,2.0195158970832
1399,1150,2.0195158970832
1510,1524,2.0195158970832
1510,959,2.0195158970832
1510,742,2.0195158970832
1510,1157,2.0195158970832
7,1163,2.0195158970832
7,1133,2.0195158970832
75,541,2.0195158970832
706,537,2.0195158970832
706,1055,2.0195158970832
706,47,2.0195158970832
706,701,2.0195158970832
706,262,2.0195158970832
706,936,2.0195158970832
706,916,2.0195158970832
706,1205,2.0195158970832
537,332,2.0195158970832
537,1258,2.0195158970832
537,1518,2.0195158970832
333,1163,2.0195158970832
333,1133,2.0195158970832
716,1011,2.0195158970832
1005,1255,2.0195158970832
1005,564,2.0195158970832
1055,332,2.0195158970832
1055,1258,2.0195158970832
1055,1518,2.0195158970832
1324,1150,2.0195158970832
1022,966,2.0195158970832
536,332,2.0195158970832
1343,554,2.0195158970832
1524,1073,2.0195158970832
108,1011,2.0195158970832
47,1278,2.0195158970832
47,1094,2.0195158970832
35,22,2.0195158970832
35,441,2.0195158970832
35,1458,2.0195158970832
35,1494,2.0195158970832
35,1082,2.0195158970832
556,1335,2.0195158970832
556,441,2.0195158970832
556,406,2.0195158970832
556,1458,2.0195158970832
556,321,2.0195158970832
556,840,2.0195158970832
556,1082,2.0195158970832
377,554,2.0195158970832
758,332,2.0195158970832
758,462,2.0195158970832
832,1258,2.0195158970832
1537,386,2.0195158970832
1537,894,2.0195158970832
1537,756,2.0195158970832
229,332,2.0195158970832
229,462,2.0195158970832
1191,34,2.0195158970832
1089,404,2.0195158970832
332,1185,2.0195158970832
332,262,2.0195158970832
332,126,2.0195158970832
332,389,2.0195158970832
332,350,2.0195158970832
332,1240,2.0195158970832
332,879,2.0195158970832
332,1061,2.0195158970832
332,1197,2.0195158970832
332,781,2.0195158970832
375,1475,2.0195158970832
182,404,2.0195158970832
1069,1133,2.0195158970832
1275,1236,2.0195158970832
731,1408,2.0195158970832
731,979,2.0195158970832
731,396,2.0195158970832
731,614,2.0195158970832
1201,864,2.0195158970832
1201,1475,2.0195158970832
1522,1514,2.0195158970832
1522,1408,2.0195158970832
1522,396,2.0195158970832
1522,420,2.0195158970832
1382,1426,2.0195158970832
1382,605,2.0195158970832
1382,1003,2.0195158970832
1382,1235,2.0195158970832
1382,1268,2.0195158970832
1382,1293,2.0195158970832
1382,721,2.0195158970832
1382,57,2.0195158970832
1382,516,2.0195158970832
1382,164,2.0195158970832
541,196,2.0195158970832
541,969,2.0195158970832
541,762,2.0195158970832
541,100,2.0195158970832
541,1318,2.0195158970832
541,361,2.0195158970832
541,1383,2.0195158970832
1119,53,2.0195158970832
309,1518,2.0195158970832
213,1092,2.0195158970832
1169,1011,2.0195158970832
959,1170,2.0195158970832
959,462,2.0195158970832
969,599,2.0195158970832
971,1059,2.0195158970832
23,554,2.0195158970832
404,91,2.0195158970832
404,1423,2.0195158970832
404,294,2.0195158970832
404,1074,2.0195158970832
404,126,2.0195158970832
404,414,2.0195158970832
404,1254,2.0195158970832
404,1516,2.0195158970832
404,607,2.0195158970832
404,469,2.0195158970832
404,1197,2.0195158970832
1393,605,2.0195158970832
1393,22,2.0195158970832
1393,1494,2.0195158970832
1393,661,2.0195158970832
742,1170,2.0195158970832
742,462,2.0195158970832
1170,1157,2.0195158970832
1170,646,2.0195158970832
1251,1150,2.0195158970832
1092,1520,2.0195158970832
1092,486,2.0195158970832
1092,1368,2.0195158970832
1073,1268,2.0195158970832
1073,1101,2.0195158970832
1073,979,2.0195158970832
1073,1293,2.0195158970832
1073,614,2.0195158970832
1073,721,2.0195158970832
1073,57,2.0195158970832
1073,164,2.0195158970832
703,152,2.0195158970832
703,927,2.0195158970832
703,339,2.0195158970832
703,1080,2.0195158970832
703,1306,2.0195158970832
703,154,2.0195158970832
703,1070,2.0195158970832
725,1236,2.0195158970832
1262,1258,2.0195158970832
701,1278,2.0195158970832
701,1094,2.0195158970832
184,1236,2.0195158970832
152,883,2.0195158970832
300,135,2.0195158970832
1377,1278,2.0195158970832
924,972,2.0195158970832
864,1514,2.0195158970832
864,1015,2.0195158970832
864,420,2.0195158970832
864,986,2.0195158970832
22,1150,2.0195158970832
822,1446,2.0195158970832
822,1306,2.0195158970832
27,972,2.0195158970832
1185,462,2.0195158970832
1258,262,2.0195158970832
1258,279,2.0195158970832
1258,106,2.0195158970832
835,554,2.0195158970832
130,1236,2.0195158970832
973,1278,2.0195158970832
100,599,2.0195158970832
262,1518,2.0195158970832
1217,554,2.0195158970832
1475,729,2.0195158970832
1475,1015,2.0195158970832
1475,986,2.0195158970832
1318,599,2.0195158970832
594,135,2.0195158970832
1518,1464,2.0195158970832
1518,106,2.0195158970832
406,554,2.0195158970832
1059,1057,2.0195158970832
1059,928,2.0195158970832
525,554,2.0195158970832
1041,1011,2.0195158970832
1520,606,2.0195158970832
1278,306,2.0195158970832
1278,1205,2.0195158970832
710,554,2.0195158970832
807,1236,2.0195158970832
389,972,2.0195158970832
34,414,2.0195158970832
509,135,2.0195158970832
1157,462,2.0195158970832
599,361,2.0195158970832
599,610,2.0195158970832
414,883,2.0195158970832
350,462,2.0195158970832
186,972,2.0195158970832
1306,957,2.0195158970832
921,1163,2.0195158970832
921,1133,2.0195158970832
650,462,2.0195158970832
1011,571,2.0195158970832
177,135,2.0195158970832
154,883,2.0195158970832
657,135,2.0195158970832
1470,972,2.0195158970832
1205,1094,2.0195158970832
373,135,2.0195158970832
597,1163,2.0195158970832
597,1133,2.0195158970832
1496,972,2.0195158970832
444,554,2.0195158970832
462,1240,2.0195158970832
462,879,2.0195158970832
462,1061,2.0195158970832
462,1376,2.0195158970832
462,781,2.0195158970832
204,135,2.0195158970832
821,1485,2.0195158970832
606,486,2.0195158970832
606,1368,2.0195158970832
606,503,2.0195158970832
641,135,2.0195158970832
1134,972,2.0195158970832
1378,554,2.0195158970832
972,1468,2.0195158970832
1494,1150,2.0195158970832
335,1236,2.0195158970832
1094,1121,2.0195158970832
883,1147,2.0195158970832
135,564,2.0195158970832
135,258,2.0195158970832
1367,1150,2.0195158970832
1150,1416,2.0195158970832
554,724,2.0195158970832
554,188,2.0195158970832
554,825,2.0195158970832
516,1133,2.0195158970832
700,133,2.0014708821294
439,133,2.0014708821294
468,801,2.0014708821294
1178,234,2.00140798153381
815,1330,2.00140798153381
94,1330,2.00140798153381
234,463,2.00140798153381
1300,1330,2.00140798153381
1009,380,2.00140798153381
612,1330,2.00140798153381
380,463,2.00140798153381
5,772,1.99831696529043
508,1291,1.99831696529043
56,210,1.99831696529043
56,765,1.99831696529043
56,734,1.99831696529043
772,58,1.99831696529043
763,459,1.99519468471462
814,1166,1.99519468471462
602,648,1.99519468471462
648,1428,1.99519468471462
376,876,1.99519468471462
1027,1084,1.96206016224312
1027,127,1.96206016224312
1445,449,1.96206016224312
449,127,1.96206016224312
1302,346,1.96206016224312
1302,1060,1.96206016224312
408,168,1.96206016224312
408,532,1.96206016224312
1096,532,1.96206016224312
774,1243,1.95623826443776
468,354,1.95623826443776
354,1211,1.95623826443776
354,1521,1.95623826443776
378,295,1.95623826443776
451,323,1.95049812435389
451,1508,1.95049812435389
451,1310,1.95049812435389
1203,1107,1.95049812435389
1203,1064,1.95049812435389
1107,281,1.95049812435389
1107,591,1.95049812435389
1526,888,1.9475497187899
1526,809,1.9475497187899
1002,337,1.9475497187899
370,58,1.9475497187899
994,337,1.9475497187899
210,337,1.9475497187899
1072,888,1.9475497187899
765,337,1.9475497187899
888,337,1.9475497187899
388,395,1.94384505085247
388,862,1.94384505085247
388,286,1.94384505085247
388,14,1.94384505085247
388,604,1.94384505085247
388,236,1.94384505085247
930,485,1.94384505085247
930,1339,1.94384505085247
930,560,1.94384505085247
1232,125,1.94384505085247
1473,1035,1.94384505085247
802,185,1.94384505085247
802,1478,1.94384505085247
802,611,1.94384505085247
802,662,1.94384505085247
802,967,1.94384505085247
412,1431,1.94384505085247
880,340,1.94384505085247
221,458,1.94384505085247
221,97,1.94384505085247
221,161,1.94384505085247
221,526,1.94384505085247
221,1455,1.94384505085247
221,99,1.94384505085247
221,1503,1.94384505085247
221,1319,1.94384505085247
485,901,1.94384505085247
485,25,1.94384505085247
485,1424,1.94384505085247
827,200,1.94384505085247
827,1345,1.94384505085247
827,1437,1.94384505085247
827,1499,1.94384505085247
827,1087,1.94384505085247
926,1158,1.94384505085247
926,546,1.94384505085247
926,1515,1.94384505085247
116,218,1.94384505085247
116,1247,1.94384505085247
455,901,1.94384505085247
455,696,1.94384505085247
174,1298,1.94384505085247
174,97,1.94384505085247
174,711,1.94384505085247
174,493,1.94384505085247
174,161,1.94384505085247
174,526,1.94384505085247
174,1455,1.94384505085247
174,99,1.94384505085247
174,285,1.94384505085247
174,1503,1.94384505085247
174,1238,1.94384505085247
174,551,1.94384505085247
174,217,1.94384505085247
174,1319,1.94384505085247
174,1424,1.94384505085247
103,1182,1.94384505085247
103,1476,1.94384505085247
148,884,1.94384505085247
1502,192,1.94384505085247
1502,99,1.94384505085247
1502,297,1.94384505085247
1502,728,1.94384505085247
1502,1152,1.94384505085247
897,1068,1.94384505085247
897,207,1.94384505085247
897,898,1.94384505085247
395,302,1.94384505085247
395,944,1.94384505085247
395,89,1.94384505085247
395,1503,1.94384505085247
395,489,1.94384505085247
395,67,1.94384505085247
395,696,1.94384505085247
395,1512,1.94384505085247
185,1045,1.94384505085247
185,176,1.94384505085247
185,1111,1.94384505085247
185,1410,1.94384505085247
185,1265,1.94384505085247
185,175,1.94384505085247
185,869,1.94384505085247
42,1158,1.94384505085247
808,170,1.94384505085247
830,1171,1.94384505085247
69,237,1.94384505085247
69,736,1.94384505085247
69,105,1.94384505085247
945,1322,1.94384505085247
1427,1385,1.94384505085247
1427,202,1.94384505085247
1427,18,1.94384505085247
1298,789,1.94384505085247
1298,273,1.94384505085247
1298,978,1.94384505085247
458,207,1.94384505085247
1091,1429,1.94384505085247
1365,618,1.94384505085247
1365,173,1.94384505085247
1479,1135,1.94384505085247
1479,1529,1.94384505085247
301,245,1.94384505085247
301,788,1.94384505085247
301,796,1.94384505085247
301,728,1.94384505085247
301,1158,1.94384505085247
301,1083,1.94384505085247
301,1515,1.94384505085247
655,944,1.94384505085247
655,1006,1.94384505085247
655,635,1.94384505085247
655,1321,1.94384505085247
655,546,1.94384505085247
26,1385,1.94384505085247
26,1538,1.94384505085247
26,11,1.94384505085247
26,98,1.94384505085247
26,1500,1.94384505085247
26,691,1.94384505085247
26,115,1.94384505085247
949,632,1.94384505085247
949,240,1.94384505085247
949,1158,1.94384505085247
949,1515,1.94384505085247
1056,915,1.94384505085247
1056,845,1.94384505085247
1056,510,1.94384505085247
1056,104,1.94384505085247
1056,1039,1.94384505085247
1056,453,1.94384505085247
1056,155,1.94384505085247
1068,97,1.94384505085247
1068,1238,1.94384505085247
1068,67,1.94384505085247
192,426,1.94384505085247
1411,862,1.94384505085247
1411,286,1.94384505085247
1411,32,1.94384505085247
1411,14,1.94384505085247
1411,604,1.94384505085247
1411,865,1.94384505085247
1411,1429,1.94384505085247
628,676,1.94384505085247
628,105,1.94384505085247
628,179,1.94384505085247
628,627,1.94384505085247
884,601,1.94384505085247
884,125,1.94384505085247
884,194,1.94384505085247
1312,547,1.94384505085247
1312,340,1.94384505085247
567,1506,1.94384505085247
1345,170,1.94384505085247
97,1222,1.94384505085247
97,547,1.94384505085247
97,314,1.94384505085247
1379,67,1.94384505085247
1379,1196,1.94384505085247
915,623,1.94384505085247
915,588,1.94384505085247
915,36,1.94384505085247
862,748,1.94384505085247
862,944,1.94384505085247
862,89,1.94384505085247
862,489,1.94384505085247
862,67,1.94384505085247
446,623,1.94384505085247
446,1171,1.94384505085247
446,512,1.94384505085247
613,925,1.94384505085247
613,162,1.94384505085247
711,1419,1.94384505085247
845,588,1.94384505085247
845,1303,1.94384505085247
245,1478,1.94384505085247
245,1219,1.94384505085247
245,125,1.94384505085247
1525,789,1.94384505085247
1525,194,1.94384505085247
1102,1490,1.94384505085247
1102,18,1.94384505085247
748,995,1.94384505085247
286,302,1.94384505085247
286,944,1.94384505085247
286,1155,1.94384505085247
286,89,1.94384505085247
286,489,1.94384505085247
286,67,1.94384505085247
623,1006,1.94384505085247
623,635,1.94384505085247
623,1039,1.94384505085247
623,704,1.94384505085247
623,155,1.94384505085247
493,1261,1.94384505085247
493,1419,1.94384505085247
493,604,1.94384505085247
1135,1230,1.94384505085247
636,559,1.94384505085247
636,940,1.94384505085247
636,359,1.94384505085247
788,1478,1.94384505085247
788,1219,1.94384505085247
788,125,1.94384505085247
608,754,1.94384505085247
608,1431,1.94384505085247
608,483,1.94384505085247
608,967,1.94384505085247
608,233,1.94384505085247
48,400,1.94384505085247
796,1449,1.94384505085247
796,1478,1.94384505085247
796,1219,1.94384505085247
796,761,1.94384505085247
796,125,1.94384505085247
768,1311,1.94384505085247
768,390,1.94384505085247
768,611,1.94384505085247
768,1348,1.94384505085247
768,560,1.94384505085247
768,1139,1.94384505085247
1222,161,1.94384505085247
1222,901,1.94384505085247
1222,526,1.94384505085247
1222,1455,1.94384505085247
1222,99,1.94384505085247
1222,1503,1.94384505085247
1222,1238,1.94384505085247
1222,696,1.94384505085247
1222,1319,1.94384505085247
684,250,1.94384505085247
684,358,1.94384505085247
684,426,1.94384505085247
684,886,1.94384505085247
1045,170,1.94384505085247
1437,170,1.94384505085247
1284,236,1.94384505085247
1284,1181,1.94384505085247
1284,359,1.94384505085247
259,1449,1.94384505085247
259,588,1.94384505085247
259,754,1.94384505085247
259,761,1.94384505085247
259,978,1.94384505085247
302,995,1.94384505085247
302,14,1.94384505085247
302,604,1.94384505085247
302,236,1.94384505085247
785,1348,1.94384505085247
785,1289,1.94384505085247
785,314,1.94384505085247
1386,698,1.94384505085247
161,547,1.94384505085247
161,314,1.94384505085247
158,1221,1.94384505085247
158,680,1.94384505085247
158,371,1.94384505085247
1339,901,1.94384505085247
1339,25,1.94384505085247
1311,1499,1.94384505085247
1311,20,1.94384505085247
1311,1244,1.94384505085247
1311,1274,1.94384505085247
1311,704,1.94384505085247
1311,70,1.94384505085247
1230,1171,1.94384505085247
618,31,1.94384505085247
618,553,1.94384505085247
618,239,1.94384505085247
618,1360,1.94384505085247
997,1348,1.94384505085247
997,1289,1.94384505085247
997,314,1.94384505085247
1449,31,1.94384505085247
1449,1249,1.94384505085247
1449,413,1.94384505085247
925,180,1.94384505085247
925,105,1.94384505085247
925,39,1.94384505085247
925,627,1.94384505085247
588,1039,1.94384505085247
588,453,1.94384505085247
588,155,1.94384505085247
588,243,1.94384505085247
901,560,1.94384505085247
1171,1273,1.94384505085247
1171,156,1.94384505085247
944,14,1.94384505085247
944,604,1.94384505085247
944,236,1.94384505085247
526,547,1.94384505085247
526,314,1.94384505085247
207,553,1.94384505085247
207,239,1.94384505085247
207,1360,1.94384505085247
207,727,1.94384505085247
1138,1181,1.94384505085247
31,761,1.94384505085247
873,789,1.94384505085247
1455,390,1.94384505085247
1455,547,1.94384505085247
1455,314,1.94384505085247
789,18,1.94384505085247
180,162,1.94384505085247
382,940,1.94384505085247
1509,1181,1.94384505085247
327,1431,1.94384505085247
1517,1031,1.94384505085247
1499,390,1.94384505085247
1499,611,1.94384505085247
1499,1348,1.94384505085247
1499,560,1.94384505085247
1499,1139,1.94384505085247
99,547,1.94384505085247
99,1001,1.94384505085247
99,314,1.94384505085247
89,14,1.94384505085247
89,604,1.94384505085247
89,236,1.94384505085247
32,1503,1.94384505085247
32,803,1.94384505085247
32,360,1.94384505085247
32,696,1.94384505085247
32,1512,1.94384505085247
615,1114,1.94384505085247
676,314,1.94384505085247
553,14,1.94384505085247
553,865,1.94384505085247
553,900,1.94384505085247
285,1419,1.94384505085247
297,1001,1.94384505085247
580,194,1.94384505085247
1420,170,1.94384505085247
1420,886,1.94384505085247
1006,512,1.94384505085247
1006,1269,1.94384505085247
1006,940,1.94384505085247
1532,559,1.94384505085247
1532,1348,1.94384505085247
1532,1289,1.94384505085247
1419,551,1.94384505085247
1419,938,1.94384505085247
1419,343,1.94384505085247
1503,547,1.94384505085247
1503,865,1.94384505085247
1503,236,1.94384505085247
1503,314,1.94384505085247
1503,1429,1.94384505085247
273,217,1.94384505085247
273,1424,1.94384505085247
533,1110,1.94384505085247
520,162,1.94384505085247
596,172,1.94384505085247
596,782,1.94384505085247
1372,280,1.94384505085247
1478,728,1.94384505085247
1478,172,1.94384505085247
1478,680,1.94384505085247
1478,1500,1.94384505085247
1478,1083,1.94384505085247
1215,504,1.94384505085247
1215,737,1.94384505085247
1215,938,1.94384505085247
489,14,1.94384505085247
489,604,1.94384505085247
489,236,1.94384505085247
598,18,1.94384505085247
584,343,1.94384505085247
1110,1391,1.94384505085247
1110,735,1.94384505085247
411,125,1.94384505085247
239,14,1.94384505085247
239,865,1.94384505085247
239,900,1.94384505085247
310,1506,1.94384505085247
320,426,1.94384505085247
1238,547,1.94384505085247
1238,898,1.94384505085247
1238,314,1.94384505085247
1109,560,1.94384505085247
305,547,1.94384505085247
305,314,1.94384505085247
1385,416,1.94384505085247
1385,1046,1.94384505085247
1219,728,1.94384505085247
1219,1083,1.94384505085247
1332,416,1.94384505085247
250,215,1.94384505085247
504,859,1.94384505085247
504,1046,1.94384505085247
14,1360,1.94384505085247
14,67,1.94384505085247
754,1321,1.94384505085247
754,244,1.94384505085247
754,438,1.94384505085247
754,243,1.94384505085247
632,761,1.94384505085247
632,1289,1.94384505085247
173,172,1.94384505085247
173,105,1.94384505085247
173,938,1.94384505085247
173,782,1.94384505085247
390,20,1.94384505085247
390,1274,1.94384505085247
390,1319,1.94384505085247
390,70,1.94384505085247
36,1039,1.94384505085247
36,155,1.94384505085247
225,125,1.94384505085247
635,512,1.94384505085247
635,1269,1.94384505085247
1130,1493,1.94384505085247
1130,353,1.94384505085247
1130,202,1.94384505085247
1463,156,1.94384505085247
728,1001,1.94384505085247
728,125,1.94384505085247
604,67,1.94384505085247
604,1459,1.94384505085247
512,1244,1.94384505085247
512,704,1.94384505085247
512,1158,1.94384505085247
512,1515,1.94384505085247
547,1319,1.94384505085247
547,782,1.94384505085247
20,611,1.94384505085247
20,1348,1.94384505085247
20,560,1.94384505085247
20,1429,1.94384505085247
20,1139,1.94384505085247
1360,865,1.94384505085247
1360,900,1.94384505085247
1447,900,1.94384505085247
868,649,1.94384505085247
643,662,1.94384505085247
511,314,1.94384505085247
1486,1139,1.94384505085247
215,358,1.94384505085247
215,426,1.94384505085247
215,886,1.94384505085247
176,611,1.94384505085247
176,662,1.94384505085247
176,967,1.94384505085247
611,1111,1.94384505085247
611,1410,1.94384505085247
611,1274,1.94384505085247
611,1265,1.94384505085247
611,869,1.94384505085247
611,70,1.94384505085247
67,236,1.94384505085247
1143,1035,1.94384505085247
761,1249,1.94384505085247
761,240,1.94384505085247
761,413,1.94384505085247
865,696,1.94384505085247
865,1512,1.94384505085247
1239,1218,1.94384505085247
349,1429,1.94384505085247
172,162,1.94384505085247
1431,877,1.94384505085247
236,696,1.94384505085247
236,1512,1.94384505085247
906,311,1.94384505085247
906,1373,1.94384505085247
906,194,1.94384505085247
11,0,1.94384505085247
889,1122,1.94384505085247
889,132,1.94384505085247
803,1031,1.94384505085247
1111,170,1.94384505085247
1111,662,1.94384505085247
1111,967,1.94384505085247
0,18,1.94384505085247
453,1303,1.94384505085247
360,1031,1.94384505085247
978,217,1.94384505085247
978,1424,1.94384505085247
978,243,1.94384505085247
125,1083,1.94384505085247
759,1044,1.94384505085247
25,560,1.94384505085247
170,343,1.94384505085247
170,39,1.94384505085247
1348,1274,1.94384505085247
1348,70,1.94384505085247
560,1274,1.94384505085247
560,70,1.94384505085247
560,1375,1.94384505085247
240,900,1.94384505085247
202,233,1.94384505085247
1218,1196,1.94384505085247
727,662,1.94384505085247
1410,662,1.94384505085247
1410,967,1.94384505085247
991,1506,1.94384505085247
1274,1139,1.94384505085247
1265,662,1.94384505085247
1265,967,1.94384505085247
1484,1429,1.94384505085247
696,1429,1.94384505085247
869,662,1.94384505085247
869,967,1.94384505085247
1319,314,1.94384505085247
280,132,1.94384505085247
39,162,1.94384505085247
367,1506,1.94384505085247
1116,430,1.94384505085247
1158,616,1.94384505085247
70,1139,1.94384505085247
1512,1429,1.94384505085247
1321,967,1.94384505085247
1321,233,1.94384505085247
162,782,1.94384505085247
244,967,1.94384505085247
244,233,1.94384505085247
616,1515,1.94384505085247
863,720,1.94358373552329
863,787,1.94358373552329
863,838,1.94358373552329
429,84,1.94358373552329
1137,1063,1.94358373552329
1137,1156,1.94358373552329
1137,1407,1.94358373552329
1137,1069,1.94358373552329
1137,769,1.94358373552329
1137,117,1.94358373552329
1137,228,1.94358373552329
1384,990,1.94358373552329
59,843,1.94358373552329
59,1444,1.94358373552329
418,990,1.94358373552329
474,366,1.94358373552329
474,1444,1.94358373552329
211,787,1.94358373552329
1326,1075,1.94358373552329
1326,1146,1.94358373552329
3,257,1.94358373552329
452,257,1.94358373552329
366,392,1.94358373552329
366,1036,1.94358373552329
366,890,1.94358373552329
366,534,1.94358373552329
366,1399,1.94358373552329
366,22,1.94358373552329
366,441,1.94358373552329
366,800,1.94358373552329
366,1458,1.94358373552329
366,373,1.94358373552329
366,204,1.94358373552329
366,1494,1.94358373552329
366,1082,1.94358373552329
1371,191,1.94358373552329
1371,319,1.94358373552329
1371,1337,1.94358373552329
1371,75,1.94358373552329
1371,1343,1.94358373552329
1371,377,1.94358373552329
1371,1081,1.94358373552329
1371,762,1.94358373552329
1371,835,1.94358373552329
1371,1217,1.94358373552329
1371,406,1.94358373552329
1371,525,1.94358373552329
1371,710,1.94358373552329
1371,444,1.94358373552329
1371,697,1.94358373552329
1371,1378,1.94358373552329
1371,840,1.94358373552329
1371,724,1.94358373552329
1371,188,1.94358373552329
1371,825,1.94358373552329
1252,1190,1.94358373552329
65,1146,1.94358373552329
30,392,1.94358373552329
30,1036,1.94358373552329
30,142,1.94358373552329
30,1399,1.94358373552329
30,1052,1.94358373552329
30,22,1.94358373552329
30,1494,1.94358373552329
1472,1279,1.94358373552329
1472,275,1.94358373552329
970,1290,1.94358373552329
277,752,1.94358373552329
277,1227,1.94358373552329
392,555,1.94358373552329
392,653,1.94358373552329
1342,308,1.94358373552329
1342,638,1.94358373552329
9,752,1.94358373552329
642,165,1.94358373552329
642,773,1.94358373552329
191,773,1.94358373552329
1363,1075,1.94358373552329
1363,1146,1.94358373552329
319,990,1.94358373552329
319,838,1.94358373552329
1063,720,1.94358373552329
1063,838,1.94358373552329
720,282,1.94358373552329
720,1407,1.94358373552329
720,769,1.94358373552329
720,102,1.94358373552329
720,117,1.94358373552329
379,1146,1.94358373552329
562,308,1.94358373552329
562,1146,1.94358373552329
1279,53,1.94358373552329
1349,990,1.94358373552329
1438,1113,1.94358373552329
1438,969,1.94358373552329
1438,100,1.94358373552329
1438,1318,1.94358373552329
1438,361,1.94358373552329
1438,821,1.94358373552329
214,257,1.94358373552329
122,958,1.94358373552329
122,1290,1.94358373552329
122,1444,1.94358373552329
1337,773,1.94358373552329
907,1098,1.94358373552329
907,738,1.94358373552329
907,780,1.94358373552329
907,585,1.94358373552329
907,870,1.94358373552329
336,787,1.94358373552329
1088,1168,1.94358373552329
1088,1352,1.94358373552329
1075,114,1.94358373552329
1075,1283,1.94358373552329
1075,120,1.94358373552329
1075,1089,1.94358373552329
1075,91,1.94358373552329
1075,1423,1.94358373552329
1075,294,1.94358373552329
1075,1104,1.94358373552329
1075,1074,1.94358373552329
1075,1254,1.94358373552329
1075,1516,1.94358373552329
1075,607,1.94358373552329
1075,469,1.94358373552329
1036,555,1.94358373552329
1036,653,1.94358373552329
794,990,1.94358373552329
114,1146,1.94358373552329
531,33,1.94358373552329
545,958,1.94358373552329
545,831,1.94358373552329
545,1352,1.94358373552329
1226,308,1.94358373552329
1226,1146,1.94358373552329
563,257,1.94358373552329
563,1168,1.94358373552329
1123,1432,1.94358373552329
165,908,1.94358373552329
165,832,1.94358373552329
165,1201,1.94358373552329
165,693,1.94358373552329
165,1426,1.94358373552329
165,1003,1.94358373552329
165,1262,1.94358373552329
165,364,1.94358373552329
165,1132,1.94358373552329
165,166,1.94358373552329
165,279,1.94358373552329
165,1015,1.94358373552329
165,656,1.94358373552329
165,315,1.94358373552329
165,986,1.94358373552329
268,476,1.94358373552329
268,253,1.94358373552329
268,695,1.94358373552329
268,828,1.94358373552329
19,257,1.94358373552329
50,787,1.94358373552329
787,1115,1.94358373552329
787,198,1.94358373552329
787,1511,1.94358373552329
787,1305,1.94358373552329
787,1539,1.94358373552329
913,84,1.94358373552329
715,33,1.94358373552329
1115,308,1.94358373552329
890,1444,1.94358373552329
555,1399,1.94358373552329
555,22,1.94358373552329
555,1395,1.94358373552329
555,1125,1.94358373552329
555,1494,1.94358373552329
1161,33,1.94358373552329
682,257,1.94358373552329
308,992,1.94358373552329
308,145,1.94358373552329
308,810,1.94358373552329
308,198,1.94358373552329
308,540,1.94358373552329
308,1511,1.94358373552329
308,924,1.94358373552329
308,1305,1.94358373552329
308,460,1.94358373552329
308,1132,1.94358373552329
308,826,1.94358373552329
308,891,1.94358373552329
308,658,1.94358373552329
308,186,1.94358373552329
308,1470,1.94358373552329
308,1496,1.94358373552329
308,68,1.94358373552329
308,755,1.94358373552329
308,1539,1.94358373552329
308,1255,1.94358373552329
308,1468,1.94358373552329
651,752,1.94358373552329
651,1227,1.94358373552329
1283,1146,1.94358373552329
992,1146,1.94358373552329
534,1444,1.94358373552329
871,843,1.94358373552329
871,1444,1.94358373552329
145,1146,1.94358373552329
779,990,1.94358373552329
484,84,1.94358373552329
138,1208,1.94358373552329
199,84,1.94358373552329
517,1190,1.94358373552329
96,1168,1.94358373552329
1124,958,1.94358373552329
1124,638,1.94358373552329
428,1290,1.94358373552329
810,638,1.94358373552329
908,1168,1.94358373552329
990,852,1.94358373552329
990,1450,1.94358373552329
990,1343,1.94358373552329
990,377,1.94358373552329
990,770,1.94358373552329
990,307,1.94358373552329
990,835,1.94358373552329
990,1217,1.94358373552329
990,527,1.94358373552329
990,525,1.94358373552329
990,1287,1.94358373552329
990,710,1.94358373552329
990,136,1.94358373552329
990,444,1.94358373552329
990,681,1.94358373552329
990,1378,1.94358373552329
990,530,1.94358373552329
990,724,1.94358373552329
990,188,1.94358373552329
990,825,1.94358373552329
33,687,1.94358373552329
33,128,1.94358373552329
33,406,1.94358373552329
33,1210,1.94358373552329
33,386,1.94358373552329
33,494,1.94358373552329
33,894,1.94358373552329
33,756,1.94358373552329
625,843,1.94358373552329
958,1408,1.94358373552329
958,396,1.94358373552329
958,1034,1.94358373552329
46,257,1.94358373552329
46,1168,1.94358373552329
600,1168,1.94358373552329
600,1352,1.94358373552329
120,1146,1.94358373552329
257,47,1.94358373552329
257,701,1.94358373552329
257,916,1.94358373552329
257,1205,1.94358373552329
257,1193,1.94358373552329
257,824,1.94358373552329
257,1134,1.94358373552329
257,1340,1.94358373552329
934,1432,1.94358373552329
934,425,1.94358373552329
934,1227,1.94358373552329
1412,1168,1.94358373552329
1412,1352,1.94358373552329
1399,653,1.94358373552329
1407,838,1.94358373552329
7,1190,1.94358373552329
687,1454,1.94358373552329
75,773,1.94358373552329
537,1290,1.94358373552329
537,1444,1.94358373552329
333,1190,1.94358373552329
128,1454,1.94358373552329
1055,1290,1.94358373552329
1055,1444,1.94358373552329
1301,1514,1.94358373552329
1301,729,1.94358373552329
1301,420,1.94358373552329
1343,838,1.94358373552329
1524,223,1.94358373552329
1524,831,1.94358373552329
1524,1352,1.94358373552329
47,1168,1.94358373552329
1253,843,1.94358373552329
1253,1290,1.94358373552329
377,838,1.94358373552329
1089,1146,1.94358373552329
1201,773,1.94358373552329
540,1146,1.94358373552329
309,653,1.94358373552329
959,1168,1.94358373552329
959,1352,1.94358373552329
654,752,1.94358373552329
693,1168,1.94358373552329
84,741,1.94358373552329
84,1199,1.94358373552329
742,1168,1.94358373552329
742,1352,1.94358373552329
153,1146,1.94358373552329
1079,638,1.94358373552329
91,1146,1.94358373552329
1430,752,1.94358373552329
725,1168,1.94358373552329
701,1168,1.94358373552329
184,1168,1.94358373552329
152,1432,1.94358373552329
152,425,1.94358373552329
152,1227,1.94358373552329
445,843,1.94358373552329
1423,1146,1.94358373552329
294,1146,1.94358373552329
924,638,1.94358373552329
22,653,1.94358373552329
441,1444,1.94358373552329
1104,223,1.94358373552329
1454,646,1.94358373552329
1454,276,1.94358373552329
739,425,1.94358373552329
762,773,1.94358373552329
835,838,1.94358373552329
130,1168,1.94358373552329
1200,752,1.94358373552329
262,1290,1.94358373552329
262,1444,1.94358373552329
1217,838,1.94358373552329
927,1290,1.94358373552329
1446,820,1.94358373552329
1446,1444,1.94358373552329
406,752,1.94358373552329
1408,1290,1.94358373552329
1408,1444,1.94358373552329
569,752,1.94358373552329
525,838,1.94358373552329
1458,1444,1.94358373552329
1288,843,1.94358373552329
752,1304,1.94358373552329
752,417,1.94358373552329
339,1290,1.94358373552329
364,1168,1.94358373552329
396,1290,1.94358373552329
396,1444,1.94358373552329
460,1146,1.94358373552329
710,838,1.94358373552329
838,769,1.94358373552329
838,117,1.94358373552329
838,444,1.94358373552329
838,1378,1.94358373552329
838,724,1.94358373552329
838,188,1.94358373552329
838,825,1.94358373552329
1074,1146,1.94358373552329
807,1168,1.94358373552329
826,1146,1.94358373552329
223,661,1.94358373552329
891,1146,1.94358373552329
1080,1290,1.94358373552329
1157,1168,1.94358373552329
1157,1352,1.94358373552329
653,1494,1.94358373552329
658,1146,1.94358373552329
186,638,1.94358373552329
872,646,1.94358373552329
1306,843,1.94358373552329
921,1190,1.94358373552329
1254,1146,1.94358373552329
1432,154,1.94358373552329
1432,1070,1.94358373552329
916,1168,1.94358373552329
1190,597,1.94358373552329
154,425,1.94358373552329
154,1227,1.94358373552329
1516,1146,1.94358373552329
1015,773,1.94358373552329
1470,638,1.94358373552329
1205,1168,1.94358373552329
1496,638,1.94358373552329
68,1146,1.94358373552329
922,843,1.94358373552329
843,1272,1.94358373552329
843,62,1.94358373552329
425,1070,1.94358373552329
607,1146,1.94358373552329
1134,638,1.94358373552329
1168,656,1.94358373552329
1168,335,1.94358373552329
1168,609,1.94358373552329
1227,1029,1.94358373552329
106,1444,1.94358373552329
1290,1272,1.94358373552329
638,1468,1.94358373552329
469,1146,1.94358373552329
646,1352,1.94358373552329
1444,1082,1.94358373552329
986,773,1.94358373552329
1331,234,1.93900313325705
287,74,1.93900313325705
1025,193,1.93900313325705
459,542,1.92779123274038
1178,1428,1.92779123274038
814,815,1.92779123274038
814,1300,1.92779123274038
814,1030,1.92779123274038
815,1166,1.92779123274038
602,94,1.92779123274038
94,648,1.92779123274038
94,1428,1.92779123274038
1300,1428,1.92779123274038
1300,376,1.92779123274038
1030,648,1.92779123274038
1030,1166,1.92779123274038
648,612,1.92779123274038
612,1428,1.92779123274038
575,1231,1.91406013448287
403,1231,1.91406013448287
790,1231,1.91406013448287
1445,1214,1.90863493868695
1445,317,1.90863493868695
1224,56,1.90863493868695
772,532,1.90863493868695
1084,317,1.90863493868695
1271,133,1.90059630221459
1129,1291,1.90059630221459
133,49,1.90059630221459
801,49,1.90059630221459
1027,234,1.88231428084797
234,896,1.88231428084797
74,1096,1.88231428084797
1477,1292,1.88081154803137
1477,66,1.88081154803137
59,677,1.88081154803137
59,1203,1.88081154803137
474,677,1.88081154803137
211,575,1.88081154803137
211,1480,1.88081154803137
1338,1292,1.88081154803137
1338,1192,1.88081154803137
1326,714,1.88081154803137
1326,575,1.88081154803137
1326,1203,1.88081154803137
1326,230,1.88081154803137
1326,281,1.88081154803137
1054,66,1.88081154803137
568,934,1.88081154803137
568,152,1.88081154803137
568,739,1.88081154803137
568,154,1.88081154803137
568,1070,1.88081154803137
65,790,1.88081154803137
1472,134,1.88081154803137
572,1542,1.88081154803137
572,501,1.88081154803137
1342,1508,1.88081154803137
1342,1310,1.88081154803137
1342,591,1.88081154803137
642,323,1.88081154803137
642,1508,1.88081154803137
1189,591,1.88081154803137
1164,241,1.88081154803137
1363,714,1.88081154803137
1363,575,1.88081154803137
1363,1203,1.88081154803137
1363,230,1.88081154803137
1363,281,1.88081154803137
319,1542,1.88081154803137
319,1310,1.88081154803137
562,575,1.88081154803137
562,1203,1.88081154803137
1361,563,1.88081154803137
1361,46,1.88081154803137
1361,47,1.88081154803137
1361,213,1.88081154803137
1361,701,1.88081154803137
1361,1034,1.88081154803137
1361,916,1.88081154803137
1361,1205,1.88081154803137
1361,106,1.88081154803137
214,1292,1.88081154803137
122,403,1.88081154803137
122,1480,1.88081154803137
122,488,1.88081154803137
1085,66,1.88081154803137
1497,1480,1.88081154803137
1497,147,1.88081154803137
140,1480,1.88081154803137
874,1542,1.88081154803137
874,501,1.88081154803137
714,114,1.88081154803137
714,1283,1.88081154803137
714,120,1.88081154803137
714,537,1.88081154803137
714,1055,1.88081154803137
714,1089,1.88081154803137
714,91,1.88081154803137
714,1423,1.88081154803137
714,294,1.88081154803137
714,262,1.88081154803137
714,1074,1.88081154803137
714,1254,1.88081154803137
714,1516,1.88081154803137
714,607,1.88081154803137
714,469,1.88081154803137
1108,1480,1.88081154803137
1108,147,1.88081154803137
491,591,1.88081154803137
81,719,1.88081154803137
323,1450,1.88081154803137
323,1201,1.88081154803137
323,213,1.88081154803137
323,1514,1.88081154803137
323,1015,1.88081154803137
323,420,1.88081154803137
323,986,1.88081154803137
673,1310,1.88081154803137
114,575,1.88081154803137
114,1203,1.88081154803137
114,230,1.88081154803137
114,281,1.88081154803137
531,1220,1.88081154803137
1389,1203,1.88081154803137
847,230,1.88081154803137
847,87,1.88081154803137
575,1226,1.88081154803137
575,1283,1.88081154803137
575,992,1.88081154803137
575,145,1.88081154803137
575,120,1.88081154803137
575,582,1.88081154803137
575,1089,1.88081154803137
575,540,1.88081154803137
575,91,1.88081154803137
575,1423,1.88081154803137
575,294,1.88081154803137
575,1200,1.88081154803137
575,460,1.88081154803137
575,1074,1.88081154803137
575,826,1.88081154803137
575,891,1.88081154803137
575,658,1.88081154803137
575,1254,1.88081154803137
575,1516,1.88081154803137
575,68,1.88081154803137
575,821,1.88081154803137
575,610,1.88081154803137
575,607,1.88081154803137
575,469,1.88081154803137
24,677,1.88081154803137
24,281,1.88081154803137
1226,1203,1.88081154803137
563,66,1.88081154803137
578,403,1.88081154803137
222,1292,1.88081154803137
222,1192,1.88081154803137
764,1292,1.88081154803137
764,66,1.88081154803137
1292,183,1.88081154803137
1292,1533,1.88081154803137
1292,1256,1.88081154803137
1292,836,1.88081154803137
1292,916,1.88081154803137
1292,824,1.88081154803137
1292,805,1.88081154803137
1292,1134,1.88081154803137
1292,1340,1.88081154803137
1292,819,1.88081154803137
715,1508,1.88081154803137
324,1480,1.88081154803137
324,147,1.88081154803137
482,87,1.88081154803137
890,677,1.88081154803137
1403,790,1.88081154803137
1053,1542,1.88081154803137
292,1310,1.88081154803137
403,679,1.88081154803137
403,537,1.88081154803137
403,582,1.88081154803137
403,1055,1.88081154803137
403,1377,1.88081154803137
403,262,1.88081154803137
403,1408,1.88081154803137
403,396,1.88081154803137
403,1034,1.88081154803137
974,281,1.88081154803137
405,230,1.88081154803137
405,1310,1.88081154803137
1206,230,1.88081154803137
1206,87,1.88081154803137
1283,1203,1.88081154803137
1283,230,1.88081154803137
1283,281,1.88081154803137
587,1203,1.88081154803137
992,1203,1.88081154803137
534,677,1.88081154803137
1542,934,1.88081154803137
1542,1343,1.88081154803137
1542,1524,1.88081154803137
1542,377,1.88081154803137
1542,152,1.88081154803137
1542,1235,1.88081154803137
1542,835,1.88081154803137
1542,1101,1.88081154803137
1542,1217,1.88081154803137
1542,525,1.88081154803137
1542,710,1.88081154803137
1542,154,1.88081154803137
1542,444,1.88081154803137
1542,1378,1.88081154803137
1542,724,1.88081154803137
1542,188,1.88081154803137
1542,825,1.88081154803137
871,677,1.88081154803137
871,1203,1.88081154803137
145,1203,1.88081154803137
501,4,1.88081154803137
501,267,1.88081154803137
501,899,1.88081154803137
501,1235,1.88081154803137
501,594,1.88081154803137
501,509,1.88081154803137
501,657,1.88081154803137
484,134,1.88081154803137
138,1203,1.88081154803137
199,134,1.88081154803137
96,677,1.88081154803137
428,1192,1.88081154803137
810,1508,1.88081154803137
810,1310,1.88081154803137
810,591,1.88081154803137
625,1192,1.88081154803137
899,1220,1.88081154803137
46,66,1.88081154803137
1021,934,1.88081154803137
1021,152,1.88081154803137
1021,739,1.88081154803137
1021,154,1.88081154803137
1021,1070,1.88081154803137
1353,1480,1.88081154803137
1353,147,1.88081154803137
952,1203,1.88081154803137
282,677,1.88081154803137
120,1203,1.88081154803137
120,230,1.88081154803137
120,281,1.88081154803137
189,230,1.88081154803137
189,87,1.88081154803137
790,605,1.88081154803137
790,1081,1.88081154803137
766,281,1.88081154803137
1480,108,1.88081154803137
1480,964,1.88081154803137
1480,406,1.88081154803137
1480,1408,1.88081154803137
1480,753,1.88081154803137
1480,1041,1.88081154803137
1480,396,1.88081154803137
1480,571,1.88081154803137
537,677,1.88081154803137
1140,281,1.88081154803137
1055,677,1.88081154803137
844,281,1.88081154803137
1343,1310,1.88081154803137
1237,66,1.88081154803137
47,66,1.88081154803137
421,591,1.88081154803137
1308,1203,1.88081154803137
183,1192,1.88081154803137
1026,1203,1.88081154803137
377,1310,1.88081154803137
73,488,1.88081154803137
1191,230,1.88081154803137
1089,1203,1.88081154803137
1089,230,1.88081154803137
1089,281,1.88081154803137
182,230,1.88081154803137
1275,677,1.88081154803137
1275,281,1.88081154803137
1201,1508,1.88081154803137
540,1203,1.88081154803137
1533,1192,1.88081154803137
1169,66,1.88081154803137
470,87,1.88081154803137
677,725,1.88081154803137
677,184,1.88081154803137
677,441,1.88081154803137
677,130,1.88081154803137
677,262,1.88081154803137
677,1458,1.88081154803137
677,807,1.88081154803137
677,102,1.88081154803137
677,335,1.88081154803137
677,106,1.88081154803137
677,1082,1.88081154803137
741,134,1.88081154803137
1347,281,1.88081154803137
153,281,1.88081154803137
964,147,1.88081154803137
91,1203,1.88081154803137
91,230,1.88081154803137
91,281,1.88081154803137
1203,1423,1.88081154803137
1203,294,1.88081154803137
1203,460,1.88081154803137
1203,1074,1.88081154803137
1203,826,1.88081154803137
1203,891,1.88081154803137
1203,658,1.88081154803137
1203,1254,1.88081154803137
1203,1259,1.88081154803137
1203,1516,1.88081154803137
1203,68,1.88081154803137
1203,607,1.88081154803137
1203,469,1.88081154803137
701,66,1.88081154803137
1508,924,1.88081154803137
1508,574,1.88081154803137
1508,186,1.88081154803137
1508,1015,1.88081154803137
1508,1470,1.88081154803137
1508,1496,1.88081154803137
1508,386,1.88081154803137
1508,894,1.88081154803137
1508,986,1.88081154803137
1508,1468,1.88081154803137
1508,756,1.88081154803137
445,488,1.88081154803137
445,1192,1.88081154803137
1423,230,1.88081154803137
1423,281,1.88081154803137
294,230,1.88081154803137
294,281,1.88081154803137
924,1310,1.88081154803137
924,591,1.88081154803137
1268,230,1.88081154803137
1268,87,1.88081154803137
1401,281,1.88081154803137
230,1074,1.88081154803137
230,414,1.88081154803137
230,1254,1.88081154803137
230,1293,1.88081154803137
230,1516,1.88081154803137
230,607,1.88081154803137
230,469,1.88081154803137
230,721,1.88081154803137
230,57,1.88081154803137
230,164,1.88081154803137
835,1310,1.88081154803137
973,923,1.88081154803137
281,352,1.88081154803137
281,1074,1.88081154803137
281,1254,1.88081154803137
281,1516,1.88081154803137
281,607,1.88081154803137
281,486,1.88081154803137
281,469,1.88081154803137
281,1368,1.88081154803137
1217,1310,1.88081154803137
927,1192,1.88081154803137
147,753,1.88081154803137
147,1464,1.88081154803137
1446,1192,1.88081154803137
1408,488,1.88081154803137
525,1310,1.88081154803137
355,241,1.88081154803137
1288,488,1.88081154803137
1288,1192,1.88081154803137
260,1310,1.88081154803137
339,1192,1.88081154803137
396,488,1.88081154803137
710,1310,1.88081154803137
1080,1192,1.88081154803137
134,53,1.88081154803137
134,1199,1.88081154803137
414,1310,1.88081154803137
186,1310,1.88081154803137
186,591,1.88081154803137
87,1293,1.88081154803137
87,1344,1.88081154803137
87,721,1.88081154803137
87,749,1.88081154803137
87,57,1.88081154803137
87,164,1.88081154803137
1306,1192,1.88081154803137
982,241,1.88081154803137
982,488,1.88081154803137
916,488,1.88081154803137
916,1192,1.88081154803137
1470,1310,1.88081154803137
1470,591,1.88081154803137
1205,66,1.88081154803137
181,241,1.88081154803137
1496,1310,1.88081154803137
1496,591,1.88081154803137
1310,444,1.88081154803137
1310,1378,1.88081154803137
1310,724,1.88081154803137
1310,1468,1.88081154803137
1310,188,1.88081154803137
1310,825,1.88081154803137
922,488,1.88081154803137
922,1192,1.88081154803137
1125,1220,1.88081154803137
1134,488,1.88081154803137
591,1136,1.88081154803137
591,516,1.88081154803137
591,1468,1.88081154803137
591,624,1.88081154803137
591,299,1.88081154803137
1147,66,1.88081154803137
488,62,1.88081154803137
1192,62,1.88081154803137
878,29,1.87457229347781
814,932,1.86707490741937
1331,342,1.86707490741937
602,932,1.86707490741937
287,1428,1.86707490741937
287,376,1.86707490741937
1428,932,1.86707490741937
1025,376,1.86707490741937
932,1166,1.86707490741937
1178,1300,1.86208379316505
1178,612,1.86208379316505
815,463,1.86208379316505
94,1300,1.86208379316505
94,1030,1.86208379316505
94,612,1.86208379316505
1009,542,1.86208379316505
1030,612,1.86208379316505
612,463,1.86208379316505
1526,1120,1.85956428656746
1526,1084,1.85956428656746
410,528,1.85956428656746
1016,1072,1.85956428656746
1072,1084,1.85956428656746
407,528,1.85956428656746
346,528,1.85956428656746
1271,354,1.85706106899878
774,734,1.85706106899878
524,58,1.85706106899878
670,58,1.85706106899878
1211,1064,1.83761019423506
1107,965,1.83761019423506
1107,472,1.83761019423506
508,1330,1.83062199088031
508,74,1.83062199088031
56,1320,1.83062199088031
56,850,1.83062199088031
772,234,1.83062199088031
772,74,1.83062199088031
388,345,1.8280237428872
388,1093,1.8280237428872
388,480,1.8280237428872
388,219,1.8280237428872
930,1038,1.8280237428872
930,344,1.8280237428872
853,768,1.8280237428872
853,1499,1.8280237428872
853,1273,1.8280237428872
853,660,1.8280237428872
853,20,1.8280237428872
853,1274,1.8280237428872
853,984,1.8280237428872
853,70,1.8280237428872
853,1277,1.8280237428872
1473,1422,1.8280237428872
802,666,1.8280237428872
802,668,1.8280237428872
802,694,1.8280237428872
802,1413,1.8280237428872
802,1436,1.8280237428872
919,637,1.8280237428872
919,580,1.8280237428872
919,1325,1.8280237428872
919,1143,1.8280237428872
919,179,1.8280237428872
919,383,1.8280237428872
919,667,1.8280237428872
1010,915,1.8280237428872
1010,446,1.8280237428872
1010,636,1.8280237428872
1010,382,1.8280237428872
1010,1006,1.8280237428872
1010,635,1.8280237428872
1010,643,1.8280237428872
1010,1039,1.8280237428872
1010,704,1.8280237428872
1010,155,1.8280237428872
733,237,1.8280237428872
733,203,1.8280237428872
733,793,1.8280237428872
733,553,1.8280237428872
733,736,1.8280237428872
733,239,1.8280237428872
733,1360,1.8280237428872
733,492,1.8280237428872
733,627,1.8280237428872
412,1112,1.8280237428872
107,884,1.8280237428872
107,519,1.8280237428872
107,347,1.8280237428872
1228,915,1.8280237428872
1228,1019,1.8280237428872
1228,1039,1.8280237428872
1228,1535,1.8280237428872
1228,155,1.8280237428872
507,711,1.8280237428872
507,1118,1.8280237428872
507,1452,1.8280237428872
507,493,1.8280237428872
507,904,1.8280237428872
507,285,1.8280237428872
507,551,1.8280237428872
538,1392,1.8280237428872
64,1509,1.8280237428872
64,660,1.8280237428872
64,240,1.8280237428872
64,984,1.8280237428872
64,1277,1.8280237428872
345,945,1.8280237428872
345,1411,1.8280237428872
345,302,1.8280237428872
345,944,1.8280237428872
345,89,1.8280237428872
345,553,1.8280237428872
345,489,1.8280237428872
345,239,1.8280237428872
345,1360,1.8280237428872
345,67,1.8280237428872
1409,1142,1.8280237428872
897,620,1.8280237428872
897,561,1.8280237428872
897,1242,1.8280237428872
897,985,1.8280237428872
897,837,1.8280237428872
1297,456,1.8280237428872
1297,885,1.8280237428872
830,224,1.8280237428872
620,97,1.8280237428872
620,1238,1.8280237428872
620,857,1.8280237428872
620,760,1.8280237428872
1298,1461,1.8280237428872
1298,1142,1.8280237428872
1298,1033,1.8280237428872
1298,21,1.8280237428872
1298,1362,1.8280237428872
1298,745,1.8280237428872
237,1461,1.8280237428872
237,786,1.8280237428872
458,561,1.8280237428872
458,1242,1.8280237428872
458,1173,1.8280237428872
458,456,1.8280237428872
458,837,1.8280237428872
458,1128,1.8280237428872
458,1469,1.8280237428872
1091,1242,1.8280237428872
1365,668,1.8280237428872
1365,1295,1.8280237428872
987,446,1.8280237428872
987,1006,1.8280237428872
987,635,1.8280237428872
987,991,1.8280237428872
987,704,1.8280237428872
1479,497,1.8280237428872
1479,548,1.8280237428872
1479,1148,1.8280237428872
1093,302,1.8280237428872
1093,944,1.8280237428872
1093,89,1.8280237428872
1093,1503,1.8280237428872
1093,489,1.8280237428872
1093,67,1.8280237428872
1093,696,1.8280237428872
1093,1512,1.8280237428872
1329,478,1.8280237428872
1329,150,1.8280237428872
1037,1019,1.8280237428872
1037,744,1.8280237428872
1037,1265,1.8280237428872
15,726,1.8280237428872
28,1392,1.8280237428872
561,768,1.8280237428872
561,1499,1.8280237428872
561,20,1.8280237428872
561,857,1.8280237428872
561,1274,1.8280237428872
561,70,1.8280237428872
561,760,1.8280237428872
397,1493,1.8280237428872
397,353,1.8280237428872
397,202,1.8280237428872
1411,480,1.8280237428872
884,1362,1.8280237428872
884,160,1.8280237428872
1207,768,1.8280237428872
1207,1499,1.8280237428872
1207,1019,1.8280237428872
1207,744,1.8280237428872
1207,20,1.8280237428872
1207,1095,1.8280237428872
1207,1274,1.8280237428872
1207,1265,1.8280237428872
1207,70,1.8280237428872
1207,289,1.8280237428872
1312,1173,1.8280237428872
1312,1469,1.8280237428872
97,985,1.8280237428872
97,1435,1.8280237428872
97,1128,1.8280237428872
823,580,1.8280237428872
823,489,1.8280237428872
823,667,1.8280237428872
915,548,1.8280237428872
915,1422,1.8280237428872
915,1148,1.8280237428872
915,521,1.8280237428872
1443,197,1.8280237428872
1443,660,1.8280237428872
1443,504,1.8280237428872
1443,1244,1.8280237428872
1443,1484,1.8280237428872
1443,869,1.8280237428872
446,497,1.8280237428872
446,1422,1.8280237428872
446,224,1.8280237428872
711,1033,1.8280237428872
711,1436,1.8280237428872
845,548,1.8280237428872
845,1422,1.8280237428872
845,1148,1.8280237428872
845,521,1.8280237428872
1175,785,1.8280237428872
1175,997,1.8280237428872
1175,322,1.8280237428872
1175,1532,1.8280237428872
480,302,1.8280237428872
480,944,1.8280237428872
480,89,1.8280237428872
480,489,1.8280237428872
480,67,1.8280237428872
480,1270,1.8280237428872
245,1007,1.8280237428872
245,249,1.8280237428872
1525,1233,1.8280237428872
748,1242,1.8280237428872
748,1173,1.8280237428872
748,1435,1.8280237428872
1131,1221,1.8280237428872
1131,643,1.8280237428872
977,668,1.8280237428872
493,1033,1.8280237428872
493,1436,1.8280237428872
636,566,1.8280237428872
788,249,1.8280237428872
775,1105,1.8280237428872
775,219,1.8280237428872
768,1295,1.8280237428872
768,745,1.8280237428872
768,644,1.8280237428872
768,566,1.8280237428872
363,803,1.8280237428872
363,360,1.8280237428872
1380,504,1.8280237428872
187,1038,1.8280237428872
1050,1392,1.8280237428872
726,1128,1.8280237428872
203,745,1.8280237428872
203,506,1.8280237428872
203,663,1.8280237428872
497,259,1.8280237428872
497,1230,1.8280237428872
497,1006,1.8280237428872
497,635,1.8280237428872
497,643,1.8280237428872
497,704,1.8280237428872
497,243,1.8280237428872
1284,272,1.8280237428872
259,666,1.8280237428872
259,249,1.8280237428872
302,1242,1.8280237428872
302,219,1.8280237428872
1461,736,1.8280237428872
1461,803,1.8280237428872
1461,360,1.8280237428872
1461,217,1.8280237428872
1461,1424,1.8280237428872
1461,627,1.8280237428872
161,1435,1.8280237428872
161,1128,1.8280237428872
161,506,1.8280237428872
1038,901,1.8280237428872
1038,157,1.8280237428872
1038,25,1.8280237428872
1038,217,1.8280237428872
1038,70,1.8280237428872
82,666,1.8280237428872
82,1546,1.8280237428872
82,1436,1.8280237428872
1230,548,1.8280237428872
1230,224,1.8280237428872
1100,1019,1.8280237428872
1100,744,1.8280237428872
1100,1265,1.8280237428872
901,344,1.8280237428872
901,1198,1.8280237428872
901,798,1.8280237428872
944,219,1.8280237428872
1505,217,1.8280237428872
1505,492,1.8280237428872
1505,70,1.8280237428872
793,745,1.8280237428872
793,663,1.8280237428872
526,1435,1.8280237428872
526,1128,1.8280237428872
526,1392,1.8280237428872
1216,837,1.8280237428872
322,837,1.8280237428872
261,885,1.8280237428872
666,297,1.8280237428872
666,400,1.8280237428872
666,176,1.8280237428872
666,1111,1.8280237428872
666,1410,1.8280237428872
666,1265,1.8280237428872
666,869,1.8280237428872
666,1277,1.8280237428872
666,244,1.8280237428872
666,667,1.8280237428872
666,243,1.8280237428872
477,1007,1.8280237428872
477,249,1.8280237428872
1142,1114,1.8280237428872
1142,803,1.8280237428872
1142,360,1.8280237428872
1142,217,1.8280237428872
1142,1424,1.8280237428872
209,786,1.8280237428872
1007,873,1.8280237428872
1007,904,1.8280237428872
31,1422,1.8280237428872
31,694,1.8280237428872
873,1033,1.8280237428872
1455,1435,1.8280237428872
1455,837,1.8280237428872
1455,1128,1.8280237428872
112,159,1.8280237428872
723,803,1.8280237428872
1242,349,1.8280237428872
1242,1484,1.8280237428872
548,1006,1.8280237428872
548,1039,1.8280237428872
548,804,1.8280237428872
548,453,1.8280237428872
548,155,1.8280237428872
904,798,1.8280237428872
1422,1006,1.8280237428872
1422,635,1.8280237428872
1422,1039,1.8280237428872
1422,453,1.8280237428872
1422,704,1.8280237428872
1422,155,1.8280237428872
387,637,1.8280237428872
387,1325,1.8280237428872
387,1019,1.8280237428872
387,1265,1.8280237428872
387,1535,1.8280237428872
387,179,1.8280237428872
387,383,1.8280237428872
382,566,1.8280237428872
1105,316,1.8280237428872
1105,349,1.8280237428872
1439,171,1.8280237428872
208,1248,1.8280237428872
208,160,1.8280237428872
631,171,1.8280237428872
631,786,1.8280237428872
795,906,1.8280237428872
1517,171,1.8280237428872
1492,456,1.8280237428872
1492,885,1.8280237428872
1499,1295,1.8280237428872
1499,745,1.8280237428872
1499,644,1.8280237428872
1499,566,1.8280237428872
197,506,1.8280237428872
99,1435,1.8280237428872
99,1128,1.8280237428872
99,1465,1.8280237428872
99,1000,1.8280237428872
1033,285,1.8280237428872
1033,1385,1.8280237428872
1033,551,1.8280237428872
676,344,1.8280237428872
676,581,1.8280237428872
553,171,1.8280237428872
553,456,1.8280237428872
553,272,1.8280237428872
285,1436,1.8280237428872
297,1465,1.8280237428872
297,1546,1.8280237428872
297,1000,1.8280237428872
297,1436,1.8280237428872
1173,1238,1.8280237428872
1233,1385,1.8280237428872
1233,1424,1.8280237428872
1503,1435,1.8280237428872
1503,1128,1.8280237428872
1503,219,1.8280237428872
668,519,1.8280237428872
668,172,1.8280237428872
668,347,1.8280237428872
668,680,1.8280237428872
668,1500,1.8280237428872
668,263,1.8280237428872
224,632,1.8280237428872
224,156,1.8280237428872
224,1158,1.8280237428872
224,1515,1.8280237428872
21,632,1.8280237428872
21,217,1.8280237428872
21,492,1.8280237428872
21,1424,1.8280237428872
985,1238,1.8280237428872
985,744,1.8280237428872
736,786,1.8280237428872
694,176,1.8280237428872
694,172,1.8280237428872
694,1111,1.8280237428872
694,1410,1.8280237428872
694,1265,1.8280237428872
694,869,1.8280237428872
694,782,1.8280237428872
1148,1039,1.8280237428872
1148,453,1.8280237428872
1148,155,1.8280237428872
1362,360,1.8280237428872
1362,217,1.8280237428872
1362,1424,1.8280237428872
489,219,1.8280237428872
344,25,1.8280237428872
344,105,1.8280237428872
344,179,1.8280237428872
344,627,1.8280237428872
239,171,1.8280237428872
239,456,1.8280237428872
239,272,1.8280237428872
239,219,1.8280237428872
1295,20,1.8280237428872
1295,172,1.8280237428872
1295,105,1.8280237428872
1295,1274,1.8280237428872
1295,70,1.8280237428872
1295,782,1.8280237428872
1238,1435,1.8280237428872
1238,1469,1.8280237428872
1109,219,1.8280237428872
660,506,1.8280237428872
660,786,1.8280237428872
518,1112,1.8280237428872
518,368,1.8280237428872
171,1360,1.8280237428872
1385,885,1.8280237428872
1385,581,1.8280237428872
1332,1,1.8280237428872
1397,1112,1.8280237428872
504,506,1.8280237428872
632,1112,1.8280237428872
632,812,1.8280237428872
1257,1392,1.8280237428872
1355,176,1.8280237428872
1355,11,1.8280237428872
1355,1158,1.8280237428872
1355,1515,1.8280237428872
1355,115,1.8280237428872
104,368,1.8280237428872
1435,1212,1.8280237428872
1435,1319,1.8280237428872
728,249,1.8280237428872
728,1465,1.8280237428872
728,1000,1.8280237428872
745,20,1.8280237428872
745,217,1.8280237428872
745,1274,1.8280237428872
745,1424,1.8280237428872
745,70,1.8280237428872
792,546,1.8280237428872
1078,18,1.8280237428872
400,1546,1.8280237428872
400,150,1.8280237428872
400,1436,1.8280237428872
20,644,1.8280237428872
20,566,1.8280237428872
456,1360,1.8280237428872
456,1447,1.8280237428872
456,1442,1.8280237428872
456,903,1.8280237428872
1198,172,1.8280237428872
1198,803,1.8280237428872
1198,782,1.8280237428872
1360,272,1.8280237428872
643,506,1.8280237428872
837,1319,1.8280237428872
837,18,1.8280237428872
837,622,1.8280237428872
205,219,1.8280237428872
1538,150,1.8280237428872
678,1044,1.8280237428872
551,1436,1.8280237428872
1128,1319,1.8280237428872
176,1436,1.8280237428872
67,219,1.8280237428872
1143,812,1.8280237428872
885,1442,1.8280237428872
478,1244,1.8280237428872
1114,663,1.8280237428872
1039,521,1.8280237428872
172,644,1.8280237428872
172,1413,1.8280237428872
581,803,1.8280237428872
906,160,1.8280237428872
1244,1099,1.8280237428872
11,812,1.8280237428872
11,798,1.8280237428872
11,150,1.8280237428872
98,150,1.8280237428872
506,1484,1.8280237428872
506,869,1.8280237428872
1249,249,1.8280237428872
1111,1436,1.8280237428872
453,521,1.8280237428872
401,663,1.8280237428872
649,1413,1.8280237428872
249,413,1.8280237428872
249,1083,1.8280237428872
680,1413,1.8280237428872
1465,1152,1.8280237428872
1546,1277,1.8280237428872
1546,244,1.8280237428872
1546,667,1.8280237428872
1152,1000,1.8280237428872
1209,159,1.8280237428872
1410,1436,1.8280237428872
798,696,1.8280237428872
492,1392,1.8280237428872
1274,644,1.8280237428872
1274,566,1.8280237428872
644,665,1.8280237428872
644,70,1.8280237428872
644,782,1.8280237428872
368,1044,1.8280237428872
1265,1436,1.8280237428872
521,155,1.8280237428872
696,219,1.8280237428872
150,691,1.8280237428872
150,115,1.8280237428872
869,1436,1.8280237428872
1500,1413,1.8280237428872
566,70,1.8280237428872
984,786,1.8280237428872
1512,219,1.8280237428872
1277,1436,1.8280237428872
1277,786,1.8280237428872
244,1436,1.8280237428872
667,1436,1.8280237428872
546,1413,1.8280237428872
627,786,1.8280237428872
1384,450,1.82764892976429
59,291,1.82764892976429
418,450,1.82764892976429
474,1243,1.82764892976429
474,329,1.82764892976429
474,965,1.82764892976429
1396,37,1.82764892976429
1338,329,1.82764892976429
1326,965,1.82764892976429
1326,472,1.82764892976429
1252,909,1.82764892976429
65,1211,1.82764892976429
1260,37,1.82764892976429
1012,730,1.82764892976429
1012,965,1.82764892976429
392,1243,1.82764892976429
392,1211,1.82764892976429
1342,37,1.82764892976429
1342,450,1.82764892976429
1342,472,1.82764892976429
878,1088,1.82764892976429
878,962,1.82764892976429
878,600,1.82764892976429
878,1412,1.82764892976429
878,959,1.82764892976429
878,742,1.82764892976429
878,109,1.82764892976429
878,1157,1.82764892976429
878,1350,1.82764892976429
878,690,1.82764892976429
1164,37,1.82764892976429
1164,918,1.82764892976429
1363,965,1.82764892976429
1363,472,1.82764892976429
319,37,1.82764892976429
319,468,1.82764892976429
319,911,1.82764892976429
562,1211,1.82764892976429
190,911,1.82764892976429
122,730,1.82764892976429
1085,1521,1.82764892976429
1497,439,1.82764892976429
1497,472,1.82764892976429
140,1521,1.82764892976429
1088,730,1.82764892976429
1036,1243,1.82764892976429
1036,1211,1.82764892976429
1108,439,1.82764892976429
1108,472,1.82764892976429
683,330,1.82764892976429
1433,37,1.82764892976429
114,965,1.82764892976429
114,472,1.82764892976429
700,1053,1.82764892976429
700,1101,1.82764892976429
531,1482,1.82764892976429
13,730,1.82764892976429
13,965,1.82764892976429
743,37,1.82764892976429
543,37,1.82764892976429
955,37,1.82764892976429
757,37,1.82764892976429
847,468,1.82764892976429
439,324,1.82764892976429
439,1353,1.82764892976429
439,964,1.82764892976429
439,753,1.82764892976429
439,1132,1.82764892976429
439,373,1.82764892976429
439,204,1.82764892976429
439,1194,1.82764892976429
439,1304,1.82764892976429
1226,1211,1.82764892976429
222,329,1.82764892976429
37,269,1.82764892976429
37,1534,1.82764892976429
37,810,1.82764892976429
37,1285,1.82764892976429
37,934,1.82764892976429
37,1343,1.82764892976429
37,377,1.82764892976429
37,971,1.82764892976429
37,152,1.82764892976429
37,924,1.82764892976429
37,27,1.82764892976429
37,835,1.82764892976429
37,1217,1.82764892976429
37,525,1.82764892976429
37,355,1.82764892976429
37,710,1.82764892976429
37,186,1.82764892976429
37,177,1.82764892976429
37,154,1.82764892976429
37,1470,1.82764892976429
37,181,1.82764892976429
37,1496,1.82764892976429
37,444,1.82764892976429
37,1378,1.82764892976429
37,928,1.82764892976429
37,724,1.82764892976429
37,1468,1.82764892976429
37,258,1.82764892976429
37,188,1.82764892976429
37,825,1.82764892976429
1115,1243,1.82764892976429
324,472,1.82764892976429
890,1243,1.82764892976429
890,329,1.82764892976429
890,965,1.82764892976429
1154,251,1.82764892976429
941,730,1.82764892976429
941,965,1.82764892976429
450,810,1.82764892976429
450,770,1.82764892976429
450,654,1.82764892976429
450,307,1.82764892976429
450,1430,1.82764892976429
450,924,1.82764892976429
450,527,1.82764892976429
450,569,1.82764892976429
450,1287,1.82764892976429
450,186,1.82764892976429
450,1470,1.82764892976429
450,1496,1.82764892976429
450,681,1.82764892976429
450,821,1.82764892976429
450,530,1.82764892976429
450,417,1.82764892976429
450,1468,1.82764892976429
405,330,1.82764892976429
1206,468,1.82764892976429
1283,965,1.82764892976429
1283,472,1.82764892976429
992,1211,1.82764892976429
534,1243,1.82764892976429
534,329,1.82764892976429
534,965,1.82764892976429
871,291,1.82764892976429
145,1211,1.82764892976429
61,911,1.82764892976429
1414,329,1.82764892976429
517,909,1.82764892976429
96,291,1.82764892976429
1144,1521,1.82764892976429
810,472,1.82764892976429
330,1191,1.82764892976429
330,414,1.82764892976429
330,1282,1.82764892976429
899,1482,1.82764892976429
600,730,1.82764892976429
1353,472,1.82764892976429
120,965,1.82764892976429
120,472,1.82764892976429
189,468,1.82764892976429
934,1482,1.82764892976429
1412,730,1.82764892976429
766,251,1.82764892976429
1399,1243,1.82764892976429
1399,1211,1.82764892976429
7,909,1.82764892976429
537,730,1.82764892976429
333,909,1.82764892976429
1055,730,1.82764892976429
844,251,1.82764892976429
1343,468,1.82764892976429
1343,911,1.82764892976429
468,377,1.82764892976429
468,1268,1.82764892976429
468,835,1.82764892976429
468,1217,1.82764892976429
468,406,1.82764892976429
468,525,1.82764892976429
468,710,1.82764892976429
468,1293,1.82764892976429
468,444,1.82764892976429
468,610,1.82764892976429
468,1378,1.82764892976429
468,989,1.82764892976429
468,721,1.82764892976429
468,57,1.82764892976429
468,1304,1.82764892976429
468,724,1.82764892976429
468,164,1.82764892976429
468,188,1.82764892976429
468,825,1.82764892976429
108,1521,1.82764892976429
577,918,1.82764892976429
1308,101,1.82764892976429
1253,329,1.82764892976429
1253,291,1.82764892976429
183,329,1.82764892976429
1026,101,1.82764892976429
1243,198,1.82764892976429
1243,1511,1.82764892976429
1243,1305,1.82764892976429
1243,22,1.82764892976429
1243,441,1.82764892976429
1243,1458,1.82764892976429
1243,982,1.82764892976429
1243,1539,1.82764892976429
1243,1494,1.82764892976429
1243,1082,1.82764892976429
377,911,1.82764892976429
832,251,1.82764892976429
931,329,1.82764892976429
1089,965,1.82764892976429
1089,472,1.82764892976429
101,1259,1.82764892976429
909,921,1.82764892976429
909,1028,1.82764892976429
909,597,1.82764892976429
909,1304,1.82764892976429
966,730,1.82764892976429
966,965,1.82764892976429
182,965,1.82764892976429
329,1533,1.82764892976429
329,652,1.82764892976429
329,441,1.82764892976429
329,1458,1.82764892976429
329,699,1.82764892976429
329,1272,1.82764892976429
329,1082,1.82764892976429
540,1211,1.82764892976429
1335,295,1.82764892976429
959,730,1.82764892976429
702,730,1.82764892976429
470,291,1.82764892976429
742,730,1.82764892976429
1079,472,1.82764892976429
918,355,1.82764892976429
918,982,1.82764892976429
918,181,1.82764892976429
918,60,1.82764892976429
964,472,1.82764892976429
1211,22,1.82764892976429
1211,460,1.82764892976429
1211,826,1.82764892976429
1211,891,1.82764892976429
1211,658,1.82764892976429
1211,767,1.82764892976429
1211,373,1.82764892976429
1211,68,1.82764892976429
1211,204,1.82764892976429
1211,1494,1.82764892976429
1211,1304,1.82764892976429
91,965,1.82764892976429
91,472,1.82764892976429
730,262,1.82764892976429
730,1187,1.82764892976429
730,1408,1.82764892976429
730,396,1.82764892976429
730,956,1.82764892976429
730,1157,1.82764892976429
730,326,1.82764892976429
730,916,1.82764892976429
730,6,1.82764892976429
725,291,1.82764892976429
1262,251,1.82764892976429
184,291,1.82764892976429
152,1482,1.82764892976429
300,251,1.82764892976429
1423,965,1.82764892976429
1423,472,1.82764892976429
294,965,1.82764892976429
294,472,1.82764892976429
924,472,1.82764892976429
441,965,1.82764892976429
835,911,1.82764892976429
130,291,1.82764892976429
1217,911,1.82764892976429
291,807,1.82764892976429
291,936,1.82764892976429
291,916,1.82764892976429
291,1464,1.82764892976429
291,335,1.82764892976429
291,1272,1.82764892976429
291,749,1.82764892976429
753,472,1.82764892976429
525,911,1.82764892976429
1458,965,1.82764892976429
1482,154,1.82764892976429
1041,1521,1.82764892976429
710,911,1.82764892976429
251,279,1.82764892976429
251,373,1.82764892976429
251,204,1.82764892976429
251,641,1.82764892976429
965,1074,1.82764892976429
965,1254,1.82764892976429
965,916,1.82764892976429
965,1516,1.82764892976429
965,607,1.82764892976429
965,469,1.82764892976429
965,646,1.82764892976429
965,1082,1.82764892976429
1074,472,1.82764892976429
729,295,1.82764892976429
304,1521,1.82764892976429
186,472,1.82764892976429
1254,472,1.82764892976429
472,1516,1.82764892976429
472,1470,1.82764892976429
472,1496,1.82764892976429
472,607,1.82764892976429
472,469,1.82764892976429
472,1468,1.82764892976429
295,610,1.82764892976429
444,911,1.82764892976429
571,1521,1.82764892976429
1378,911,1.82764892976429
1147,1521,1.82764892976429
911,724,1.82764892976429
911,188,1.82764892976429
911,825,1.82764892976429
1445,133,1.81435818478057
1129,127,1.81435818478057
410,133,1.81435818478057
133,127,1.81435818478057
1027,763,1.81213621525737
1027,459,1.81213621525737
1027,602,1.81213621525737
1027,648,1.81213621525737
1027,1166,1.81213621525737
763,896,1.81213621525737
459,408,1.81213621525737
1280,1096,1.81213621525737
1280,435,1.81213621525737
1302,288,1.81213621525737
648,408,1.81213621525737
648,896,1.81213621525737
1428,896,1.81213621525737
408,376,1.81213621525737
876,1096,1.81213621525737
1166,435,1.81213621525737
10,287,1.8031243134353
1008,287,1.8031243134353
1178,287,1.8031243134353
287,1300,1.8031243134353
1300,932,1.8031243134353
1030,932,1.8031243134353
612,932,1.8031243134353
247,542,1.8031243134353
1211,1231,1.80292594083742
370,1330,1.78331915418396
370,980,1.78331915418396
1320,910,1.78331915418396
234,528,1.78331915418396
1072,380,1.78331915418396
380,910,1.78331915418396
221,174,1.78227307395863
221,1068,1.78227307395863
221,1222,1.78227307395863
221,207,1.78227307395863
221,547,1.78227307395863
221,898,1.78227307395863
221,314,1.78227307395863
485,1339,1.78227307395863
485,560,1.78227307395863
827,170,1.78227307395863
926,301,1.78227307395863
926,949,1.78227307395863
926,512,1.78227307395863
926,1315,1.78227307395863
926,616,1.78227307395863
174,1222,1.78227307395863
174,1261,1.78227307395863
174,1419,1.78227307395863
174,273,1.78227307395863
174,547,1.78227307395863
174,978,1.78227307395863
174,314,1.78227307395863
103,754,1.78227307395863
148,125,1.78227307395863
148,194,1.78227307395863
1502,1001,1.78227307395863
1502,426,1.78227307395863
395,862,1.78227307395863
395,286,1.78227307395863
395,32,1.78227307395863
395,14,1.78227307395863
395,604,1.78227307395863
395,865,1.78227307395863
395,1429,1.78227307395863
185,611,1.78227307395863
185,662,1.78227307395863
185,967,1.78227307395863
290,1478,1.78227307395863
69,628,1.78227307395863
69,925,1.78227307395863
1250,552,1.78227307395863
1250,1322,1.78227307395863
1250,52,1.78227307395863
1427,26,1.78227307395863
1427,789,1.78227307395863
1427,598,1.78227307395863
1427,0,1.78227307395863
1427,416,1.78227307395863
1427,1046,1.78227307395863
1427,233,1.78227307395863
301,1478,1.78227307395863
301,1219,1.78227307395863
301,512,1.78227307395863
301,125,1.78227307395863
301,616,1.78227307395863
655,940,1.78227307395863
26,416,1.78227307395863
26,1046,1.78227307395863
949,512,1.78227307395863
949,761,1.78227307395863
949,616,1.78227307395863
1056,588,1.78227307395863
1056,36,1.78227307395863
1068,1379,1.78227307395863
1068,898,1.78227307395863
628,925,1.78227307395863
1379,341,1.78227307395863
1379,1218,1.78227307395863
862,286,1.78227307395863
862,995,1.78227307395863
862,14,1.78227307395863
862,604,1.78227307395863
862,236,1.78227307395863
1102,273,1.78227307395863
286,14,1.78227307395863
286,604,1.78227307395863
286,865,1.78227307395863
286,236,1.78227307395863
623,512,1.78227307395863
1135,141,1.78227307395863
1135,1463,1.78227307395863
1135,849,1.78227307395863
552,616,1.78227307395863
1222,547,1.78227307395863
1222,314,1.78227307395863
601,125,1.78227307395863
601,194,1.78227307395863
1386,1076,1.78227307395863
1386,1046,1.78227307395863
1339,560,1.78227307395863
141,1110,1.78227307395863
141,1463,1.78227307395863
1311,390,1.78227307395863
1311,512,1.78227307395863
1311,611,1.78227307395863
1311,1348,1.78227307395863
1311,560,1.78227307395863
1311,1139,1.78227307395863
618,1449,1.78227307395863
618,207,1.78227307395863
618,14,1.78227307395863
618,761,1.78227307395863
618,865,1.78227307395863
618,900,1.78227307395863
925,162,1.78227307395863
588,754,1.78227307395863
588,36,1.78227307395863
588,978,1.78227307395863
588,616,1.78227307395863
1171,615,1.78227307395863
1261,1419,1.78227307395863
207,14,1.78227307395863
207,865,1.78227307395863
207,900,1.78227307395863
207,662,1.78227307395863
789,598,1.78227307395863
789,0,1.78227307395863
1014,340,1.78227307395863
32,865,1.78227307395863
32,236,1.78227307395863
32,1031,1.78227307395863
32,1429,1.78227307395863
1419,584,1.78227307395863
273,250,1.78227307395863
273,358,1.78227307395863
273,978,1.78227307395863
596,173,1.78227307395863
596,162,1.78227307395863
1478,1219,1.78227307395863
1478,125,1.78227307395863
1215,173,1.78227307395863
1215,859,1.78227307395863
1215,1046,1.78227307395863
598,611,1.78227307395863
479,1031,1.78227307395863
1219,125,1.78227307395863
250,886,1.78227307395863
14,604,1.78227307395863
14,865,1.78227307395863
14,236,1.78227307395863
14,900,1.78227307395863
754,978,1.78227307395863
754,967,1.78227307395863
754,233,1.78227307395863
173,162,1.78227307395863
390,611,1.78227307395863
390,1348,1.78227307395863
390,560,1.78227307395863
390,1139,1.78227307395863
36,1303,1.78227307395863
341,1218,1.78227307395863
604,236,1.78227307395863
512,616,1.78227307395863
547,340,1.78227307395863
547,314,1.78227307395863
1269,940,1.78227307395863
611,0,1.78227307395863
611,1348,1.78227307395863
611,560,1.78227307395863
611,662,1.78227307395863
611,967,1.78227307395863
611,1139,1.78227307395863
948,900,1.78227307395863
865,236,1.78227307395863
865,900,1.78227307395863
865,1429,1.78227307395863
358,886,1.78227307395863
236,1429,1.78227307395863
236,359,1.78227307395863
426,886,1.78227307395863
978,1529,1.78227307395863
125,1373,1.78227307395863
1315,898,1.78227307395863
1315,849,1.78227307395863
859,1046,1.78227307395863
559,359,1.78227307395863
1348,560,1.78227307395863
1348,1139,1.78227307395863
560,1139,1.78227307395863
416,1046,1.78227307395863
1506,314,1.78227307395863
1322,52,1.78227307395863
662,967,1.78227307395863
967,233,1.78227307395863
522,58,1.78178409516978
522,1165,1.78178409516978
1357,248,1.78178409516978
1357,832,1.78178409516978
1357,1262,1.78178409516978
1357,780,1.78178409516978
1357,279,1.78178409516978
1357,870,1.78178409516978
1477,960,1.78178409516978
1477,688,1.78178409516978
429,617,1.78178409516978
647,617,1.78178409516978
647,809,1.78178409516978
1384,49,1.78178409516978
418,49,1.78178409516978
1326,5,1.78178409516978
1326,1165,1.78178409516978
1326,708,1.78178409516978
5,642,1.78178409516978
5,1363,1.78178409516978
5,114,1.78178409516978
5,847,1.78178409516978
5,1206,1.78178409516978
5,1283,1.78178409516978
5,484,1.78178409516978
5,199,1.78178409516978
5,120,1.78178409516978
5,189,1.78178409516978
5,1089,1.78178409516978
5,1201,1.78178409516978
5,741,1.78178409516978
5,153,1.78178409516978
5,91,1.78178409516978
5,1081,1.78178409516978
5,1423,1.78178409516978
5,294,1.78178409516978
5,1268,1.78178409516978
5,406,1.78178409516978
5,1074,1.78178409516978
5,1254,1.78178409516978
5,1293,1.78178409516978
5,1516,1.78178409516978
5,1015,1.78178409516978
5,373,1.78178409516978
5,204,1.78178409516978
5,607,1.78178409516978
5,469,1.78178409516978
5,721,1.78178409516978
5,1199,1.78178409516978
5,57,1.78178409516978
5,986,1.78178409516978
5,164,1.78178409516978
1252,424,1.78178409516978
139,617,1.78178409516978
139,809,1.78178409516978
1260,1495,1.78178409516978
1012,994,1.78178409516978
572,1291,1.78178409516978
392,888,1.78178409516978
1342,1495,1.78178409516978
1342,1540,1.78178409516978
642,1271,1.78178409516978
1474,1271,1.78178409516978
1363,1165,1.78178409516978
1363,708,1.78178409516978
319,58,1.78178409516978
535,688,1.78178409516978
705,617,1.78178409516978
1063,960,1.78178409516978
1063,1291,1.78178409516978
562,1291,1.78178409516978
562,734,1.78178409516978
562,626,1.78178409516978
1141,617,1.78178409516978
1141,809,1.78178409516978
122,888,1.78178409516978
122,809,1.78178409516978
1085,960,1.78178409516978
1002,1088,1.78178409516978
1002,96,1.78178409516978
1002,600,1.78178409516978
1002,1412,1.78178409516978
1002,1253,1.78178409516978
1002,959,1.78178409516978
1002,742,1.78178409516978
1002,725,1.78178409516978
1002,1018,1.78178409516978
1002,184,1.78178409516978
1002,130,1.78178409516978
1002,1446,1.78178409516978
1002,807,1.78178409516978
1002,1157,1.78178409516978
1002,232,1.78178409516978
1002,335,1.78178409516978
1002,1272,1.78178409516978
1002,609,1.78178409516978
336,83,1.78178409516978
1088,210,1.78178409516978
1088,765,1.78178409516978
1088,1165,1.78178409516978
874,1291,1.78178409516978
1036,888,1.78178409516978
1156,960,1.78178409516978
1271,1541,1.78178409516978
1271,1450,1.78178409516978
1271,1201,1.78178409516978
1271,1514,1.78178409516978
1271,406,1.78178409516978
1271,505,1.78178409516978
1271,1015,1.78178409516978
1271,420,1.78178409516978
1271,564,1.78178409516978
1271,986,1.78178409516978
114,1165,1.78178409516978
114,708,1.78178409516978
1389,734,1.78178409516978
1389,708,1.78178409516978
13,994,1.78178409516978
993,688,1.78178409516978
955,1495,1.78178409516978
545,1165,1.78178409516978
847,994,1.78178409516978
847,83,1.78178409516978
847,688,1.78178409516978
24,960,1.78178409516978
1226,1291,1.78178409516978
1226,734,1.78178409516978
1226,626,1.78178409516978
563,994,1.78178409516978
563,210,1.78178409516978
563,765,1.78178409516978
563,437,1.78178409516978
841,1291,1.78178409516978
764,960,1.78178409516978
764,688,1.78178409516978
1333,49,1.78178409516978
913,617,1.78178409516978
715,49,1.78178409516978
715,809,1.78178409516978
246,617,1.78178409516978
246,809,1.78178409516978
1418,708,1.78178409516978
1048,617,1.78178409516978
1048,809,1.78178409516978
1115,1159,1.78178409516978
1403,1291,1.78178409516978
1161,994,1.78178409516978
1161,210,1.78178409516978
1161,765,1.78178409516978
1161,888,1.78178409516978
1053,49,1.78178409516978
994,941,1.78178409516978
994,1206,1.78178409516978
994,557,1.78178409516978
994,374,1.78178409516978
994,46,1.78178409516978
994,189,1.78178409516978
994,537,1.78178409516978
994,1055,1.78178409516978
994,47,1.78178409516978
994,966,1.78178409516978
994,701,1.78178409516978
994,1268,1.78178409516978
994,262,1.78178409516978
994,126,1.78178409516978
994,1293,1.78178409516978
994,1205,1.78178409516978
994,1210,1.78178409516978
994,1197,1.78178409516978
994,721,1.78178409516978
994,57,1.78178409516978
994,164,1.78178409516978
405,58,1.78178409516978
178,424,1.78178409516978
1206,83,1.78178409516978
1206,688,1.78178409516978
1283,1165,1.78178409516978
1283,708,1.78178409516978
587,734,1.78178409516978
587,708,1.78178409516978
992,1291,1.78178409516978
992,734,1.78178409516978
992,626,1.78178409516978
145,1291,1.78178409516978
145,734,1.78178409516978
145,626,1.78178409516978
1414,734,1.78178409516978
265,437,1.78178409516978
484,617,1.78178409516978
851,1159,1.78178409516978
1541,58,1.78178409516978
199,617,1.78178409516978
517,424,1.78178409516978
96,210,1.78178409516978
96,765,1.78178409516978
96,437,1.78178409516978
1124,888,1.78178409516978
1184,58,1.78178409516978
428,809,1.78178409516978
428,688,1.78178409516978
810,1495,1.78178409516978
810,1540,1.78178409516978
621,49,1.78178409516978
313,960,1.78178409516978
210,46,1.78178409516978
210,600,1.78178409516978
210,1412,1.78178409516978
210,47,1.78178409516978
210,1253,1.78178409516978
210,959,1.78178409516978
210,742,1.78178409516978
210,725,1.78178409516978
210,701,1.78178409516978
210,184,1.78178409516978
210,130,1.78178409516978
210,807,1.78178409516978
210,1157,1.78178409516978
210,916,1.78178409516978
210,1205,1.78178409516978
210,1210,1.78178409516978
210,335,1.78178409516978
210,1272,1.78178409516978
476,626,1.78178409516978
881,734,1.78178409516978
46,765,1.78178409516978
46,437,1.78178409516978
1159,687,1.78178409516978
1159,128,1.78178409516978
1159,198,1.78178409516978
1159,1511,1.78178409516978
1159,1305,1.78178409516978
1159,1281,1.78178409516978
1159,1539,1.78178409516978
1159,1194,1.78178409516978
600,765,1.78178409516978
600,1165,1.78178409516978
952,708,1.78178409516978
120,1165,1.78178409516978
120,708,1.78178409516978
1450,960,1.78178409516978
189,83,1.78178409516978
189,688,1.78178409516978
1412,765,1.78178409516978
1412,1165,1.78178409516978
766,1291,1.78178409516978
1399,888,1.78178409516978
1407,960,1.78178409516978
1407,1291,1.78178409516978
7,424,1.78178409516978
1448,49,1.78178409516978
537,888,1.78178409516978
537,437,1.78178409516978
537,809,1.78178409516978
537,688,1.78178409516978
333,424,1.78178409516978
1055,888,1.78178409516978
1055,437,1.78178409516978
1055,809,1.78178409516978
1055,688,1.78178409516978
844,1291,1.78178409516978
1343,58,1.78178409516978
1524,1165,1.78178409516978
47,765,1.78178409516978
47,437,1.78178409516978
1253,49,1.78178409516978
377,58,1.78178409516978
758,617,1.78178409516978
758,809,1.78178409516978
229,617,1.78178409516978
229,809,1.78178409516978
931,734,1.78178409516978
422,688,1.78178409516978
1089,1165,1.78178409516978
1089,708,1.78178409516978
770,49,1.78178409516978
182,809,1.78178409516978
1069,960,1.78178409516978
1275,960,1.78178409516978
818,960,1.78178409516978
765,959,1.78178409516978
765,742,1.78178409516978
765,725,1.78178409516978
765,701,1.78178409516978
765,184,1.78178409516978
765,1081,1.78178409516978
765,130,1.78178409516978
765,807,1.78178409516978
765,1157,1.78178409516978
765,916,1.78178409516978
765,1205,1.78178409516978
765,1210,1.78178409516978
765,335,1.78178409516978
540,1291,1.78178409516978
540,734,1.78178409516978
540,626,1.78178409516978
960,394,1.78178409516978
960,769,1.78178409516978
960,1147,1.78178409516978
1169,49,1.78178409516978
959,1165,1.78178409516978
550,688,1.78178409516978
654,49,1.78178409516978
702,1291,1.78178409516978
307,49,1.78178409516978
470,888,1.78178409516978
741,617,1.78178409516978
811,688,1.78178409516978
742,1165,1.78178409516978
605,1291,1.78178409516978
153,708,1.78178409516978
1079,1495,1.78178409516978
1079,1540,1.78178409516978
58,835,1.78178409516978
58,1217,1.78178409516978
58,1514,1.78178409516978
58,525,1.78178409516978
58,710,1.78178409516978
58,414,1.78178409516978
58,444,1.78178409516978
58,420,1.78178409516978
58,1378,1.78178409516978
58,724,1.78178409516978
58,188,1.78178409516978
58,825,1.78178409516978
91,1165,1.78178409516978
91,708,1.78178409516978
1430,49,1.78178409516978
725,437,1.78178409516978
1291,1235,1.78178409516978
1291,1200,1.78178409516978
1291,1187,1.78178409516978
1291,460,1.78178409516978
1291,769,1.78178409516978
1291,826,1.78178409516978
1291,891,1.78178409516978
1291,658,1.78178409516978
1291,326,1.78178409516978
1291,68,1.78178409516978
1291,939,1.78178409516978
701,437,1.78178409516978
184,437,1.78178409516978
1081,708,1.78178409516978
1423,1165,1.78178409516978
1423,708,1.78178409516978
294,1165,1.78178409516978
294,708,1.78178409516978
924,1495,1.78178409516978
924,1540,1.78178409516978
22,888,1.78178409516978
424,921,1.78178409516978
424,597,1.78178409516978
1268,83,1.78178409516978
1268,688,1.78178409516978
27,1495,1.78178409516978
27,1540,1.78178409516978
1185,617,1.78178409516978
1185,809,1.78178409516978
1501,49,1.78178409516978
1165,1074,1.78178409516978
1165,1157,1.78178409516978
1165,1254,1.78178409516978
1165,1516,1.78178409516978
1165,607,1.78178409516978
1165,469,1.78178409516978
1165,819,1.78178409516978
130,437,1.78178409516978
262,888,1.78178409516978
262,437,1.78178409516978
262,809,1.78178409516978
262,688,1.78178409516978
1101,49,1.78178409516978
927,809,1.78178409516978
927,688,1.78178409516978
527,49,1.78178409516978
734,460,1.78178409516978
734,826,1.78178409516978
734,891,1.78178409516978
734,658,1.78178409516978
734,6,1.78178409516978
734,68,1.78178409516978
734,1255,1.78178409516978
734,1304,1.78178409516978
1446,888,1.78178409516978
1446,688,1.78178409516978
1408,888,1.78178409516978
1408,809,1.78178409516978
151,49,1.78178409516978
569,49,1.78178409516978
979,617,1.78178409516978
1287,49,1.78178409516978
617,350,1.78178409516978
617,614,1.78178409516978
617,1240,1.78178409516978
617,879,1.78178409516978
617,1061,1.78178409516978
617,1489,1.78178409516978
617,1199,1.78178409516978
617,781,1.78178409516978
339,809,1.78178409516978
339,688,1.78178409516978
1234,49,1.78178409516978
396,888,1.78178409516978
396,809,1.78178409516978
888,1531,1.78178409516978
888,1210,1.78178409516978
888,1494,1.78178409516978
888,749,1.78178409516978
460,626,1.78178409516978
1074,708,1.78178409516978
807,437,1.78178409516978
49,681,1.78178409516978
49,386,1.78178409516978
49,530,1.78178409516978
49,1272,1.78178409516978
49,417,1.78178409516978
49,894,1.78178409516978
49,756,1.78178409516978
826,626,1.78178409516978
891,626,1.78178409516978
1080,809,1.78178409516978
1080,688,1.78178409516978
117,809,1.78178409516978
117,688,1.78178409516978
437,1205,1.78178409516978
437,335,1.78178409516978
437,609,1.78178409516978
350,809,1.78178409516978
658,626,1.78178409516978
186,1495,1.78178409516978
186,1540,1.78178409516978
809,916,1.78178409516978
809,1240,1.78178409516978
809,386,1.78178409516978
809,879,1.78178409516978
809,1061,1.78178409516978
809,781,1.78178409516978
809,894,1.78178409516978
809,756,1.78178409516978
809,609,1.78178409516978
767,626,1.78178409516978
1462,626,1.78178409516978
1254,708,1.78178409516978
1293,83,1.78178409516978
1293,688,1.78178409516978
626,68,1.78178409516978
626,828,1.78178409516978
177,1495,1.78178409516978
1516,708,1.78178409516978
1470,1495,1.78178409516978
1470,1540,1.78178409516978
1496,1495,1.78178409516978
1496,1540,1.78178409516978
83,1405,1.78178409516978
83,721,1.78178409516978
83,57,1.78178409516978
83,164,1.78178409516978
607,708,1.78178409516978
442,708,1.78178409516978
469,708,1.78178409516978
688,646,1.78178409516978
688,721,1.78178409516978
688,57,1.78178409516978
688,164,1.78178409516978
688,609,1.78178409516978
1106,1495,1.78178409516978
1495,1468,1.78178409516978
1495,258,1.78178409516978
1468,1540,1.78178409516978
1271,29,1.77890869627018
29,58,1.77890869627018
1445,354,1.77259500810052
996,774,1.77259500810052
774,127,1.77259500810052
774,168,1.77259500810052
670,532,1.77259500810052
354,1084,1.77259500810052
354,127,1.77259500810052
407,378,1.77259500810052
508,602,1.76221842207472
508,648,1.76221842207472
1280,772,1.76221842207472
1280,1214,1.76221842207472
56,747,1.76221842207472
1214,376,1.76221842207472
602,317,1.76221842207472
317,1166,1.76221842207472
1027,94,1.74996138822438
1027,612,1.74996138822438
10,449,1.74996138822438
10,896,1.74996138822438
920,1008,1.74996138822438
920,1178,1.74996138822438
920,1030,1.74996138822438
920,463,1.74996138822438
1008,435,1.74996138822438
1178,449,1.74996138822438
449,94,1.74996138822438
449,1300,1.74996138822438
449,612,1.74996138822438
815,896,1.74996138822438
815,435,1.74996138822438
94,408,1.74996138822438
1300,408,1.74996138822438
1009,1302,1.74996138822438
1030,408,1.74996138822438
612,408,1.74996138822438
806,542,1.74996138822438
1331,287,1.74594062491903
5,451,1.74372569105931
5,674,1.74372569105931
451,58,1.74372569105931
1291,1107,1.74372569105931
1064,83,1.74372569105931
1064,688,1.74372569105931
388,35,1.74211026207801
388,1150,1.74211026207801
930,1382,1.74211026207801
930,1092,1.74211026207801
930,599,1.74211026207801
1232,1011,1.74211026207801
513,808,1.74211026207801
513,830,1.74211026207801
513,1045,1.74211026207801
513,784,1.74211026207801
513,1492,1.74211026207801
513,1420,1.74211026207801
513,1111,1.74211026207801
513,343,1.74211026207801
513,39,1.74211026207801
1473,839,1.74211026207801
1473,706,1.74211026207801
802,675,1.74211026207801
802,771,1.74211026207801
802,143,1.74211026207801
802,404,1.74211026207801
412,124,1.74211026207801
412,556,1.74211026207801
675,1297,1.74211026207801
675,901,1.74211026207801
675,1492,1.74211026207801
675,580,1.74211026207801
675,176,1.74211026207801
675,1143,1.74211026207801
675,1111,1.74211026207801
675,1442,1.74211026207801
675,1410,1.74211026207801
675,1265,1.74211026207801
675,869,1.74211026207801
675,667,1.74211026207801
1409,1092,1.74211026207801
1409,606,1.74211026207801
639,1297,1.74211026207801
639,1066,1.74211026207801
639,784,1.74211026207801
639,1492,1.74211026207801
639,737,1.74211026207801
639,649,1.74211026207801
897,703,1.74211026207801
897,883,1.74211026207801
1297,135,1.74211026207801
808,135,1.74211026207801
1298,206,1.74211026207801
1298,1390,1.74211026207801
1298,864,1.74211026207801
1298,1475,1.74211026207801
237,85,1.74211026207801
237,972,1.74211026207801
817,11,1.74211026207801
817,18,1.74211026207801
1365,85,1.74211026207801
1365,554,1.74211026207801
829,957,1.74211026207801
1479,1236,1.74211026207801
1176,215,1.74211026207801
118,1475,1.74211026207801
771,726,1.74211026207801
771,197,1.74211026207801
771,176,1.74211026207801
771,1111,1.74211026207801
771,1410,1.74211026207801
771,1265,1.74211026207801
771,869,1.74211026207801
839,82,1.74211026207801
839,803,1.74211026207801
839,360,1.74211026207801
842,726,1.74211026207801
842,637,1.74211026207801
842,1325,1.74211026207801
842,383,1.74211026207801
884,85,1.74211026207801
1312,404,1.74211026207801
1312,34,1.74211026207801
1312,883,1.74211026207801
97,514,1.74211026207801
97,541,1.74211026207801
97,599,1.74211026207801
855,446,1.74211026207801
855,99,1.74211026207801
855,297,1.74211026207801
855,504,1.74211026207801
855,728,1.74211026207801
855,1152,1.74211026207801
855,704,1.74211026207801
717,788,1.74211026207801
717,796,1.74211026207801
717,504,1.74211026207801
717,728,1.74211026207801
717,1083,1.74211026207801
381,1045,1.74211026207801
381,580,1.74211026207801
381,175,1.74211026207801
381,1424,1.74211026207801
381,667,1.74211026207801
446,706,1.74211026207801
446,332,1.74211026207801
446,1258,1.74211026207801
446,1518,1.74211026207801
613,1475,1.74211026207801
711,1522,1.74211026207801
711,864,1.74211026207801
845,17,1.74211026207801
245,143,1.74211026207801
245,1170,1.74211026207801
1162,99,1.74211026207801
1162,297,1.74211026207801
1162,1372,1.74211026207801
1162,728,1.74211026207801
1162,1152,1.74211026207801
1162,132,1.74211026207801
1525,972,1.74211026207801
467,1005,1.74211026207801
467,220,1.74211026207801
467,135,1.74211026207801
905,203,1.74211026207801
905,161,1.74211026207801
905,643,1.74211026207801
514,161,1.74211026207801
514,526,1.74211026207801
514,99,1.74211026207801
514,1503,1.74211026207801
514,1238,1.74211026207801
493,1022,1.74211026207801
493,1522,1.74211026207801
493,864,1.74211026207801
636,206,1.74211026207801
788,143,1.74211026207801
788,1170,1.74211026207801
775,35,1.74211026207801
608,332,1.74211026207801
608,404,1.74211026207801
796,143,1.74211026207801
796,1170,1.74211026207801
796,703,1.74211026207801
796,822,1.74211026207801
796,957,1.74211026207801
768,554,1.74211026207801
684,1236,1.74211026207801
187,1382,1.74211026207801
187,1133,1.74211026207801
124,327,1.74211026207801
124,1202,1.74211026207801
124,680,1.74211026207801
124,877,1.74211026207801
1045,135,1.74211026207801
726,1073,1.74211026207801
203,1390,1.74211026207801
203,1510,1.74211026207801
203,1092,1.74211026207801
203,1073,1.74211026207801
203,606,1.74211026207801
1284,220,1.74211026207801
1284,1150,1.74211026207801
259,1382,1.74211026207801
259,1073,1.74211026207801
259,703,1.74211026207801
259,822,1.74211026207801
259,957,1.74211026207801
302,35,1.74211026207801
302,1393,1.74211026207801
302,1150,1.74211026207801
302,1485,1.74211026207801
161,1510,1.74211026207801
161,541,1.74211026207801
161,1073,1.74211026207801
161,599,1.74211026207801
82,1022,1.74211026207801
1230,1236,1.74211026207801
901,1382,1.74211026207801
901,599,1.74211026207801
944,35,1.74211026207801
944,1393,1.74211026207801
944,1150,1.74211026207801
793,1390,1.74211026207801
793,1092,1.74211026207801
793,606,1.74211026207801
526,541,1.74211026207801
526,599,1.74211026207801
1216,1485,1.74211026207801
17,453,1.74211026207801
322,129,1.74211026207801
322,1485,1.74211026207801
322,957,1.74211026207801
1155,1022,1.74211026207801
261,1163,1.74211026207801
1138,220,1.74211026207801
477,1059,1.74211026207801
31,143,1.74211026207801
31,703,1.74211026207801
1455,599,1.74211026207801
85,736,1.74211026207801
85,157,1.74211026207801
85,20,1.74211026207801
85,627,1.74211026207801
904,1005,1.74211026207801
904,606,1.74211026207801
180,1475,1.74211026207801
954,129,1.74211026207801
129,1493,1.74211026207801
129,353,1.74211026207801
129,202,1.74211026207801
129,1158,1.74211026207801
129,1515,1.74211026207801
206,553,1.74211026207801
206,239,1.74211026207801
206,1360,1.74211026207801
206,217,1.74211026207801
206,1424,1.74211026207801
1066,135,1.74211026207801
143,382,1.74211026207801
143,728,1.74211026207801
143,176,1.74211026207801
143,1111,1.74211026207801
143,1410,1.74211026207801
143,413,1.74211026207801
143,1265,1.74211026207801
143,869,1.74211026207801
143,1122,1.74211026207801
143,1083,1.74211026207801
784,135,1.74211026207801
1439,515,1.74211026207801
1439,1475,1.74211026207801
296,637,1.74211026207801
296,1325,1.74211026207801
296,179,1.74211026207801
296,383,1.74211026207801
515,631,1.74211026207801
515,1385,1.74211026207801
515,643,1.74211026207801
1390,744,1.74211026207801
1390,217,1.74211026207801
1390,1535,1.74211026207801
1390,1044,1.74211026207801
1390,1424,1.74211026207801
631,1475,1.74211026207801
631,972,1.74211026207801
1510,197,1.74211026207801
1510,660,1.74211026207801
1510,504,1.74211026207801
1510,643,1.74211026207801
1510,1484,1.74211026207801
1510,869,1.74211026207801
1517,883,1.74211026207801
1492,135,1.74211026207801
706,632,1.74211026207801
706,635,1.74211026207801
706,704,1.74211026207801
1005,1538,1.74211026207801
1005,11,1.74211026207801
1005,98,1.74211026207801
1005,1500,1.74211026207801
1005,691,1.74211026207801
1005,115,1.74211026207801
1499,554,1.74211026207801
197,1170,1.74211026207801
197,462,1.74211026207801
99,332,1.74211026207801
99,541,1.74211026207801
99,599,1.74211026207801
99,462,1.74211026207801
89,35,1.74211026207801
89,1393,1.74211026207801
89,1150,1.74211026207801
1022,297,1.74211026207801
1022,1153,1.74211026207801
1022,400,1.74211026207801
1022,1360,1.74211026207801
1022,1459,1.74211026207801
1022,1277,1.74211026207801
1022,244,1.74211026207801
1022,667,1.74211026207801
553,1236,1.74211026207801
285,1522,1.74211026207801
285,864,1.74211026207801
297,332,1.74211026207801
297,462,1.74211026207801
1420,135,1.74211026207801
1006,332,1.74211026207801
1503,35,1.74211026207801
1503,541,1.74211026207801
1503,1393,1.74211026207801
1503,599,1.74211026207801
1503,1150,1.74211026207801
35,489,1.74211026207801
35,1402,1.74211026207801
35,1447,1.74211026207801
35,67,1.74211026207801
35,696,1.74211026207801
35,1158,1.74211026207801
35,1512,1.74211026207801
35,1515,1.74211026207801
556,305,1.74211026207801
556,172,1.74211026207801
556,1158,1.74211026207801
556,1515,1.74211026207801
1537,906,1.74211026207801
1537,938,1.74211026207801
332,635,1.74211026207801
332,728,1.74211026207801
332,1152,1.74211026207801
332,1476,1.74211026207801
332,704,1.74211026207801
332,1321,1.74211026207801
332,244,1.74211026207801
736,972,1.74211026207801
1372,1278,1.74211026207801
489,1393,1.74211026207801
489,1150,1.74211026207801
1522,660,1.74211026207801
1522,551,1.74211026207801
1522,984,1.74211026207801
1522,1277,1.74211026207801
1382,25,1.74211026207801
1382,217,1.74211026207801
1382,492,1.74211026207801
1382,70,1.74211026207801
1382,243,1.74211026207801
519,404,1.74211026207801
411,220,1.74211026207801
411,1011,1.74211026207801
541,1238,1.74211026207801
541,1095,1.74211026207801
541,289,1.74211026207801
1238,703,1.74211026207801
1238,599,1.74211026207801
1238,883,1.74211026207801
660,1170,1.74211026207801
660,462,1.74211026207801
518,1163,1.74211026207801
518,1133,1.74211026207801
1385,1059,1.74211026207801
1385,135,1.74211026207801
504,1170,1.74211026207801
504,462,1.74211026207801
632,1278,1.74211026207801
632,1094,1.74211026207801
404,176,1.74211026207801
404,1111,1.74211026207801
404,347,1.74211026207801
404,202,1.74211026207801
404,1410,1.74211026207801
404,1265,1.74211026207801
404,869,1.74211026207801
404,1321,1.74211026207801
404,244,1.74211026207801
225,1011,1.74211026207801
1393,400,1.74211026207801
1393,67,1.74211026207801
1393,709,1.74211026207801
1393,492,1.74211026207801
1393,696,1.74211026207801
1393,1512,1.74211026207801
104,1163,1.74211026207801
104,1133,1.74211026207801
1170,728,1.74211026207801
1170,1484,1.74211026207801
1170,869,1.74211026207801
1170,1083,1.74211026207801
635,1258,1.74211026207801
635,1518,1.74211026207801
1092,1249,1.74211026207801
1092,401,1.74211026207801
1092,1267,1.74211026207801
728,462,1.74211026207801
1073,643,1.74211026207801
1073,243,1.74211026207801
703,67,1.74211026207801
703,1249,1.74211026207801
703,413,1.74211026207801
20,883,1.74211026207801
20,554,1.74211026207801
220,1212,1.74211026207801
864,551,1.74211026207801
864,803,1.74211026207801
864,360,1.74211026207801
864,217,1.74211026207801
864,1424,1.74211026207801
822,1249,1.74211026207801
822,413,1.74211026207801
822,704,1.74211026207801
1258,1244,1.74211026207801
1258,938,1.74211026207801
1258,704,1.74211026207801
215,1236,1.74211026207801
67,1150,1.74211026207801
1114,1475,1.74211026207801
1114,606,1.74211026207801
1114,1236,1.74211026207801
1114,1133,1.74211026207801
1475,217,1.74211026207801
1475,709,1.74211026207801
1475,1424,1.74211026207801
172,554,1.74211026207801
1518,1244,1.74211026207801
1518,704,1.74211026207801
1059,115,1.74211026207801
1249,957,1.74211026207801
1111,135,1.74211026207801
1278,240,1.74211026207801
1278,991,1.74211026207801
1278,132,1.74211026207801
360,1485,1.74211026207801
34,179,1.74211026207801
217,1133,1.74211026207801
1152,462,1.74211026207801
599,696,1.74211026207801
599,1319,1.74211026207801
240,1094,1.74211026207801
105,554,1.74211026207801
1274,554,1.74211026207801
413,957,1.74211026207801
1484,462,1.74211026207801
696,1150,1.74211026207801
869,462,1.74211026207801
343,135,1.74211026207801
39,135,1.74211026207801
606,132,1.74211026207801
972,438,1.74211026207801
972,627,1.74211026207801
70,554,1.74211026207801
70,1133,1.74211026207801
1512,1150,1.74211026207801
554,782,1.74211026207801
1485,622,1.74211026207801
1477,1060,1.74163144437624
1384,1445,1.74163144437624
1384,410,1.74163144437624
59,1016,1.74163144437624
418,1445,1.74163144437624
418,410,1.74163144437624
474,1084,1.74163144437624
211,410,1.74163144437624
1338,1120,1.74163144437624
1326,1120,1.74163144437624
500,127,1.74163144437624
65,127,1.74163144437624
1394,407,1.74163144437624
1260,40,1.74163144437624
1445,572,1.74163144437624
1445,642,1.74163144437624
1445,1189,1.74163144437624
1445,80,1.74163144437624
1445,874,1.74163144437624
1445,491,1.74163144437624
1445,847,1.74163144437624
1445,1206,1.74163144437624
1445,189,1.74163144437624
1445,770,1.74163144437624
1445,1201,1.74163144437624
1445,307,1.74163144437624
1445,1426,1.74163144437624
1445,1003,1.74163144437624
1445,1235,1.74163144437624
1445,1268,1.74163144437624
1445,527,1.74163144437624
1445,1514,1.74163144437624
1445,1287,1.74163144437624
1445,384,1.74163144437624
1445,1440,1.74163144437624
1445,1293,1.74163144437624
1445,1015,1.74163144437624
1445,681,1.74163144437624
1445,420,1.74163144437624
1445,530,1.74163144437624
1445,721,1.74163144437624
1445,57,1.74163144437624
1445,1304,1.74163144437624
1445,516,1.74163144437624
1445,986,1.74163144437624
1445,164,1.74163144437624
1012,1120,1.74163144437624
1012,1016,1.74163144437624
1012,127,1.74163144437624
1012,1060,1.74163144437624
970,1224,1.74163144437624
970,1060,1.74163144437624
1189,410,1.74163144437624
1189,1327,1.74163144437624
1164,532,1.74163144437624
1363,1120,1.74163144437624
1063,1084,1.74163144437624
1063,127,1.74163144437624
431,532,1.74163144437624
562,996,1.74163144437624
562,1084,1.74163144437624
562,168,1.74163144437624
914,127,1.74163144437624
1349,1327,1.74163144437624
122,1016,1.74163144437624
122,346,1.74163144437624
1085,168,1.74163144437624
336,407,1.74163144437624
336,1067,1.74163144437624
1156,168,1.74163144437624
491,410,1.74163144437624
491,1327,1.74163144437624
794,1327,1.74163144437624
114,1120,1.74163144437624
996,1389,1.74163144437624
996,1226,1.74163144437624
996,587,1.74163144437624
996,992,1.74163144437624
996,145,1.74163144437624
996,719,1.74163144437624
996,540,1.74163144437624
996,460,1.74163144437624
996,826,1.74163144437624
996,891,1.74163144437624
996,658,1.74163144437624
996,68,1.74163144437624
1389,168,1.74163144437624
13,1120,1.74163144437624
13,1016,1.74163144437624
13,127,1.74163144437624
13,1060,1.74163144437624
955,40,1.74163144437624
1226,1084,1.74163144437624
1226,168,1.74163144437624
169,407,1.74163144437624
563,1016,1.74163144437624
563,1060,1.74163144437624
222,1120,1.74163144437624
1224,1161,1.74163144437624
1224,929,1.74163144437624
1224,537,1.74163144437624
1224,1055,1.74163144437624
1224,262,1.74163144437624
1224,1446,1.74163144437624
1224,1210,1.74163144437624
1224,106,1.74163144437624
764,1060,1.74163144437624
715,410,1.74163144437624
1115,168,1.74163144437624
890,1084,1.74163144437624
1403,127,1.74163144437624
410,974,1.74163144437624
410,866,1.74163144437624
410,1127,1.74163144437624
410,687,1.74163144437624
410,1448,1.74163144437624
410,128,1.74163144437624
410,1140,1.74163144437624
410,770,1.74163144437624
410,307,1.74163144437624
410,1347,1.74163144437624
410,1501,1.74163144437624
410,527,1.74163144437624
410,1287,1.74163144437624
410,1234,1.74163144437624
410,352,1.74163144437624
410,681,1.74163144437624
410,386,1.74163144437624
410,284,1.74163144437624
410,530,1.74163144437624
410,516,1.74163144437624
410,894,1.74163144437624
410,756,1.74163144437624
1513,346,1.74163144437624
1053,1327,1.74163144437624
941,1120,1.74163144437624
941,1016,1.74163144437624
941,127,1.74163144437624
941,1060,1.74163144437624
292,40,1.74163144437624
292,532,1.74163144437624
974,1016,1.74163144437624
974,168,1.74163144437624
405,40,1.74163144437624
405,532,1.74163144437624
1283,1120,1.74163144437624
587,168,1.74163144437624
992,1084,1.74163144437624
992,168,1.74163144437624
534,1084,1.74163144437624
871,1016,1.74163144437624
1120,428,1.74163144437624
1120,120,1.74163144437624
1120,1253,1.74163144437624
1120,183,1.74163144437624
1120,1089,1.74163144437624
1120,966,1.74163144437624
1120,1533,1.74163144437624
1120,91,1.74163144437624
1120,1423,1.74163144437624
1120,294,1.74163144437624
1120,927,1.74163144437624
1120,339,1.74163144437624
1120,1074,1.74163144437624
1120,1080,1.74163144437624
1120,1254,1.74163144437624
1120,916,1.74163144437624
1120,1516,1.74163144437624
1120,607,1.74163144437624
1120,469,1.74163144437624
1120,1272,1.74163144437624
1120,609,1.74163144437624
145,1084,1.74163144437624
145,168,1.74163144437624
779,1327,1.74163144437624
484,1016,1.74163144437624
851,40,1.74163144437624
570,1327,1.74163144437624
199,1016,1.74163144437624
96,1016,1.74163144437624
96,407,1.74163144437624
1124,1016,1.74163144437624
1124,346,1.74163144437624
313,1084,1.74163144437624
908,1067,1.74163144437624
625,1060,1.74163144437624
46,1016,1.74163144437624
46,1060,1.74163144437624
852,1327,1.74163144437624
1450,1327,1.74163144437624
934,532,1.74163144437624
1407,1084,1.74163144437624
1407,127,1.74163144437624
1016,1140,1.74163144437624
1016,47,1.74163144437624
1016,966,1.74163144437624
1016,741,1.74163144437624
1016,1347,1.74163144437624
1016,725,1.74163144437624
1016,701,1.74163144437624
1016,184,1.74163144437624
1016,130,1.74163144437624
1016,1408,1.74163144437624
1016,396,1.74163144437624
1016,352,1.74163144437624
1016,807,1.74163144437624
1016,1205,1.74163144437624
1016,335,1.74163144437624
1016,1199,1.74163144437624
716,532,1.74163144437624
1140,168,1.74163144437624
1524,40,1.74163144437624
47,1060,1.74163144437624
1308,346,1.74163144437624
1253,1060,1.74163144437624
1026,346,1.74163144437624
198,168,1.74163144437624
966,127,1.74163144437624
966,1060,1.74163144437624
1069,168,1.74163144437624
415,1060,1.74163144437624
818,1084,1.74163144437624
540,1084,1.74163144437624
540,168,1.74163144437624
213,40,1.74163144437624
702,1084,1.74163144437624
693,1067,1.74163144437624
470,346,1.74163144437624
1426,168,1.74163144437624
54,1067,1.74163144437624
1347,168,1.74163144437624
605,127,1.74163144437624
1003,168,1.74163144437624
394,1084,1.74163144437624
725,407,1.74163144437624
1511,168,1.74163144437624
942,1060,1.74163144437624
701,1060,1.74163144437624
184,407,1.74163144437624
152,532,1.74163144437624
1305,168,1.74163144437624
441,1084,1.74163144437624
130,407,1.74163144437624
1200,127,1.74163144437624
252,1327,1.74163144437624
1101,1327,1.74163144437624
1084,1187,1.74163144437624
1084,1458,1.74163144437624
1084,460,1.74163144437624
1084,769,1.74163144437624
1084,826,1.74163144437624
1084,891,1.74163144437624
1084,729,1.74163144437624
1084,658,1.74163144437624
1084,326,1.74163144437624
1084,1491,1.74163144437624
1084,373,1.74163144437624
1084,68,1.74163144437624
1084,204,1.74163144437624
1084,1082,1.74163144437624
1446,346,1.74163144437624
1514,346,1.74163144437624
1514,127,1.74163144437624
1514,168,1.74163144437624
1408,346,1.74163144437624
407,807,1.74163144437624
407,1134,1.74163144437624
407,335,1.74163144437624
407,110,1.74163144437624
355,532,1.74163144437624
260,40,1.74163144437624
260,532,1.74163144437624
1520,168,1.74163144437624
1366,346,1.74163144437624
364,1067,1.74163144437624
396,346,1.74163144437624
460,168,1.74163144437624
352,168,1.74163144437624
1132,127,1.74163144437624
346,1259,1.74163144437624
346,420,1.74163144437624
346,749,1.74163144437624
346,1049,1.74163144437624
769,127,1.74163144437624
826,168,1.74163144437624
891,168,1.74163144437624
117,40,1.74163144437624
414,40,1.74163144437624
414,532,1.74163144437624
127,1028,1.74163144437624
127,755,1.74163144437624
127,420,1.74163144437624
40,177,1.74163144437624
40,258,1.74163144437624
658,168,1.74163144437624
1067,697,1.74163144437624
1067,659,1.74163144437624
1067,656,1.74163144437624
1067,1255,1.74163144437624
1306,1060,1.74163144437624
168,68,1.74163144437624
168,1539,1.74163144437624
168,420,1.74163144437624
168,1147,1.74163144437624
1060,916,1.74163144437624
1060,1205,1.74163144437624
1060,372,1.74163144437624
1060,1272,1.74163144437624
154,532,1.74163144437624
181,532,1.74163144437624
1327,516,1.74163144437624
1129,380,1.73988982638828
1129,1543,1.73988982638828
234,133,1.73988982638828
801,74,1.73988982638828
801,980,1.73988982638828
1065,1084,1.73391051311963
1526,747,1.7166876977625
814,910,1.7166876977625
602,910,1.7166876977625
809,1231,1.71081691369709
1231,688,1.71081691369709
1338,1320,1.70605878120811
1338,380,1.70605878120811
1338,850,1.70605878120811
1252,193,1.70605878120811
1012,850,1.70605878120811
572,1330,1.70605878120811
1523,234,1.70605878120811
392,1330,1.70605878120811
1342,234,1.70605878120811
1342,1543,1.70605878120811
1342,980,1.70605878120811
642,234,1.70605878120811
1189,1543,1.70605878120811
191,74,1.70605878120811
1164,1543,1.70605878120811
319,74,1.70605878120811
1063,234,1.70605878120811
562,234,1.70605878120811
562,1330,1.70605878120811
214,380,1.70605878120811
1337,74,1.70605878120811
874,1330,1.70605878120811
1036,1330,1.70605878120811
491,1543,1.70605878120811
13,850,1.70605878120811
847,380,1.70605878120811
847,1527,1.70605878120811
1226,234,1.70605878120811
1226,1330,1.70605878120811
563,1320,1.70605878120811
563,850,1.70605878120811
1507,1330,1.70605878120811
222,1320,1.70605878120811
222,380,1.70605878120811
222,850,1.70605878120811
715,234,1.70605878120811
715,1527,1.70605878120811
715,980,1.70605878120811
1403,380,1.70605878120811
1053,74,1.70605878120811
941,850,1.70605878120811
1320,46,1.70605878120811
1320,537,1.70605878120811
1320,1055,1.70605878120811
1320,47,1.70605878120811
1320,183,1.70605878120811
1320,1533,1.70605878120811
1320,701,1.70605878120811
1320,262,1.70605878120811
1320,1446,1.70605878120811
1320,916,1.70605878120811
1320,1205,1.70605878120811
1320,106,1.70605878120811
1206,380,1.70605878120811
1206,1527,1.70605878120811
992,234,1.70605878120811
992,1330,1.70605878120811
145,234,1.70605878120811
145,1330,1.70605878120811
1126,1543,1.70605878120811
1541,234,1.70605878120811
1541,980,1.70605878120811
570,1543,1.70605878120811
4,1527,1.70605878120811
138,1330,1.70605878120811
517,193,1.70605878120811
267,1527,1.70605878120811
428,234,1.70605878120811
810,234,1.70605878120811
810,1543,1.70605878120811
810,980,1.70605878120811
799,1330,1.70605878120811
46,850,1.70605878120811
189,380,1.70605878120811
189,1527,1.70605878120811
234,1407,1.70605878120811
234,1308,1.70605878120811
234,1026,1.70605878120811
234,1201,1.70605878120811
234,540,1.70605878120811
234,924,1.70605878120811
234,927,1.70605878120811
234,339,1.70605878120811
234,460,1.70605878120811
234,769,1.70605878120811
234,826,1.70605878120811
234,891,1.70605878120811
234,1080,1.70605878120811
234,658,1.70605878120811
234,186,1.70605878120811
234,1259,1.70605878120811
234,1015,1.70605878120811
234,1470,1.70605878120811
234,1496,1.70605878120811
234,68,1.70605878120811
234,386,1.70605878120811
234,486,1.70605878120811
234,1368,1.70605878120811
234,894,1.70605878120811
234,986,1.70605878120811
234,1468,1.70605878120811
234,756,1.70605878120811
766,1330,1.70605878120811
1399,1330,1.70605878120811
7,193,1.70605878120811
75,74,1.70605878120811
537,850,1.70605878120811
333,193,1.70605878120811
1055,850,1.70605878120811
844,1330,1.70605878120811
1343,74,1.70605878120811
1524,1543,1.70605878120811
47,850,1.70605878120811
385,380,1.70605878120811
183,380,1.70605878120811
183,850,1.70605878120811
377,74,1.70605878120811
375,1330,1.70605878120811
966,850,1.70605878120811
182,380,1.70605878120811
540,1330,1.70605878120811
380,1533,1.70605878120811
380,702,1.70605878120811
380,605,1.70605878120811
380,1081,1.70605878120811
380,1268,1.70605878120811
380,1187,1.70605878120811
380,326,1.70605878120811
380,1293,1.70605878120811
380,824,1.70605878120811
380,1344,1.70605878120811
380,1340,1.70605878120811
380,721,1.70605878120811
380,57,1.70605878120811
380,164,1.70605878120811
380,609,1.70605878120811
1533,850,1.70605878120811
1543,654,1.70605878120811
1543,1430,1.70605878120811
1543,924,1.70605878120811
1543,27,1.70605878120811
1543,569,1.70605878120811
1543,355,1.70605878120811
1543,393,1.70605878120811
1543,186,1.70605878120811
1543,1470,1.70605878120811
1543,181,1.70605878120811
1543,1496,1.70605878120811
1543,417,1.70605878120811
1543,516,1.70605878120811
1543,1468,1.70605878120811
654,74,1.70605878120811
470,1527,1.70605878120811
1079,980,1.70605878120811
1430,74,1.70605878120811
701,850,1.70605878120811
1235,1330,1.70605878120811
445,850,1.70605878120811
924,980,1.70605878120811
22,1330,1.70605878120811
1330,460,1.70605878120811
1330,8,1.70605878120811
1330,826,1.70605878120811
1330,891,1.70605878120811
1330,658,1.70605878120811
1330,373,1.70605878120811
1330,68,1.70605878120811
1330,204,1.70605878120811
1330,1494,1.70605878120811
1330,989,1.70605878120811
1268,1527,1.70605878120811
27,980,1.70605878120811
762,74,1.70605878120811
1527,594,1.70605878120811
1527,509,1.70605878120811
1527,1293,1.70605878120811
1527,657,1.70605878120811
1527,386,1.70605878120811
1527,1134,1.70605878120811
1527,721,1.70605878120811
1527,749,1.70605878120811
1527,398,1.70605878120811
1527,57,1.70605878120811
1527,894,1.70605878120811
1527,164,1.70605878120811
1527,756,1.70605878120811
835,74,1.70605878120811
262,850,1.70605878120811
252,74,1.70605878120811
1101,74,1.70605878120811
1217,74,1.70605878120811
499,74,1.70605878120811
1446,850,1.70605878120811
406,74,1.70605878120811
850,1288,1.70605878120811
850,916,1.70605878120811
850,1205,1.70605878120811
850,922,1.70605878120811
850,106,1.70605878120811
850,62,1.70605878120811
569,74,1.70605878120811
525,74,1.70605878120811
710,74,1.70605878120811
186,980,1.70605878120811
921,193,1.70605878120811
74,444,1.70605878120811
74,1378,1.70605878120811
74,417,1.70605878120811
74,724,1.70605878120811
74,188,1.70605878120811
74,825,1.70605878120811
1470,980,1.70605878120811
597,193,1.70605878120811
1496,980,1.70605878120811
386,980,1.70605878120811
1106,980,1.70605878120811
1313,980,1.70605878120811
980,894,1.70605878120811
980,1468,1.70605878120811
980,756,1.70605878120811
508,1178,1.70180961434426
508,94,1.70180961434426
508,1300,1.70180961434426
508,1030,1.70180961434426
508,612,1.70180961434426
1008,772,1.70180961434426
1178,149,1.70180961434426
1178,317,1.70180961434426
56,542,1.70180961434426
772,815,1.70180961434426
772,1300,1.70180961434426
772,612,1.70180961434426
815,317,1.70180961434426
94,317,1.70180961434426
774,234,1.69989374725418
774,1330,1.69989374725418
670,1543,1.69989374725418
380,354,1.69989374725418
354,1527,1.69989374725418
378,193,1.69989374725418
1027,932,1.69453975526374
449,287,1.69453975526374
981,932,1.69453975526374
287,1096,1.69453975526374
1025,896,1.69453975526374
932,896,1.69453975526374
1129,602,1.67500964270199
648,801,1.67500964270199
133,342,1.67500964270199
853,395,1.6749207059463
853,1311,1.6749207059463
853,1171,1.6749207059463
853,615,1.6749207059463
853,390,1.6749207059463
853,611,1.6749207059463
853,1348,1.6749207059463
853,560,1.6749207059463
853,1139,1.6749207059463
919,1035,1.6749207059463
1010,512,1.6749207059463
1010,940,1.6749207059463
1010,662,1.6749207059463
733,69,1.6749207059463
733,618,1.6749207059463
733,207,1.6749207059463
733,14,1.6749207059463
733,865,1.6749207059463
733,900,1.6749207059463
107,125,1.6749207059463
107,194,1.6749207059463
1228,623,1.6749207059463
221,620,1.6749207059463
221,561,1.6749207059463
221,1242,1.6749207059463
221,985,1.6749207059463
221,1435,1.6749207059463
221,837,1.6749207059463
507,174,1.6749207059463
507,1261,1.6749207059463
507,1419,1.6749207059463
507,1506,1.6749207059463
507,314,1.6749207059463
1545,1309,1.6749207059463
485,1038,1.6749207059463
485,1233,1.6749207059463
485,344,1.6749207059463
926,224,1.6749207059463
926,1355,1.6749207059463
926,792,1.6749207059463
926,1413,1.6749207059463
64,12,1.6749207059463
64,900,1.6749207059463
345,395,1.6749207059463
345,862,1.6749207059463
345,286,1.6749207059463
345,618,1.6749207059463
345,207,1.6749207059463
345,604,1.6749207059463
345,865,1.6749207059463
345,236,1.6749207059463
345,1322,1.6749207059463
345,900,1.6749207059463
455,1198,1.6749207059463
174,1461,1.6749207059463
174,1142,1.6749207059463
174,1033,1.6749207059463
174,21,1.6749207059463
174,1362,1.6749207059463
174,1435,1.6749207059463
174,745,1.6749207059463
174,1128,1.6749207059463
174,1436,1.6749207059463
148,1362,1.6749207059463
148,160,1.6749207059463
148,566,1.6749207059463
1502,1465,1.6749207059463
1502,1000,1.6749207059463
395,480,1.6749207059463
185,666,1.6749207059463
185,694,1.6749207059463
185,1436,1.6749207059463
290,159,1.6749207059463
42,159,1.6749207059463
69,1461,1.6749207059463
69,344,1.6749207059463
69,786,1.6749207059463
620,898,1.6749207059463
1427,1033,1.6749207059463
1427,1233,1.6749207059463
1427,1078,1.6749207059463
1427,837,1.6749207059463
1427,885,1.6749207059463
1427,581,1.6749207059463
1471,1248,1.6749207059463
1471,160,1.6749207059463
987,623,1.6749207059463
987,512,1.6749207059463
301,1443,1.6749207059463
301,224,1.6749207059463
301,1355,1.6749207059463
301,249,1.6749207059463
655,548,1.6749207059463
1093,862,1.6749207059463
1093,32,1.6749207059463
1093,14,1.6749207059463
1093,604,1.6749207059463
1093,1429,1.6749207059463
26,1033,1.6749207059463
26,1233,1.6749207059463
26,1355,1.6749207059463
26,885,1.6749207059463
26,581,1.6749207059463
26,150,1.6749207059463
44,521,1.6749207059463
949,1443,1.6749207059463
949,1355,1.6749207059463
949,812,1.6749207059463
1056,548,1.6749207059463
1056,1422,1.6749207059463
1056,1148,1.6749207059463
1056,521,1.6749207059463
561,1311,1.6749207059463
561,207,1.6749207059463
561,390,1.6749207059463
561,611,1.6749207059463
561,1348,1.6749207059463
561,560,1.6749207059463
561,898,1.6749207059463
561,1139,1.6749207059463
1068,1173,1.6749207059463
1068,1128,1.6749207059463
1068,1469,1.6749207059463
1188,340,1.6749207059463
397,390,1.6749207059463
628,581,1.6749207059463
1207,1311,1.6749207059463
1207,390,1.6749207059463
1207,611,1.6749207059463
1207,1348,1.6749207059463
1207,560,1.6749207059463
1207,1139,1.6749207059463
862,219,1.6749207059463
1443,1311,1.6749207059463
1443,588,1.6749207059463
1443,512,1.6749207059463
1443,616,1.6749207059463
1175,1348,1.6749207059463
1175,1289,1.6749207059463
480,286,1.6749207059463
480,14,1.6749207059463
480,604,1.6749207059463
480,236,1.6749207059463
286,219,1.6749207059463
1131,662,1.6749207059463
623,497,1.6749207059463
623,1422,1.6749207059463
1135,497,1.6749207059463
1135,548,1.6749207059463
363,141,1.6749207059463
363,32,1.6749207059463
363,1110,1.6749207059463
1222,1435,1.6749207059463
1222,1198,1.6749207059463
1222,1128,1.6749207059463
1380,1215,1.6749207059463
1380,859,1.6749207059463
1380,1046,1.6749207059463
601,1362,1.6749207059463
601,160,1.6749207059463
601,566,1.6749207059463
497,588,1.6749207059463
497,754,1.6749207059463
497,512,1.6749207059463
497,978,1.6749207059463
497,662,1.6749207059463
1461,32,1.6749207059463
1461,273,1.6749207059463
1461,978,1.6749207059463
1339,1038,1.6749207059463
1339,344,1.6749207059463
1339,1248,1.6749207059463
1339,160,1.6749207059463
1038,560,1.6749207059463
141,745,1.6749207059463
1311,1295,1.6749207059463
1311,745,1.6749207059463
1311,644,1.6749207059463
1311,566,1.6749207059463
1311,1099,1.6749207059463
1406,340,1.6749207059463
618,1422,1.6749207059463
618,668,1.6749207059463
618,694,1.6749207059463
618,171,1.6749207059463
618,456,1.6749207059463
618,272,1.6749207059463
1449,1422,1.6749207059463
1449,694,1.6749207059463
1449,249,1.6749207059463
925,344,1.6749207059463
588,666,1.6749207059463
588,548,1.6749207059463
588,1422,1.6749207059463
588,985,1.6749207059463
588,1148,1.6749207059463
588,521,1.6749207059463
1171,224,1.6749207059463
1261,1033,1.6749207059463
1261,1436,1.6749207059463
995,1242,1.6749207059463
207,1242,1.6749207059463
207,1173,1.6749207059463
207,171,1.6749207059463
207,456,1.6749207059463
207,837,1.6749207059463
207,1128,1.6749207059463
207,1469,1.6749207059463
207,272,1.6749207059463
666,754,1.6749207059463
666,611,1.6749207059463
666,978,1.6749207059463
666,662,1.6749207059463
666,967,1.6749207059463
1142,32,1.6749207059463
1142,273,1.6749207059463
1142,978,1.6749207059463
789,1033,1.6749207059463
789,1233,1.6749207059463
789,1078,1.6749207059463
789,837,1.6749207059463
1242,1429,1.6749207059463
548,36,1.6749207059463
548,1269,1.6749207059463
548,940,1.6749207059463
1422,36,1.6749207059463
1422,512,1.6749207059463
1422,761,1.6749207059463
1422,1035,1.6749207059463
387,1463,1.6749207059463
387,12,1.6749207059463
795,125,1.6749207059463
1033,1419,1.6749207059463
1033,584,1.6749207059463
1033,416,1.6749207059463
1033,1046,1.6749207059463
32,1198,1.6749207059463
32,581,1.6749207059463
32,219,1.6749207059463
1173,547,1.6749207059463
1173,340,1.6749207059463
1173,898,1.6749207059463
1233,416,1.6749207059463
1233,1506,1.6749207059463
1233,314,1.6749207059463
1233,1046,1.6749207059463
1419,1436,1.6749207059463
273,21,1.6749207059463
273,1362,1.6749207059463
273,745,1.6749207059463
668,1478,1.6749207059463
224,512,1.6749207059463
224,761,1.6749207059463
224,900,1.6749207059463
224,616,1.6749207059463
21,978,1.6749207059463
21,1289,1.6749207059463
985,898,1.6749207059463
985,616,1.6749207059463
596,694,1.6749207059463
596,1295,1.6749207059463
596,792,1.6749207059463
596,1198,1.6749207059463
596,644,1.6749207059463
1478,249,1.6749207059463
1478,159,1.6749207059463
1478,1413,1.6749207059463
694,479,1.6749207059463
694,173,1.6749207059463
694,611,1.6749207059463
694,761,1.6749207059463
694,162,1.6749207059463
694,662,1.6749207059463
694,967,1.6749207059463
1148,36,1.6749207059463
1362,978,1.6749207059463
1362,125,1.6749207059463
1362,1031,1.6749207059463
1362,1373,1.6749207059463
344,560,1.6749207059463
953,521,1.6749207059463
1264,416,1.6749207059463
598,837,1.6749207059463
1295,390,1.6749207059463
1295,611,1.6749207059463
1295,1348,1.6749207059463
1295,560,1.6749207059463
1295,1506,1.6749207059463
1295,162,1.6749207059463
1295,314,1.6749207059463
1295,1139,1.6749207059463
479,171,1.6749207059463
479,219,1.6749207059463
171,14,1.6749207059463
171,865,1.6749207059463
171,1031,1.6749207059463
171,900,1.6749207059463
1219,249,1.6749207059463
14,456,1.6749207059463
14,272,1.6749207059463
14,219,1.6749207059463
173,1198,1.6749207059463
173,644,1.6749207059463
390,745,1.6749207059463
390,837,1.6749207059463
390,644,1.6749207059463
390,566,1.6749207059463
36,521,1.6749207059463
1355,512,1.6749207059463
1355,616,1.6749207059463
1435,547,1.6749207059463
1435,314,1.6749207059463
604,219,1.6749207059463
745,611,1.6749207059463
745,978,1.6749207059463
745,1348,1.6749207059463
745,560,1.6749207059463
745,1139,1.6749207059463
1078,611,1.6749207059463
512,1099,1.6749207059463
547,1128,1.6749207059463
547,1469,1.6749207059463
456,948,1.6749207059463
456,865,1.6749207059463
1198,12,1.6749207059463
1198,1031,1.6749207059463
1198,162,1.6749207059463
868,1413,1.6749207059463
837,0,1.6749207059463
1128,898,1.6749207059463
1128,314,1.6749207059463
1269,521,1.6749207059463
611,644,1.6749207059463
611,566,1.6749207059463
611,1436,1.6749207059463
885,416,1.6749207059463
885,1046,1.6749207059463
761,249,1.6749207059463
761,812,1.6749207059463
478,746,1.6749207059463
865,272,1.6749207059463
865,219,1.6749207059463
581,416,1.6749207059463
581,1031,1.6749207059463
581,1046,1.6749207059463
236,272,1.6749207059463
1248,759,1.6749207059463
1248,1218,1.6749207059463
1,898,1.6749207059463
1,416,1.6749207059463
1001,1465,1.6749207059463
1001,1000,1.6749207059463
1112,1289,1.6749207059463
160,759,1.6749207059463
0,812,1.6749207059463
0,798,1.6749207059463
125,249,1.6749207059463
1315,644,1.6749207059463
340,1469,1.6749207059463
812,1035,1.6749207059463
812,900,1.6749207059463
1348,644,1.6749207059463
1348,566,1.6749207059463
560,644,1.6749207059463
560,566,1.6749207059463
1469,898,1.6749207059463
644,849,1.6749207059463
644,162,1.6749207059463
644,1139,1.6749207059463
566,940,1.6749207059463
566,1373,1.6749207059463
566,194,1.6749207059463
566,1139,1.6749207059463
272,900,1.6749207059463
272,359,1.6749207059463
219,1429,1.6749207059463
662,1436,1.6749207059463
967,1436,1.6749207059463
388,366,1.67480585321774
388,30,1.67480585321774
388,555,1.67480585321774
388,223,1.67480585321774
388,653,1.67480585321774
930,223,1.67480585321774
802,1075,1.67480585321774
802,1146,1.67480585321774
1137,458,1.67480585321774
1137,903,1.67480585321774
366,1297,1.67480585321774
366,1091,1.67480585321774
366,302,1.67480585321774
366,944,1.67480585321774
366,1492,1.67480585321774
366,89,1.67480585321774
366,1503,1.67480585321774
366,489,1.67480585321774
366,67,1.67480585321774
366,1442,1.67480585321774
366,1484,1.67480585321774
366,696,1.67480585321774
366,1158,1.67480585321774
366,1512,1.67480585321774
366,1515,1.67480585321774
1371,768,1.67480585321774
1371,1499,1.67480585321774
1371,305,1.67480585321774
1371,632,1.67480585321774
1371,20,1.67480585321774
1371,1095,1.67480585321774
1371,172,1.67480585321774
1371,1274,1.67480585321774
1371,70,1.67480585321774
1371,289,1.67480585321774
30,1411,1.67480585321774
30,302,1.67480585321774
30,944,1.67480585321774
30,793,1.67480585321774
30,89,1.67480585321774
30,489,1.67480585321774
30,67,1.67480585321774
30,791,1.67480585321774
30,111,1.67480585321774
200,308,1.67480585321774
897,1432,1.67480585321774
897,425,1.67480585321774
897,1227,1.67480585321774
1298,165,1.67480585321774
1298,223,1.67480585321774
1298,773,1.67480585321774
237,308,1.67480585321774
237,752,1.67480585321774
237,638,1.67480585321774
458,720,1.67480585321774
458,838,1.67480585321774
1091,1146,1.67480585321774
1365,773,1.67480585321774
720,1360,1.67480585321774
720,903,1.67480585321774
1479,843,1.67480585321774
1479,1444,1.67480585321774
1438,97,1.67480585321774
1438,748,1.67480585321774
1438,302,1.67480585321774
1438,161,1.67480585321774
1438,526,1.67480585321774
1438,1455,1.67480585321774
1438,99,1.67480585321774
1438,1503,1.67480585321774
1438,1238,1.67480585321774
1438,1319,1.67480585321774
907,526,1.67480585321774
907,1257,1.67480585321774
1075,1019,1.67480585321774
1075,176,1.67480585321774
1075,1111,1.67480585321774
1075,1410,1.67480585321774
1075,1535,1.67480585321774
1075,869,1.67480585321774
1411,653,1.67480585321774
884,33,1.67480585321774
97,425,1.67480585321774
275,748,1.67480585321774
446,1290,1.67480585321774
446,1444,1.67480585321774
711,1301,1.67480585321774
845,1208,1.67480585321774
165,1118,1.67480585321774
165,1452,1.67480585321774
165,785,1.67480585321774
165,997,1.67480585321774
165,1532,1.67480585321774
165,217,1.67480585321774
165,1246,1.67480585321774
165,938,1.67480585321774
165,1424,1.67480585321774
245,1352,1.67480585321774
268,549,1.67480585321774
268,328,1.67480585321774
268,179,1.67480585321774
787,1155,1.67480585321774
787,31,1.67480585321774
787,1492,1.67480585321774
787,1153,1.67480585321774
787,1360,1.67480585321774
787,1114,1.67480585321774
787,243,1.67480585321774
787,622,1.67480585321774
1017,257,1.67480585321774
493,1301,1.67480585321774
788,1454,1.67480585321774
788,872,1.67480585321774
788,1352,1.67480585321774
775,653,1.67480585321774
555,302,1.67480585321774
555,944,1.67480585321774
555,89,1.67480585321774
555,1503,1.67480585321774
555,520,1.67480585321774
555,489,1.67480585321774
555,67,1.67480585321774
555,163,1.67480585321774
555,696,1.67480585321774
555,1512,1.67480585321774
510,638,1.67480585321774
796,1454,1.67480585321774
796,872,1.67480585321774
796,843,1.67480585321774
796,1352,1.67480585321774
768,990,1.67480585321774
768,838,1.67480585321774
684,1168,1.67480585321774
308,785,1.67480585321774
308,997,1.67480585321774
308,31,1.67480585321774
308,1492,1.67480585321774
308,1499,1.67480585321774
308,553,1.67480585321774
308,1532,1.67480585321774
308,736,1.67480585321774
308,239,1.67480585321774
308,1087,1.67480585321774
308,1360,1.67480585321774
308,1538,1.67480585321774
308,11,1.67480585321774
308,98,1.67480585321774
308,691,1.67480585321774
308,243,1.67480585321774
308,622,1.67480585321774
308,115,1.67480585321774
308,627,1.67480585321774
203,223,1.67480585321774
203,831,1.67480585321774
203,1352,1.67480585321774
259,843,1.67480585321774
302,653,1.67480585321774
161,223,1.67480585321774
161,831,1.67480585321774
161,1352,1.67480585321774
1230,843,1.67480585321774
1230,1444,1.67480585321774
944,653,1.67480585321774
944,843,1.67480585321774
1155,1301,1.67480585321774
1155,1146,1.67480585321774
261,293,1.67480585321774
1208,643,1.67480585321774
1208,453,1.67480585321774
477,1454,1.67480585321774
477,872,1.67480585321774
209,257,1.67480585321774
209,638,1.67480585321774
31,1290,1.67480585321774
873,223,1.67480585321774
990,1499,1.67480585321774
990,744,1.67480585321774
990,20,1.67480585321774
990,803,1.67480585321774
990,1274,1.67480585321774
990,70,1.67480585321774
33,504,1.67480585321774
33,104,1.67480585321774
33,172,1.67480585321774
33,782,1.67480585321774
958,1273,1.67480585321774
958,660,1.67480585321774
958,984,1.67480585321774
958,1277,1.67480585321774
904,84,1.67480585321774
1509,1146,1.67480585321774
1439,1301,1.67480585321774
257,631,1.67480585321774
257,632,1.67480585321774
257,1143,1.67480585321774
257,175,1.67480585321774
631,1301,1.67480585321774
631,638,1.67480585321774
637,1227,1.67480585321774
1499,838,1.67480585321774
197,1168,1.67480585321774
197,1352,1.67480585321774
1301,285,1.67480585321774
1301,551,1.67480585321774
1301,669,1.67480585321774
553,1146,1.67480585321774
580,84,1.67480585321774
1006,1290,1.67480585321774
1006,1444,1.67480585321774
1325,1227,1.67480585321774
736,752,1.67480585321774
736,638,1.67480585321774
489,653,1.67480585321774
239,653,1.67480585321774
239,1146,1.67480585321774
1238,1432,1.67480585321774
1238,425,1.67480585321774
1238,1227,1.67480585321774
1109,653,1.67480585321774
660,1168,1.67480585321774
660,638,1.67480585321774
660,1352,1.67480585321774
518,1190,1.67480585321774
84,667,1.67480585321774
504,1454,1.67480585321774
504,1168,1.67480585321774
504,1352,1.67480585321774
632,1168,1.67480585321774
104,1190,1.67480585321774
635,1290,1.67480585321774
635,1444,1.67480585321774
728,1454,1.67480585321774
728,872,1.67480585321774
728,1352,1.67480585321774
20,838,1.67480585321774
1360,838,1.67480585321774
1360,1146,1.67480585321774
1454,419,1.67480585321774
1454,1083,1.67480585321774
1095,773,1.67480585321774
643,223,1.67480585321774
643,831,1.67480585321774
643,1352,1.67480585321774
205,653,1.67480585321774
215,1168,1.67480585321774
176,1146,1.67480585321774
67,653,1.67480585321774
67,1432,1.67480585321774
67,425,1.67480585321774
349,1146,1.67480585321774
172,752,1.67480585321774
712,831,1.67480585321774
1244,1444,1.67480585321774
1249,843,1.67480585321774
803,773,1.67480585321774
1111,1146,1.67480585321774
752,121,1.67480585321774
752,1476,1.67480585321774
752,1410,1.67480585321774
752,492,1.67480585321774
752,1512,1.67480585321774
752,782,1.67480585321774
360,773,1.67480585321774
838,1274,1.67480585321774
838,70,1.67480585321774
838,903,1.67480585321774
217,773,1.67480585321774
202,1227,1.67480585321774
105,773,1.67480585321774
1246,1168,1.67480585321774
1410,1146,1.67480585321774
872,419,1.67480585321774
872,1083,1.67480585321774
413,843,1.67480585321774
1265,1146,1.67480585321774
1484,1168,1.67480585321774
1484,1146,1.67480585321774
1484,1352,1.67480585321774
820,704,1.67480585321774
869,1168,1.67480585321774
869,1146,1.67480585321774
869,1352,1.67480585321774
843,1321,1.67480585321774
843,546,1.67480585321774
984,638,1.67480585321774
383,1227,1.67480585321774
704,1290,1.67480585321774
1158,1444,1.67480585321774
1424,773,1.67480585321774
638,1277,1.67480585321774
638,1299,1.67480585321774
638,627,1.67480585321774
1083,1352,1.67480585321774
1444,1515,1.67480585321774
773,289,1.67480585321774
522,814,1.67423083407006
1384,814,1.67423083407006
418,814,1.67423083407006
474,763,1.67423083407006
474,747,1.67423083407006
235,342,1.67423083407006
211,814,1.67423083407006
1326,763,1.67423083407006
1326,459,1.67423083407006
1326,814,1.67423083407006
1326,318,1.67423083407006
1326,1166,1.67423083407006
1252,602,1.67423083407006
1252,1428,1.67423083407006
1260,648,1.67423083407006
1260,876,1.67423083407006
1012,288,1.67423083407006
1012,876,1.67423083407006
1012,747,1.67423083407006
392,72,1.67423083407006
392,1166,1.67423083407006
1342,1428,1.67423083407006
642,376,1.67423083407006
1474,342,1.67423083407006
191,1280,1.67423083407006
1363,763,1.67423083407006
1363,459,1.67423083407006
1363,814,1.67423083407006
1363,318,1.67423083407006
1363,1166,1.67423083407006
319,1280,1.67423083407006
319,342,1.67423083407006
535,288,1.67423083407006
763,114,1.67423083407006
763,890,1.67423083407006
763,1283,1.67423083407006
763,534,1.67423083407006
763,433,1.67423083407006
763,120,1.67423083407006
763,934,1.67423083407006
763,1089,1.67423083407006
763,182,1.67423083407006
763,91,1.67423083407006
763,152,1.67423083407006
763,1423,1.67423083407006
763,294,1.67423083407006
763,441,1.67423083407006
763,739,1.67423083407006
763,1458,1.67423083407006
763,1074,1.67423083407006
763,1254,1.67423083407006
763,154,1.67423083407006
763,1516,1.67423083407006
763,607,1.67423083407006
763,469,1.67423083407006
763,1082,1.67423083407006
763,1070,1.67423083407006
1063,648,1.67423083407006
562,602,1.67423083407006
562,648,1.67423083407006
562,1428,1.67423083407006
562,1166,1.67423083407006
1349,583,1.67423083407006
72,1036,1.67423083407006
72,1399,1.67423083407006
72,22,1.67423083407006
72,6,1.67423083407006
72,1494,1.67423083407006
122,747,1.67423083407006
1337,1280,1.67423083407006
140,1166,1.67423083407006
80,648,1.67423083407006
336,1280,1.67423083407006
459,683,1.67423083407006
459,114,1.67423083407006
459,578,1.67423083407006
459,405,1.67423083407006
459,1283,1.67423083407006
459,557,1.67423083407006
459,374,1.67423083407006
459,120,1.67423083407006
459,1191,1.67423083407006
459,1089,1.67423083407006
459,182,1.67423083407006
459,91,1.67423083407006
459,1377,1.67423083407006
459,1423,1.67423083407006
459,294,1.67423083407006
459,1074,1.67423083407006
459,126,1.67423083407006
459,414,1.67423083407006
459,1254,1.67423083407006
459,1516,1.67423083407006
459,607,1.67423083407006
459,469,1.67423083407006
459,1197,1.67423083407006
1036,1166,1.67423083407006
1156,648,1.67423083407006
794,583,1.67423083407006
1280,75,1.67423083407006
1280,38,1.67423083407006
1280,1343,1.67423083407006
1280,377,1.67423083407006
1280,457,1.67423083407006
1280,54,1.67423083407006
1280,1081,1.67423083407006
1280,762,1.67423083407006
1280,835,1.67423083407006
1280,1217,1.67423083407006
1280,525,1.67423083407006
1280,710,1.67423083407006
1280,444,1.67423083407006
1280,610,1.67423083407006
1280,659,1.67423083407006
1280,1378,1.67423083407006
1280,1383,1.67423083407006
1280,724,1.67423083407006
1280,188,1.67423083407006
1280,825,1.67423083407006
114,814,1.67423083407006
114,318,1.67423083407006
114,1166,1.67423083407006
1389,1428,1.67423083407006
13,288,1.67423083407006
13,876,1.67423083407006
13,747,1.67423083407006
993,288,1.67423083407006
955,648,1.67423083407006
955,876,1.67423083407006
847,602,1.67423083407006
24,648,1.67423083407006
24,1428,1.67423083407006
1226,602,1.67423083407006
1226,648,1.67423083407006
1226,1428,1.67423083407006
1226,1166,1.67423083407006
563,747,1.67423083407006
1333,1166,1.67423083407006
715,876,1.67423083407006
1115,318,1.67423083407006
890,747,1.67423083407006
1403,583,1.67423083407006
814,1283,1.67423083407006
814,1414,1.67423083407006
814,428,1.67423083407006
814,120,1.67423083407006
814,1127,1.67423083407006
814,577,1.67423083407006
814,931,1.67423083407006
814,1089,1.67423083407006
814,770,1.67423083407006
814,307,1.67423083407006
814,1426,1.67423083407006
814,91,1.67423083407006
814,1003,1.67423083407006
814,1423,1.67423083407006
814,294,1.67423083407006
814,927,1.67423083407006
814,527,1.67423083407006
814,979,1.67423083407006
814,1287,1.67423083407006
814,339,1.67423083407006
814,1074,1.67423083407006
814,1080,1.67423083407006
814,1254,1.67423083407006
814,1516,1.67423083407006
814,614,1.67423083407006
814,681,1.67423083407006
814,284,1.67423083407006
814,607,1.67423083407006
814,530,1.67423083407006
814,469,1.67423083407006
814,60,1.67423083407006
1053,376,1.67423083407006
941,288,1.67423083407006
941,876,1.67423083407006
941,747,1.67423083407006
292,376,1.67423083407006
974,376,1.67423083407006
178,1166,1.67423083407006
1206,602,1.67423083407006
1283,318,1.67423083407006
1283,1166,1.67423083407006
587,1428,1.67423083407006
992,602,1.67423083407006
992,648,1.67423083407006
992,1428,1.67423083407006
992,1166,1.67423083407006
534,747,1.67423083407006
274,376,1.67423083407006
145,602,1.67423083407006
145,648,1.67423083407006
145,1428,1.67423083407006
145,1166,1.67423083407006
779,583,1.67423083407006
602,517,1.67423083407006
602,428,1.67423083407006
602,189,1.67423083407006
602,7,1.67423083407006
602,333,1.67423083407006
602,540,1.67423083407006
602,574,1.67423083407006
602,1268,1.67423083407006
602,1200,1.67423083407006
602,927,1.67423083407006
602,339,1.67423083407006
602,460,1.67423083407006
602,826,1.67423083407006
602,891,1.67423083407006
602,1080,1.67423083407006
602,658,1.67423083407006
602,921,1.67423083407006
602,1293,1.67423083407006
602,597,1.67423083407006
602,68,1.67423083407006
602,721,1.67423083407006
602,57,1.67423083407006
602,164,1.67423083407006
1417,1428,1.67423083407006
1113,376,1.67423083407006
1547,318,1.67423083407006
517,1428,1.67423083407006
318,120,1.67423083407006
318,687,1.67423083407006
318,128,1.67423083407006
318,1089,1.67423083407006
318,198,1.67423083407006
318,91,1.67423083407006
318,1511,1.67423083407006
318,1423,1.67423083407006
318,294,1.67423083407006
318,1305,1.67423083407006
318,1074,1.67423083407006
318,1254,1.67423083407006
318,1516,1.67423083407006
318,607,1.67423083407006
318,1539,1.67423083407006
318,469,1.67423083407006
318,646,1.67423083407006
1323,376,1.67423083407006
428,1428,1.67423083407006
428,288,1.67423083407006
810,1428,1.67423083407006
621,1166,1.67423083407006
625,288,1.67423083407006
46,747,1.67423083407006
436,342,1.67423083407006
852,583,1.67423083407006
282,288,1.67423083407006
120,1166,1.67423083407006
1276,376,1.67423083407006
1127,1166,1.67423083407006
1399,1166,1.67423083407006
1407,648,1.67423083407006
750,876,1.67423083407006
7,1428,1.67423083407006
537,747,1.67423083407006
333,1428,1.67423083407006
582,583,1.67423083407006
1140,376,1.67423083407006
777,342,1.67423083407006
1055,747,1.67423083407006
648,1069,1.67423083407006
648,1275,1.67423083407006
648,540,1.67423083407006
648,460,1.67423083407006
648,384,1.67423083407006
648,769,1.67423083407006
648,826,1.67423083407006
648,891,1.67423083407006
648,1440,1.67423083407006
648,658,1.67423083407006
648,177,1.67423083407006
648,68,1.67423083407006
648,258,1.67423083407006
1343,342,1.67423083407006
108,1166,1.67423083407006
47,747,1.67423083407006
131,342,1.67423083407006
377,342,1.67423083407006
422,288,1.67423083407006
1089,1166,1.67423083407006
966,288,1.67423083407006
966,876,1.67423083407006
966,747,1.67423083407006
182,583,1.67423083407006
1428,1275,1.67423083407006
1428,540,1.67423083407006
1428,924,1.67423083407006
1428,927,1.67423083407006
1428,406,1.67423083407006
1428,339,1.67423083407006
1428,460,1.67423083407006
1428,826,1.67423083407006
1428,891,1.67423083407006
1428,1080,1.67423083407006
1428,658,1.67423083407006
1428,186,1.67423083407006
1428,921,1.67423083407006
1428,1470,1.67423083407006
1428,597,1.67423083407006
1428,1496,1.67423083407006
1428,68,1.67423083407006
1428,755,1.67423083407006
1428,1468,1.67423083407006
1201,376,1.67423083407006
540,1166,1.67423083407006
969,376,1.67423083407006
550,288,1.67423083407006
1103,876,1.67423083407006
23,342,1.67423083407006
811,288,1.67423083407006
1347,376,1.67423083407006
605,583,1.67423083407006
342,835,1.67423083407006
342,1217,1.67423083407006
342,1456,1.67423083407006
342,525,1.67423083407006
342,710,1.67423083407006
342,444,1.67423083407006
342,1378,1.67423083407006
342,564,1.67423083407006
342,724,1.67423083407006
342,188,1.67423083407006
342,825,1.67423083407006
91,1166,1.67423083407006
942,288,1.67423083407006
701,747,1.67423083407006
445,747,1.67423083407006
1423,1166,1.67423083407006
294,1166,1.67423083407006
22,1166,1.67423083407006
441,747,1.67423083407006
100,376,1.67423083407006
262,747,1.67423083407006
1101,376,1.67423083407006
927,288,1.67423083407006
1318,376,1.67423083407006
1514,376,1.67423083407006
406,376,1.67423083407006
406,876,1.67423083407006
406,583,1.67423083407006
376,260,1.67423083407006
376,352,1.67423083407006
376,361,1.67423083407006
376,1015,1.67423083407006
376,1395,1.67423083407006
376,420,1.67423083407006
376,1047,1.67423083407006
376,986,1.67423083407006
1408,747,1.67423083407006
1458,747,1.67423083407006
1288,747,1.67423083407006
1041,1166,1.67423083407006
339,288,1.67423083407006
396,747,1.67423083407006
460,1166,1.67423083407006
1074,1166,1.67423083407006
826,1166,1.67423083407006
946,583,1.67423083407006
288,102,1.67423083407006
288,1080,1.67423083407006
288,1306,1.67423083407006
288,916,1.67423083407006
288,646,1.67423083407006
891,1166,1.67423083407006
936,747,1.67423083407006
658,1166,1.67423083407006
1254,1166,1.67423083407006
876,136,1.67423083407006
876,177,1.67423083407006
876,386,1.67423083407006
876,894,1.67423083407006
876,756,1.67423083407006
876,258,1.67423083407006
1491,1166,1.67423083407006
916,747,1.67423083407006
1516,1166,1.67423083407006
1205,747,1.67423083407006
747,922,1.67423083407006
747,1134,1.67423083407006
747,1082,1.67423083407006
747,62,1.67423083407006
68,1166,1.67423083407006
571,1166,1.67423083407006
284,1166,1.67423083407006
607,1166,1.67423083407006
1494,1166,1.67423083407006
469,1166,1.67423083407006
840,583,1.67423083407006
1166,1160,1.67423083407006
1166,398,1.67423083407006
1016,674,1.6645534307944
1107,1084,1.6645534307944
1107,168,1.6645534307944
1064,1067,1.6645534307944
1065,74,1.66295318675699
1526,463,1.65801560271822
370,1030,1.65801560271822
508,287,1.64811488206054
508,932,1.64811488206054
56,247,1.64811488206054
772,1331,1.64811488206054
772,932,1.64811488206054
1214,1331,1.64811488206054
863,94,1.64551498699183
858,1300,1.64551498699183
858,1030,1.64551498699183
1477,1009,1.64551498699183
1338,1009,1.64551498699183
1326,815,1.64551498699183
1326,1300,1.64551498699183
1326,1030,1.64551498699183
1326,612,1.64551498699183
1326,542,1.64551498699183
3,10,1.64551498699183
452,10,1.64551498699183
1252,1030,1.64551498699183
65,1008,1.64551498699183
65,1178,1.64551498699183
1260,10,1.64551498699183
1260,815,1.64551498699183
226,542,1.64551498699183
1012,463,1.64551498699183
10,1085,1.64551498699183
10,1497,1.64551498699183
10,1108,1.64551498699183
10,955,1.64551498699183
10,19,1.64551498699183
10,1115,1.64551498699183
10,324,1.64551498699183
10,682,1.64551498699183
10,4,1.64551498699183
10,267,1.64551498699183
10,1353,1.64551498699183
10,198,1.64551498699183
10,964,1.64551498699183
10,1511,1.64551498699183
10,1305,1.64551498699183
10,594,1.64551498699183
10,753,1.64551498699183
10,1132,1.64551498699183
10,509,1.64551498699183
10,177,1.64551498699183
10,657,1.64551498699183
10,1539,1.64551498699183
10,1147,1.64551498699183
10,258,1.64551498699183
572,1178,1.64551498699183
572,94,1.64551498699183
572,1300,1.64551498699183
572,612,1.64551498699183
277,463,1.64551498699183
392,815,1.64551498699183
1342,463,1.64551498699183
642,1178,1.64551498699183
1363,815,1.64551498699183
1363,1300,1.64551498699183
1363,1030,1.64551498699183
1363,612,1.64551498699183
1363,542,1.64551498699183
1063,94,1.64551498699183
1063,1030,1.64551498699183
562,94,1.64551498699183
562,1300,1.64551498699183
562,1030,1.64551498699183
562,612,1.64551498699183
122,612,1.64551498699183
140,1008,1.64551498699183
140,1300,1.64551498699183
80,1008,1.64551498699183
391,94,1.64551498699183
1088,542,1.64551498699183
874,1178,1.64551498699183
874,94,1.64551498699183
874,1300,1.64551498699183
874,612,1.64551498699183
1036,815,1.64551498699183
1156,612,1.64551498699183
1008,1389,1.64551498699183
1008,1441,1.64551498699183
1008,732,1.64551498699183
1008,587,1.64551498699183
1008,484,1.64551498699183
1008,199,1.64551498699183
1008,1184,1.64551498699183
1008,1448,1.64551498699183
1008,108,1.64551498699183
1008,816,1.64551498699183
1008,741,1.64551498699183
1008,1501,1.64551498699183
1008,1041,1.64551498699183
1008,1234,1.64551498699183
1008,384,1.64551498699183
1008,1440,1.64551498699183
1008,571,1.64551498699183
1008,1199,1.64551498699183
114,815,1.64551498699183
114,1300,1.64551498699183
114,1030,1.64551498699183
114,612,1.64551498699183
114,542,1.64551498699183
962,815,1.64551498699183
1229,1300,1.64551498699183
1229,1030,1.64551498699183
1389,1178,1.64551498699183
13,463,1.64551498699183
955,815,1.64551498699183
847,1030,1.64551498699183
1226,94,1.64551498699183
1226,1300,1.64551498699183
1226,1030,1.64551498699183
1226,612,1.64551498699183
563,1009,1.64551498699183
563,542,1.64551498699183
222,1009,1.64551498699183
764,1009,1.64551498699183
1333,1300,1.64551498699183
1178,1053,1.64551498699183
1178,587,1.64551498699183
1178,851,1.64551498699183
1178,1184,1.64551498699183
1178,1201,1.64551498699183
1178,1235,1.64551498699183
1178,1101,1.64551498699183
1178,406,1.64551498699183
1178,1015,1.64551498699183
1178,486,1.64551498699183
1178,1368,1.64551498699183
1178,986,1.64551498699183
1498,94,1.64551498699183
1403,94,1.64551498699183
1161,542,1.64551498699183
941,463,1.64551498699183
292,94,1.64551498699183
178,1300,1.64551498699183
651,463,1.64551498699183
1206,1030,1.64551498699183
1283,815,1.64551498699183
1283,1300,1.64551498699183
1283,1030,1.64551498699183
1283,612,1.64551498699183
1283,542,1.64551498699183
992,94,1.64551498699183
992,1300,1.64551498699183
992,1030,1.64551498699183
992,612,1.64551498699183
815,1414,1.64551498699183
815,120,1.64551498699183
815,1399,1.64551498699183
815,931,1.64551498699183
815,1089,1.64551498699183
815,1536,1.64551498699183
815,702,1.64551498699183
815,91,1.64551498699183
815,1423,1.64551498699183
815,294,1.64551498699183
815,22,1.64551498699183
815,1187,1.64551498699183
815,109,1.64551498699183
815,1074,1.64551498699183
815,1254,1.64551498699183
815,326,1.64551498699183
815,177,1.64551498699183
815,1516,1.64551498699183
815,373,1.64551498699183
815,204,1.64551498699183
815,607,1.64551498699183
815,1494,1.64551498699183
815,469,1.64551498699183
815,1304,1.64551498699183
815,690,1.64551498699183
815,258,1.64551498699183
145,94,1.64551498699183
145,1300,1.64551498699183
145,1030,1.64551498699183
145,612,1.64551498699183
1113,1300,1.64551498699183
1541,1030,1.64551498699183
517,1030,1.64551498699183
96,542,1.64551498699183
428,94,1.64551498699183
523,94,1.64551498699183
557,542,1.64551498699183
810,463,1.64551498699183
94,1407,1.64551498699183
94,1308,1.64551498699183
94,1026,1.64551498699183
94,540,1.64551498699183
94,816,1.64551498699183
94,605,1.64551498699183
94,1235,1.64551498699183
94,927,1.64551498699183
94,260,1.64551498699183
94,339,1.64551498699183
94,460,1.64551498699183
94,769,1.64551498699183
94,826,1.64551498699183
94,891,1.64551498699183
94,1080,1.64551498699183
94,658,1.64551498699183
94,1259,1.64551498699183
94,68,1.64551498699183
94,123,1.64551498699183
621,1300,1.64551498699183
374,542,1.64551498699183
625,1009,1.64551498699183
881,542,1.64551498699183
46,1009,1.64551498699183
46,542,1.64551498699183
600,542,1.64551498699183
576,463,1.64551498699183
120,1300,1.64551498699183
120,1030,1.64551498699183
120,612,1.64551498699183
120,542,1.64551498699183
189,1030,1.64551498699183
1412,542,1.64551498699183
1127,1300,1.64551498699183
1407,1030,1.64551498699183
1300,108,1.64551498699183
1300,1089,1.64551498699183
1300,540,1.64551498699183
1300,969,1.64551498699183
1300,91,1.64551498699183
1300,1235,1.64551498699183
1300,1423,1.64551498699183
1300,294,1.64551498699183
1300,100,1.64551498699183
1300,1318,1.64551498699183
1300,406,1.64551498699183
1300,1041,1.64551498699183
1300,460,1.64551498699183
1300,1074,1.64551498699183
1300,826,1.64551498699183
1300,891,1.64551498699183
1300,658,1.64551498699183
1300,1254,1.64551498699183
1300,361,1.64551498699183
1300,1516,1.64551498699183
1300,68,1.64551498699183
1300,571,1.64551498699183
1300,284,1.64551498699183
1300,607,1.64551498699183
1300,469,1.64551498699183
1300,1160,1.64551498699183
1300,398,1.64551498699183
1009,47,1.64551498699183
1009,1253,1.64551498699183
1009,183,1.64551498699183
1009,1533,1.64551498699183
1009,942,1.64551498699183
1009,701,1.64551498699183
1009,1446,1.64551498699183
1009,1306,1.64551498699183
1009,1205,1.64551498699183
1009,1134,1.64551498699183
1009,1272,1.64551498699183
1009,609,1.64551498699183
7,1030,1.64551498699183
333,1030,1.64551498699183
1030,1089,1.64551498699183
1030,540,1.64551498699183
1030,1426,1.64551498699183
1030,91,1.64551498699183
1030,1003,1.64551498699183
1030,1423,1.64551498699183
1030,294,1.64551498699183
1030,1268,1.64551498699183
1030,1200,1.64551498699183
1030,460,1.64551498699183
1030,769,1.64551498699183
1030,1074,1.64551498699183
1030,826,1.64551498699183
1030,891,1.64551498699183
1030,658,1.64551498699183
1030,921,1.64551498699183
1030,1254,1.64551498699183
1030,1293,1.64551498699183
1030,136,1.64551498699183
1030,1516,1.64551498699183
1030,597,1.64551498699183
1030,68,1.64551498699183
1030,607,1.64551498699183
1030,469,1.64551498699183
1030,721,1.64551498699183
1030,57,1.64551498699183
1030,164,1.64551498699183
582,463,1.64551498699183
47,542,1.64551498699183
1089,612,1.64551498699183
1089,542,1.64551498699183
966,463,1.64551498699183
1069,612,1.64551498699183
612,540,1.64551498699183
612,702,1.64551498699183
612,91,1.64551498699183
612,1235,1.64551498699183
612,1423,1.64551498699183
612,294,1.64551498699183
612,1187,1.64551498699183
612,406,1.64551498699183
612,1408,1.64551498699183
612,396,1.64551498699183
612,460,1.64551498699183
612,1132,1.64551498699183
612,1074,1.64551498699183
612,826,1.64551498699183
612,891,1.64551498699183
612,658,1.64551498699183
612,1254,1.64551498699183
612,326,1.64551498699183
612,1491,1.64551498699183
612,1516,1.64551498699183
612,68,1.64551498699183
612,1125,1.64551498699183
612,607,1.64551498699183
612,469,1.64551498699183
612,398,1.64551498699183
612,1304,1.64551498699183
959,542,1.64551498699183
702,463,1.64551498699183
742,542,1.64551498699183
91,542,1.64551498699183
725,542,1.64551498699183
701,542,1.64551498699183
184,542,1.64551498699183
1081,463,1.64551498699183
1423,542,1.64551498699183
294,542,1.64551498699183
924,463,1.64551498699183
1104,463,1.64551498699183
130,542,1.64551498699183
1187,463,1.64551498699183
499,463,1.64551498699183
1074,542,1.64551498699183
807,542,1.64551498699183
126,542,1.64551498699183
1157,542,1.64551498699183
186,463,1.64551498699183
463,326,1.64551498699183
463,650,1.64551498699183
463,1470,1.64551498699183
463,1496,1.64551498699183
463,486,1.64551498699183
463,1047,1.64551498699183
463,1368,1.64551498699183
463,1304,1.64551498699183
463,1468,1.64551498699183
1254,542,1.64551498699183
1516,542,1.64551498699183
1205,542,1.64551498699183
1210,542,1.64551498699183
607,542,1.64551498699183
542,335,1.64551498699183
542,469,1.64551498699183
542,1197,1.64551498699183
542,609,1.64551498699183
1027,896,1.64486236760871
408,896,1.64486236760871
1280,378,1.63673110810562
774,1428,1.63673110810562
774,1166,1.63673110810562
670,876,1.63673110810562
354,376,1.63673110810562
1224,1231,1.63336446886485
1016,1231,1.63336446886485
1084,1231,1.63336446886485
29,1527,1.6287424469887
930,1542,1.62008637599897
930,501,1.62008637599897
1232,1480,1.62008637599897
802,714,1.62008637599897
802,575,1.62008637599897
802,1203,1.62008637599897
802,230,1.62008637599897
412,591,1.62008637599897
568,897,1.62008637599897
568,97,1.62008637599897
568,1238,1.62008637599897
568,67,1.62008637599897
897,1542,1.62008637599897
897,1021,1.62008637599897
808,714,1.62008637599897
808,501,1.62008637599897
1298,323,1.62008637599897
1298,1508,1.62008637599897
237,1508,1.62008637599897
237,1310,1.62008637599897
237,591,1.62008637599897
1091,1310,1.62008637599897
1365,1203,1.62008637599897
1145,1508,1.62008637599897
829,1480,1.62008637599897
829,147,1.62008637599897
1479,677,1.62008637599897
1479,1203,1.62008637599897
471,81,1.62008637599897
1361,632,1.62008637599897
1361,1244,1.62008637599897
1361,1249,1.62008637599897
1361,1267,1.62008637599897
714,446,1.62008637599897
714,176,1.62008637599897
714,1111,1.62008637599897
714,1410,1.62008637599897
714,1487,1.62008637599897
714,1265,1.62008637599897
714,869,1.62008637599897
714,704,1.62008637599897
1411,790,1.62008637599897
1411,147,1.62008637599897
81,1241,1.62008637599897
323,711,1.62008637599897
323,493,1.62008637599897
323,1517,1.62008637599897
323,285,1.62008637599897
323,551,1.62008637599897
323,1249,1.62008637599897
323,803,1.62008637599897
323,360,1.62008637599897
323,217,1.62008637599897
323,1267,1.62008637599897
323,1424,1.62008637599897
884,1508,1.62008637599897
1312,230,1.62008637599897
1312,1310,1.62008637599897
567,575,1.62008637599897
567,403,1.62008637599897
567,87,1.62008637599897
97,1021,1.62008637599897
575,748,1.62008637599897
575,302,1.62008637599897
575,901,1.62008637599897
575,553,1.62008637599897
575,239,1.62008637599897
575,1360,1.62008637599897
575,176,1.62008637599897
575,1111,1.62008637599897
575,121,1.62008637599897
575,1476,1.62008637599897
575,492,1.62008637599897
575,1265,1.62008637599897
575,869,1.62008637599897
915,1292,1.62008637599897
915,1192,1.62008637599897
446,403,1.62008637599897
446,677,1.62008637599897
845,1292,1.62008637599897
748,1310,1.62008637599897
748,241,1.62008637599897
1292,382,1.62008637599897
1292,631,1.62008637599897
1292,1143,1.62008637599897
1292,1039,1.62008637599897
1292,453,1.62008637599897
1292,240,1.62008637599897
1292,413,1.62008637599897
1292,1122,1.62008637599897
1292,155,1.62008637599897
493,230,1.62008637599897
775,501,1.62008637599897
796,1192,1.62008637599897
768,1542,1.62008637599897
768,1310,1.62008637599897
403,1006,1.62008637599897
403,310,1.62008637599897
403,1273,1.62008637599897
403,635,1.62008637599897
403,367,1.62008637599897
403,704,1.62008637599897
684,677,1.62008637599897
187,591,1.62008637599897
1045,501,1.62008637599897
726,1542,1.62008637599897
203,1542,1.62008637599897
1542,161,1.62008637599897
1542,901,1.62008637599897
1542,1499,1.62008637599897
1542,1238,1.62008637599897
1542,20,1.62008637599897
1542,643,1.62008637599897
1542,25,1.62008637599897
1542,709,1.62008637599897
1542,1274,1.62008637599897
1542,70,1.62008637599897
259,230,1.62008637599897
259,87,1.62008637599897
259,1192,1.62008637599897
501,901,1.62008637599897
501,89,1.62008637599897
501,1420,1.62008637599897
501,239,1.62008637599897
501,1109,1.62008637599897
501,205,1.62008637599897
501,1111,1.62008637599897
501,25,1.62008637599897
501,343,1.62008637599897
501,39,1.62008637599897
1230,677,1.62008637599897
1230,1203,1.62008637599897
944,488,1.62008637599897
944,1192,1.62008637599897
1216,1310,1.62008637599897
322,1310,1.62008637599897
1155,790,1.62008637599897
1138,66,1.62008637599897
477,790,1.62008637599897
477,147,1.62008637599897
31,1192,1.62008637599897
904,1508,1.62008637599897
1021,1238,1.62008637599897
1021,67,1.62008637599897
382,66,1.62008637599897
327,591,1.62008637599897
1221,241,1.62008637599897
1221,591,1.62008637599897
631,488,1.62008637599897
790,1503,1.62008637599897
790,489,1.62008637599897
790,632,1.62008637599897
790,492,1.62008637599897
790,696,1.62008637599897
790,1512,1.62008637599897
1480,411,1.62008637599897
1480,225,1.62008637599897
1480,172,1.62008637599897
1480,347,1.62008637599897
1480,903,1.62008637599897
1480,782,1.62008637599897
1499,1310,1.62008637599897
1483,87,1.62008637599897
676,281,1.62008637599897
553,1203,1.62008637599897
580,134,1.62008637599897
1006,677,1.62008637599897
1503,147,1.62008637599897
736,1508,1.62008637599897
736,1310,1.62008637599897
736,591,1.62008637599897
519,230,1.62008637599897
239,1203,1.62008637599897
310,87,1.62008637599897
632,66,1.62008637599897
677,635,1.62008637599897
677,215,1.62008637599897
677,1244,1.62008637599897
677,704,1.62008637599897
677,1158,1.62008637599897
677,1515,1.62008637599897
20,1310,1.62008637599897
20,66,1.62008637599897
1203,1360,1.62008637599897
1203,643,1.62008637599897
1203,176,1.62008637599897
1203,1111,1.62008637599897
1203,1410,1.62008637599897
1203,1265,1.62008637599897
1203,869,1.62008637599897
1508,217,1.62008637599897
1508,1424,1.62008637599897
1508,289,1.62008637599897
1508,627,1.62008637599897
230,176,1.62008637599897
230,1111,1.62008637599897
230,347,1.62008637599897
230,1410,1.62008637599897
230,1265,1.62008637599897
230,869,1.62008637599897
230,243,1.62008637599897
176,281,1.62008637599897
67,1220,1.62008637599897
281,172,1.62008637599897
281,1111,1.62008637599897
281,680,1.62008637599897
281,1410,1.62008637599897
281,1265,1.62008637599897
281,869,1.62008637599897
281,1500,1.62008637599897
1039,1192,1.62008637599897
349,1310,1.62008637599897
147,347,1.62008637599897
147,696,1.62008637599897
147,1512,1.62008637599897
147,903,1.62008637599897
11,241,1.62008637599897
11,488,1.62008637599897
1249,1192,1.62008637599897
803,591,1.62008637599897
217,591,1.62008637599897
134,667,1.62008637599897
240,488,1.62008637599897
240,1192,1.62008637599897
240,66,1.62008637599897
1246,66,1.62008637599897
87,367,1.62008637599897
87,243,1.62008637599897
1274,1310,1.62008637599897
413,1192,1.62008637599897
413,66,1.62008637599897
1044,923,1.62008637599897
1484,1310,1.62008637599897
1310,70,1.62008637599897
1310,622,1.62008637599897
1310,627,1.62008637599897
241,18,1.62008637599897
1122,66,1.62008637599897
704,1192,1.62008637599897
877,591,1.62008637599897
591,70,1.62008637599897
591,627,1.62008637599897
1220,1196,1.62008637599897
1321,488,1.62008637599897
1321,1192,1.62008637599897
155,1192,1.62008637599897
488,546,1.62008637599897
1192,546,1.62008637599897
522,1331,1.61942151869128
1477,247,1.61942151869128
1477,932,1.61942151869128
1326,932,1.61942151869128
1252,1025,1.61942151869128
1012,247,1.61942151869128
572,1331,1.61942151869128
572,287,1.61942151869128
1523,932,1.61942151869128
1342,1331,1.61942151869128
1342,287,1.61942151869128
642,1331,1.61942151869128
1189,932,1.61942151869128
191,287,1.61942151869128
1363,932,1.61942151869128
562,932,1.61942151869128
122,247,1.61942151869128
1337,287,1.61942151869128
1497,287,1.61942151869128
336,287,1.61942151869128
874,1331,1.61942151869128
874,287,1.61942151869128
1108,287,1.61942151869128
491,932,1.61942151869128
114,932,1.61942151869128
1389,287,1.61942151869128
13,247,1.61942151869128
545,1331,1.61942151869128
1226,932,1.61942151869128
764,247,1.61942151869128
764,932,1.61942151869128
324,287,1.61942151869128
1403,932,1.61942151869128
1161,247,1.61942151869128
941,247,1.61942151869128
974,1025,1.61942151869128
1283,932,1.61942151869128
587,287,1.61942151869128
992,932,1.61942151869128
145,932,1.61942151869128
1126,1331,1.61942151869128
1331,810,1.61942151869128
1331,1524,1.61942151869128
1331,1201,1.61942151869128
1331,1235,1.61942151869128
1331,924,1.61942151869128
1331,393,1.61942151869128
1331,186,1.61942151869128
1331,1015,1.61942151869128
1331,1470,1.61942151869128
1331,6,1.61942151869128
1331,1496,1.61942151869128
1331,986,1.61942151869128
1331,1468,1.61942151869128
1314,247,1.61942151869128
1113,287,1.61942151869128
517,1025,1.61942151869128
579,932,1.61942151869128
428,932,1.61942151869128
810,287,1.61942151869128
287,1353,1.61942151869128
287,75,1.61942151869128
287,969,1.61942151869128
287,964,1.61942151869128
287,1018,1.61942151869128
287,1235,1.61942151869128
287,924,1.61942151869128
287,762,1.61942151869128
287,100,1.61942151869128
287,252,1.61942151869128
287,1318,1.61942151869128
287,753,1.61942151869128
287,186,1.61942151869128
287,361,1.61942151869128
287,1470,1.61942151869128
287,1496,1.61942151869128
287,1383,1.61942151869128
287,1468,1.61942151869128
120,932,1.61942151869128
7,1025,1.61942151869128
333,1025,1.61942151869128
1140,1025,1.61942151869128
1089,932,1.61942151869128
966,247,1.61942151869128
902,932,1.61942151869128
1025,1347,1.61942151869128
1025,352,1.61942151869128
1025,921,1.61942151869128
1025,597,1.61942151869128
540,932,1.61942151869128
605,932,1.61942151869128
91,932,1.61942151869128
1423,932,1.61942151869128
294,932,1.61942151869128
247,1446,1.61942151869128
247,1408,1.61942151869128
247,396,1.61942151869128
247,1210,1.61942151869128
247,232,1.61942151869128
247,106,1.61942151869128
247,609,1.61942151869128
927,932,1.61942151869128
932,339,1.61942151869128
932,460,1.61942151869128
932,1074,1.61942151869128
932,826,1.61942151869128
932,891,1.61942151869128
932,1080,1.61942151869128
932,658,1.61942151869128
932,1254,1.61942151869128
932,1516,1.61942151869128
932,68,1.61942151869128
932,1193,1.61942151869128
932,607,1.61942151869128
932,486,1.61942151869128
932,469,1.61942151869128
932,1368,1.61942151869128
932,516,1.61942151869128
10,1129,1.61803218133955
10,801,1.61803218133955
1008,133,1.61803218133955
801,463,1.61803218133955
370,932,1.6059991255403
1072,247,1.6059991255403
932,910,1.6059991255403
1065,602,1.60146569540258
1065,648,1.60146569540258
508,435,1.60010727264713
920,772,1.60010727264713
920,1214,1.60010727264713
56,1302,1.60010727264713
772,1096,1.60010727264713
772,435,1.60010727264713
896,317,1.60010727264713
234,1107,1.59697940729247
234,1064,1.59697940729247
1543,1107,1.59697940729247
1330,1064,1.59697940729247
1064,74,1.59697940729247
513,1315,1.59643462772175
513,170,1.59643462772175
513,898,1.59643462772175
221,514,1.59643462772175
221,541,1.59643462772175
221,703,1.59643462772175
221,599,1.59643462772175
221,883,1.59643462772175
675,455,1.59643462772175
675,185,1.59643462772175
675,1222,1.59643462772175
675,611,1.59643462772175
675,1035,1.59643462772175
675,662,1.59643462772175
675,967,1.59643462772175
485,381,1.59643462772175
485,1382,1.59643462772175
926,129,1.59643462772175
926,35,1.59643462772175
926,556,1.59643462772175
926,1133,1.59643462772175
116,771,1.59643462772175
174,514,1.59643462772175
174,206,1.59643462772175
174,1390,1.59643462772175
174,1522,1.59643462772175
174,541,1.59643462772175
174,1475,1.59643462772175
174,599,1.59643462772175
103,972,1.59643462772175
148,85,1.59643462772175
1502,855,1.59643462772175
1502,1162,1.59643462772175
1502,332,1.59643462772175
1502,462,1.59643462772175
395,731,1.59643462772175
395,1522,1.59643462772175
185,771,1.59643462772175
185,143,1.59643462772175
185,404,1.59643462772175
69,85,1.59643462772175
69,972,1.59643462772175
1427,817,1.59643462772175
1427,515,1.59643462772175
1427,404,1.59643462772175
1427,135,1.59643462772175
817,789,1.59643462772175
817,611,1.59643462772175
301,717,1.59643462772175
301,129,1.59643462772175
301,143,1.59643462772175
301,35,1.59643462772175
301,556,1.59643462772175
301,1170,1.59643462772175
655,706,1.59643462772175
655,1258,1.59643462772175
655,1518,1.59643462772175
1176,886,1.59643462772175
771,611,1.59643462772175
771,662,1.59643462772175
771,967,1.59643462772175
26,515,1.59643462772175
26,135,1.59643462772175
839,32,1.59643462772175
839,365,1.59643462772175
949,129,1.59643462772175
949,706,1.59643462772175
949,35,1.59643462772175
949,556,1.59643462772175
949,1278,1.59643462772175
949,1094,1.59643462772175
1068,883,1.59643462772175
855,623,1.59643462772175
855,1215,1.59643462772175
855,512,1.59643462772175
855,1001,1.59643462772175
855,859,1.59643462772175
855,940,1.59643462772175
855,1046,1.59643462772175
1379,703,1.59643462772175
717,1478,1.59643462772175
717,1215,1.59643462772175
717,125,1.59643462772175
717,859,1.59643462772175
717,1046,1.59643462772175
717,430,1.59643462772175
862,35,1.59643462772175
862,1393,1.59643462772175
862,1150,1.59643462772175
862,1485,1.59643462772175
1162,1001,1.59643462772175
1162,280,1.59643462772175
1102,1390,1.59643462772175
1102,1092,1.59643462772175
1102,606,1.59643462772175
286,35,1.59643462772175
286,1393,1.59643462772175
286,1150,1.59643462772175
623,706,1.59643462772175
623,332,1.59643462772175
623,1258,1.59643462772175
623,1518,1.59643462772175
514,1222,1.59643462772175
514,141,1.59643462772175
514,390,1.59643462772175
514,547,1.59643462772175
514,314,1.59643462772175
1135,1236,1.59643462772175
48,1393,1.59643462772175
48,1475,1.59643462772175
1222,541,1.59643462772175
124,1431,1.59643462772175
601,85,1.59643462772175
1339,1382,1.59643462772175
141,1133,1.59643462772175
1311,822,1.59643462772175
1311,1258,1.59643462772175
1311,1518,1.59643462772175
1311,554,1.59643462772175
618,85,1.59643462772175
618,206,1.59643462772175
618,143,1.59643462772175
618,703,1.59643462772175
1449,143,1.59643462772175
1449,822,1.59643462772175
1449,1236,1.59643462772175
1449,957,1.59643462772175
588,143,1.59643462772175
588,1382,1.59643462772175
588,1073,1.59643462772175
1171,1522,1.59643462772175
1261,1522,1.59643462772175
1261,864,1.59643462772175
17,36,1.59643462772175
995,206,1.59643462772175
995,1485,1.59643462772175
207,206,1.59643462772175
603,296,1.59643462772175
603,957,1.59643462772175
789,972,1.59643462772175
85,125,1.59643462772175
85,1373,1.59643462772175
85,1429,1.59643462772175
129,512,1.59643462772175
129,616,1.59643462772175
206,273,1.59643462772175
206,14,1.59643462772175
206,865,1.59643462772175
206,978,1.59643462772175
206,559,1.59643462772175
206,900,1.59643462772175
206,359,1.59643462772175
143,1478,1.59643462772175
143,1219,1.59643462772175
143,611,1.59643462772175
143,761,1.59643462772175
143,125,1.59643462772175
143,662,1.59643462772175
143,967,1.59643462772175
143,616,1.59643462772175
515,416,1.59643462772175
515,1046,1.59643462772175
515,662,1.59643462772175
1390,978,1.59643462772175
1390,759,1.59643462772175
706,512,1.59643462772175
706,1269,1.59643462772175
706,761,1.59643462772175
706,1035,1.59643462772175
706,940,1.59643462772175
706,900,1.59643462772175
1005,12,1.59643462772175
32,35,1.59643462772175
32,1393,1.59643462772175
32,864,1.59643462772175
32,1150,1.59643462772175
32,1485,1.59643462772175
1022,604,1.59643462772175
615,1475,1.59643462772175
615,1236,1.59643462772175
615,1133,1.59643462772175
1419,1537,1.59643462772175
1419,1522,1.59643462772175
1419,864,1.59643462772175
35,14,1.59643462772175
35,604,1.59643462772175
35,512,1.59643462772175
35,948,1.59643462772175
35,865,1.59643462772175
35,1429,1.59643462772175
35,616,1.59643462772175
273,1092,1.59643462772175
273,864,1.59643462772175
273,1475,1.59643462772175
273,606,1.59643462772175
556,596,1.59643462772175
556,173,1.59643462772175
556,512,1.59643462772175
556,547,1.59643462772175
556,162,1.59643462772175
556,616,1.59643462772175
1537,125,1.59643462772175
332,512,1.59643462772175
332,1001,1.59643462772175
332,967,1.59643462772175
332,233,1.59643462772175
596,554,1.59643462772175
1478,1170,1.59643462772175
1215,1258,1.59643462772175
1522,1269,1.59643462772175
1382,754,1.59643462772175
1382,978,1.59643462772175
1382,560,1.59643462772175
541,390,1.59643462772175
541,547,1.59643462772175
541,1315,1.59643462772175
541,849,1.59643462772175
541,314,1.59643462772175
479,883,1.59643462772175
1219,1170,1.59643462772175
250,1236,1.59643462772175
14,1393,1.59643462772175
14,1150,1.59643462772175
754,404,1.59643462772175
754,1073,1.59643462772175
754,972,1.59643462772175
173,1258,1.59643462772175
404,547,1.59643462772175
404,611,1.59643462772175
404,340,1.59643462772175
404,662,1.59643462772175
390,554,1.59643462772175
1393,604,1.59643462772175
1393,865,1.59643462772175
1393,1429,1.59643462772175
1170,125,1.59643462772175
604,34,1.59643462772175
604,1150,1.59643462772175
1073,978,1.59643462772175
703,898,1.59643462772175
547,34,1.59643462772175
547,599,1.59643462772175
547,883,1.59643462772175
864,978,1.59643462772175
822,1269,1.59643462772175
822,761,1.59643462772175
822,940,1.59643462772175
1258,940,1.59643462772175
1269,1518,1.59643462772175
611,554,1.59643462772175
761,1278,1.59643462772175
761,1094,1.59643462772175
761,957,1.59643462772175
865,1150,1.59643462772175
1475,978,1.59643462772175
358,1236,1.59643462772175
1518,940,1.59643462772175
1059,430,1.59643462772175
889,606,1.59643462772175
1001,462,1.59643462772175
1278,280,1.59643462772175
426,1236,1.59643462772175
125,1011,1.59643462772175
1315,1133,1.59643462772175
340,34,1.59643462772175
340,883,1.59643462772175
170,135,1.59643462772175
1348,554,1.59643462772175
560,554,1.59643462772175
599,314,1.59643462772175
416,135,1.59643462772175
886,1236,1.59643462772175
1031,883,1.59643462772175
162,554,1.59643462772175
883,1429,1.59643462772175
135,1046,1.59643462772175
1150,1429,1.59643462772175
1150,359,1.59643462772175
554,1139,1.59643462772175
858,920,1.59556393255959
858,1096,1.59556393255959
78,408,1.59556393255959
59,1302,1.59556393255959
474,806,1.59556393255959
1338,806,1.59556393255959
1027,1326,1.59556393255959
1027,1363,1.59556393255959
1027,1063,1.59556393255959
1027,562,1.59556393255959
1027,114,1.59556393255959
1027,713,1.59556393255959
1027,1226,1.59556393255959
1027,95,1.59556393255959
1027,1283,1.59556393255959
1027,992,1.59556393255959
1027,145,1.59556393255959
1027,1113,1.59556393255959
1027,216,1.59556393255959
1027,120,1.59556393255959
1027,1407,1.59556393255959
1027,1089,1.59556393255959
1027,182,1.59556393255959
1027,540,1.59556393255959
1027,969,1.59556393255959
1027,91,1.59556393255959
1027,1423,1.59556393255959
1027,294,1.59556393255959
1027,100,1.59556393255959
1027,1200,1.59556393255959
1027,1318,1.59556393255959
1027,460,1.59556393255959
1027,769,1.59556393255959
1027,1074,1.59556393255959
1027,826,1.59556393255959
1027,946,1.59556393255959
1027,891,1.59556393255959
1027,658,1.59556393255959
1027,1254,1.59556393255959
1027,361,1.59556393255959
1027,1516,1.59556393255959
1027,68,1.59556393255959
1027,821,1.59556393255959
1027,607,1.59556393255959
1027,469,1.59556393255959
1027,840,1.59556393255959
1326,896,1.59556393255959
1326,435,1.59556393255959
500,920,1.59556393255959
1252,896,1.59556393255959
1012,806,1.59556393255959
572,449,1.59556393255959
1523,1096,1.59556393255959
277,920,1.59556393255959
392,435,1.59556393255959
9,449,1.59556393255959
642,896,1.59556393255959
191,1096,1.59556393255959
947,920,1.59556393255959
1363,896,1.59556393255959
1363,435,1.59556393255959
319,1096,1.59556393255959
319,435,1.59556393255959
920,914,1.59556393255959
920,80,1.59556393255959
920,1229,1.59556393255959
920,651,1.59556393255959
920,590,1.59556393255959
920,274,1.59556393255959
920,1323,1.59556393255959
920,1276,1.59556393255959
920,1448,1.59556393255959
920,1501,1.59556393255959
920,1234,1.59556393255959
920,384,1.59556393255959
920,166,1.59556393255959
920,1440,1.59556393255959
920,136,1.59556393255959
920,486,1.59556393255959
920,1368,1.59556393255959
920,315,1.59556393255959
562,408,1.59556393255959
562,896,1.59556393255959
122,1302,1.59556393255959
122,806,1.59556393255959
1337,1096,1.59556393255959
1497,449,1.59556393255959
1497,1096,1.59556393255959
140,896,1.59556393255959
80,449,1.59556393255959
80,435,1.59556393255959
336,1302,1.59556393255959
336,435,1.59556393255959
874,449,1.59556393255959
1036,435,1.59556393255959
1108,449,1.59556393255959
1108,1096,1.59556393255959
1156,408,1.59556393255959
1156,896,1.59556393255959
114,896,1.59556393255959
114,435,1.59556393255959
1421,449,1.59556393255959
1229,1096,1.59556393255959
13,806,1.59556393255959
545,1302,1.59556393255959
24,435,1.59556393255959
1226,408,1.59556393255959
1226,896,1.59556393255959
563,1302,1.59556393255959
563,806,1.59556393255959
1328,981,1.59556393255959
222,806,1.59556393255959
324,449,1.59556393255959
324,1096,1.59556393255959
890,806,1.59556393255959
1403,449,1.59556393255959
1403,981,1.59556393255959
1161,806,1.59556393255959
941,806,1.59556393255959
292,408,1.59556393255959
1334,435,1.59556393255959
974,896,1.59556393255959
405,408,1.59556393255959
1283,896,1.59556393255959
1283,435,1.59556393255959
992,408,1.59556393255959
992,896,1.59556393255959
449,1353,1.59556393255959
449,1336,1.59556393255959
449,1457,1.59556393255959
449,605,1.59556393255959
449,153,1.59556393255959
449,964,1.59556393255959
449,1235,1.59556393255959
449,753,1.59556393255959
449,443,1.59556393255959
449,586,1.59556393255959
449,1132,1.59556393255959
449,384,1.59556393255959
449,1440,1.59556393255959
449,697,1.59556393255959
449,1364,1.59556393255959
449,1350,1.59556393255959
534,806,1.59556393255959
871,1302,1.59556393255959
145,408,1.59556393255959
145,896,1.59556393255959
1113,408,1.59556393255959
1547,435,1.59556393255959
517,896,1.59556393255959
981,605,1.59556393255959
1124,1302,1.59556393255959
1124,806,1.59556393255959
1359,896,1.59556393255959
929,806,1.59556393255959
46,1302,1.59556393255959
46,806,1.59556393255959
1353,1096,1.59556393255959
120,896,1.59556393255959
120,435,1.59556393255959
1399,435,1.59556393255959
7,896,1.59556393255959
75,1096,1.59556393255959
537,1302,1.59556393255959
537,806,1.59556393255959
333,896,1.59556393255959
1302,1055,1.59556393255959
1302,47,1.59556393255959
1302,652,1.59556393255959
1302,701,1.59556393255959
1302,262,1.59556393255959
1302,1408,1.59556393255959
1302,396,1.59556393255959
1302,1034,1.59556393255959
1302,1205,1.59556393255959
716,1096,1.59556393255959
1140,896,1.59556393255959
1055,806,1.59556393255959
1343,1096,1.59556393255959
1343,435,1.59556393255959
108,896,1.59556393255959
47,806,1.59556393255959
183,806,1.59556393255959
377,1096,1.59556393255959
377,435,1.59556393255959
1089,896,1.59556393255959
1089,435,1.59556393255959
966,806,1.59556393255959
1069,408,1.59556393255959
1069,896,1.59556393255959
1275,435,1.59556393255959
1201,896,1.59556393255959
540,408,1.59556393255959
540,896,1.59556393255959
1533,806,1.59556393255959
969,408,1.59556393255959
1103,1096,1.59556393255959
408,100,1.59556393255959
408,1200,1.59556393255959
408,1318,1.59556393255959
408,260,1.59556393255959
408,460,1.59556393255959
408,826,1.59556393255959
408,891,1.59556393255959
408,117,1.59556393255959
408,414,1.59556393255959
408,658,1.59556393255959
408,361,1.59556393255959
408,68,1.59556393255959
408,1121,1.59556393255959
408,840,1.59556393255959
1251,896,1.59556393255959
1347,896,1.59556393255959
964,1096,1.59556393255959
91,896,1.59556393255959
91,435,1.59556393255959
701,806,1.59556393255959
1423,896,1.59556393255959
1423,435,1.59556393255959
294,896,1.59556393255959
294,435,1.59556393255959
22,435,1.59556393255959
441,806,1.59556393255959
762,1096,1.59556393255959
835,1096,1.59556393255959
835,435,1.59556393255959
262,806,1.59556393255959
1217,1096,1.59556393255959
1217,435,1.59556393255959
1446,806,1.59556393255959
1514,896,1.59556393255959
1408,806,1.59556393255959
753,1096,1.59556393255959
525,1096,1.59556393255959
525,435,1.59556393255959
1458,806,1.59556393255959
1041,896,1.59556393255959
396,806,1.59556393255959
896,460,1.59556393255959
896,352,1.59556393255959
896,1074,1.59556393255959
896,826,1.59556393255959
896,891,1.59556393255959
896,658,1.59556393255959
896,921,1.59556393255959
896,1254,1.59556393255959
896,1516,1.59556393255959
896,1015,1.59556393255959
896,597,1.59556393255959
896,68,1.59556393255959
896,571,1.59556393255959
896,607,1.59556393255959
896,420,1.59556393255959
896,469,1.59556393255959
896,398,1.59556393255959
896,1304,1.59556393255959
896,986,1.59556393255959
896,1416,1.59556393255959
710,1096,1.59556393255959
710,435,1.59556393255959
384,435,1.59556393255959
1074,435,1.59556393255959
1440,435,1.59556393255959
1254,435,1.59556393255959
916,806,1.59556393255959
1516,435,1.59556393255959
1205,806,1.59556393255959
444,1096,1.59556393255959
444,435,1.59556393255959
1210,806,1.59556393255959
806,1082,1.59556393255959
607,435,1.59556393255959
1096,1378,1.59556393255959
1096,989,1.59556393255959
1096,840,1.59556393255959
1096,724,1.59556393255959
1096,188,1.59556393255959
1096,825,1.59556393255959
1378,435,1.59556393255959
1494,435,1.59556393255959
1136,435,1.59556393255959
469,435,1.59556393255959
1194,435,1.59556393255959
646,435,1.59556393255959
724,435,1.59556393255959
624,435,1.59556393255959
299,435,1.59556393255959
435,188,1.59556393255959
435,825,1.59556393255959
1008,774,1.5813980850468
774,1178,1.5813980850468
774,815,1.5813980850468
774,94,1.5813980850468
774,1030,1.5813980850468
524,1178,1.5813980850468
1178,354,1.5813980850468
815,670,1.5813980850468
815,378,1.5813980850468
1300,354,1.5813980850468
853,64,1.5745952741266
853,561,1.5745952741266
853,1207,1.5745952741266
853,1295,1.5745952741266
853,745,1.5745952741266
853,644,1.5745952741266
853,566,1.5745952741266
853,786,1.5745952741266
919,620,1.5745952741266
919,823,1.5745952741266
919,387,1.5745952741266
919,812,1.5745952741266
919,1469,1.5745952741266
1010,1228,1.5745952741266
1010,987,1.5745952741266
1010,1131,1.5745952741266
1010,1422,1.5745952741266
1010,566,1.5745952741266
733,345,1.5745952741266
733,1461,1.5745952741266
733,1505,1.5745952741266
733,21,1.5745952741266
733,171,1.5745952741266
733,745,1.5745952741266
733,456,1.5745952741266
733,663,1.5745952741266
733,1392,1.5745952741266
733,272,1.5745952741266
733,786,1.5745952741266
107,668,1.5745952741266
107,1362,1.5745952741266
107,581,1.5745952741266
107,160,1.5745952741266
107,566,1.5745952741266
1228,1037,1.5745952741266
1228,1207,1.5745952741266
1228,1100,1.5745952741266
1228,985,1.5745952741266
507,1007,1.5745952741266
507,1033,1.5745952741266
507,1233,1.5745952741266
507,1295,1.5745952741266
507,1436,1.5745952741266
1545,783,1.5745952741266
64,387,1.5745952741266
64,224,1.5745952741266
64,1198,1.5745952741266
64,812,1.5745952741266
64,786,1.5745952741266
345,1093,1.5745952741266
345,480,1.5745952741266
345,171,1.5745952741266
345,1435,1.5745952741266
345,456,1.5745952741266
345,272,1.5745952741266
345,219,1.5745952741266
975,249,1.5745952741266
620,561,1.5745952741266
620,1173,1.5745952741266
620,1128,1.5745952741266
987,497,1.5745952741266
987,1422,1.5745952741266
1093,480,1.5745952741266
1037,387,1.5745952741266
15,506,1.5745952741266
561,1207,1.5745952741266
561,1242,1.5745952741266
561,1173,1.5745952741266
561,1295,1.5745952741266
561,745,1.5745952741266
561,837,1.5745952741266
561,1128,1.5745952741266
561,1,1.5745952741266
561,1469,1.5745952741266
561,644,1.5745952741266
561,566,1.5745952741266
1207,387,1.5745952741266
1207,1295,1.5745952741266
1207,745,1.5745952741266
1207,644,1.5745952741266
1207,566,1.5745952741266
1443,985,1.5745952741266
1443,506,1.5745952741266
1443,1099,1.5745952741266
1175,1038,1.5745952741266
480,1242,1.5745952741266
480,219,1.5745952741266
1131,497,1.5745952741266
363,1362,1.5745952741266
363,1198,1.5745952741266
363,581,1.5745952741266
363,1413,1.5745952741266
497,666,1.5745952741266
497,548,1.5745952741266
497,1422,1.5745952741266
1461,21,1.5745952741266
1461,745,1.5745952741266
1461,1198,1.5745952741266
1461,581,1.5745952741266
1461,786,1.5745952741266
1038,1505,1.5745952741266
1038,344,1.5745952741266
1100,387,1.5745952741266
1505,21,1.5745952741266
1505,1392,1.5745952741266
666,694,1.5745952741266
666,1546,1.5745952741266
1142,21,1.5745952741266
1142,745,1.5745952741266
1142,1198,1.5745952741266
1142,581,1.5745952741266
1142,663,1.5745952741266
1007,249,1.5745952741266
723,1198,1.5745952741266
723,581,1.5745952741266
1242,1173,1.5745952741266
1242,837,1.5745952741266
1242,1128,1.5745952741266
1242,1469,1.5745952741266
548,1422,1.5745952741266
548,1148,1.5745952741266
548,521,1.5745952741266
1422,694,1.5745952741266
1422,1148,1.5745952741266
1422,521,1.5745952741266
387,1198,1.5745952741266
783,1000,1.5745952741266
795,1362,1.5745952741266
795,566,1.5745952741266
1033,1233,1.5745952741266
1033,885,1.5745952741266
1033,581,1.5745952741266
1033,1436,1.5745952741266
1173,985,1.5745952741266
1173,1435,1.5745952741266
1173,837,1.5745952741266
1233,1295,1.5745952741266
1233,885,1.5745952741266
1233,581,1.5745952741266
668,1413,1.5745952741266
224,1355,1.5745952741266
21,1362,1.5745952741266
21,745,1.5745952741266
21,1112,1.5745952741266
21,1392,1.5745952741266
985,1128,1.5745952741266
985,1469,1.5745952741266
694,1295,1.5745952741266
694,1198,1.5745952741266
694,644,1.5745952741266
694,219,1.5745952741266
694,1436,1.5745952741266
1148,521,1.5745952741266
1362,745,1.5745952741266
344,581,1.5745952741266
1264,644,1.5745952741266
1295,745,1.5745952741266
1295,1198,1.5745952741266
1295,566,1.5745952741266
171,456,1.5745952741266
171,272,1.5745952741266
1355,150,1.5745952741266
1435,1128,1.5745952741266
745,644,1.5745952741266
745,663,1.5745952741266
745,566,1.5745952741266
792,1413,1.5745952741266
1078,837,1.5745952741266
456,885,1.5745952741266
456,272,1.5745952741266
1198,581,1.5745952741266
1198,798,1.5745952741266
1198,644,1.5745952741266
837,1128,1.5745952741266
837,1469,1.5745952741266
678,1248,1.5745952741266
885,581,1.5745952741266
1248,160,1.5745952741266
160,368,1.5745952741266
160,566,1.5745952741266
1465,1000,1.5745952741266
812,798,1.5745952741266
1546,521,1.5745952741266
1546,1436,1.5745952741266
644,566,1.5745952741266
388,1243,1.57438173439839
388,1211,1.57438173439839
1473,291,1.57438173439839
802,251,1.57438173439839
802,965,1.57438173439839
802,472,1.57438173439839
200,1521,1.57438173439839
897,37,1.57438173439839
897,1482,1.57438173439839
1297,439,1.57438173439839
1297,1211,1.57438173439839
1297,251,1.57438173439839
830,1482,1.57438173439839
878,873,1.57438173439839
878,197,1.57438173439839
878,660,1.57438173439839
878,504,1.57438173439839
878,1484,1.57438173439839
878,869,1.57438173439839
237,439,1.57438173439839
237,37,1.57438173439839
237,450,1.57438173439839
237,468,1.57438173439839
237,909,1.57438173439839
237,1211,1.57438173439839
237,472,1.57438173439839
458,439,1.57438173439839
458,329,1.57438173439839
1365,101,1.57438173439839
1479,291,1.57438173439839
1479,472,1.57438173439839
1411,1211,1.57438173439839
1312,330,1.57438173439839
567,291,1.57438173439839
700,726,1.57438173439839
700,179,1.57438173439839
700,238,1.57438173439839
439,768,1.57438173439839
439,785,1.57438173439839
439,997,1.57438173439839
439,1492,1.57438173439839
439,1532,1.57438173439839
439,736,1.57438173439839
439,400,1.57438173439839
439,347,1.57438173439839
439,1442,1.57438173439839
439,709,1.57438173439839
439,877,1.57438173439839
439,1512,1.57438173439839
915,329,1.57438173439839
915,730,1.57438173439839
446,730,1.57438173439839
446,1482,1.57438173439839
845,329,1.57438173439839
1525,37,1.57438173439839
748,450,1.57438173439839
37,768,1.57438173439839
37,1455,1.57438173439839
37,1499,1.57438173439839
37,736,1.57438173439839
37,1238,1.57438173439839
37,1385,1.57438173439839
37,20,1.57438173439839
37,1274,1.57438173439839
37,1319,1.57438173439839
37,70,1.57438173439839
37,18,1.57438173439839
37,627,1.57438173439839
636,1521,1.57438173439839
788,965,1.57438173439839
1223,295,1.57438173439839
450,302,1.57438173439839
450,736,1.57438173439839
450,627,1.57438173439839
796,965,1.57438173439839
768,468,1.57438173439839
768,911,1.57438173439839
684,291,1.57438173439839
726,918,1.57438173439839
259,468,1.57438173439839
302,1243,1.57438173439839
302,1211,1.57438173439839
82,730,1.57438173439839
82,965,1.57438173439839
1230,291,1.57438173439839
1230,1482,1.57438173439839
901,468,1.57438173439839
901,295,1.57438173439839
944,1243,1.57438173439839
944,1211,1.57438173439839
1155,1211,1.57438173439839
1155,911,1.57438173439839
261,911,1.57438173439839
477,965,1.57438173439839
209,472,1.57438173439839
31,1243,1.57438173439839
1066,251,1.57438173439839
784,251,1.57438173439839
1439,295,1.57438173439839
631,295,1.57438173439839
1492,1243,1.57438173439839
1492,1211,1.57438173439839
1492,251,1.57438173439839
1499,468,1.57438173439839
1499,911,1.57438173439839
197,730,1.57438173439839
89,1211,1.57438173439839
553,1211,1.57438173439839
297,730,1.57438173439839
297,965,1.57438173439839
468,736,1.57438173439839
468,518,1.57438173439839
468,20,1.57438173439839
468,172,1.57438173439839
468,1274,1.57438173439839
468,70,1.57438173439839
468,1512,1.57438173439839
468,782,1.57438173439839
468,243,1.57438173439839
1006,730,1.57438173439839
1532,1521,1.57438173439839
1503,1243,1.57438173439839
1243,489,1.57438173439839
1243,239,1.57438173439839
1243,1109,1.57438173439839
1243,1402,1.57438173439839
1243,205,1.57438173439839
1243,67,1.57438173439839
1243,11,1.57438173439839
1243,791,1.57438173439839
1243,696,1.57438173439839
1243,1158,1.57438173439839
1243,1512,1.57438173439839
1243,243,1.57438173439839
1243,1515,1.57438173439839
1243,622,1.57438173439839
736,909,1.57438173439839
736,1211,1.57438173439839
736,472,1.57438173439839
909,518,1.57438173439839
909,104,1.57438173439839
909,1512,1.57438173439839
16,295,1.57438173439839
329,1447,1.57438173439839
329,1039,1.57438173439839
329,804,1.57438173439839
329,453,1.57438173439839
329,1158,1.57438173439839
329,312,1.57438173439839
329,155,1.57438173439839
329,903,1.57438173439839
329,1515,1.57438173439839
489,1211,1.57438173439839
519,965,1.57438173439839
411,1521,1.57438173439839
239,1211,1.57438173439839
310,291,1.57438173439839
1238,1482,1.57438173439839
660,730,1.57438173439839
504,730,1.57438173439839
225,1521,1.57438173439839
635,730,1.57438173439839
918,11,1.57438173439839
918,18,1.57438173439839
728,965,1.57438173439839
1211,1360,1.57438173439839
1211,1447,1.57438173439839
1211,67,1.57438173439839
1211,1442,1.57438173439839
1211,1512,1.57438173439839
157,730,1.57438173439839
730,400,1.57438173439839
730,1039,1.57438173439839
730,240,1.57438173439839
730,1484,1.57438173439839
730,869,1.57438173439839
730,704,1.57438173439839
730,155,1.57438173439839
730,1277,1.57438173439839
730,244,1.57438173439839
730,667,1.57438173439839
1391,1521,1.57438173439839
400,965,1.57438173439839
20,1521,1.57438173439839
20,911,1.57438173439839
215,291,1.57438173439839
176,965,1.57438173439839
176,472,1.57438173439839
67,1482,1.57438173439839
172,251,1.57438173439839
906,291,1.57438173439839
291,240,1.57438173439839
291,367,1.57438173439839
1482,156,1.57438173439839
1482,1196,1.57438173439839
1111,965,1.57438173439839
1111,472,1.57438173439839
347,965,1.57438173439839
347,472,1.57438173439839
1172,295,1.57438173439839
649,251,1.57438173439839
680,251,1.57438173439839
251,938,1.57438173439839
251,1500,1.57438173439839
965,240,1.57438173439839
965,1410,1.57438173439839
965,1265,1.57438173439839
965,869,1.57438173439839
965,1158,1.57438173439839
965,1083,1.57438173439839
965,1277,1.57438173439839
965,244,1.57438173439839
965,667,1.57438173439839
965,1515,1.57438173439839
1410,472,1.57438173439839
1274,911,1.57438173439839
472,1265,1.57438173439839
472,869,1.57438173439839
472,903,1.57438173439839
472,627,1.57438173439839
70,911,1.57438173439839
1521,1515,1.57438173439839
59,56,1.57363220779638
59,149,1.57363220779638
235,149,1.57363220779638
1338,56,1.57363220779638
502,149,1.57363220779638
634,1214,1.57363220779638
500,772,1.57363220779638
65,317,1.57363220779638
508,572,1.57363220779638
508,1189,1.57363220779638
508,319,1.57363220779638
508,562,1.57363220779638
508,80,1.57363220779638
508,874,1.57363220779638
508,491,1.57363220779638
508,847,1.57363220779638
508,1226,1.57363220779638
508,1115,1.57363220779638
508,1053,1.57363220779638
508,1206,1.57363220779638
508,992,1.57363220779638
508,145,1.57363220779638
508,189,1.57363220779638
508,1343,1.57363220779638
508,377,1.57363220779638
508,1191,1.57363220779638
508,198,1.57363220779638
508,540,1.57363220779638
508,1511,1.57363220779638
508,1235,1.57363220779638
508,1305,1.57363220779638
508,1268,1.57363220779638
508,835,1.57363220779638
508,1101,1.57363220779638
508,1217,1.57363220779638
508,525,1.57363220779638
508,1520,1.57363220779638
508,460,1.57363220779638
508,710,1.57363220779638
508,384,1.57363220779638
508,826,1.57363220779638
508,891,1.57363220779638
508,1440,1.57363220779638
508,658,1.57363220779638
508,1293,1.57363220779638
508,68,1.57363220779638
508,444,1.57363220779638
508,610,1.57363220779638
508,1539,1.57363220779638
508,1378,1.57363220779638
508,721,1.57363220779638
508,57,1.57363220779638
508,1350,1.57363220779638
508,724,1.57363220779638
508,516,1.57363220779638
508,164,1.57363220779638
508,188,1.57363220779638
508,825,1.57363220779638
1394,317,1.57363220779638
572,772,1.57363220779638
572,1214,1.57363220779638
572,317,1.57363220779638
331,1214,1.57363220779638
392,317,1.57363220779638
642,772,1.57363220779638
642,1214,1.57363220779638
1474,149,1.57363220779638
1189,772,1.57363220779638
191,772,1.57363220779638
191,1214,1.57363220779638
319,149,1.57363220779638
379,56,1.57363220779638
914,772,1.57363220779638
214,56,1.57363220779638
1337,772,1.57363220779638
1337,1214,1.57363220779638
1088,56,1.57363220779638
874,772,1.57363220779638
874,1214,1.57363220779638
874,317,1.57363220779638
1036,317,1.57363220779638
1156,317,1.57363220779638
491,772,1.57363220779638
565,149,1.57363220779638
1389,56,1.57363220779638
633,149,1.57363220779638
169,317,1.57363220779638
222,56,1.57363220779638
56,1161,1.57363220779638
56,587,1.57363220779638
56,871,1.57363220779638
56,600,1.57363220779638
56,1412,1.57363220779638
56,183,1.57363220779638
56,1533,1.57363220779638
56,959,1.57363220779638
56,702,1.57363220779638
56,742,1.57363220779638
56,1187,1.57363220779638
56,1157,1.57363220779638
56,326,1.57363220779638
56,136,1.57363220779638
56,6,1.57363220779638
56,1210,1.57363220779638
56,824,1.57363220779638
56,1344,1.57363220779638
56,1134,1.57363220779638
56,1340,1.57363220779638
1053,1214,1.57363220779638
772,1184,1.57363220779638
772,75,1.57363220779638
772,1201,1.57363220779638
772,1235,1.57363220779638
772,762,1.57363220779638
772,406,1.57363220779638
772,1358,1.57363220779638
772,1015,1.57363220779638
772,486,1.57363220779638
772,1368,1.57363220779638
772,516,1.57363220779638
772,986,1.57363220779638
1174,1214,1.57363220779638
1214,75,1.57363220779638
1214,1201,1.57363220779638
1214,1235,1.57363220779638
1214,762,1.57363220779638
1214,1101,1.57363220779638
1214,253,1.57363220779638
1214,166,1.57363220779638
1214,1051,1.57363220779638
1214,882,1.57363220779638
1214,1015,1.57363220779638
1214,697,1.57363220779638
1214,695,1.57363220779638
1214,315,1.57363220779638
1214,986,1.57363220779638
871,149,1.57363220779638
1184,149,1.57363220779638
436,149,1.57363220779638
1399,317,1.57363220779638
1343,149,1.57363220779638
131,149,1.57363220779638
385,317,1.57363220779638
377,149,1.57363220779638
1069,317,1.57363220779638
23,149,1.57363220779638
149,835,1.57363220779638
149,1217,1.57363220779638
149,1456,1.57363220779638
149,525,1.57363220779638
149,710,1.57363220779638
149,444,1.57363220779638
149,1378,1.57363220779638
149,564,1.57363220779638
149,724,1.57363220779638
149,188,1.57363220779638
149,825,1.57363220779638
1426,317,1.57363220779638
1003,317,1.57363220779638
1235,317,1.57363220779638
22,317,1.57363220779638
1520,317,1.57363220779638
317,1491,1.57363220779638
317,373,1.57363220779638
317,204,1.57363220779638
317,1494,1.57363220779638
317,110,1.57363220779638
1129,932,1.56763710592129
287,133,1.56763710592129
133,1025,1.56763710592129
234,1231,1.56741872515021
380,1231,1.56741872515021
1527,1231,1.56741872515021
850,1231,1.56741872515021
1526,1302,1.55959892024376
920,370,1.55959892024376
370,408,1.55959892024376
370,1096,1.55959892024376
1302,1072,1.55959892024376
1302,910,1.55959892024376
806,910,1.55959892024376
508,772,1.55695483341162
508,317,1.55695483341162
858,370,1.55337489408885
1477,1072,1.55337489408885
1477,910,1.55337489408885
1526,1338,1.55337489408885
1526,214,1.55337489408885
1526,222,1.55337489408885
1526,1124,1.55337489408885
1526,576,1.55337489408885
1526,679,1.55337489408885
1526,750,1.55337489408885
1526,537,1.55337489408885
1526,1055,1.55337489408885
1526,183,1.55337489408885
1526,1533,1.55337489408885
1526,702,1.55337489408885
1526,262,1.55337489408885
1526,1187,1.55337489408885
1526,946,1.55337489408885
1526,326,1.55337489408885
1526,650,1.55337489408885
1526,916,1.55337489408885
1526,755,1.55337489408885
1526,824,1.55337489408885
1526,610,1.55337489408885
1526,1344,1.55337489408885
1526,1340,1.55337489408885
59,370,1.55337489408885
59,337,1.55337489408885
474,1072,1.55337489408885
474,337,1.55337489408885
474,910,1.55337489408885
211,528,1.55337489408885
1394,528,1.55337489408885
1012,337,1.55337489408885
970,1072,1.55337489408885
642,528,1.55337489408885
535,1072,1.55337489408885
77,528,1.55337489408885
1349,910,1.55337489408885
122,528,1.55337489408885
122,337,1.55337489408885
794,910,1.55337489408885
1229,370,1.55337489408885
13,337,1.55337489408885
993,1072,1.55337489408885
847,1072,1.55337489408885
847,910,1.55337489408885
169,528,1.55337489408885
563,1072,1.55337489408885
578,337,1.55337489408885
1507,370,1.55337489408885
370,871,1.55337489408885
370,1541,1.55337489408885
370,138,1.55337489408885
370,579,1.55337489408885
370,687,1.55337489408885
370,128,1.55337489408885
370,716,1.55337489408885
370,8,1.55337489408885
370,117,1.55337489408885
370,1121,1.55337489408885
764,1072,1.55337489408885
764,910,1.55337489408885
1333,528,1.55337489408885
715,528,1.55337489408885
890,1072,1.55337489408885
890,337,1.55337489408885
890,910,1.55337489408885
1513,528,1.55337489408885
941,337,1.55337489408885
961,528,1.55337489408885
1206,1072,1.55337489408885
1206,910,1.55337489408885
534,1072,1.55337489408885
534,337,1.55337489408885
534,910,1.55337489408885
871,337,1.55337489408885
779,910,1.55337489408885
1414,910,1.55337489408885
265,528,1.55337489408885
96,337,1.55337489408885
428,910,1.55337489408885
621,528,1.55337489408885
625,1072,1.55337489408885
625,910,1.55337489408885
46,1072,1.55337489408885
1077,528,1.55337489408885
852,910,1.55337489408885
282,1072,1.55337489408885
189,1072,1.55337489408885
189,910,1.55337489408885
679,337,1.55337489408885
537,1072,1.55337489408885
537,337,1.55337489408885
1055,1072,1.55337489408885
1055,337,1.55337489408885
536,528,1.55337489408885
47,1072,1.55337489408885
1253,528,1.55337489408885
1072,422,1.55337489408885
1072,550,1.55337489408885
1072,702,1.55337489408885
1072,811,1.55337489408885
1072,701,1.55337489408885
1072,445,1.55337489408885
1072,441,1.55337489408885
1072,1268,1.55337489408885
1072,262,1.55337489408885
1072,1187,1.55337489408885
1072,1458,1.55337489408885
1072,1288,1.55337489408885
1072,102,1.55337489408885
1072,1306,1.55337489408885
1072,326,1.55337489408885
1072,1293,1.55337489408885
1072,1205,1.55337489408885
1072,922,1.55337489408885
1072,646,1.55337489408885
1072,721,1.55337489408885
1072,1294,1.55337489408885
1072,57,1.55337489408885
1072,1082,1.55337489408885
1072,62,1.55337489408885
1072,164,1.55337489408885
931,910,1.55337489408885
966,337,1.55337489408885
182,528,1.55337489408885
415,910,1.55337489408885
1201,528,1.55337489408885
725,337,1.55337489408885
942,910,1.55337489408885
184,337,1.55337489408885
445,910,1.55337489408885
1377,337,1.55337489408885
441,337,1.55337489408885
441,910,1.55337489408885
1268,910,1.55337489408885
130,337,1.55337489408885
262,337,1.55337489408885
927,910,1.55337489408885
1408,528,1.55337489408885
1408,337,1.55337489408885
151,528,1.55337489408885
1458,337,1.55337489408885
1458,910,1.55337489408885
298,910,1.55337489408885
1288,910,1.55337489408885
339,910,1.55337489408885
396,528,1.55337489408885
396,337,1.55337489408885
807,337,1.55337489408885
1080,910,1.55337489408885
528,1015,1.55337489408885
528,1374,1.55337489408885
528,386,1.55337489408885
528,1272,1.55337489408885
528,1049,1.55337489408885
528,110,1.55337489408885
528,894,1.55337489408885
528,986,1.55337489408885
528,756,1.55337489408885
1306,910,1.55337489408885
1293,910,1.55337489408885
916,337,1.55337489408885
916,910,1.55337489408885
337,232,1.55337489408885
337,335,1.55337489408885
337,106,1.55337489408885
337,1082,1.55337489408885
922,910,1.55337489408885
372,910,1.55337489408885
721,910,1.55337489408885
1294,910,1.55337489408885
57,910,1.55337489408885
1082,910,1.55337489408885
910,62,1.55337489408885
910,164,1.55337489408885
910,609,1.55337489408885
72,1064,1.5386946669251
1280,674,1.5386946669251
1428,1107,1.5386946669251
1107,1166,1.5386946669251
1064,1166,1.5386946669251
674,583,1.5386946669251
1137,1135,1.53561976779865
1137,1463,1.53561976779865
221,1438,1.53561976779865
221,1432,1.53561976779865
221,425,1.53561976779865
221,1227,1.53561976779865
827,308,1.53561976779865
366,926,1.53561976779865
366,301,1.53561976779865
366,949,1.53561976779865
366,862,1.53561976779865
366,286,1.53561976779865
366,32,1.53561976779865
366,14,1.53561976779865
366,604,1.53561976779865
366,512,1.53561976779865
366,865,1.53561976779865
366,616,1.53561976779865
926,1444,1.53561976779865
1371,1135,1.53561976779865
1371,1311,1.53561976779865
1371,596,1.53561976779865
1371,173,1.53561976779865
1371,390,1.53561976779865
1371,547,1.53561976779865
1371,611,1.53561976779865
1371,1348,1.53561976779865
1371,560,1.53561976779865
1371,1289,1.53561976779865
1371,849,1.53561976779865
1371,162,1.53561976779865
1371,1139,1.53561976779865
30,395,1.53561976779865
30,862,1.53561976779865
30,286,1.53561976779865
30,14,1.53561976779865
30,604,1.53561976779865
30,236,1.53561976779865
174,1438,1.53561976779865
174,165,1.53561976779865
174,1301,1.53561976779865
174,773,1.53561976779865
148,33,1.53561976779865
395,958,1.53561976779865
395,653,1.53561976779865
395,1290,1.53561976779865
395,1444,1.53561976779865
185,1075,1.53561976779865
185,257,1.53561976779865
185,1146,1.53561976779865
69,308,1.53561976779865
69,638,1.53561976779865
720,1135,1.53561976779865
720,141,1.53561976779865
720,1463,1.53561976779865
301,1454,1.53561976779865
301,872,1.53561976779865
301,1168,1.53561976779865
301,1444,1.53561976779865
301,1352,1.53561976779865
655,843,1.53561976779865
1438,862,1.53561976779865
1438,1222,1.53561976779865
1438,925,1.53561976779865
1438,995,1.53561976779865
1438,547,1.53561976779865
1438,314,1.53561976779865
26,308,1.53561976779865
907,1451,1.53561976779865
907,170,1.53561976779865
949,257,1.53561976779865
949,1444,1.53561976779865
1056,33,1.53561976779865
1068,1227,1.53561976779865
1075,207,1.53561976779865
1075,596,1.53561976779865
1075,611,1.53561976779865
1075,967,1.53561976779865
628,268,1.53561976779865
275,286,1.53561976779865
275,865,1.53561976779865
1379,1432,1.53561976779865
1379,425,1.53561976779865
862,555,1.53561976779865
862,653,1.53561976779865
165,273,1.53561976779865
165,1215,1.53561976779865
165,173,1.53561976779865
165,978,1.53561976779865
165,1348,1.53561976779865
165,1289,1.53561976779865
268,584,1.53561976779865
286,555,1.53561976779865
286,653,1.53561976779865
286,1146,1.53561976779865
623,1290,1.53561976779865
623,1444,1.53561976779865
787,615,1.53561976779865
1135,838,1.53561976779865
1135,843,1.53561976779865
1135,1444,1.53561976779865
555,32,1.53561976779865
555,14,1.53561976779865
555,604,1.53561976779865
555,865,1.53561976779865
555,1429,1.53561976779865
308,618,1.53561976779865
308,207,1.53561976779865
308,14,1.53561976779865
308,865,1.53561976779865
308,1348,1.53561976779865
308,1289,1.53561976779865
308,900,1.53561976779865
601,33,1.53561976779865
141,990,1.53561976779865
141,838,1.53561976779865
1311,990,1.53561976779865
1311,838,1.53561976779865
1311,820,1.53561976779865
618,1290,1.53561976779865
618,1146,1.53561976779865
1449,843,1.53561976779865
1449,1290,1.53561976779865
588,843,1.53561976779865
588,1290,1.53561976779865
1171,958,1.53561976779865
1261,1301,1.53561976779865
207,1146,1.53561976779865
1208,36,1.53561976779865
1208,662,1.53561976779865
990,32,1.53561976779865
990,1110,1.53561976779865
990,390,1.53561976779865
990,611,1.53561976779865
990,1315,1.53561976779865
990,1348,1.53561976779865
990,560,1.53561976779865
990,898,1.53561976779865
990,1031,1.53561976779865
990,1139,1.53561976779865
33,596,1.53561976779865
33,1215,1.53561976779865
33,173,1.53561976779865
33,125,1.53561976779865
33,859,1.53561976779865
33,162,1.53561976779865
33,1046,1.53561976779865
33,1373,1.53561976779865
789,223,1.53561976779865
958,615,1.53561976779865
257,761,1.53561976779865
257,1035,1.53561976779865
257,900,1.53561976779865
32,773,1.53561976779865
1301,1419,1.53561976779865
273,773,1.53561976779865
596,752,1.53561976779865
596,223,1.53561976779865
1478,1454,1.53561976779865
1478,872,1.53561976779865
1478,1352,1.53561976779865
1215,1454,1.53561976779865
598,223,1.53561976779865
1219,1454,1.53561976779865
1219,1352,1.53561976779865
250,1168,1.53561976779865
14,653,1.53561976779865
14,1146,1.53561976779865
173,752,1.53561976779865
173,773,1.53561976779865
390,838,1.53561976779865
293,759,1.53561976779865
1130,1227,1.53561976779865
1463,838,1.53561976779865
512,1290,1.53561976779865
1454,125,1.53561976779865
1454,859,1.53561976779865
1454,1046,1.53561976779865
611,838,1.53561976779865
611,223,1.53561976779865
611,1146,1.53561976779865
761,843,1.53561976779865
761,1168,1.53561976779865
761,1290,1.53561976779865
865,1146,1.53561976779865
358,1168,1.53561976779865
236,653,1.53561976779865
752,1506,1.53561976779865
752,162,1.53561976779865
752,314,1.53561976779865
0,223,1.53561976779865
426,1168,1.53561976779865
978,773,1.53561976779865
125,872,1.53561976779865
125,1352,1.53561976779865
838,1348,1.53561976779865
838,560,1.53561976779865
838,1139,1.53561976779865
898,1432,1.53561976779865
898,425,1.53561976779865
898,1227,1.53561976779865
843,616,1.53561976779865
1168,886,1.53561976779865
1168,900,1.53561976779865
1290,940,1.53561976779865
1290,616,1.53561976779865
1146,900,1.53561976779865
1146,662,1.53561976779865
1146,1429,1.53561976779865
1146,967,1.53561976779865
1444,616,1.53561976779865
388,888,1.53541301184178
930,1291,1.53541301184178
930,1540,1.53541301184178
1357,938,1.53541301184178
1357,179,1.53541301184178
802,5,1.53541301184178
802,1291,1.53541301184178
802,1165,1.53541301184178
802,708,1.53541301184178
5,1297,1.53541301184178
5,1298,1.53541301184178
5,259,1.53541301184178
5,1492,1.53541301184178
5,580,1.53541301184178
5,632,1.53541301184178
5,176,1.53541301184178
5,172,1.53541301184178
5,1111,1.53541301184178
5,217,1.53541301184178
5,1442,1.53541301184178
5,1410,1.53541301184178
5,1265,1.53541301184178
5,869,1.53541301184178
5,1424,1.53541301184178
5,1196,1.53541301184178
5,667,1.53541301184178
5,782,1.53541301184178
5,243,1.53541301184178
1409,58,1.53541301184178
897,58,1.53541301184178
897,1165,1.53541301184178
945,58,1.53541301184178
1298,1271,1.53541301184178
1298,960,1.53541301184178
237,734,1.53541301184178
237,1495,1.53541301184178
237,1540,1.53541301184178
458,58,1.53541301184178
458,1165,1.53541301184178
1091,1495,1.53541301184178
1091,1540,1.53541301184178
1365,58,1.53541301184178
1329,83,1.53541301184178
1002,684,1.53541301184178
1002,197,1.53541301184178
1002,660,1.53541301184178
1002,504,1.53541301184178
1002,215,1.53541301184178
1002,1484,1.53541301184178
1002,869,1.53541301184178
1002,704,1.53541301184178
1271,711,1.53541301184178
1271,467,1.53541301184178
1271,493,1.53541301184178
1271,285,1.53541301184178
1271,744,1.53541301184178
1271,551,1.53541301184178
1271,172,1.53541301184178
1271,803,1.53541301184178
1271,360,1.53541301184178
1271,217,1.53541301184178
1271,1535,1.53541301184178
1271,1424,1.53541301184178
1271,782,1.53541301184178
1411,888,1.53541301184178
884,49,1.53541301184178
884,809,1.53541301184178
1312,58,1.53541301184178
567,888,1.53541301184178
915,1291,1.53541301184178
446,994,1.53541301184178
446,888,1.53541301184178
446,437,1.53541301184178
446,809,1.53541301184178
446,688,1.53541301184178
711,58,1.53541301184178
245,688,1.53541301184178
1525,1495,1.53541301184178
1525,1540,1.53541301184178
493,58,1.53541301184178
788,688,1.53541301184178
775,626,1.53541301184178
608,994,1.53541301184178
994,259,1.53541301184178
994,82,1.53541301184178
994,297,1.53541301184178
994,1006,1.53541301184178
994,1370,1.53541301184178
994,632,1.53541301184178
994,104,1.53541301184178
994,635,1.53541301184178
994,400,1.53541301184178
994,906,1.53541301184178
994,240,1.53541301184178
994,704,1.53541301184178
994,1321,1.53541301184178
994,1277,1.53541301184178
994,667,1.53541301184178
994,243,1.53541301184178
796,688,1.53541301184178
768,1159,1.53541301184178
768,58,1.53541301184178
684,210,1.53541301184178
684,765,1.53541301184178
684,437,1.53541301184178
726,49,1.53541301184178
203,1165,1.53541301184178
259,83,1.53541301184178
259,688,1.53541301184178
302,888,1.53541301184178
161,1165,1.53541301184178
901,1291,1.53541301184178
944,888,1.53541301184178
261,424,1.53541301184178
477,708,1.53541301184178
209,1495,1.53541301184178
209,1540,1.53541301184178
31,1159,1.53541301184178
31,809,1.53541301184178
31,688,1.53541301184178
873,960,1.53541301184178
210,197,1.53541301184178
210,660,1.53541301184178
210,504,1.53541301184178
210,632,1.53541301184178
210,104,1.53541301184178
210,215,1.53541301184178
210,906,1.53541301184178
210,1484,1.53541301184178
210,869,1.53541301184178
813,708,1.53541301184178
1159,327,1.53541301184178
1159,1439,1.53541301184178
1159,1492,1.53541301184178
1159,504,1.53541301184178
1159,1095,1.53541301184178
1159,215,1.53541301184178
1159,680,1.53541301184178
1159,877,1.53541301184178
1159,243,1.53541301184178
1159,622,1.53541301184178
382,960,1.53541301184178
382,688,1.53541301184178
1517,58,1.53541301184178
637,1540,1.53541301184178
1499,58,1.53541301184178
197,765,1.53541301184178
197,1165,1.53541301184178
99,617,1.53541301184178
99,809,1.53541301184178
89,888,1.53541301184178
89,626,1.53541301184178
553,1291,1.53541301184178
553,734,1.53541301184178
553,626,1.53541301184178
285,58,1.53541301184178
297,617,1.53541301184178
297,809,1.53541301184178
580,617,1.53541301184178
1006,617,1.53541301184178
1006,888,1.53541301184178
1006,437,1.53541301184178
1006,809,1.53541301184178
1006,688,1.53541301184178
1325,1540,1.53541301184178
736,734,1.53541301184178
736,1495,1.53541301184178
736,1540,1.53541301184178
1370,888,1.53541301184178
489,888,1.53541301184178
765,660,1.53541301184178
765,504,1.53541301184178
765,104,1.53541301184178
765,215,1.53541301184178
765,1484,1.53541301184178
765,869,1.53541301184178
519,809,1.53541301184178
239,1291,1.53541301184178
239,734,1.53541301184178
310,888,1.53541301184178
960,20,1.53541301184178
960,413,1.53541301184178
960,1122,1.53541301184178
960,1196,1.53541301184178
1109,626,1.53541301184178
660,1165,1.53541301184178
660,888,1.53541301184178
518,424,1.53541301184178
1385,1495,1.53541301184178
504,1165,1.53541301184178
632,437,1.53541301184178
632,708,1.53541301184178
1257,83,1.53541301184178
225,83,1.53541301184178
104,424,1.53541301184178
104,888,1.53541301184178
635,888,1.53541301184178
635,437,1.53541301184178
635,809,1.53541301184178
635,688,1.53541301184178
58,20,1.53541301184178
58,551,1.53541301184178
58,401,1.53541301184178
58,105,1.53541301184178
58,1274,1.53541301184178
58,70,1.53541301184178
728,617,1.53541301184178
728,809,1.53541301184178
728,688,1.53541301184178
157,734,1.53541301184178
400,734,1.53541301184178
1360,1291,1.53541301184178
1360,734,1.53541301184178
1360,626,1.53541301184178
1291,1039,1.53541301184178
1291,172,1.53541301184178
1291,121,1.53541301184178
1291,680,1.53541301184178
1291,25,1.53541301184178
1291,1476,1.53541301184178
1291,1410,1.53541301184178
1291,665,1.53541301184178
1291,1500,1.53541301184178
1291,155,1.53541301184178
643,1165,1.53541301184178
205,626,1.53541301184178
1538,734,1.53541301184178
1165,176,1.53541301184178
1165,1111,1.53541301184178
1165,1410,1.53541301184178
1165,1265,1.53541301184178
1165,1484,1.53541301184178
215,437,1.53541301184178
176,708,1.53541301184178
67,888,1.53541301184178
1114,83,1.53541301184178
349,1495,1.53541301184178
349,1540,1.53541301184178
734,11,1.53541301184178
734,98,1.53541301184178
734,804,1.53541301184178
734,709,1.53541301184178
734,1122,1.53541301184178
734,1512,1.53541301184178
734,691,1.53541301184178
734,115,1.53541301184178
1244,83,1.53541301184178
1111,708,1.53541301184178
617,1152,1.53541301184178
617,667,1.53541301184178
347,809,1.53541301184178
888,984,1.53541301184178
888,367,1.53541301184178
888,1277,1.53541301184178
49,105,1.53541301184178
49,627,1.53541301184178
1152,809,1.53541301184178
645,708,1.53541301184178
240,437,1.53541301184178
240,809,1.53541301184178
437,254,1.53541301184178
437,704,1.53541301184178
809,704,1.53541301184178
1410,708,1.53541301184178
413,688,1.53541301184178
1265,708,1.53541301184178
626,179,1.53541301184178
1484,1495,1.53541301184178
1484,1540,1.53541301184178
869,708,1.53541301184178
83,243,1.53541301184178
1122,688,1.53541301184178
383,1540,1.53541301184178
1083,688,1.53541301184178
688,243,1.53541301184178
1495,627,1.53541301184178
1540,627,1.53541301184178
78,801,1.53458395077428
1286,133,1.53458395077428
502,133,1.53458395077428
634,1129,1.53458395077428
1394,1129,1.53458395077428
1260,801,1.53458395077428
1012,801,1.53458395077428
1342,1129,1.53458395077428
642,133,1.53458395077428
448,801,1.53458395077428
1189,1129,1.53458395077428
544,1129,1.53458395077428
1497,801,1.53458395077428
140,133,1.53458395077428
140,801,1.53458395077428
336,1129,1.53458395077428
1108,801,1.53458395077428
491,1129,1.53458395077428
1129,169,1.53458395077428
1129,1403,1.53458395077428
1129,1174,1.53458395077428
1129,351,1.53458395077428
1129,96,1.53458395077428
1129,810,1.53458395077428
1129,605,1.53458395077428
1129,153,1.53458395077428
1129,725,1.53458395077428
1129,402,1.53458395077428
1129,184,1.53458395077428
1129,924,1.53458395077428
1129,130,1.53458395077428
1129,1200,1.53458395077428
1129,807,1.53458395077428
1129,1086,1.53458395077428
1129,1051,1.53458395077428
1129,440,1.53458395077428
1129,186,1.53458395077428
1129,228,1.53458395077428
1129,1470,1.53458395077428
1129,1496,1.53458395077428
1129,335,1.53458395077428
1129,110,1.53458395077428
1129,516,1.53458395077428
1129,1468,1.53458395077428
1389,133,1.53458395077428
13,801,1.53458395077428
955,801,1.53458395077428
447,801,1.53458395077428
633,133,1.53458395077428
846,133,1.53458395077428
715,133,1.53458395077428
715,801,1.53458395077428
324,801,1.53458395077428
593,801,1.53458395077428
1053,133,1.53458395077428
941,801,1.53458395077428
974,133,1.53458395077428
587,133,1.53458395077428
274,133,1.53458395077428
137,801,1.53458395077428
1323,133,1.53458395077428
270,133,1.53458395077428
1353,801,1.53458395077428
1276,133,1.53458395077428
399,133,1.53458395077428
716,801,1.53458395077428
1140,133,1.53458395077428
108,133,1.53458395077428
108,801,1.53458395077428
133,1201,1.53458395077428
133,1347,1.53458395077428
133,1101,1.53458395077428
133,1514,1.53458395077428
133,255,1.53458395077428
133,1041,1.53458395077428
133,352,1.53458395077428
133,1132,1.53458395077428
133,834,1.53458395077428
133,1369,1.53458395077428
133,1015,1.53458395077428
133,386,1.53458395077428
133,573,1.53458395077428
133,571,1.53458395077428
133,420,1.53458395077428
133,894,1.53458395077428
133,986,1.53458395077428
133,963,1.53458395077428
133,756,1.53458395077428
966,801,1.53458395077428
654,801,1.53458395077428
964,801,1.53458395077428
1430,801,1.53458395077428
801,499,1.53458395077428
801,753,1.53458395077428
801,569,1.53458395077428
801,1041,1.53458395077428
801,88,1.53458395077428
801,177,1.53458395077428
801,386,1.53458395077428
801,571,1.53458395077428
801,610,1.53458395077428
801,1317,1.53458395077428
801,1313,1.53458395077428
801,417,1.53458395077428
801,894,1.53458395077428
801,756,1.53458395077428
801,258,1.53458395077428
524,1331,1.53256316612036
354,932,1.53256316612036
1117,1084,1.52719450896777
920,133,1.52277732892994
1129,449,1.52277732892994
1129,408,1.52277732892994
801,1096,1.52277732892994
56,337,1.51797698527202
1384,670,1.51708737525402
59,466,1.51708737525402
418,670,1.51708737525402
235,466,1.51708737525402
235,524,1.51708737525402
502,524,1.51708737525402
369,378,1.51708737525402
1252,354,1.51708737525402
65,774,1.51708737525402
1394,378,1.51708737525402
1260,670,1.51708737525402
642,354,1.51708737525402
833,670,1.51708737525402
1474,466,1.51708737525402
1189,670,1.51708737525402
191,466,1.51708737525402
191,524,1.51708737525402
319,378,1.51708737525402
1063,774,1.51708737525402
1063,354,1.51708737525402
379,774,1.51708737525402
562,774,1.51708737525402
562,354,1.51708737525402
1337,466,1.51708737525402
1337,524,1.51708737525402
1085,354,1.51708737525402
1156,670,1.51708737525402
1156,354,1.51708737525402
491,670,1.51708737525402
1389,774,1.51708737525402
955,670,1.51708737525402
545,354,1.51708737525402
847,354,1.51708737525402
1441,466,1.51708737525402
1441,524,1.51708737525402
633,524,1.51708737525402
1226,774,1.51708737525402
1226,354,1.51708737525402
169,378,1.51708737525402
774,144,1.51708737525402
774,587,1.51708737525402
774,992,1.51708737525402
774,145,1.51708737525402
774,1151,1.51708737525402
774,1407,1.51708737525402
774,540,1.51708737525402
774,702,1.51708737525402
774,1187,1.51708737525402
774,460,1.51708737525402
774,769,1.51708737525402
774,826,1.51708737525402
774,946,1.51708737525402
774,891,1.51708737525402
774,658,1.51708737525402
774,326,1.51708737525402
774,1491,1.51708737525402
774,373,1.51708737525402
774,68,1.51708737525402
774,204,1.51708737525402
466,405,1.51708737525402
466,871,1.51708737525402
466,274,1.51708737525402
466,1323,1.51708737525402
466,428,1.51708737525402
466,1276,1.51708737525402
466,75,1.51708737525402
466,777,1.51708737525402
466,131,1.51708737525402
466,762,1.51708737525402
466,927,1.51708737525402
466,1456,1.51708737525402
466,339,1.51708737525402
466,1080,1.51708737525402
466,414,1.51708737525402
466,564,1.51708737525402
524,1184,1.51708737525402
524,436,1.51708737525402
524,75,1.51708737525402
524,777,1.51708737525402
524,131,1.51708737525402
524,23,1.51708737525402
524,409,1.51708737525402
524,762,1.51708737525402
524,1456,1.51708737525402
524,979,1.51708737525402
524,614,1.51708737525402
1403,354,1.51708737525402
974,670,1.51708737525402
1206,354,1.51708737525402
992,354,1.51708737525402
1213,670,1.51708737525402
145,354,1.51708737525402
517,354,1.51708737525402
557,378,1.51708737525402
374,378,1.51708737525402
1450,670,1.51708737525402
189,354,1.51708737525402
1407,354,1.51708737525402
7,354,1.51708737525402
333,354,1.51708737525402
1140,670,1.51708737525402
1343,378,1.51708737525402
421,354,1.51708737525402
670,770,1.51708737525402
670,1069,1.51708737525402
670,307,1.51708737525402
670,1347,1.51708737525402
670,527,1.51708737525402
670,1514,1.51708737525402
670,1287,1.51708737525402
670,352,1.51708737525402
670,306,1.51708737525402
670,177,1.51708737525402
670,681,1.51708737525402
670,420,1.51708737525402
670,530,1.51708737525402
670,516,1.51708737525402
670,258,1.51708737525402
377,378,1.51708737525402
1069,354,1.51708737525402
1201,354,1.51708737525402
540,354,1.51708737525402
1453,354,1.51708737525402
354,605,1.51708737525402
354,1268,1.51708737525402
354,406,1.51708737525402
354,460,1.51708737525402
354,769,1.51708737525402
354,826,1.51708737525402
354,891,1.51708737525402
354,658,1.51708737525402
354,921,1.51708737525402
354,1293,1.51708737525402
354,1015,1.51708737525402
354,597,1.51708737525402
354,68,1.51708737525402
354,1147,1.51708737525402
354,721,1.51708737525402
354,57,1.51708737525402
354,986,1.51708737525402
354,164,1.51708737525402
835,378,1.51708737525402
1217,378,1.51708737525402
525,378,1.51708737525402
710,378,1.51708737525402
1358,378,1.51708737525402
126,378,1.51708737525402
1180,378,1.51708737525402
378,722,1.51708737525402
378,1013,1.51708737525402
378,444,1.51708737525402
378,610,1.51708737525402
378,1378,1.51708737525402
378,1197,1.51708737525402
378,1304,1.51708737525402
378,110,1.51708737525402
378,724,1.51708737525402
378,188,1.51708737525402
378,825,1.51708737525402
602,1231,1.51065644743782
648,1231,1.51065644743782
513,456,1.50194522488937
513,885,1.50194522488937
853,731,1.50194522488937
853,554,1.50194522488937
919,206,1.50194522488937
919,296,1.50194522488937
919,34,1.50194522488937
1010,855,1.50194522488937
1010,515,1.50194522488937
1010,706,1.50194522488937
1010,332,1.50194522488937
1010,1258,1.50194522488937
1010,1518,1.50194522488937
733,85,1.50194522488937
733,206,1.50194522488937
733,1390,1.50194522488937
733,1382,1.50194522488937
733,1393,1.50194522488937
733,1092,1.50194522488937
733,606,1.50194522488937
733,972,1.50194522488937
107,85,1.50194522488937
107,404,1.50194522488937
1228,1390,1.50194522488937
507,1005,1.50194522488937
507,1522,1.50194522488937
507,864,1.50194522488937
507,606,1.50194522488937
675,823,1.50194522488937
675,666,1.50194522488937
675,694,1.50194522488937
675,456,1.50194522488937
675,1198,1.50194522488937
675,885,1.50194522488937
675,812,1.50194522488937
675,798,1.50194522488937
675,1436,1.50194522488937
64,706,1.50194522488937
64,1005,1.50194522488937
64,1522,1.50194522488937
64,220,1.50194522488937
345,206,1.50194522488937
345,35,1.50194522488937
345,1393,1.50194522488937
345,1150,1.50194522488937
975,972,1.50194522488937
975,554,1.50194522488937
639,456,1.50194522488937
639,885,1.50194522488937
639,663,1.50194522488937
620,381,1.50194522488937
620,206,1.50194522488937
620,703,1.50194522488937
620,883,1.50194522488937
817,837,1.50194522488937
817,812,1.50194522488937
817,798,1.50194522488937
987,855,1.50194522488937
987,706,1.50194522488937
987,332,1.50194522488937
987,1258,1.50194522488937
987,1518,1.50194522488937
987,1278,1.50194522488937
1093,1170,1.50194522488937
1037,514,1.50194522488937
1037,1390,1.50194522488937
15,771,1.50194522488937
15,905,1.50194522488937
15,1510,1.50194522488937
771,666,1.50194522488937
771,694,1.50194522488937
771,1436,1.50194522488937
839,1362,1.50194522488937
839,1198,1.50194522488937
839,581,1.50194522488937
839,45,1.50194522488937
839,1413,1.50194522488937
561,883,1.50194522488937
561,554,1.50194522488937
842,1128,1.50194522488937
1207,1390,1.50194522488937
1207,541,1.50194522488937
1207,554,1.50194522488937
855,1380,1.50194522488937
855,497,1.50194522488937
855,548,1.50194522488937
855,1422,1.50194522488937
855,1465,1.50194522488937
855,1000,1.50194522488937
823,381,1.50194522488937
717,1380,1.50194522488937
717,1007,1.50194522488937
717,249,1.50194522488937
381,1233,1.50194522488937
381,1469,1.50194522488937
1443,143,1.50194522488937
1443,1510,1.50194522488937
1443,1170,1.50194522488937
1443,1258,1.50194522488937
1443,1518,1.50194522488937
1443,462,1.50194522488937
1175,129,1.50194522488937
1175,1382,1.50194522488937
1175,957,1.50194522488937
480,35,1.50194522488937
480,1393,1.50194522488937
480,1150,1.50194522488937
1162,1000,1.50194522488937
1131,124,1.50194522488937
1131,515,1.50194522488937
514,1100,1.50194522488937
514,1435,1.50194522488937
514,745,1.50194522488937
514,837,1.50194522488937
514,1128,1.50194522488937
497,515,1.50194522488937
497,706,1.50194522488937
497,332,1.50194522488937
497,1382,1.50194522488937
497,1073,1.50194522488937
497,1258,1.50194522488937
497,1518,1.50194522488937
497,1236,1.50194522488937
1461,85,1.50194522488937
1461,206,1.50194522488937
1461,1390,1.50194522488937
1461,1475,1.50194522488937
1461,972,1.50194522488937
1038,85,1.50194522488937
1038,1133,1.50194522488937
1100,1390,1.50194522488937
1505,1393,1.50194522488937
1505,1133,1.50194522488937
17,1248,1.50194522488937
17,160,1.50194522488937
51,521,1.50194522488937
666,143,1.50194522488937
666,1022,1.50194522488937
666,1382,1.50194522488937
666,404,1.50194522488937
666,1073,1.50194522488937
1142,206,1.50194522488937
1142,1390,1.50194522488937
1142,1475,1.50194522488937
1142,606,1.50194522488937
1007,1005,1.50194522488937
1007,1059,1.50194522488937
1007,606,1.50194522488937
723,1485,1.50194522488937
1242,1485,1.50194522488937
85,795,1.50194522488937
85,668,1.50194522488937
85,1362,1.50194522488937
85,786,1.50194522488937
548,706,1.50194522488937
548,1258,1.50194522488937
548,1518,1.50194522488937
548,1236,1.50194522488937
129,224,1.50194522488937
129,1355,1.50194522488937
206,21,1.50194522488937
206,1362,1.50194522488937
206,171,1.50194522488937
206,745,1.50194522488937
206,456,1.50194522488937
206,1469,1.50194522488937
206,272,1.50194522488937
143,1422,1.50194522488937
143,985,1.50194522488937
143,249,1.50194522488937
143,1436,1.50194522488937
1422,332,1.50194522488937
1422,703,1.50194522488937
1422,1258,1.50194522488937
1422,1518,1.50194522488937
387,296,1.50194522488937
387,1005,1.50194522488937
387,34,1.50194522488937
1105,35,1.50194522488937
515,1033,1.50194522488937
515,1233,1.50194522488937
515,171,1.50194522488937
515,885,1.50194522488937
515,581,1.50194522488937
1390,21,1.50194522488937
1390,1362,1.50194522488937
1390,663,1.50194522488937
1005,1355,1.50194522488937
1005,1198,1.50194522488937
1005,150,1.50194522488937
1033,1522,1.50194522488937
1033,864,1.50194522488937
1033,135,1.50194522488937
1022,1546,1.50194522488937
1022,1436,1.50194522488937
1173,404,1.50194522488937
1173,703,1.50194522488937
1173,34,1.50194522488937
1173,1485,1.50194522488937
1233,972,1.50194522488937
1233,135,1.50194522488937
35,224,1.50194522488937
35,1355,1.50194522488937
556,224,1.50194522488937
556,694,1.50194522488937
556,1295,1.50194522488937
556,1355,1.50194522488937
556,1198,1.50194522488937
556,1112,1.50194522488937
556,644,1.50194522488937
668,404,1.50194522488937
224,1278,1.50194522488937
224,1094,1.50194522488937
21,1382,1.50194522488937
21,1393,1.50194522488937
21,864,1.50194522488937
21,1475,1.50194522488937
1537,1362,1.50194522488937
1537,566,1.50194522488937
985,703,1.50194522488937
985,883,1.50194522488937
332,1465,1.50194522488937
332,1000,1.50194522488937
694,404,1.50194522488937
694,703,1.50194522488937
694,554,1.50194522488937
1362,1475,1.50194522488937
1522,521,1.50194522488937
1522,1436,1.50194522488937
1522,786,1.50194522488937
344,1382,1.50194522488937
1382,1392,1.50194522488937
541,1435,1.50194522488937
541,837,1.50194522488937
541,1128,1.50194522488937
541,644,1.50194522488937
1119,1000,1.50194522488937
171,1475,1.50194522488937
171,883,1.50194522488937
404,1469,1.50194522488937
404,1436,1.50194522488937
1393,150,1.50194522488937
1393,1392,1.50194522488937
1170,506,1.50194522488937
1170,249,1.50194522488937
1092,745,1.50194522488937
1435,599,1.50194522488937
1435,1485,1.50194522488937
745,864,1.50194522488937
745,1475,1.50194522488937
745,606,1.50194522488937
745,554,1.50194522488937
745,1133,1.50194522488937
1073,1128,1.50194522488937
1073,506,1.50194522488937
703,1128,1.50194522488937
703,249,1.50194522488937
703,1469,1.50194522488937
456,135,1.50194522488937
1198,864,1.50194522488937
1198,599,1.50194522488937
1198,554,1.50194522488937
864,581,1.50194522488937
864,1413,1.50194522488937
864,1436,1.50194522488937
822,249,1.50194522488937
837,1485,1.50194522488937
1258,521,1.50194522488937
1258,1099,1.50194522488937
1128,599,1.50194522488937
1128,883,1.50194522488937
885,1163,1.50194522488937
1475,150,1.50194522488937
581,135,1.50194522488937
1518,1099,1.50194522488937
1059,249,1.50194522488937
1,883,1.50194522488937
506,462,1.50194522488937
1278,812,1.50194522488937
249,957,1.50194522488937
1465,462,1.50194522488937
812,1094,1.50194522488937
34,1469,1.50194522488937
368,1163,1.50194522488937
368,1133,1.50194522488937
566,554,1.50194522488937
272,1150,1.50194522488937
930,1445,1.50164438157555
802,1120,1.50164438157555
412,1327,1.50164438157555
1445,830,1.50164438157555
1445,1298,1.50164438157555
1445,237,1.50164438157555
1445,446,1.50164438157555
1445,711,1.50164438157555
1445,493,1.50164438157555
1445,187,1.50164438157555
1445,259,1.50164438157555
1445,1230,1.50164438157555
1445,901,1.50164438157555
1445,285,1.50164438157555
1445,736,1.50164438157555
1445,157,1.50164438157555
1445,551,1.50164438157555
1445,156,1.50164438157555
1445,25,1.50164438157555
1445,1424,1.50164438157555
1445,70,1.50164438157555
1445,1512,1.50164438157555
1445,243,1.50164438157555
1409,127,1.50164438157555
200,127,1.50164438157555
897,532,1.50164438157555
1297,1084,1.50164438157555
830,1016,1.50164438157555
1365,346,1.50164438157555
1479,1016,1.50164438157555
884,410,1.50164438157555
1312,40,1.50164438157555
1312,532,1.50164438157555
567,346,1.50164438157555
996,553,1.50164438157555
996,239,1.50164438157555
996,1360,1.50164438157555
996,680,1.50164438157555
996,937,1.50164438157555
915,1120,1.50164438157555
915,1084,1.50164438157555
446,1224,1.50164438157555
446,1016,1.50164438157555
711,346,1.50164438157555
711,127,1.50164438157555
711,168,1.50164438157555
845,1120,1.50164438157555
845,40,1.50164438157555
748,532,1.50164438157555
1224,104,1.50164438157555
1224,635,1.50164438157555
1224,1244,1.50164438157555
977,1327,1.50164438157555
493,346,1.50164438157555
493,127,1.50164438157555
493,168,1.50164438157555
410,187,1.50164438157555
410,676,1.50164438157555
410,504,1.50164438157555
410,1270,1.50164438157555
410,217,1.50164438157555
410,105,1.50164438157555
410,266,1.50164438157555
410,70,1.50164438157555
410,627,1.50164438157555
796,1060,1.50164438157555
684,1016,1.50164438157555
187,1327,1.50164438157555
726,1327,1.50164438157555
203,40,1.50164438157555
203,168,1.50164438157555
259,1060,1.50164438157555
1120,82,1.50164438157555
1120,31,1.50164438157555
1120,904,1.50164438157555
1120,297,1.50164438157555
1120,1006,1.50164438157555
1120,400,1.50164438157555
1120,176,1.50164438157555
1120,1039,1.50164438157555
1120,1111,1.50164438157555
1120,453,1.50164438157555
1120,240,1.50164438157555
1120,1410,1.50164438157555
1120,1265,1.50164438157555
1120,869,1.50164438157555
1120,155,1.50164438157555
1120,1277,1.50164438157555
1120,244,1.50164438157555
1120,667,1.50164438157555
785,127,1.50164438157555
161,40,1.50164438157555
82,1016,1.50164438157555
82,127,1.50164438157555
82,1060,1.50164438157555
997,127,1.50164438157555
793,168,1.50164438157555
1155,127,1.50164438157555
31,168,1.50164438157555
112,1067,1.50164438157555
784,1060,1.50164438157555
382,1060,1.50164438157555
327,1327,1.50164438157555
1439,1084,1.50164438157555
316,168,1.50164438157555
631,1084,1.50164438157555
631,407,1.50164438157555
1016,676,1.50164438157555
1016,297,1.50164438157555
1016,580,1.50164438157555
1016,660,1.50164438157555
1016,632,1.50164438157555
1016,400,1.50164438157555
1016,215,1.50164438157555
1016,156,1.50164438157555
1016,240,1.50164438157555
1016,984,1.50164438157555
1016,244,1.50164438157555
1492,1084,1.50164438157555
1492,168,1.50164438157555
1499,127,1.50164438157555
197,1084,1.50164438157555
976,407,1.50164438157555
676,168,1.50164438157555
553,1084,1.50164438157555
553,168,1.50164438157555
285,346,1.50164438157555
285,127,1.50164438157555
285,168,1.50164438157555
297,127,1.50164438157555
297,1060,1.50164438157555
1006,1060,1.50164438157555
1532,127,1.50164438157555
239,1084,1.50164438157555
239,168,1.50164438157555
1238,532,1.50164438157555
660,346,1.50164438157555
1385,40,1.50164438157555
1332,1327,1.50164438157555
632,1060,1.50164438157555
225,1067,1.50164438157555
744,1327,1.50164438157555
1087,127,1.50164438157555
400,127,1.50164438157555
400,1060,1.50164438157555
20,168,1.50164438157555
1360,1084,1.50164438157555
1360,168,1.50164438157555
1095,40,1.50164438157555
643,40,1.50164438157555
551,346,1.50164438157555
551,127,1.50164438157555
551,168,1.50164438157555
215,407,1.50164438157555
176,1067,1.50164438157555
1084,1039,1.50164438157555
1084,1172,1.50164438157555
1084,1442,1.50164438157555
1084,1158,1.50164438157555
1084,155,1.50164438157555
1084,1515,1.50164438157555
1270,40,1.50164438157555
1114,407,1.50164438157555
1114,127,1.50164438157555
1114,1067,1.50164438157555
11,1067,1.50164438157555
1249,40,1.50164438157555
1249,1060,1.50164438157555
803,532,1.50164438157555
803,1327,1.50164438157555
453,40,1.50164438157555
360,1327,1.50164438157555
121,127,1.50164438157555
346,991,1.50164438157555
346,984,1.50164438157555
346,704,1.50164438157555
346,1277,1.50164438157555
217,1327,1.50164438157555
1476,127,1.50164438157555
127,1410,1.50164438157555
127,1277,1.50164438157555
127,244,1.50164438157555
127,667,1.50164438157555
1246,1067,1.50164438157555
1067,115,1.50164438157555
168,243,1.50164438157555
168,622,1.50164438157555
1060,1122,1.50164438157555
1060,1277,1.50164438157555
1060,244,1.50164438157555
1060,667,1.50164438157555
263,1327,1.50164438157555
877,1327,1.50164438157555
70,1327,1.50164438157555
532,18,1.50164438157555
474,1065,1.5007395782862
1260,1065,1.5007395782862
331,1065,1.5007395782862
1065,955,1.5007395782862
1065,841,1.5007395782862
1065,890,1.5007395782862
1065,534,1.5007395782862
1065,1296,1.5007395782862
1065,441,1.5007395782862
1065,252,1.5007395782862
1065,499,1.5007395782862
1065,253,1.5007395782862
1065,1458,1.5007395782862
1065,882,1.5007395782862
1065,177,1.5007395782862
1065,695,1.5007395782862
1065,939,1.5007395782862
1065,1082,1.5007395782862
1065,258,1.5007395782862
920,466,1.4891752588613
774,408,1.4891752588613
466,408,1.4891752588613
10,1107,1.48795537730724
463,674,1.48795537730724
221,568,1.48660657541403
221,1542,1.48660657541403
221,1021,1.48660657541403
485,1542,1.48660657541403
485,501,1.48660657541403
926,677,1.48660657541403
568,1379,1.48660657541403
568,898,1.48660657541403
455,575,1.48660657541403
174,1508,1.48660657541403
148,1508,1.48660657541403
395,403,1.48660657541403
395,790,1.48660657541403
395,1480,1.48660657541403
395,147,1.48660657541403
395,488,1.48660657541403
185,714,1.48660657541403
185,575,1.48660657541403
185,1203,1.48660657541403
185,230,1.48660657541403
185,281,1.48660657541403
69,1508,1.48660657541403
69,1310,1.48660657541403
69,591,1.48660657541403
1427,241,1.48660657541403
1471,923,1.48660657541403
1361,949,1.48660657541403
1361,1311,1.48660657541403
1361,1171,1.48660657541403
1361,512,1.48660657541403
1361,761,1.48660657541403
1361,900,1.48660657541403
301,677,1.48660657541403
655,488,1.48660657541403
655,1192,1.48660657541403
949,677,1.48660657541403
949,66,1.48660657541403
1056,1292,1.48660657541403
1056,1192,1.48660657541403
714,623,1.48660657541403
714,512,1.48660657541403
714,611,1.48660657541403
714,1035,1.48660657541403
714,940,1.48660657541403
714,662,1.48660657541403
1068,1542,1.48660657541403
1068,1220,1.48660657541403
628,281,1.48660657541403
323,1261,1.48660657541403
323,32,1.48660657541403
323,1419,1.48660657541403
323,273,1.48660657541403
323,479,1.48660657541403
323,978,1.48660657541403
1379,1021,1.48660657541403
575,862,1.48660657541403
575,1222,1.48660657541403
575,618,1.48660657541403
575,995,1.48660657541403
575,207,1.48660657541403
575,14,1.48660657541403
575,611,1.48660657541403
575,865,1.48660657541403
575,1506,1.48660657541403
575,900,1.48660657541403
575,662,1.48660657541403
575,967,1.48660657541403
1102,281,1.48660657541403
286,790,1.48660657541403
623,1292,1.48660657541403
623,403,1.48660657541403
623,677,1.48660657541403
1292,588,1.48660657541403
1292,36,1.48660657541403
1292,1035,1.48660657541403
1292,900,1.48660657541403
1135,677,1.48660657541403
1135,1203,1.48660657541403
552,87,1.48660657541403
48,1542,1.48660657541403
403,1171,1.48660657541403
403,615,1.48660657541403
403,512,1.48660657541403
601,1508,1.48660657541403
1542,1339,1.48660657541403
1542,1311,1.48660657541403
1542,390,1.48660657541403
1542,611,1.48660657541403
1542,1348,1.48660657541403
1542,1139,1.48660657541403
158,241,1.48660657541403
158,591,1.48660657541403
1339,501,1.48660657541403
501,341,1.48660657541403
501,170,1.48660657541403
501,560,1.48660657541403
501,1218,1.48660657541403
1311,677,1.48660657541403
1311,1310,1.48660657541403
1311,1192,1.48660657541403
618,1192,1.48660657541403
1449,677,1.48660657541403
1449,281,1.48660657541403
588,230,1.48660657541403
588,87,1.48660657541403
588,1192,1.48660657541403
207,1203,1.48660657541403
789,241,1.48660657541403
1021,898,1.48660657541403
790,32,1.48660657541403
790,865,1.48660657541403
790,236,1.48660657541403
790,1289,1.48660657541403
790,1429,1.48660657541403
1480,596,1.48660657541403
1480,173,1.48660657541403
1480,1544,1.48660657541403
1480,125,1.48660657541403
1480,162,1.48660657541403
32,147,1.48660657541403
32,591,1.48660657541403
273,1508,1.48660657541403
273,281,1.48660657541403
1478,281,1.48660657541403
598,1508,1.48660657541403
479,591,1.48660657541403
250,677,1.48660657541403
14,1203,1.48660657541403
754,230,1.48660657541403
754,87,1.48660657541403
677,358,1.48660657541403
677,426,1.48660657541403
677,886,1.48660657541403
677,616,1.48660657541403
390,1310,1.48660657541403
1544,147,1.48660657541403
604,230,1.48660657541403
547,230,1.48660657541403
547,1310,1.48660657541403
1203,12,1.48660657541403
1203,611,1.48660657541403
1203,865,1.48660657541403
1203,900,1.48660657541403
1203,967,1.48660657541403
1508,611,1.48660657541403
1508,0,1.48660657541403
1508,978,1.48660657541403
1508,125,1.48660657541403
1508,1373,1.48660657541403
230,611,1.48660657541403
230,978,1.48660657541403
230,340,1.48660657541403
230,662,1.48660657541403
230,967,1.48660657541403
611,281,1.48660657541403
611,1310,1.48660657541403
611,241,1.48660657541403
281,662,1.48660657541403
281,967,1.48660657541403
761,66,1.48660657541403
865,147,1.48660657541403
1431,591,1.48660657541403
147,236,1.48660657541403
147,1429,1.48660657541403
0,488,1.48660657541403
978,87,1.48660657541403
340,1310,1.48660657541403
1348,1310,1.48660657541403
560,1310,1.48660657541403
87,616,1.48660657541403
1310,1429,1.48660657541403
1310,1139,1.48660657541403
1031,591,1.48660657541403
923,1303,1.48660657541403
900,488,1.48660657541403
900,1192,1.48660657541403
1192,1303,1.48660657541403
66,1429,1.48660657541403
59,29,1.48541813453727
235,29,1.48541813453727
502,29,1.48541813453727
1474,29,1.48541813453727
191,29,1.48541813453727
1337,29,1.48541813453727
565,29,1.48541813453727
1441,29,1.48541813453727
633,29,1.48541813453727
871,29,1.48541813453727
1541,29,1.48541813453727
436,29,1.48541813453727
75,29,1.48541813453727
131,29,1.48541813453727
29,23,1.48541813453727
29,409,1.48541813453727
29,762,1.48541813453727
29,1456,1.48541813453727
29,564,1.48541813453727
1214,133,1.48261253034914
1526,1072,1.48045114844363
388,1330,1.47199470935541
930,1330,1.47199470935541
930,74,1.47199470935541
802,1330,1.47199470935541
1297,1330,1.47199470935541
808,1527,1.47199470935541
830,1320,1.47199470935541
227,1527,1.47199470935541
1298,234,1.47199470935541
1298,1543,1.47199470935541
237,234,1.47199470935541
237,1543,1.47199470935541
237,980,1.47199470935541
1091,1527,1.47199470935541
1091,980,1.47199470935541
1365,234,1.47199470935541
1365,74,1.47199470935541
1411,1330,1.47199470935541
884,234,1.47199470935541
884,1527,1.47199470935541
884,980,1.47199470935541
1312,1543,1.47199470935541
567,1527,1.47199470935541
915,1320,1.47199470935541
915,850,1.47199470935541
446,850,1.47199470935541
613,1330,1.47199470935541
845,1320,1.47199470935541
845,380,1.47199470935541
845,850,1.47199470935541
1525,1543,1.47199470935541
1525,980,1.47199470935541
977,1543,1.47199470935541
768,74,1.47199470935541
187,1543,1.47199470935541
1320,1230,1.47199470935541
1320,632,1.47199470935541
1320,635,1.47199470935541
1320,1039,1.47199470935541
1320,1244,1.47199470935541
1320,156,1.47199470935541
1320,453,1.47199470935541
1320,155,1.47199470935541
1045,1527,1.47199470935541
726,74,1.47199470935541
203,1543,1.47199470935541
259,380,1.47199470935541
259,1527,1.47199470935541
302,1330,1.47199470935541
161,1543,1.47199470935541
82,850,1.47199470935541
901,1330,1.47199470935541
944,1330,1.47199470935541
944,850,1.47199470935541
209,980,1.47199470935541
31,234,1.47199470935541
873,1543,1.47199470935541
180,1330,1.47199470935541
631,1527,1.47199470935541
234,553,1.47199470935541
234,736,1.47199470935541
234,239,1.47199470935541
234,1360,1.47199470935541
234,217,1.47199470935541
234,1424,1.47199470935541
234,627,1.47199470935541
1492,1330,1.47199470935541
637,980,1.47199470935541
1499,74,1.47199470935541
89,1330,1.47199470935541
553,1330,1.47199470935541
297,850,1.47199470935541
1420,1527,1.47199470935541
1325,980,1.47199470935541
736,1543,1.47199470935541
736,980,1.47199470935541
489,1330,1.47199470935541
519,380,1.47199470935541
380,632,1.47199470935541
380,1143,1.47199470935541
380,347,1.47199470935541
380,453,1.47199470935541
380,709,1.47199470935541
380,492,1.47199470935541
380,1299,1.47199470935541
380,243,1.47199470935541
239,1330,1.47199470935541
310,1527,1.47199470935541
1543,643,1.47199470935541
1543,217,1.47199470935541
1543,263,1.47199470935541
1543,1267,1.47199470935541
1543,70,1.47199470935541
1543,18,1.47199470935541
1543,627,1.47199470935541
518,193,1.47199470935541
1332,74,1.47199470935541
632,850,1.47199470935541
104,193,1.47199470935541
635,850,1.47199470935541
400,850,1.47199470935541
20,74,1.47199470935541
1360,1330,1.47199470935541
1447,1527,1.47199470935541
1095,74,1.47199470935541
643,1330,1.47199470935541
1330,67,1.47199470935541
1330,172,1.47199470935541
1330,680,1.47199470935541
1330,25,1.47199470935541
1330,1442,1.47199470935541
1330,1500,1.47199470935541
1527,1111,1.47199470935541
1527,343,1.47199470935541
1527,39,1.47199470935541
1527,367,1.47199470935541
1527,371,1.47199470935541
1527,243,1.47199470935541
1039,850,1.47199470935541
349,980,1.47199470935541
172,74,1.47199470935541
850,1244,1.47199470935541
850,453,1.47199470935541
850,1321,1.47199470935541
850,155,1.47199470935541
850,1277,1.47199470935541
850,244,1.47199470935541
850,667,1.47199470935541
850,546,1.47199470935541
105,74,1.47199470935541
1274,74,1.47199470935541
74,70,1.47199470935541
74,782,1.47199470935541
74,289,1.47199470935541
254,193,1.47199470935541
175,193,1.47199470935541
1044,193,1.47199470935541
1484,980,1.47199470935541
179,980,1.47199470935541
383,980,1.47199470935541
980,18,1.47199470935541
980,627,1.47199470935541
429,674,1.47101752276095
647,674,1.47101752276095
59,1064,1.47101752276095
1326,1107,1.47101752276095
139,674,1.47101752276095
1523,1107,1.47101752276095
1523,1064,1.47101752276095
392,1064,1.47101752276095
1342,1107,1.47101752276095
642,451,1.47101752276095
1189,1107,1.47101752276095
1164,451,1.47101752276095
1363,1107,1.47101752276095
319,1064,1.47101752276095
562,1064,1.47101752276095
1141,674,1.47101752276095
1085,1107,1.47101752276095
451,1053,1.47101752276095
451,405,1.47101752276095
451,1201,1.47101752276095
451,196,1.47101752276095
451,1101,1.47101752276095
451,406,1.47101752276095
451,355,1.47101752276095
451,166,1.47101752276095
451,414,1.47101752276095
451,982,1.47101752276095
451,136,1.47101752276095
451,1015,1.47101752276095
451,181,1.47101752276095
451,315,1.47101752276095
451,1313,1.47101752276095
451,986,1.47101752276095
391,674,1.47101752276095
336,1064,1.47101752276095
1036,1064,1.47101752276095
491,1107,1.47101752276095
114,1107,1.47101752276095
1226,1064,1.47101752276095
195,674,1.47101752276095
1043,1107,1.47101752276095
1498,674,1.47101752276095
913,674,1.47101752276095
246,674,1.47101752276095
1418,1064,1.47101752276095
1048,674,1.47101752276095
1403,1107,1.47101752276095
1283,1107,1.47101752276095
992,1064,1.47101752276095
871,1064,1.47101752276095
145,1064,1.47101752276095
1547,1107,1.47101752276095
484,1107,1.47101752276095
484,674,1.47101752276095
199,1107,1.47101752276095
199,674,1.47101752276095
523,674,1.47101752276095
810,1107,1.47101752276095
436,1107,1.47101752276095
952,1107,1.47101752276095
120,1107,1.47101752276095
1399,1064,1.47101752276095
750,1064,1.47101752276095
582,674,1.47101752276095
1004,1107,1.47101752276095
1343,1064,1.47101752276095
385,1064,1.47101752276095
377,1064,1.47101752276095
758,674,1.47101752276095
229,674,1.47101752276095
1089,1107,1.47101752276095
182,674,1.47101752276095
540,1064,1.47101752276095
309,674,1.47101752276095
702,1107,1.47101752276095
23,1107,1.47101752276095
652,674,1.47101752276095
741,1107,1.47101752276095
741,674,1.47101752276095
1457,1064,1.47101752276095
605,1107,1.47101752276095
153,1107,1.47101752276095
91,1107,1.47101752276095
1107,1081,1.47101752276095
1107,1423,1.47101752276095
1107,294,1.47101752276095
1107,924,1.47101752276095
1107,1187,1.47101752276095
1107,1074,1.47101752276095
1107,186,1.47101752276095
1107,1254,1.47101752276095
1107,326,1.47101752276095
1107,1491,1.47101752276095
1107,1516,1.47101752276095
1107,1470,1.47101752276095
1107,1496,1.47101752276095
1107,1125,1.47101752276095
1107,607,1.47101752276095
1107,469,1.47101752276095
1107,1147,1.47101752276095
1107,1199,1.47101752276095
1107,516,1.47101752276095
1107,1468,1.47101752276095
1081,674,1.47101752276095
22,1064,1.47101752276095
1185,674,1.47101752276095
835,1064,1.47101752276095
1217,1064,1.47101752276095
800,674,1.47101752276095
525,1064,1.47101752276095
586,1064,1.47101752276095
1520,674,1.47101752276095
1366,674,1.47101752276095
460,1064,1.47101752276095
710,1064,1.47101752276095
826,1064,1.47101752276095
1064,891,1.47101752276095
1064,117,1.47101752276095
1064,999,1.47101752276095
1064,658,1.47101752276095
1064,1034,1.47101752276095
1064,68,1.47101752276095
1064,444,1.47101752276095
1064,1193,1.47101752276095
1064,1378,1.47101752276095
1064,1494,1.47101752276095
1064,646,1.47101752276095
1064,724,1.47101752276095
1064,188,1.47101752276095
1064,825,1.47101752276095
350,674,1.47101752276095
1464,674,1.47101752276095
674,1240,1.47101752276095
674,879,1.47101752276095
674,1061,1.47101752276095
674,1313,1.47101752276095
674,1199,1.47101752276095
674,781,1.47101752276095
674,609,1.47101752276095
1178,1231,1.46133123113759
612,1231,1.46133123113759
1231,542,1.46133123113759
863,1231,1.45744781627077
432,1231,1.45744781627077
634,1231,1.45744781627077
65,1231,1.45744781627077
1012,1231,1.45744781627077
1063,1231,1.45744781627077
562,1231,1.45744781627077
122,1231,1.45744781627077
1090,1231,1.45744781627077
13,1231,1.45744781627077
545,1231,1.45744781627077
847,1231,1.45744781627077
1226,1231,1.45744781627077
1403,1231,1.45744781627077
1161,1231,1.45744781627077
941,1231,1.45744781627077
1206,1231,1.45744781627077
1174,1231,1.45744781627077
992,1231,1.45744781627077
274,1231,1.45744781627077
145,1231,1.45744781627077
851,1231,1.45744781627077
1323,1231,1.45744781627077
557,1231,1.45744781627077
374,1231,1.45744781627077
1276,1231,1.45744781627077
189,1231,1.45744781627077
1407,1231,1.45744781627077
537,1231,1.45744781627077
1055,1231,1.45744781627077
966,1231,1.45744781627077
540,1231,1.45744781627077
605,1231,1.45744781627077
1268,1231,1.45744781627077
262,1231,1.45744781627077
1408,1231,1.45744781627077
396,1231,1.45744781627077
460,1231,1.45744781627077
769,1231,1.45744781627077
826,1231,1.45744781627077
126,1231,1.45744781627077
891,1231,1.45744781627077
1051,1231,1.45744781627077
658,1231,1.45744781627077
1293,1231,1.45744781627077
68,1231,1.45744781627077
1013,1231,1.45744781627077
1210,1231,1.45744781627077
821,1231,1.45744781627077
1231,1197,1.45744781627077
1231,721,1.45744781627077
1231,57,1.45744781627077
1231,164,1.45744781627077
508,354,1.45039442409896
508,378,1.45039442409896
524,772,1.45039442409896
772,354,1.45039442409896
772,378,1.45039442409896
1526,801,1.44646102099147
133,528,1.44646102099147
853,1371,1.44605595446997
853,990,1.44605595446997
853,838,1.44605595446997
853,1290,1.44605595446997
853,638,1.44605595446997
853,1444,1.44605595446997
1137,745,1.44605595446997
1137,792,1.44605595446997
1137,456,1.44605595446997
919,257,1.44605595446997
919,84,1.44605595446997
919,1432,1.44605595446997
919,425,1.44605595446997
919,1227,1.44605595446997
1010,1208,1.44605595446997
1010,1290,1.44605595446997
1010,1444,1.44605595446997
733,638,1.44605595446997
733,1146,1.44605595446997
107,33,1.44605595446997
1228,990,1.44605595446997
507,165,1.44605595446997
507,1301,1.44605595446997
507,84,1.44605595446997
507,752,1.44605595446997
366,345,1.44605595446997
366,480,1.44605595446997
366,1242,1.44605595446997
366,1105,1.44605595446997
366,224,1.44605595446997
366,1355,1.44605595446997
366,456,1.44605595446997
366,885,1.44605595446997
64,958,1.44605595446997
64,257,1.44605595446997
64,1168,1.44605595446997
64,638,1.44605595446997
64,1146,1.44605595446997
1371,561,1.44605595446997
1371,21,1.44605595446997
1371,694,1.44605595446997
1371,745,1.44605595446997
1371,1198,1.44605595446997
1371,1112,1.44605595446997
1371,566,1.44605595446997
345,30,1.44605595446997
345,555,1.44605595446997
345,308,1.44605595446997
345,653,1.44605595446997
345,1146,1.44605595446997
30,1093,1.44605595446997
30,480,1.44605595446997
30,219,1.44605595446997
720,792,1.44605595446997
720,456,1.44605595446997
987,1290,1.44605595446997
987,1444,1.44605595446997
1279,1000,1.44605595446997
1438,1242,1.44605595446997
1438,1435,1.44605595446997
1438,1128,1.44605595446997
1093,275,1.44605595446997
1093,653,1.44605595446997
1093,1352,1.44605595446997
1037,1075,1.44605595446997
15,831,1.44605595446997
907,1131,1.44605595446997
907,1392,1.44605595446997
561,990,1.44605595446997
561,838,1.44605595446997
1075,1207,1.44605595446997
1075,1100,1.44605595446997
1075,666,1.44605595446997
1075,387,1.44605595446997
1075,694,1.44605595446997
1075,792,1.44605595446997
1075,1436,1.44605595446997
397,1227,1.44605595446997
1207,990,1.44605595446997
1207,838,1.44605595446997
1207,773,1.44605595446997
823,84,1.44605595446997
275,71,1.44605595446997
275,1173,1.44605595446997
275,1435,1.44605595446997
1443,843,1.44605595446997
1443,1290,1.44605595446997
1443,1444,1.44605595446997
1443,1352,1.44605595446997
165,1461,1.44605595446997
165,1038,1.44605595446997
165,1142,1.44605595446997
165,21,1.44605595446997
165,1362,1.44605595446997
165,745,1.44605595446997
1175,308,1.44605595446997
480,653,1.44605595446997
268,1148,1.44605595446997
268,344,1.44605595446997
1131,1208,1.44605595446997
787,566,1.44605595446997
1380,33,1.44605595446997
308,1461,1.44605595446997
308,171,1.44605595446997
308,1355,1.44605595446997
308,456,1.44605595446997
308,150,1.44605595446997
308,272,1.44605595446997
308,786,1.44605595446997
497,1208,1.44605595446997
497,843,1.44605595446997
497,1290,1.44605595446997
1461,990,1.44605595446997
1461,638,1.44605595446997
1208,1248,1.44605595446997
1208,160,1.44605595446997
666,820,1.44605595446997
666,1146,1.44605595446997
1142,990,1.44605595446997
1007,84,1.44605595446997
990,723,1.44605595446997
990,985,1.44605595446997
990,1295,1.44605595446997
990,745,1.44605595446997
990,1198,1.44605595446997
990,581,1.44605595446997
990,644,1.44605595446997
990,566,1.44605595446997
990,1413,1.44605595446997
33,795,1.44605595446997
33,694,1.44605595446997
33,1362,1.44605595446997
33,1295,1.44605595446997
33,1198,1.44605595446997
33,1,1.44605595446997
33,644,1.44605595446997
1242,1146,1.44605595446997
958,786,1.44605595446997
548,843,1.44605595446997
548,1444,1.44605595446997
1422,1444,1.44605595446997
1033,1301,1.44605595446997
1033,223,1.44605595446997
1301,171,1.44605595446997
1301,1436,1.44605595446997
1173,1432,1.44605595446997
1173,425,1.44605595446997
1173,1227,1.44605595446997
1233,752,1.44605595446997
224,1444,1.44605595446997
21,773,1.44605595446997
985,1432,1.44605595446997
985,843,1.44605595446997
985,1227,1.44605595446997
985,1290,1.44605595446997
694,752,1.44605595446997
694,1290,1.44605595446997
694,1146,1.44605595446997
1295,838,1.44605595446997
1295,773,1.44605595446997
171,1146,1.44605595446997
84,521,1.44605595446997
1355,820,1.44605595446997
1355,1444,1.44605595446997
293,678,1.44605595446997
293,885,1.44605595446997
293,368,1.44605595446997
745,838,1.44605595446997
745,773,1.44605595446997
792,838,1.44605595446997
792,223,1.44605595446997
1078,223,1.44605595446997
456,838,1.44605595446997
456,1146,1.44605595446997
1198,752,1.44605595446997
1198,773,1.44605595446997
1128,1432,1.44605595446997
1128,425,1.44605595446997
1128,1227,1.44605595446997
581,773,1.44605595446997
506,223,1.44605595446997
506,1168,1.44605595446997
752,644,1.44605595446997
249,843,1.44605595446997
249,1352,1.44605595446997
838,644,1.44605595446997
838,566,1.44605595446997
368,1190,1.44605595446997
521,1290,1.44605595446997
663,773,1.44605595446997
272,1146,1.44605595446997
1099,1444,1.44605595446997
1146,1436,1.44605595446997
221,37,1.44596122615469
221,1482,1.44596122615469
926,1243,1.44596122615469
926,329,1.44596122615469
926,965,1.44596122615469
455,468,1.44596122615469
455,295,1.44596122615469
395,1211,1.44596122615469
395,730,1.44596122615469
185,965,1.44596122615469
185,472,1.44596122615469
69,37,1.44596122615469
69,450,1.44596122615469
69,472,1.44596122615469
1250,1521,1.44596122615469
1427,918,1.44596122615469
301,1243,1.44596122615469
301,329,1.44596122615469
26,37,1.44596122615469
949,1243,1.44596122615469
949,329,1.44596122615469
949,965,1.44596122615469
1056,329,1.44596122615469
1068,37,1.44596122615469
439,48,1.44596122615469
439,598,1.44596122615469
439,611,1.44596122615469
439,0,1.44596122615469
439,1348,1.44596122615469
439,1289,1.44596122615469
862,450,1.44596122615469
862,1243,1.44596122615469
862,1211,1.44596122615469
286,1243,1.44596122615469
286,101,1.44596122615469
286,671,1.44596122615469
37,1311,1.44596122615469
37,598,1.44596122615469
37,611,1.44596122615469
37,0,1.44596122615469
37,1348,1.44596122615469
37,560,1.44596122615469
37,898,1.44596122615469
37,416,1.44596122615469
37,1046,1.44596122615469
37,430,1.44596122615469
37,1139,1.44596122615469
1135,291,1.44596122615469
552,1521,1.44596122615469
450,925,1.44596122615469
450,995,1.44596122615469
450,1315,1.44596122615469
450,898,1.44596122615469
450,1506,1.44596122615469
450,314,1.44596122615469
1222,468,1.44596122615469
1222,295,1.44596122615469
1311,468,1.44596122615469
1311,911,1.44596122615469
618,101,1.44596122615469
618,1211,1.44596122615469
588,468,1.44596122615469
588,291,1.44596122615469
1171,1482,1.44596122615469
995,101,1.44596122615469
995,671,1.44596122615469
207,1211,1.44596122615469
330,604,1.44596122615469
330,547,1.44596122615469
330,340,1.44596122615469
330,233,1.44596122615469
789,918,1.44596122615469
32,1243,1.44596122615469
468,596,1.44596122615469
468,754,1.44596122615469
468,173,1.44596122615469
468,390,1.44596122615469
468,1544,1.44596122615469
468,611,1.44596122615469
468,978,1.44596122615469
468,1348,1.44596122615469
468,560,1.44596122615469
468,162,1.44596122615469
468,1139,1.44596122615469
1243,14,1.44596122615469
1243,604,1.44596122615469
1243,512,1.44596122615469
1243,865,1.44596122615469
1243,0,1.44596122615469
1243,1429,1.44596122615469
1243,616,1.44596122615469
101,865,1.44596122615469
101,311,1.44596122615469
1478,251,1.44596122615469
1478,965,1.44596122615469
329,36,1.44596122615469
329,512,1.44596122615469
329,948,1.44596122615469
329,900,1.44596122615469
1215,251,1.44596122615469
1219,965,1.44596122615469
250,291,1.44596122615469
173,251,1.44596122615469
390,911,1.44596122615469
918,611,1.44596122615469
1211,604,1.44596122615469
1211,948,1.44596122615469
1211,865,1.44596122615469
1211,236,1.44596122615469
730,512,1.44596122615469
730,900,1.44596122615469
512,965,1.44596122615469
611,965,1.44596122615469
611,472,1.44596122615469
611,911,1.44596122615469
865,671,1.44596122615469
358,291,1.44596122615469
291,426,1.44596122615469
291,311,1.44596122615469
291,1035,1.44596122615469
291,886,1.44596122615469
291,900,1.44596122615469
291,616,1.44596122615469
1482,898,1.44596122615469
671,311,1.44596122615469
125,965,1.44596122615469
125,1521,1.44596122615469
965,900,1.44596122615469
965,662,1.44596122615469
965,967,1.44596122615469
965,616,1.44596122615469
1348,911,1.44596122615469
560,911,1.44596122615469
472,1529,1.44596122615469
472,662,1.44596122615469
472,967,1.44596122615469
1521,1429,1.44596122615469
1521,359,1.44596122615469
911,1139,1.44596122615469
388,72,1.44567668501399
388,1166,1.44567668501399
1232,1166,1.44567668501399
1473,747,1.44567668501399
802,763,1.44567668501399
802,459,1.44567668501399
802,814,1.44567668501399
802,318,1.44567668501399
802,1166,1.44567668501399
200,1428,1.44567668501399
897,763,1.44567668501399
897,814,1.44567668501399
830,1428,1.44567668501399
945,342,1.44567668501399
1298,648,1.44567668501399
1298,376,1.44567668501399
237,1428,1.44567668501399
458,814,1.44567668501399
763,1411,1.44567668501399
763,97,1.44567668501399
763,1503,1.44567668501399
763,519,1.44567668501399
763,1238,1.44567668501399
763,176,1.44567668501399
763,67,1.44567668501399
763,1111,1.44567668501399
763,347,1.44567668501399
763,1410,1.44567668501399
763,1265,1.44567668501399
763,696,1.44567668501399
763,869,1.44567668501399
763,1158,1.44567668501399
763,1512,1.44567668501399
763,1515,1.44567668501399
1091,1166,1.44567668501399
72,1411,1.44567668501399
72,302,1.44567668501399
72,944,1.44567668501399
72,89,1.44567668501399
72,489,1.44567668501399
72,157,1.44567668501399
72,67,1.44567668501399
459,1312,1.44567668501399
459,608,1.44567668501399
459,519,1.44567668501399
459,176,1.44567668501399
459,1111,1.44567668501399
459,347,1.44567668501399
459,202,1.44567668501399
459,1410,1.44567668501399
459,991,1.44567668501399
459,1265,1.44567668501399
459,869,1.44567668501399
459,1321,1.44567668501399
459,244,1.44567668501399
1411,1166,1.44567668501399
1280,768,1.44567668501399
1280,901,1.44567668501399
1280,1455,1.44567668501399
1280,904,1.44567668501399
1280,1499,1.44567668501399
1280,632,1.44567668501399
1280,225,1.44567668501399
1280,20,1.44567668501399
1280,1095,1.44567668501399
1280,1114,1.44567668501399
1280,1274,1.44567668501399
1280,1319,1.44567668501399
1280,1424,1.44567668501399
1280,70,1.44567668501399
1280,289,1.44567668501399
884,876,1.44567668501399
567,583,1.44567668501399
97,376,1.44567668501399
446,1428,1.44567668501399
446,747,1.44567668501399
711,376,1.44567668501399
245,288,1.44567668501399
467,342,1.44567668501399
493,376,1.44567668501399
636,602,1.44567668501399
788,318,1.44567668501399
788,342,1.44567668501399
788,288,1.44567668501399
1223,602,1.44567668501399
775,602,1.44567668501399
814,726,1.44567668501399
814,31,1.44567668501399
814,176,1.44567668501399
814,1270,1.44567668501399
814,1111,1.44567668501399
814,804,1.44567668501399
814,1410,1.44567668501399
814,1265,1.44567668501399
814,869,1.44567668501399
796,318,1.44567668501399
768,342,1.44567668501399
726,376,1.44567668501399
259,602,1.44567668501399
259,288,1.44567668501399
302,1166,1.44567668501399
161,376,1.44567668501399
602,31,1.44567668501399
602,553,1.44567668501399
602,239,1.44567668501399
602,1402,1.44567668501399
602,518,1.44567668501399
602,104,1.44567668501399
602,1360,1.44567668501399
602,121,1.44567668501399
602,1476,1.44567668501399
602,1410,1.44567668501399
602,492,1.44567668501399
602,1460,1.44567668501399
602,243,1.44567668501399
82,288,1.44567668501399
82,876,1.44567668501399
82,747,1.44567668501399
1230,1428,1.44567668501399
318,31,1.44567668501399
318,1492,1.44567668501399
318,504,1.44567668501399
318,728,1.44567668501399
318,176,1.44567668501399
318,1111,1.44567668501399
318,1410,1.44567668501399
318,1265,1.44567668501399
318,869,1.44567668501399
318,243,1.44567668501399
318,622,1.44567668501399
318,115,1.44567668501399
944,747,1.44567668501399
944,1166,1.44567668501399
526,376,1.44567668501399
322,376,1.44567668501399
31,1428,1.44567668501399
31,288,1.44567668501399
873,648,1.44567668501399
1455,376,1.44567668501399
784,288,1.44567668501399
316,1428,1.44567668501399
631,747,1.44567668501399
637,876,1.44567668501399
1499,1428,1.44567668501399
1499,342,1.44567668501399
197,1166,1.44567668501399
99,376,1.44567668501399
89,1166,1.44567668501399
648,553,1.44567668501399
648,239,1.44567668501399
648,1385,1.44567668501399
648,157,1.44567668501399
648,1360,1.44567668501399
648,1044,1.44567668501399
648,718,1.44567668501399
676,376,1.44567668501399
553,1166,1.44567668501399
285,376,1.44567668501399
297,288,1.44567668501399
297,876,1.44567668501399
297,747,1.44567668501399
1006,288,1.44567668501399
698,342,1.44567668501399
1503,376,1.44567668501399
1325,876,1.44567668501399
736,1428,1.44567668501399
1428,239,1.44567668501399
1428,518,1.44567668501399
1428,104,1.44567668501399
1428,1087,1.44567668501399
1428,1360,1.44567668501399
1428,172,1.44567668501399
1428,156,1.44567668501399
1428,782,1.44567668501399
1428,627,1.44567668501399
489,1166,1.44567668501399
411,1166,1.44567668501399
239,1166,1.44567668501399
1238,376,1.44567668501399
305,583,1.44567668501399
1385,876,1.44567668501399
632,747,1.44567668501399
225,1166,1.44567668501399
744,583,1.44567668501399
635,288,1.44567668501399
635,747,1.44567668501399
342,20,1.44567668501399
342,1447,1.44567668501399
342,1486,1.44567668501399
342,1274,1.44567668501399
342,1024,1.44567668501399
342,70,1.44567668501399
342,776,1.44567668501399
342,718,1.44567668501399
728,288,1.44567668501399
400,288,1.44567668501399
400,876,1.44567668501399
400,747,1.44567668501399
1360,1166,1.44567668501399
551,376,1.44567668501399
176,1166,1.44567668501399
67,1166,1.44567668501399
172,376,1.44567668501399
172,876,1.44567668501399
172,583,1.44567668501399
669,1166,1.44567668501399
376,803,1.44567668501399
376,217,1.44567668501399
376,1044,1.44567668501399
376,1319,1.44567668501399
376,1424,1.44567668501399
376,782,1.44567668501399
1249,288,1.44567668501399
803,876,1.44567668501399
1111,1166,1.44567668501399
347,583,1.44567668501399
288,240,1.44567668501399
288,413,1.44567668501399
288,1083,1.44567668501399
288,1277,1.44567668501399
288,244,1.44567668501399
288,667,1.44567668501399
709,876,1.44567668501399
1410,1166,1.44567668501399
492,583,1.44567668501399
876,254,1.44567668501399
876,175,1.44567668501399
876,179,1.44567668501399
876,383,1.44567668501399
876,1277,1.44567668501399
876,244,1.44567668501399
876,667,1.44567668501399
876,782,1.44567668501399
1265,1166,1.44567668501399
869,1166,1.44567668501399
747,704,1.44567668501399
747,1158,1.44567668501399
747,1321,1.44567668501399
747,1277,1.44567668501399
747,244,1.44567668501399
747,667,1.44567668501399
747,546,1.44567668501399
747,1515,1.44567668501399
1375,583,1.44567668501399
451,1331,1.44342070690534
247,674,1.44342070690534
513,675,1.4339981555024
675,639,1.4339981555024
675,771,1.4339981555024
675,381,1.4339981555024
675,143,1.4339981555024
675,404,1.4339981555024
675,599,1.4339981555024
675,135,1.4339981555024
1176,1236,1.4339981555024
771,143,1.4339981555024
771,731,1.4339981555024
771,404,1.4339981555024
839,1011,1.4339981555024
842,1073,1.4339981555024
842,34,1.4339981555024
842,957,1.4339981555024
855,717,1.4339981555024
855,1162,1.4339981555024
855,462,1.4339981555024
717,143,1.4339981555024
717,1170,1.4339981555024
717,1059,1.4339981555024
381,206,1.4339981555024
1162,332,1.4339981555024
1162,1278,1.4339981555024
1162,462,1.4339981555024
905,1073,1.4339981555024
514,599,1.4339981555024
514,1133,1.4339981555024
85,1537,1.4339981555024
85,972,1.4339981555024
85,883,1.4339981555024
129,35,1.4339981555024
129,556,1.4339981555024
129,957,1.4339981555024
206,1390,1.4339981555024
206,864,1.4339981555024
206,1475,1.4339981555024
143,404,1.4339981555024
143,1170,1.4339981555024
143,703,1.4339981555024
296,34,1.4339981555024
515,731,1.4339981555024
515,1475,1.4339981555024
515,135,1.4339981555024
1390,864,1.4339981555024
1390,1475,1.4339981555024
1510,1073,1.4339981555024
1510,462,1.4339981555024
706,332,1.4339981555024
706,1278,1.4339981555024
706,1094,1.4339981555024
1005,606,1.4339981555024
1005,135,1.4339981555024
35,556,1.4339981555024
556,554,1.4339981555024
332,404,1.4339981555024
332,1258,1.4339981555024
332,1518,1.4339981555024
332,462,1.4339981555024
332,972,1.4339981555024
731,1522,1.4339981555024
731,1073,1.4339981555024
1522,864,1.4339981555024
1522,822,1.4339981555024
1522,1258,1.4339981555024
1382,1393,1.4339981555024
1382,1073,1.4339981555024
1382,1133,1.4339981555024
541,599,1.4339981555024
404,34,1.4339981555024
404,883,1.4339981555024
1170,462,1.4339981555024
1092,599,1.4339981555024
703,822,1.4339981555024
703,883,1.4339981555024
703,957,1.4339981555024
864,1475,1.4339981555024
822,1258,1.4339981555024
822,957,1.4339981555024
1475,1236,1.4339981555024
1475,1133,1.4339981555024
1278,1094,1.4339981555024
34,883,1.4339981555024
972,554,1.4339981555024
1236,1133,1.4339981555024
1163,1133,1.4339981555024
388,815,1.42210128307953
930,94,1.42210128307953
930,1300,1.42210128307953
930,612,1.42210128307953
1232,1008,1.42210128307953
1232,1300,1.42210128307953
802,815,1.42210128307953
802,1300,1.42210128307953
802,1030,1.42210128307953
802,612,1.42210128307953
802,542,1.42210128307953
1409,1008,1.42210128307953
1409,1178,1.42210128307953
10,808,1.42210128307953
10,1411,1.42210128307953
10,1017,1.42210128307953
10,1045,1.42210128307953
10,785,1.42210128307953
10,997,1.42210128307953
10,31,1.42210128307953
10,1517,1.42210128307953
10,1492,1.42210128307953
10,1420,1.42210128307953
10,1532,1.42210128307953
10,1503,1.42210128307953
10,1385,1.42210128307953
10,20,1.42210128307953
10,1143,1.42210128307953
10,1111,1.42210128307953
10,347,1.42210128307953
10,791,1.42210128307953
10,175,1.42210128307953
10,696,1.42210128307953
10,343,1.42210128307953
10,39,1.42210128307953
10,1512,1.42210128307953
10,903,1.42210128307953
10,243,1.42210128307953
10,622,1.42210128307953
1297,815,1.42210128307953
830,1030,1.42210128307953
1298,1178,1.42210128307953
237,815,1.42210128307953
237,612,1.42210128307953
1091,1178,1.42210128307953
1091,1300,1.42210128307953
1091,612,1.42210128307953
1365,94,1.42210128307953
1008,1155,1.42210128307953
1008,580,1.42210128307953
1008,411,1.42210128307953
1008,225,1.42210128307953
1008,157,1.42210128307953
1008,1447,1.42210128307953
1008,906,1.42210128307953
1008,401,1.42210128307953
1008,709,1.42210128307953
1008,105,1.42210128307953
1008,667,1.42210128307953
1008,627,1.42210128307953
1411,815,1.42210128307953
567,463,1.42210128307953
97,1300,1.42210128307953
915,815,1.42210128307953
915,1009,1.42210128307953
915,612,1.42210128307953
915,463,1.42210128307953
446,1030,1.42210128307953
245,1009,1.42210128307953
1178,726,1.42210128307953
1178,901,1.42210128307953
1178,1155,1.42210128307953
1178,698,1.42210128307953
1178,1095,1.42210128307953
1178,349,1.42210128307953
1178,172,1.42210128307953
1178,401,1.42210128307953
1178,25,1.42210128307953
1178,217,1.42210128307953
1178,1484,1.42210128307953
1178,1424,1.42210128307953
1178,776,1.42210128307953
1178,782,1.42210128307953
1452,815,1.42210128307953
608,542,1.42210128307953
796,1009,1.42210128307953
684,542,1.42210128307953
815,302,1.42210128307953
815,944,1.42210128307953
815,1492,1.42210128307953
815,89,1.42210128307953
815,736,1.42210128307953
815,489,1.42210128307953
815,1385,1.42210128307953
815,176,1.42210128307953
815,67,1.42210128307953
815,1039,1.42210128307953
815,1111,1.42210128307953
815,804,1.42210128307953
815,1442,1.42210128307953
815,1209,1.42210128307953
815,727,1.42210128307953
815,1410,1.42210128307953
815,1265,1.42210128307953
815,869,1.42210128307953
815,1116,1.42210128307953
815,1512,1.42210128307953
815,155,1.42210128307953
815,1196,1.42210128307953
259,1009,1.42210128307953
259,1030,1.42210128307953
785,612,1.42210128307953
161,1300,1.42210128307953
82,463,1.42210128307953
1230,1030,1.42210128307953
997,612,1.42210128307953
901,94,1.42210128307953
901,1300,1.42210128307953
901,612,1.42210128307953
526,1300,1.42210128307953
94,31,1.42210128307953
94,1221,1.42210128307953
94,553,1.42210128307953
94,239,1.42210128307953
94,121,1.42210128307953
94,25,1.42210128307953
94,791,1.42210128307953
94,492,1.42210128307953
94,776,1.42210128307953
1455,1300,1.42210128307953
904,1030,1.42210128307953
784,1009,1.42210128307953
382,1009,1.42210128307953
631,1009,1.42210128307953
1300,99,1.42210128307953
1300,553,1.42210128307953
1300,1503,1.42210128307953
1300,411,1.42210128307953
1300,239,1.42210128307953
1300,1238,1.42210128307953
1300,225,1.42210128307953
1300,1360,1.42210128307953
1300,176,1.42210128307953
1300,172,1.42210128307953
1300,1111,1.42210128307953
1300,25,1.42210128307953
1300,1410,1.42210128307953
1300,1265,1.42210128307953
1300,869,1.42210128307953
1300,1319,1.42210128307953
1300,1500,1.42210128307953
1300,782,1.42210128307953
1009,1006,1.42210128307953
1009,632,1.42210128307953
1009,1039,1.42210128307953
1009,1249,1.42210128307953
1009,240,1.42210128307953
1009,1122,1.42210128307953
1009,704,1.42210128307953
1009,155,1.42210128307953
1030,553,1.42210128307953
1030,239,1.42210128307953
1030,518,1.42210128307953
1030,104,1.42210128307953
1030,1360,1.42210128307953
1030,176,1.42210128307953
1030,1111,1.42210128307953
1030,156,1.42210128307953
1030,121,1.42210128307953
1030,1476,1.42210128307953
1030,492,1.42210128307953
1030,1265,1.42210128307953
1030,869,1.42210128307953
1030,1500,1.42210128307953
1030,243,1.42210128307953
197,612,1.42210128307953
197,542,1.42210128307953
553,612,1.42210128307953
297,463,1.42210128307953
1532,612,1.42210128307953
520,463,1.42210128307953
736,612,1.42210128307953
612,239,1.42210128307953
612,1360,1.42210128307953
612,176,1.42210128307953
612,1039,1.42210128307953
612,172,1.42210128307953
612,669,1.42210128307953
612,1111,1.42210128307953
612,25,1.42210128307953
612,1410,1.42210128307953
612,1265,1.42210128307953
612,869,1.42210128307953
612,1512,1.42210128307953
612,155,1.42210128307953
612,782,1.42210128307953
660,542,1.42210128307953
504,542,1.42210128307953
632,463,1.42210128307953
632,542,1.42210128307953
104,542,1.42210128307953
400,463,1.42210128307953
215,542,1.42210128307953
176,542,1.42210128307953
1039,463,1.42210128307953
906,542,1.42210128307953
1490,463,1.42210128307953
1111,542,1.42210128307953
240,542,1.42210128307953
463,1512,1.42210128307953
463,155,1.42210128307953
463,1277,1.42210128307953
463,244,1.42210128307953
463,667,1.42210128307953
463,627,1.42210128307953
1410,542,1.42210128307953
1265,542,1.42210128307953
1484,542,1.42210128307953
1122,542,1.42210128307953
542,1321,1.42210128307953
542,244,1.42210128307953
932,1231,1.41810604786606
1526,378,1.41554232760897
354,910,1.41554232760897
528,378,1.41554232760897
133,801,1.41376558896316
1357,1215,1.41151628075726
1357,173,1.41151628075726
221,58,1.41151628075726
221,1165,1.41151628075726
485,1291,1.41151628075726
5,174,1.41151628075726
5,185,1.41151628075726
5,588,1.41151628075726
5,273,1.41151628075726
5,596,1.41151628075726
5,754,1.41151628075726
5,173,1.41151628075726
5,611,1.41151628075726
5,1289,1.41151628075726
5,162,1.41151628075726
5,662,1.41151628075726
5,967,1.41151628075726
174,58,1.41151628075726
148,1271,1.41151628075726
148,58,1.41151628075726
148,49,1.41151628075726
148,809,1.41151628075726
1502,617,1.41151628075726
1502,809,1.41151628075726
395,809,1.41151628075726
185,1165,1.41151628075726
185,708,1.41151628075726
69,49,1.41151628075726
69,1540,1.41151628075726
1427,1495,1.41151628075726
301,1002,1.41151628075726
301,437,1.41151628075726
301,809,1.41151628075726
655,617,1.41151628075726
26,734,1.41151628075726
26,1495,1.41151628075726
44,617,1.41151628075726
1002,949,1.41151628075726
1002,1311,1.41151628075726
1002,588,1.41151628075726
1002,1171,1.41151628075726
1002,250,1.41151628075726
1002,358,1.41151628075726
1002,426,1.41151628075726
1002,886,1.41151628075726
1002,616,1.41151628075726
949,994,1.41151628075726
949,210,1.41151628075726
949,765,1.41151628075726
949,809,1.41151628075726
949,688,1.41151628075726
1056,994,1.41151628075726
1056,210,1.41151628075726
1056,765,1.41151628075726
1056,888,1.41151628075726
113,994,1.41151628075726
113,888,1.41151628075726
113,83,1.41151628075726
1271,601,1.41151628075726
1271,1261,1.41151628075726
1271,32,1.41151628075726
1271,1419,1.41151628075726
1271,273,1.41151628075726
1271,596,1.41151628075726
1271,173,1.41151628075726
1271,978,1.41151628075726
1271,162,1.41151628075726
1271,1373,1.41151628075726
1271,194,1.41151628075726
628,49,1.41151628075726
628,626,1.41151628075726
1379,960,1.41151628075726
862,888,1.41151628075726
862,626,1.41151628075726
286,888,1.41151628075726
623,994,1.41151628075726
623,1291,1.41151628075726
623,1165,1.41151628075726
623,888,1.41151628075726
623,437,1.41151628075726
623,809,1.41151628075726
623,688,1.41151628075726
1135,809,1.41151628075726
1135,688,1.41151628075726
48,734,1.41151628075726
994,588,1.41151628075726
994,512,1.41151628075726
994,761,1.41151628075726
994,978,1.41151628075726
994,311,1.41151628075726
994,967,1.41151628075726
994,233,1.41151628075726
601,58,1.41151628075726
601,49,1.41151628075726
601,809,1.41151628075726
1339,1291,1.41151628075726
141,960,1.41151628075726
141,809,1.41151628075726
141,688,1.41151628075726
1311,58,1.41151628075726
1311,888,1.41151628075726
1311,688,1.41151628075726
618,1291,1.41151628075726
618,734,1.41151628075726
618,809,1.41151628075726
618,626,1.41151628075726
618,688,1.41151628075726
1449,960,1.41151628075726
1449,809,1.41151628075726
1449,688,1.41151628075726
925,49,1.41151628075726
588,210,1.41151628075726
588,49,1.41151628075726
588,83,1.41151628075726
588,688,1.41151628075726
1171,210,1.41151628075726
1171,765,1.41151628075726
1261,58,1.41151628075726
207,58,1.41151628075726
207,1291,1.41151628075726
207,1165,1.41151628075726
207,734,1.41151628075726
207,626,1.41151628075726
789,960,1.41151628075726
789,1495,1.41151628075726
789,1540,1.41151628075726
210,761,1.41151628075726
210,311,1.41151628075726
210,886,1.41151628075726
210,900,1.41151628075726
210,616,1.41151628075726
1159,1215,1.41151628075726
1159,859,1.41151628075726
1159,1046,1.41151628075726
615,83,1.41151628075726
1419,58,1.41151628075726
1478,1291,1.41151628075726
1478,688,1.41151628075726
953,617,1.41151628075726
765,250,1.41151628075726
765,761,1.41151628075726
765,358,1.41151628075726
765,426,1.41151628075726
765,1289,1.41151628075726
765,886,1.41151628075726
765,900,1.41151628075726
479,58,1.41151628075726
960,1218,1.41151628075726
960,1429,1.41151628075726
1219,688,1.41151628075726
250,437,1.41151628075726
14,1291,1.41151628075726
14,734,1.41151628075726
14,888,1.41151628075726
14,626,1.41151628075726
754,83,1.41151628075726
754,688,1.41151628075726
173,58,1.41151628075726
390,58,1.41151628075726
1463,809,1.41151628075726
1463,688,1.41151628075726
58,547,1.41151628075726
58,611,1.41151628075726
58,340,1.41151628075726
58,1348,1.41151628075726
58,560,1.41151628075726
58,1031,1.41151628075726
58,1373,1.41151628075726
58,194,1.41151628075726
58,1139,1.41151628075726
341,617,1.41151628075726
604,888,1.41151628075726
512,888,1.41151628075726
512,437,1.41151628075726
512,809,1.41151628075726
512,688,1.41151628075726
1291,865,1.41151628075726
1291,560,1.41151628075726
1291,900,1.41151628075726
424,759,1.41151628075726
1165,611,1.41151628075726
1165,898,1.41151628075726
1165,662,1.41151628075726
1165,967,1.41151628075726
1269,617,1.41151628075726
1269,888,1.41151628075726
1269,437,1.41151628075726
12,734,1.41151628075726
12,437,1.41151628075726
12,708,1.41151628075726
611,708,1.41151628075726
761,437,1.41151628075726
761,809,1.41151628075726
761,688,1.41151628075726
865,734,1.41151628075726
865,626,1.41151628075726
734,889,1.41151628075726
734,746,1.41151628075726
734,900,1.41151628075726
358,437,1.41151628075726
236,888,1.41151628075726
1001,809,1.41151628075726
617,940,1.41151628075726
617,52,1.41151628075726
426,437,1.41151628075726
978,83,1.41151628075726
978,688,1.41151628075726
125,49,1.41151628075726
125,809,1.41151628075726
125,688,1.41151628075726
1315,49,1.41151628075726
49,898,1.41151628075726
49,1506,1.41151628075726
49,314,1.41151628075726
49,1373,1.41151628075726
49,616,1.41151628075726
746,83,1.41151628075726
437,886,1.41151628075726
1289,708,1.41151628075726
809,900,1.41151628075726
809,1373,1.41151628075726
626,900,1.41151628075726
416,1495,1.41151628075726
708,662,1.41151628075726
708,967,1.41151628075726
688,1139,1.41151628075726
1495,1046,1.41151628075726
1495,1429,1.41151628075726
1429,1540,1.41151628075726
474,1117,1.41005155277673
841,1117,1.41005155277673
539,1117,1.41005155277673
890,1117,1.41005155277673
1117,534,1.41005155277673
1117,716,1.41005155277673
1117,461,1.41005155277673
1117,1296,1.41005155277673
1117,441,1.41005155277673
1117,499,1.41005155277673
1117,253,1.41005155277673
1117,1458,1.41005155277673
1117,695,1.41005155277673
1117,939,1.41005155277673
1117,1082,1.41005155277673
451,1096,1.40404560967177
449,1107,1.40404560967177
449,1064,1.40404560967177
1302,674,1.40404560967177
408,1064,1.40404560967177
1107,435,1.40404560967177
1064,1096,1.40404560967177
853,1361,1.40126770707366
853,1542,1.40126770707366
853,1480,1.40126770707366
853,1310,1.40126770707366
853,488,1.40126770707366
919,568,1.40126770707366
919,1292,1.40126770707366
919,1021,1.40126770707366
919,790,1.40126770707366
919,134,1.40126770707366
1010,714,1.40126770707366
1010,403,1.40126770707366
1010,677,1.40126770707366
1010,1203,1.40126770707366
733,575,1.40126770707366
733,790,1.40126770707366
733,1203,1.40126770707366
733,1508,1.40126770707366
733,1310,1.40126770707366
733,591,1.40126770707366
107,1508,1.40126770707366
107,230,1.40126770707366
507,323,1.40126770707366
507,1508,1.40126770707366
64,1361,1.40126770707366
64,1292,1.40126770707366
64,1203,1.40126770707366
64,488,1.40126770707366
64,1192,1.40126770707366
568,1173,1.40126770707366
568,1128,1.40126770707366
345,575,1.40126770707366
345,1203,1.40126770707366
345,1310,1.40126770707366
620,1542,1.40126770707366
620,790,1.40126770707366
987,714,1.40126770707366
987,677,1.40126770707366
1361,1443,1.40126770707366
1361,1099,1.40126770707366
1093,790,1.40126770707366
1093,147,1.40126770707366
561,1310,1.40126770707366
714,497,1.40126770707366
714,666,1.40126770707366
714,548,1.40126770707366
714,1422,1.40126770707366
714,694,1.40126770707366
714,1436,1.40126770707366
323,1033,1.40126770707366
323,21,1.40126770707366
323,171,1.40126770707366
323,745,1.40126770707366
323,1198,1.40126770707366
323,581,1.40126770707366
323,1413,1.40126770707366
323,1436,1.40126770707366
1207,1542,1.40126770707366
1207,1310,1.40126770707366
823,790,1.40126770707366
823,134,1.40126770707366
575,666,1.40126770707366
575,1242,1.40126770707366
575,694,1.40126770707366
575,171,1.40126770707366
575,456,1.40126770707366
575,1198,1.40126770707366
575,798,1.40126770707366
575,566,1.40126770707366
575,272,1.40126770707366
575,1436,1.40126770707366
1443,677,1.40126770707366
1131,1203,1.40126770707366
1292,548,1.40126770707366
1292,1422,1.40126770707366
1292,224,1.40126770707366
1292,1148,1.40126770707366
1292,521,1.40126770707366
1292,786,1.40126770707366
363,591,1.40126770707366
403,497,1.40126770707366
403,1422,1.40126770707366
1542,1038,1.40126770707366
1542,1173,1.40126770707366
1542,985,1.40126770707366
1542,344,1.40126770707366
1542,1295,1.40126770707366
1542,745,1.40126770707366
1542,1,1.40126770707366
1542,506,1.40126770707366
1542,1469,1.40126770707366
1542,644,1.40126770707366
1542,150,1.40126770707366
1542,566,1.40126770707366
497,230,1.40126770707366
497,87,1.40126770707366
1461,1310,1.40126770707366
501,1038,1.40126770707366
501,344,1.40126770707366
501,1099,1.40126770707366
501,219,1.40126770707366
1038,591,1.40126770707366
1505,790,1.40126770707366
1505,591,1.40126770707366
666,1203,1.40126770707366
666,281,1.40126770707366
666,87,1.40126770707366
1142,1508,1.40126770707366
1142,591,1.40126770707366
1007,790,1.40126770707366
1007,1508,1.40126770707366
1007,147,1.40126770707366
723,591,1.40126770707366
1242,1310,1.40126770707366
548,677,1.40126770707366
548,1203,1.40126770707366
548,1192,1.40126770707366
1422,677,1.40126770707366
387,1203,1.40126770707366
1021,1173,1.40126770707366
1021,1128,1.40126770707366
790,1112,1.40126770707366
790,249,1.40126770707366
790,1469,1.40126770707366
790,1392,1.40126770707366
790,219,1.40126770707366
795,1508,1.40126770707366
1480,694,1.40126770707366
1480,1295,1.40126770707366
1480,1198,1.40126770707366
1480,644,1.40126770707366
1480,566,1.40126770707366
1173,230,1.40126770707366
1173,241,1.40126770707366
668,1203,1.40126770707366
668,230,1.40126770707366
668,281,1.40126770707366
224,677,1.40126770707366
224,488,1.40126770707366
224,1192,1.40126770707366
224,66,1.40126770707366
21,1508,1.40126770707366
694,1203,1.40126770707366
694,230,1.40126770707366
694,281,1.40126770707366
694,591,1.40126770707366
694,1192,1.40126770707366
1148,1192,1.40126770707366
344,281,1.40126770707366
1295,1310,1.40126770707366
171,1203,1.40126770707366
677,1355,1.40126770707366
677,1099,1.40126770707366
1435,241,1.40126770707366
745,1508,1.40126770707366
745,1310,1.40126770707366
1078,1508,1.40126770707366
1203,456,1.40126770707366
1203,1198,1.40126770707366
1203,272,1.40126770707366
1203,1436,1.40126770707366
1198,591,1.40126770707366
1508,786,1.40126770707366
837,1310,1.40126770707366
837,241,1.40126770707366
678,923,1.40126770707366
230,1469,1.40126770707366
230,1436,1.40126770707366
281,581,1.40126770707366
281,1413,1.40126770707366
281,1436,1.40126770707366
581,591,1.40126770707366
147,249,1.40126770707366
147,219,1.40126770707366
249,1192,1.40126770707366
812,241,1.40126770707366
812,1192,1.40126770707366
812,66,1.40126770707366
134,1000,1.40126770707366
1469,1310,1.40126770707366
798,241,1.40126770707366
798,488,1.40126770707366
644,1310,1.40126770707366
521,488,1.40126770707366
521,1192,1.40126770707366
1310,566,1.40126770707366
1310,786,1.40126770707366
591,219,1.40126770707366
591,786,1.40126770707366
488,786,1.40126770707366
930,1331,1.40081679868447
930,287,1.40081679868447
1473,932,1.40081679868447
802,932,1.40081679868447
897,1331,1.40081679868447
830,247,1.40081679868447
1298,1331,1.40081679868447
237,1331,1.40081679868447
237,287,1.40081679868447
884,932,1.40081679868447
1312,1331,1.40081679868447
97,287,1.40081679868447
446,247,1.40081679868447
187,932,1.40081679868447
203,1331,1.40081679868447
161,1331,1.40081679868447
161,287,1.40081679868447
1331,901,1.40081679868447
1331,698,1.40081679868447
1331,736,1.40081679868447
1331,157,1.40081679868447
1331,1447,1.40081679868447
1331,643,1.40081679868447
1331,25,1.40081679868447
1331,217,1.40081679868447
1331,1424,1.40081679868447
1331,776,1.40081679868447
1331,903,1.40081679868447
1331,627,1.40081679868447
82,247,1.40081679868447
82,932,1.40081679868447
1230,247,1.40081679868447
901,287,1.40081679868447
526,287,1.40081679868447
261,1025,1.40081679868447
209,932,1.40081679868447
31,932,1.40081679868447
287,1517,1.40081679868447
287,99,1.40081679868447
287,1503,1.40081679868447
287,736,1.40081679868447
287,1238,1.40081679868447
287,1332,1.40081679868447
287,1095,1.40081679868447
287,1114,1.40081679868447
287,347,1.40081679868447
287,25,1.40081679868447
287,709,1.40081679868447
287,1044,1.40081679868447
287,903,1.40081679868447
287,289,1.40081679868447
287,627,1.40081679868447
382,247,1.40081679868447
382,932,1.40081679868447
676,1025,1.40081679868447
553,932,1.40081679868447
297,247,1.40081679868447
1006,247,1.40081679868447
1025,519,1.40081679868447
1025,518,1.40081679868447
1025,104,1.40081679868447
239,932,1.40081679868447
104,247,1.40081679868447
635,247,1.40081679868447
400,247,1.40081679868447
1360,932,1.40081679868447
247,1244,1.40081679868447
247,156,1.40081679868447
247,413,1.40081679868447
247,1122,1.40081679868447
247,704,1.40081679868447
247,1277,1.40081679868447
247,244,1.40081679868447
247,667,1.40081679868447
176,932,1.40081679868447
906,932,1.40081679868447
932,1111,1.40081679868447
932,217,1.40081679868447
932,1410,1.40081679868447
932,492,1.40081679868447
932,413,1.40081679868447
932,1265,1.40081679868447
932,869,1.40081679868447
932,1122,1.40081679868447
932,70,1.40081679868447
1129,354,1.38406546109291
670,133,1.38406546109291
801,378,1.38406546109291
513,366,1.38199904537895
513,990,1.38199904537895
1137,514,1.38199904537895
1137,1133,1.38199904537895
675,366,1.38199904537895
675,1075,1.38199904537895
675,257,1.38199904537895
675,84,1.38199904537895
675,1146,1.38199904537895
366,639,1.38199904537895
366,129,1.38199904537895
366,556,1.38199904537895
366,135,1.38199904537895
1371,541,1.38199904537895
30,35,1.38199904537895
30,1393,1.38199904537895
30,1150,1.38199904537895
639,773,1.38199904537895
817,223,1.38199904537895
720,1022,1.38199904537895
1438,514,1.38199904537895
1438,541,1.38199904537895
1438,599,1.38199904537895
1438,1485,1.38199904537895
1176,1168,1.38199904537895
771,1075,1.38199904537895
771,1146,1.38199904537895
1075,143,1.38199904537895
1075,404,1.38199904537895
842,1227,1.38199904537895
855,33,1.38199904537895
855,1454,1.38199904537895
855,1290,1.38199904537895
855,1444,1.38199904537895
275,1119,1.38199904537895
275,1485,1.38199904537895
717,33,1.38199904537895
717,1352,1.38199904537895
381,257,1.38199904537895
381,84,1.38199904537895
381,1432,1.38199904537895
381,425,1.38199904537895
381,1227,1.38199904537895
165,206,1.38199904537895
165,1390,1.38199904537895
165,1382,1.38199904537895
165,864,1.38199904537895
165,1258,1.38199904537895
165,1475,1.38199904537895
905,958,1.38199904537895
905,223,1.38199904537895
787,1475,1.38199904537895
787,1236,1.38199904537895
787,1133,1.38199904537895
308,85,1.38199904537895
308,206,1.38199904537895
308,1005,1.38199904537895
308,972,1.38199904537895
1208,515,1.38199904537895
990,554,1.38199904537895
33,85,1.38199904537895
33,515,1.38199904537895
33,556,1.38199904537895
33,1537,1.38199904537895
33,1073,1.38199904537895
33,554,1.38199904537895
958,1510,1.38199904537895
958,731,1.38199904537895
958,1170,1.38199904537895
85,638,1.38199904537895
129,1227,1.38199904537895
129,1444,1.38199904537895
206,1432,1.38199904537895
206,425,1.38199904537895
206,1227,1.38199904537895
206,1146,1.38199904537895
206,773,1.38199904537895
143,1454,1.38199904537895
143,872,1.38199904537895
143,843,1.38199904537895
143,1146,1.38199904537895
143,1352,1.38199904537895
296,1190,1.38199904537895
515,1301,1.38199904537895
257,1278,1.38199904537895
257,972,1.38199904537895
257,1094,1.38199904537895
1390,293,1.38199904537895
1390,773,1.38199904537895
1510,223,1.38199904537895
1510,1168,1.38199904537895
706,1290,1.38199904537895
706,1444,1.38199904537895
1005,84,1.38199904537895
1301,1022,1.38199904537895
1301,1522,1.38199904537895
1301,864,1.38199904537895
1301,1475,1.38199904537895
1022,752,1.38199904537895
1022,838,1.38199904537895
35,653,1.38199904537895
35,1444,1.38199904537895
556,752,1.38199904537895
556,1444,1.38199904537895
332,1290,1.38199904537895
332,1444,1.38199904537895
731,1290,1.38199904537895
731,1444,1.38199904537895
1522,1290,1.38199904537895
1522,638,1.38199904537895
1522,1444,1.38199904537895
541,773,1.38199904537895
84,606,1.38199904537895
404,1146,1.38199904537895
1393,223,1.38199904537895
1393,653,1.38199904537895
1170,1454,1.38199904537895
1170,872,1.38199904537895
1170,1168,1.38199904537895
1092,223,1.38199904537895
1073,223,1.38199904537895
1073,831,1.38199904537895
1073,1352,1.38199904537895
703,843,1.38199904537895
703,1227,1.38199904537895
703,1290,1.38199904537895
220,1146,1.38199904537895
822,820,1.38199904537895
822,843,1.38199904537895
822,1444,1.38199904537895
1454,1059,1.38199904537895
1258,1290,1.38199904537895
1475,773,1.38199904537895
1518,653,1.38199904537895
1518,1290,1.38199904537895
1059,872,1.38199904537895
752,554,1.38199904537895
1278,1168,1.38199904537895
838,554,1.38199904537895
34,653,1.38199904537895
34,1227,1.38199904537895
223,599,1.38199904537895
653,1150,1.38199904537895
1432,883,1.38199904537895
1190,1163,1.38199904537895
1190,957,1.38199904537895
1190,1133,1.38199904537895
820,146,1.38199904537895
462,1168,1.38199904537895
462,1352,1.38199904537895
843,1236,1.38199904537895
843,957,1.38199904537895
425,883,1.38199904537895
1168,1094,1.38199904537895
1168,1236,1.38199904537895
1227,883,1.38199904537895
1444,1236,1.38199904537895
554,773,1.38199904537895
221,532,1.38182296663409
485,1445,1.38182296663409
827,127,1.38182296663409
926,1084,1.38182296663409
174,346,1.38182296663409
174,127,1.38182296663409
174,168,1.38182296663409
148,410,1.38182296663409
1445,1339,1.38182296663409
1445,588,1.38182296663409
1445,1171,1.38182296663409
1445,1261,1.38182296663409
1445,1419,1.38182296663409
1445,273,1.38182296663409
1445,754,1.38182296663409
1445,1315,1.38182296663409
1445,560,1.38182296663409
1445,898,1.38182296663409
395,1016,1.38182296663409
395,346,1.38182296663409
185,1120,1.38182296663409
290,1067,1.38182296663409
69,410,1.38182296663409
1427,40,1.38182296663409
1427,532,1.38182296663409
301,1120,1.38182296663409
301,1084,1.38182296663409
655,1224,1.38182296663409
655,1120,1.38182296663409
655,1060,1.38182296663409
26,40,1.38182296663409
26,1067,1.38182296663409
949,1120,1.38182296663409
949,1016,1.38182296663409
949,1084,1.38182296663409
949,1060,1.38182296663409
1056,1224,1.38182296663409
1056,1120,1.38182296663409
1068,532,1.38182296663409
628,1016,1.38182296663409
628,168,1.38182296663409
996,158,1.38182296663409
996,618,1.38182296663409
996,207,1.38182296663409
996,14,1.38182296663409
996,12,1.38182296663409
996,865,1.38182296663409
996,900,1.38182296663409
286,325,1.38182296663409
286,127,1.38182296663409
623,1224,1.38182296663409
623,1084,1.38182296663409
1224,1269,1.38182296663409
1135,1016,1.38182296663409
1135,40,1.38182296663409
1135,1067,1.38182296663409
410,601,1.38182296663409
410,925,1.38182296663409
410,1215,1.38182296663409
410,125,1.38182296663409
410,1315,1.38182296663409
410,859,1.38182296663409
410,898,1.38182296663409
410,1046,1.38182296663409
410,1373,1.38182296663409
1120,618,1.38182296663409
1120,1449,1.38182296663409
1120,36,1.38182296663409
1120,1269,1.38182296663409
1120,611,1.38182296663409
1120,761,1.38182296663409
1120,1035,1.38182296663409
1120,940,1.38182296663409
1120,900,1.38182296663409
1120,662,1.38182296663409
1120,967,1.38182296663409
1120,616,1.38182296663409
141,40,1.38182296663409
141,168,1.38182296663409
1311,346,1.38182296663409
618,1084,1.38182296663409
618,346,1.38182296663409
618,168,1.38182296663409
1449,1060,1.38182296663409
588,1060,1.38182296663409
1171,1016,1.38182296663409
1261,346,1.38182296663409
1261,127,1.38182296663409
1261,168,1.38182296663409
995,325,1.38182296663409
207,1084,1.38182296663409
207,168,1.38182296663409
603,407,1.38182296663409
789,532,1.38182296663409
1016,250,1.38182296663409
1016,761,1.38182296663409
1016,358,1.38182296663409
1016,426,1.38182296663409
1016,886,1.38182296663409
32,1327,1.38182296663409
615,407,1.38182296663409
615,1067,1.38182296663409
1419,346,1.38182296663409
1419,127,1.38182296663409
1419,168,1.38182296663409
273,407,1.38182296663409
365,532,1.38182296663409
1478,1067,1.38182296663409
598,532,1.38182296663409
598,1327,1.38182296663409
14,1084,1.38182296663409
14,168,1.38182296663409
36,40,1.38182296663409
1463,40,1.38182296663409
325,865,1.38182296663409
325,311,1.38182296663409
1544,1084,1.38182296663409
512,1084,1.38182296663409
547,40,1.38182296663409
547,532,1.38182296663409
1269,1060,1.38182296663409
12,168,1.38182296663409
611,1327,1.38182296663409
1084,865,1.38182296663409
1084,900,1.38182296663409
1084,616,1.38182296663409
865,168,1.38182296663409
1431,1327,1.38182296663409
407,886,1.38182296663409
407,233,1.38182296663409
0,532,1.38182296663409
0,1327,1.38182296663409
340,40,1.38182296663409
340,532,1.38182296663409
346,1506,1.38182296663409
1348,127,1.38182296663409
127,1289,1.38182296663409
898,532,1.38182296663409
40,416,1.38182296663409
40,1046,1.38182296663409
40,1303,1.38182296663409
1067,849,1.38182296663409
168,900,1.38182296663409
168,1429,1.38182296663409
1060,900,1.38182296663409
1060,616,1.38182296663409
416,1327,1.38182296663409
388,435,1.38147037333177
595,435,1.38147037333177
1232,896,1.38147037333177
802,1027,1.38147037333177
802,896,1.38147037333177
802,435,1.38147037333177
1027,97,1.38147037333177
1027,748,1.38147037333177
1027,302,1.38147037333177
1027,161,1.38147037333177
1027,526,1.38147037333177
1027,1455,1.38147037333177
1027,99,1.38147037333177
1027,553,1.38147037333177
1027,1503,1.38147037333177
1027,239,1.38147037333177
1027,1238,1.38147037333177
1027,305,1.38147037333177
1027,1397,1.38147037333177
1027,1360,1.38147037333177
1027,176,1.38147037333177
1027,1111,1.38147037333177
1027,347,1.38147037333177
1027,121,1.38147037333177
1027,1476,1.38147037333177
1027,492,1.38147037333177
1027,1265,1.38147037333177
1027,869,1.38147037333177
1027,1319,1.38147037333177
1027,423,1.38147037333177
1027,782,1.38147037333177
1409,920,1.38147037333177
490,449,1.38147037333177
830,1302,1.38147037333177
830,806,1.38147037333177
1298,896,1.38147037333177
237,896,1.38147037333177
1091,896,1.38147037333177
1365,920,1.38147037333177
1479,1302,1.38147037333177
920,1118,1.38147037333177
920,1452,1.38147037333177
920,493,1.38147037333177
920,322,1.38147037333177
920,698,1.38147037333177
920,157,1.38147037333177
920,1114,1.38147037333177
920,1459,1.38147037333177
920,1500,1.38147037333177
920,776,1.38147037333177
920,627,1.38147037333177
1411,896,1.38147037333177
1411,435,1.38147037333177
1312,408,1.38147037333177
97,408,1.38147037333177
915,806,1.38147037333177
711,896,1.38147037333177
845,806,1.38147037333177
245,435,1.38147037333177
493,896,1.38147037333177
636,408,1.38147037333177
788,435,1.38147037333177
1223,1096,1.38147037333177
775,896,1.38147037333177
796,435,1.38147037333177
768,1096,1.38147037333177
449,785,1.38147037333177
449,997,1.38147037333177
449,901,1.38147037333177
449,1532,1.38147037333177
449,157,1.38147037333177
449,347,1.38147037333177
449,25,1.38147037333177
449,492,1.38147037333177
449,903,1.38147037333177
1284,896,1.38147037333177
302,435,1.38147037333177
161,408,1.38147037333177
82,806,1.38147037333177
1230,806,1.38147037333177
981,492,1.38147037333177
944,435,1.38147037333177
526,408,1.38147037333177
1455,408,1.38147037333177
1517,435,1.38147037333177
1302,1273,1.38147037333177
1302,660,1.38147037333177
1302,632,1.38147037333177
1302,1114,1.38147037333177
1302,156,1.38147037333177
1302,240,1.38147037333177
1302,984,1.38147037333177
1302,704,1.38147037333177
1302,1277,1.38147037333177
1499,1096,1.38147037333177
1499,435,1.38147037333177
99,408,1.38147037333177
89,435,1.38147037333177
676,896,1.38147037333177
553,408,1.38147037333177
553,896,1.38147037333177
285,896,1.38147037333177
297,806,1.38147037333177
1006,806,1.38147037333177
1503,408,1.38147037333177
1503,896,1.38147037333177
736,896,1.38147037333177
489,435,1.38147037333177
411,896,1.38147037333177
239,408,1.38147037333177
239,896,1.38147037333177
1238,408,1.38147037333177
660,806,1.38147037333177
1402,896,1.38147037333177
518,896,1.38147037333177
305,408,1.38147037333177
305,1096,1.38147037333177
408,1360,1.38147037333177
408,121,1.38147037333177
408,1476,1.38147037333177
408,1410,1.38147037333177
408,492,1.38147037333177
408,1319,1.38147037333177
408,782,1.38147037333177
632,806,1.38147037333177
225,896,1.38147037333177
104,896,1.38147037333177
104,806,1.38147037333177
635,806,1.38147037333177
728,435,1.38147037333177
157,435,1.38147037333177
400,806,1.38147037333177
20,1096,1.38147037333177
20,435,1.38147037333177
1360,896,1.38147037333177
1095,1096,1.38147037333177
551,896,1.38147037333177
176,896,1.38147037333177
176,435,1.38147037333177
67,435,1.38147037333177
1143,896,1.38147037333177
1114,435,1.38147037333177
1039,806,1.38147037333177
669,896,1.38147037333177
803,1096,1.38147037333177
1111,896,1.38147037333177
1111,435,1.38147037333177
347,1096,1.38147037333177
156,806,1.38147037333177
453,806,1.38147037333177
896,217,1.38147037333177
896,1410,1.38147037333177
896,1265,1.38147037333177
896,696,1.38147037333177
896,869,1.38147037333177
896,1424,1.38147037333177
709,435,1.38147037333177
1410,435,1.38147037333177
1274,1096,1.38147037333177
1274,435,1.38147037333177
1265,435,1.38147037333177
1044,435,1.38147037333177
869,435,1.38147037333177
1500,1096,1.38147037333177
806,984,1.38147037333177
806,1158,1.38147037333177
806,155,1.38147037333177
806,244,1.38147037333177
806,667,1.38147037333177
806,1515,1.38147037333177
877,435,1.38147037333177
1096,70,1.38147037333177
1096,903,1.38147037333177
1096,782,1.38147037333177
1096,289,1.38147037333177
1096,111,1.38147037333177
70,435,1.38147037333177
1083,435,1.38147037333177
435,115,1.38147037333177
408,1231,1.37994141262829
508,451,1.36900352958402
508,1064,1.36900352958402
149,1064,1.36900352958402
1107,317,1.36900352958402
1064,317,1.36900352958402
853,37,1.36429880963737
853,468,1.36429880963737
853,730,1.36429880963737
853,911,1.36429880963737
919,700,1.36429880963737
733,37,1.36429880963737
733,450,1.36429880963737
733,1211,1.36429880963737
733,472,1.36429880963737
107,965,1.36429880963737
1228,730,1.36429880963737
507,450,1.36429880963737
64,730,1.36429880963737
64,291,1.36429880963737
64,965,1.36429880963737
345,1243,1.36429880963737
878,1443,1.36429880963737
878,1007,1.36429880963737
878,506,1.36429880963737
620,37,1.36429880963737
620,1482,1.36429880963737
987,730,1.36429880963737
1093,101,1.36429880963737
1093,1211,1.36429880963737
1093,671,1.36429880963737
15,918,1.36429880963737
561,37,1.36429880963737
561,468,1.36429880963737
561,911,1.36429880963737
1207,37,1.36429880963737
1207,468,1.36429880963737
1207,911,1.36429880963737
700,387,1.36429880963737
700,1128,1.36429880963737
439,1175,1.36429880963737
439,1078,1.36429880963737
439,885,1.36429880963737
439,150,1.36429880963737
1443,329,1.36429880963737
1443,730,1.36429880963737
1443,291,1.36429880963737
480,1243,1.36429880963737
480,1211,1.36429880963737
37,1461,1.36429880963737
37,1033,1.36429880963737
37,1173,1.36429880963737
37,985,1.36429880963737
37,1295,1.36429880963737
37,745,1.36429880963737
37,1078,1.36429880963737
37,1128,1.36429880963737
37,885,1.36429880963737
37,581,1.36429880963737
37,1469,1.36429880963737
37,644,1.36429880963737
37,566,1.36429880963737
37,786,1.36429880963737
450,1461,1.36429880963737
450,1242,1.36429880963737
450,1233,1.36429880963737
450,1295,1.36429880963737
450,786,1.36429880963737
1380,911,1.36429880963737
497,468,1.36429880963737
497,730,1.36429880963737
497,291,1.36429880963737
1461,472,1.36429880963737
666,468,1.36429880963737
666,730,1.36429880963737
666,472,1.36429880963737
330,1173,1.36429880963737
330,1469,1.36429880963737
548,291,1.36429880963737
1422,329,1.36429880963737
1422,730,1.36429880963737
1422,291,1.36429880963737
1105,1243,1.36429880963737
468,694,1.36429880963737
468,745,1.36429880963737
468,1112,1.36429880963737
468,798,1.36429880963737
468,566,1.36429880963737
1173,1482,1.36429880963737
668,101,1.36429880963737
668,251,1.36429880963737
668,965,1.36429880963737
1243,224,1.36429880963737
1243,1355,1.36429880963737
1243,812,1.36429880963737
1243,798,1.36429880963737
224,329,1.36429880963737
224,730,1.36429880963737
224,291,1.36429880963737
224,1482,1.36429880963737
21,730,1.36429880963737
985,329,1.36429880963737
985,291,1.36429880963737
985,1482,1.36429880963737
909,368,1.36429880963737
329,1148,1.36429880963737
329,1355,1.36429880963737
329,521,1.36429880963737
694,965,1.36429880963737
694,472,1.36429880963737
1148,472,1.36429880963737
1295,911,1.36429880963737
171,1211,1.36429880963737
1355,965,1.36429880963737
918,837,1.36429880963737
918,812,1.36429880963737
918,798,1.36429880963737
1211,885,1.36429880963737
1211,272,1.36429880963737
1211,219,1.36429880963737
745,911,1.36429880963737
730,506,1.36429880963737
730,812,1.36429880963737
730,1546,1.36429880963737
730,1436,1.36429880963737
456,251,1.36429880963737
1198,295,1.36429880963737
1128,1482,1.36429880963737
885,251,1.36429880963737
291,812,1.36429880963737
1482,1469,1.36429880963737
251,663,1.36429880963737
812,965,1.36429880963737
965,1546,1.36429880963737
798,295,1.36429880963737
644,911,1.36429880963737
472,1436,1.36429880963737
472,786,1.36429880963737
566,911,1.36429880963737
388,317,1.3637816488723
930,508,1.3637816488723
930,772,1.3637816488723
930,317,1.3637816488723
508,768,1.3637816488723
508,187,1.3637816488723
508,726,1.3637816488723
508,203,1.3637816488723
508,259,1.3637816488723
508,793,1.3637816488723
508,31,1.3637816488723
508,1455,1.3637816488723
508,1492,1.3637816488723
508,1499,1.3637816488723
508,553,1.3637816488723
508,239,1.3637816488723
508,157,1.3637816488723
508,20,1.3637816488723
508,1360,1.3637816488723
508,1486,1.3637816488723
508,25,1.3637816488723
508,217,1.3637816488723
508,1274,1.3637816488723
508,1319,1.3637816488723
508,622,1.3637816488723
1409,149,1.3637816488723
1297,317,1.3637816488723
945,149,1.3637816488723
1298,772,1.3637816488723
1298,1214,1.3637816488723
1365,1214,1.3637816488723
1479,56,1.3637816488723
1479,149,1.3637816488723
28,56,1.3637816488723
1411,317,1.3637816488723
845,56,1.3637816488723
467,149,1.3637816488723
56,1230,1.3637816488723
56,1509,1.3637816488723
56,631,1.3637816488723
56,197,1.3637816488723
56,1006,1.3637816488723
56,660,1.3637816488723
56,504,1.3637816488723
56,104,1.3637816488723
56,157,1.3637816488723
56,1143,1.3637816488723
56,453,1.3637816488723
56,1484,1.3637816488723
56,869,1.3637816488723
1118,1214,1.3637816488723
1452,1214,1.3637816488723
1223,317,1.3637816488723
775,317,1.3637816488723
772,187,1.3637816488723
772,901,1.3637816488723
772,1517,1.3637816488723
772,285,1.3637816488723
772,225,1.3637816488723
772,1095,1.3637816488723
772,551,1.3637816488723
772,1114,1.3637816488723
772,172,1.3637816488723
772,803,1.3637816488723
772,401,1.3637816488723
772,360,1.3637816488723
772,25,1.3637816488723
772,709,1.3637816488723
772,727,1.3637816488723
772,1424,1.3637816488723
772,70,1.3637816488723
772,782,1.3637816488723
772,289,1.3637816488723
768,149,1.3637816488723
726,1214,1.3637816488723
203,317,1.3637816488723
1214,901,1.3637816488723
1214,549,1.3637816488723
1214,1455,1.3637816488723
1214,1202,1.3637816488723
1214,1095,1.3637816488723
1214,680,1.3637816488723
1214,25,1.3637816488723
1214,328,1.3637816488723
1214,217,1.3637816488723
1214,105,1.3637816488723
1214,1319,1.3637816488723
1214,1424,1.3637816488723
1214,289,1.3637816488723
302,317,1.3637816488723
1230,149,1.3637816488723
901,317,1.3637816488723
944,317,1.3637816488723
793,317,1.3637816488723
1155,317,1.3637816488723
112,149,1.3637816488723
1492,317,1.3637816488723
1499,149,1.3637816488723
197,317,1.3637816488723
89,317,1.3637816488723
698,149,1.3637816488723
489,317,1.3637816488723
1402,317,1.3637816488723
149,20,1.3637816488723
149,1486,1.3637816488723
149,401,1.3637816488723
149,1274,1.3637816488723
149,938,1.3637816488723
149,70,1.3637816488723
149,776,1.3637816488723
25,317,1.3637816488723
317,1442,1.3637816488723
317,1209,1.3637816488723
317,776,1.3637816488723
317,1299,1.3637816488723
370,29,1.36142951118914
485,1330,1.35587032421955
174,234,1.35587032421955
148,1527,1.35587032421955
395,1330,1.35587032421955
69,234,1.35587032421955
69,1543,1.35587032421955
1427,1543,1.35587032421955
301,380,1.35587032421955
655,1320,1.35587032421955
949,1320,1.35587032421955
949,380,1.35587032421955
949,850,1.35587032421955
1056,1320,1.35587032421955
1056,380,1.35587032421955
1056,850,1.35587032421955
862,1330,1.35587032421955
1102,234,1.35587032421955
1102,980,1.35587032421955
286,1330,1.35587032421955
623,1320,1.35587032421955
623,380,1.35587032421955
623,850,1.35587032421955
552,380,1.35587032421955
48,380,1.35587032421955
601,1527,1.35587032421955
1320,588,1.35587032421955
1320,1171,1.35587032421955
1320,36,1.35587032421955
1320,761,1.35587032421955
1320,940,1.35587032421955
1320,900,1.35587032421955
1386,234,1.35587032421955
1386,74,1.35587032421955
158,1527,1.35587032421955
1339,1330,1.35587032421955
1311,74,1.35587032421955
618,1330,1.35587032421955
1449,234,1.35587032421955
588,1527,1.35587032421955
588,850,1.35587032421955
207,234,1.35587032421955
207,1330,1.35587032421955
789,980,1.35587032421955
234,14,1.35587032421955
234,761,1.35587032421955
234,865,1.35587032421955
234,978,1.35587032421955
234,125,1.35587032421955
234,1046,1.35587032421955
234,900,1.35587032421955
234,194,1.35587032421955
596,74,1.35587032421955
1478,1330,1.35587032421955
598,1543,1.35587032421955
380,754,1.35587032421955
380,36,1.35587032421955
380,978,1.35587032421955
380,1289,1.35587032421955
380,1035,1.35587032421955
380,616,1.35587032421955
1543,0,1.35587032421955
1543,1506,1.35587032421955
1543,314,1.35587032421955
754,1527,1.35587032421955
390,74,1.35587032421955
36,850,1.35587032421955
604,1330,1.35587032421955
1330,865,1.35587032421955
1330,236,1.35587032421955
1330,560,1.35587032421955
1330,900,1.35587032421955
1330,662,1.35587032421955
1527,948,1.35587032421955
1527,978,1.35587032421955
1527,125,1.35587032421955
1527,170,1.35587032421955
1527,900,1.35587032421955
1527,1373,1.35587032421955
1269,850,1.35587032421955
611,74,1.35587032421955
761,850,1.35587032421955
850,940,1.35587032421955
850,900,1.35587032421955
125,980,1.35587032421955
1076,74,1.35587032421955
1348,74,1.35587032421955
560,74,1.35587032421955
74,416,1.35587032421955
74,1506,1.35587032421955
74,162,1.35587032421955
74,314,1.35587032421955
74,1139,1.35587032421955
194,980,1.35587032421955
1429,980,1.35587032421955
595,370,1.34752431691924
1473,370,1.34752431691924
1526,200,1.34752431691924
1526,1479,1.34752431691924
1526,446,1.34752431691924
1526,845,1.34752431691924
1526,901,1.34752431691924
1526,1499,1.34752431691924
1526,1006,1.34752431691924
1526,660,1.34752431691924
1526,1385,1.34752431691924
1526,635,1.34752431691924
1526,1087,1.34752431691924
1526,1143,1.34752431691924
1526,453,1.34752431691924
1526,240,1.34752431691924
1526,1460,1.34752431691924
1526,984,1.34752431691924
1526,704,1.34752431691924
1526,1277,1.34752431691924
1298,528,1.34752431691924
1365,370,1.34752431691924
1479,370,1.34752431691924
1479,337,1.34752431691924
884,370,1.34752431691924
884,528,1.34752431691924
915,1072,1.34752431691924
446,1072,1.34752431691924
446,337,1.34752431691924
245,1072,1.34752431691924
370,82,1.34752431691924
370,1230,1.34752431691924
370,637,1.34752431691924
370,1325,1.34752431691924
370,504,1.34752431691924
370,643,1.34752431691924
370,906,1.34752431691924
370,105,1.34752431691924
370,727,1.34752431691924
370,1500,1.34752431691924
370,179,1.34752431691924
370,383,1.34752431691924
788,1072,1.34752431691924
796,910,1.34752431691924
684,337,1.34752431691924
82,337,1.34752431691924
1230,337,1.34752431691924
944,1072,1.34752431691924
944,910,1.34752431691924
261,528,1.34752431691924
31,910,1.34752431691924
784,910,1.34752431691924
382,1072,1.34752431691924
382,910,1.34752431691924
297,337,1.34752431691924
1006,1072,1.34752431691924
1006,910,1.34752431691924
1072,632,1.34752431691924
1072,635,1.34752431691924
1072,728,1.34752431691924
1072,1039,1.34752431691924
1072,1249,1.34752431691924
1072,240,1.34752431691924
1072,1122,1.34752431691924
1072,704,1.34752431691924
1072,1158,1.34752431691924
1072,1321,1.34752431691924
1072,1083,1.34752431691924
1072,155,1.34752431691924
1072,546,1.34752431691924
1072,243,1.34752431691924
1072,1515,1.34752431691924
519,528,1.34752431691924
1257,528,1.34752431691924
744,910,1.34752431691924
635,910,1.34752431691924
400,337,1.34752431691924
215,337,1.34752431691924
1244,337,1.34752431691924
1249,910,1.34752431691924
347,528,1.34752431691924
156,528,1.34752431691924
217,528,1.34752431691924
240,337,1.34752431691924
240,910,1.34752431691924
1476,528,1.34752431691924
528,1424,1.34752431691924
528,438,1.34752431691924
991,337,1.34752431691924
337,704,1.34752431691924
337,1158,1.34752431691924
337,1277,1.34752431691924
337,244,1.34752431691924
337,667,1.34752431691924
337,546,1.34752431691924
337,1515,1.34752431691924
1122,910,1.34752431691924
1158,910,1.34752431691924
1321,910,1.34752431691924
546,910,1.34752431691924
910,243,1.34752431691924
910,1515,1.34752431691924
508,1231,1.34601814010028
513,501,1.34049946539838
675,714,1.34049946539838
675,1292,1.34049946539838
675,1203,1.34049946539838
675,230,1.34049946539838
675,281,1.34049946539838
675,134,1.34049946539838
568,381,1.34049946539838
568,206,1.34049946539838
568,883,1.34049946539838
817,1508,1.34049946539838
817,488,1.34049946539838
1361,1092,1.34049946539838
1361,1258,1.34049946539838
1361,1518,1.34049946539838
1361,1278,1.34049946539838
1361,1094,1.34049946539838
1176,677,1.34049946539838
771,714,1.34049946539838
771,575,1.34049946539838
771,1203,1.34049946539838
771,230,1.34049946539838
771,281,1.34049946539838
771,87,1.34049946539838
839,591,1.34049946539838
714,143,1.34049946539838
714,332,1.34049946539838
714,404,1.34049946539838
842,1542,1.34049946539838
842,147,1.34049946539838
323,206,1.34049946539838
323,1390,1.34049946539838
323,1522,1.34049946539838
323,1092,1.34049946539838
323,1475,1.34049946539838
323,883,1.34049946539838
855,403,1.34049946539838
855,677,1.34049946539838
575,206,1.34049946539838
575,143,1.34049946539838
575,404,1.34049946539838
575,599,1.34049946539838
575,1485,1.34049946539838
381,1021,1.34049946539838
381,790,1.34049946539838
381,134,1.34049946539838
905,1542,1.34049946539838
1292,143,1.34049946539838
1292,706,1.34049946539838
1292,972,1.34049946539838
403,706,1.34049946539838
403,332,1.34049946539838
403,731,1.34049946539838
403,1522,1.34049946539838
403,1258,1.34049946539838
403,1518,1.34049946539838
403,1278,1.34049946539838
124,241,1.34049946539838
1542,1510,1.34049946539838
1542,1382,1.34049946539838
1542,703,1.34049946539838
1542,1475,1.34049946539838
1542,554,1.34049946539838
501,1382,1.34049946539838
501,135,1.34049946539838
17,923,1.34049946539838
17,1192,1.34049946539838
85,1203,1.34049946539838
85,1310,1.34049946539838
85,591,1.34049946539838
85,66,1.34049946539838
129,677,1.34049946539838
206,1021,1.34049946539838
206,790,1.34049946539838
206,1203,1.34049946539838
206,1508,1.34049946539838
143,1203,1.34049946539838
143,230,1.34049946539838
143,281,1.34049946539838
143,1192,1.34049946539838
143,66,1.34049946539838
1021,883,1.34049946539838
515,1203,1.34049946539838
515,1220,1.34049946539838
1390,1508,1.34049946539838
1390,281,1.34049946539838
790,35,1.34049946539838
790,1382,1.34049946539838
790,1059,1.34049946539838
790,1150,1.34049946539838
1480,556,1.34049946539838
1480,731,1.34049946539838
1480,1522,1.34049946539838
1480,1011,1.34049946539838
1480,554,1.34049946539838
1480,957,1.34049946539838
706,677,1.34049946539838
706,488,1.34049946539838
706,1192,1.34049946539838
706,66,1.34049946539838
1005,1203,1.34049946539838
1005,1508,1.34049946539838
1022,230,1.34049946539838
35,677,1.34049946539838
35,147,1.34049946539838
556,677,1.34049946539838
1537,1508,1.34049946539838
332,677,1.34049946539838
731,488,1.34049946539838
1522,488,1.34049946539838
1382,230,1.34049946539838
1382,87,1.34049946539838
1382,591,1.34049946539838
404,1203,1.34049946539838
404,281,1.34049946539838
404,1310,1.34049946539838
1393,147,1.34049946539838
1092,281,1.34049946539838
1073,230,1.34049946539838
1073,87,1.34049946539838
1073,1220,1.34049946539838
703,1220,1.34049946539838
1203,1236,1.34049946539838
1508,864,1.34049946539838
1508,1475,1.34049946539838
1508,606,1.34049946539838
1508,972,1.34049946539838
864,591,1.34049946539838
822,488,1.34049946539838
230,883,1.34049946539838
281,606,1.34049946539838
281,1236,1.34049946539838
147,1518,1.34049946539838
147,1059,1.34049946539838
147,1150,1.34049946539838
1278,923,1.34049946539838
1278,66,1.34049946539838
34,1310,1.34049946539838
1011,66,1.34049946539838
1310,972,1.34049946539838
1310,883,1.34049946539838
1310,554,1.34049946539838
241,1485,1.34049946539838
972,591,1.34049946539838
972,488,1.34049946539838
591,1133,1.34049946539838
1094,66,1.34049946539838
883,66,1.34049946539838
1192,957,1.34049946539838
370,1064,1.33763317242183
366,30,1.33317459151738
366,653,1.33317459151738
366,1146,1.33317459151738
366,1444,1.33317459151738
1371,990,1.33317459151738
1371,33,1.33317459151738
1371,752,1.33317459151738
1371,838,1.33317459151738
1371,773,1.33317459151738
30,555,1.33317459151738
30,653,1.33317459151738
720,787,1.33317459151738
1279,275,1.33317459151738
1075,223,1.33317459151738
1075,1146,1.33317459151738
165,308,1.33317459151738
165,1168,1.33317459151738
165,773,1.33317459151738
787,308,1.33317459151738
787,1301,1.33317459151738
787,838,1.33317459151738
555,653,1.33317459151738
308,638,1.33317459151738
308,1146,1.33317459151738
990,838,1.33317459151738
990,773,1.33317459151738
33,1454,1.33317459151738
33,752,1.33317459151738
958,1290,1.33317459151738
958,638,1.33317459151738
958,831,1.33317459151738
958,1444,1.33317459151738
958,1352,1.33317459151738
257,638,1.33317459151738
1454,1352,1.33317459151738
752,1227,1.33317459151738
223,831,1.33317459151738
223,1352,1.33317459151738
872,1352,1.33317459151738
820,1444,1.33317459151738
843,1227,1.33317459151738
843,1290,1.33317459151738
843,1444,1.33317459151738
1168,1352,1.33317459151738
1357,919,1.33309199679486
1357,387,1.33309199679486
853,58,1.33309199679486
853,809,1.33309199679486
919,5,1.33309199679486
919,617,1.33309199679486
1010,994,1.33309199679486
1010,1291,1.33309199679486
1010,888,1.33309199679486
1010,437,1.33309199679486
1010,809,1.33309199679486
1010,688,1.33309199679486
733,734,1.33309199679486
733,626,1.33309199679486
733,1495,1.33309199679486
733,1540,1.33309199679486
107,1271,1.33309199679486
107,58,1.33309199679486
107,49,1.33309199679486
1228,1271,1.33309199679486
1228,1291,1.33309199679486
507,1271,1.33309199679486
507,58,1.33309199679486
507,49,1.33309199679486
64,210,1.33309199679486
64,765,1.33309199679486
64,734,1.33309199679486
64,888,1.33309199679486
64,809,1.33309199679486
64,708,1.33309199679486
5,823,1.33309199679486
5,497,1.33309199679486
5,1461,1.33309199679486
5,1142,1.33309199679486
5,1362,1.33309199679486
5,1295,1.33309199679486
5,745,1.33309199679486
5,456,1.33309199679486
5,1198,1.33309199679486
5,885,1.33309199679486
5,1112,1.33309199679486
5,644,1.33309199679486
5,1436,1.33309199679486
345,1291,1.33309199679486
345,734,1.33309199679486
345,888,1.33309199679486
345,626,1.33309199679486
987,437,1.33309199679486
987,809,1.33309199679486
987,688,1.33309199679486
1093,888,1.33309199679486
1037,1271,1.33309199679486
15,1165,1.33309199679486
1002,985,1.33309199679486
1002,506,1.33309199679486
1271,1207,1.33309199679486
1271,1100,1.33309199679486
1271,795,1.33309199679486
1271,1033,1.33309199679486
1271,21,1.33309199679486
1271,694,1.33309199679486
1271,1295,1.33309199679486
1271,745,1.33309199679486
1271,581,1.33309199679486
1271,160,1.33309199679486
1271,644,1.33309199679486
1271,566,1.33309199679486
1271,1413,1.33309199679486
1271,1436,1.33309199679486
1207,58,1.33309199679486
823,617,1.33309199679486
1443,765,1.33309199679486
1443,1165,1.33309199679486
1443,49,1.33309199679486
1443,437,1.33309199679486
1443,809,1.33309199679486
1443,688,1.33309199679486
480,888,1.33309199679486
480,626,1.33309199679486
1131,1159,1.33309199679486
994,1422,1.33309199679486
994,224,1.33309199679486
994,1465,1.33309199679486
994,812,1.33309199679486
994,1546,1.33309199679486
994,1436,1.33309199679486
363,960,1.33309199679486
1380,1159,1.33309199679486
497,888,1.33309199679486
497,437,1.33309199679486
497,809,1.33309199679486
497,83,1.33309199679486
1461,1495,1.33309199679486
1461,1540,1.33309199679486
1038,1291,1.33309199679486
1505,1291,1.33309199679486
666,1165,1.33309199679486
666,83,1.33309199679486
666,708,1.33309199679486
666,688,1.33309199679486
210,985,1.33309199679486
210,506,1.33309199679486
1242,58,1.33309199679486
1242,1165,1.33309199679486
1242,626,1.33309199679486
1242,1495,1.33309199679486
1242,1540,1.33309199679486
548,734,1.33309199679486
548,617,1.33309199679486
1422,888,1.33309199679486
1422,437,1.33309199679486
387,734,1.33309199679486
387,708,1.33309199679486
795,58,1.33309199679486
795,49,1.33309199679486
795,809,1.33309199679486
1033,960,1.33309199679486
1033,58,1.33309199679486
1033,1495,1.33309199679486
1173,1165,1.33309199679486
1233,49,1.33309199679486
1233,1540,1.33309199679486
668,1291,1.33309199679486
668,809,1.33309199679486
224,437,1.33309199679486
224,809,1.33309199679486
21,765,1.33309199679486
21,1291,1.33309199679486
21,708,1.33309199679486
985,49,1.33309199679486
694,1165,1.33309199679486
694,809,1.33309199679486
694,708,1.33309199679486
694,688,1.33309199679486
1362,49,1.33309199679486
1362,809,1.33309199679486
344,1291,1.33309199679486
344,49,1.33309199679486
344,626,1.33309199679486
765,506,1.33309199679486
765,1112,1.33309199679486
1264,1291,1.33309199679486
1295,49,1.33309199679486
960,745,1.33309199679486
960,1413,1.33309199679486
171,58,1.33309199679486
171,1291,1.33309199679486
171,734,1.33309199679486
171,626,1.33309199679486
1355,734,1.33309199679486
58,745,1.33309199679486
58,837,1.33309199679486
58,1128,1.33309199679486
58,160,1.33309199679486
58,644,1.33309199679486
58,663,1.33309199679486
58,1436,1.33309199679486
456,1291,1.33309199679486
456,734,1.33309199679486
456,626,1.33309199679486
1198,734,1.33309199679486
1198,708,1.33309199679486
1291,644,1.33309199679486
1291,663,1.33309199679486
1291,1392,1.33309199679486
1291,272,1.33309199679486
1291,1413,1.33309199679486
424,678,1.33309199679486
424,885,1.33309199679486
837,1165,1.33309199679486
1165,1128,1.33309199679486
1165,1,1.33309199679486
1165,1469,1.33309199679486
1165,1436,1.33309199679486
1128,49,1.33309199679486
885,1495,1.33309199679486
581,1495,1.33309199679486
734,272,1.33309199679486
617,1465,1.33309199679486
617,1546,1.33309199679486
617,521,1.33309199679486
617,1000,1.33309199679486
1112,708,1.33309199679486
888,1465,1.33309199679486
888,521,1.33309199679486
888,219,1.33309199679486
888,786,1.33309199679486
249,688,1.33309199679486
1465,809,1.33309199679486
1465,83,1.33309199679486
812,437,1.33309199679486
812,809,1.33309199679486
437,521,1.33309199679486
809,1000,1.33309199679486
626,272,1.33309199679486
626,1099,1.33309199679486
626,219,1.33309199679486
708,1436,1.33309199679486
1495,786,1.33309199679486
1540,786,1.33309199679486
221,763,1.33292679798826
221,814,1.33292679798826
221,376,1.33292679798826
485,1280,1.33292679798826
827,1428,1.33292679798826
926,763,1.33292679798826
926,747,1.33292679798826
455,1280,1.33292679798826
148,876,1.33292679798826
395,763,1.33292679798826
395,72,1.33292679798826
395,747,1.33292679798826
395,1166,1.33292679798826
185,763,1.33292679798826
185,459,1.33292679798826
185,814,1.33292679798826
185,318,1.33292679798826
185,1166,1.33292679798826
290,1280,1.33292679798826
69,1428,1.33292679798826
1427,459,1.33292679798826
1427,648,1.33292679798826
1427,876,1.33292679798826
763,301,1.33292679798826
763,949,1.33292679798826
763,1379,1.33292679798826
763,995,1.33292679798826
763,32,1.33292679798826
763,512,1.33292679798826
763,611,1.33292679798826
763,865,1.33292679798826
763,236,1.33292679798826
763,898,1.33292679798826
763,662,1.33292679798826
763,1429,1.33292679798826
763,967,1.33292679798826
763,616,1.33292679798826
301,318,1.33292679798826
301,288,1.33292679798826
301,747,1.33292679798826
72,862,1.33292679798826
72,552,1.33292679798826
72,995,1.33292679798826
72,14,1.33292679798826
72,604,1.33292679798826
72,865,1.33292679798826
72,236,1.33292679798826
72,311,1.33292679798826
26,648,1.33292679798826
26,876,1.33292679798826
459,603,1.33292679798826
459,754,1.33292679798826
459,604,1.33292679798826
459,547,1.33292679798826
459,611,1.33292679798826
459,340,1.33292679798826
459,662,1.33292679798826
628,376,1.33292679798826
1280,1222,1.33292679798826
1280,1311,1.33292679798826
1280,615,1.33292679798826
1280,1478,1.33292679798826
1280,611,1.33292679798826
1280,1348,1.33292679798826
1280,560,1.33292679798826
1280,1289,1.33292679798826
1280,1139,1.33292679798826
862,1166,1.33292679798826
286,1166,1.33292679798826
623,747,1.33292679798826
814,618,1.33292679798826
814,1449,1.33292679798826
814,207,1.33292679798826
814,1309,1.33292679798826
814,611,1.33292679798826
814,761,1.33292679798826
814,1315,1.33292679798826
814,898,1.33292679798826
814,662,1.33292679798826
814,967,1.33292679798826
48,876,1.33292679798826
1222,376,1.33292679798826
601,876,1.33292679798826
602,1449,1.33292679798826
602,588,1.33292679798826
602,1171,1.33292679798826
602,207,1.33292679798826
602,14,1.33292679798826
602,754,1.33292679798826
602,1544,1.33292679798826
602,761,1.33292679798826
602,865,1.33292679798826
602,978,1.33292679798826
602,559,1.33292679798826
602,900,1.33292679798826
602,359,1.33292679798826
141,648,1.33292679798826
141,876,1.33292679798826
1311,342,1.33292679798826
618,648,1.33292679798826
618,288,1.33292679798826
618,1166,1.33292679798826
1449,648,1.33292679798826
318,1478,1.33292679798826
318,1215,1.33292679798826
318,611,1.33292679798826
318,125,1.33292679798826
318,859,1.33292679798826
318,1046,1.33292679798826
318,662,1.33292679798826
318,967,1.33292679798826
1171,1428,1.33292679798826
1261,376,1.33292679798826
207,648,1.33292679798826
207,1428,1.33292679798826
207,1166,1.33292679798826
789,648,1.33292679798826
32,376,1.33292679798826
32,876,1.33292679798826
648,14,1.33292679798826
648,1544,1.33292679798826
648,865,1.33292679798826
648,759,1.33292679798826
648,416,1.33292679798826
648,1046,1.33292679798826
648,900,1.33292679798826
1419,376,1.33292679798826
273,376,1.33292679798826
596,1428,1.33292679798826
596,376,1.33292679798826
596,876,1.33292679798826
596,583,1.33292679798826
1478,288,1.33292679798826
1428,14,1.33292679798826
1428,173,1.33292679798826
1428,12,1.33292679798826
1428,761,1.33292679798826
1428,865,1.33292679798826
1428,162,1.33292679798826
1428,900,1.33292679798826
1110,876,1.33292679798826
1219,288,1.33292679798826
14,876,1.33292679798826
173,376,1.33292679798826
173,876,1.33292679798826
173,583,1.33292679798826
390,342,1.33292679798826
342,12,1.33292679798826
342,611,1.33292679798826
342,948,1.33292679798826
342,1348,1.33292679798826
342,560,1.33292679798826
342,900,1.33292679798826
604,1166,1.33292679798826
547,376,1.33292679798826
547,583,1.33292679798826
1269,747,1.33292679798826
611,1166,1.33292679798826
761,747,1.33292679798826
865,1166,1.33292679798826
236,1166,1.33292679798826
376,978,1.33292679798826
376,759,1.33292679798826
376,1031,1.33292679798826
376,314,1.33292679798826
125,288,1.33292679798826
125,876,1.33292679798826
125,1166,1.33292679798826
1076,1166,1.33292679798826
288,940,1.33292679798826
288,900,1.33292679798826
288,1139,1.33292679798826
898,876,1.33292679798826
876,416,1.33292679798826
876,1031,1.33292679798826
876,162,1.33292679798826
876,1046,1.33292679798826
876,1373,1.33292679798826
311,1166,1.33292679798826
747,1035,1.33292679798826
747,940,1.33292679798826
747,900,1.33292679798826
747,616,1.33292679798826
1506,583,1.33292679798826
162,583,1.33292679798826
1166,900,1.33292679798826
1166,662,1.33292679798826
1166,967,1.33292679798826
900,583,1.33292679798826
1232,133,1.33251332527373
1232,801,1.33251332527373
880,1129,1.33251332527373
1298,133,1.33251332527373
237,1129,1.33251332527373
458,133,1.33251332527373
192,1129,1.33251332527373
884,133,1.33251332527373
884,801,1.33251332527373
1129,636,1.33251332527373
1129,684,1.33251332527373
1129,187,1.33251332527373
1129,1202,1.33251332527373
1129,1517,1.33251332527373
1129,736,1.33251332527373
1129,320,1.33251332527373
1129,215,1.33251332527373
1129,1143,1.33251332527373
1129,1114,1.33251332527373
1129,121,1.33251332527373
1129,217,1.33251332527373
1129,1476,1.33251332527373
1129,709,1.33251332527373
1129,1410,1.33251332527373
1129,70,1.33251332527373
1129,627,1.33251332527373
1345,801,1.33251332527373
711,133,1.33251332527373
748,133,1.33251332527373
493,133,1.33251332527373
726,133,1.33251332527373
1437,801,1.33251332527373
82,801,1.33251332527373
901,801,1.33251332527373
322,133,1.33251332527373
285,133,1.33251332527373
297,801,1.33251332527373
698,133,1.33251332527373
1532,133,1.33251332527373
133,411,1.33251332527373
133,305,1.33251332527373
133,225,1.33251332527373
133,511,1.33251332527373
133,551,1.33251332527373
133,217,1.33251332527373
133,938,1.33251332527373
133,1044,1.33251332527373
133,1424,1.33251332527373
133,776,1.33251332527373
133,903,1.33251332527373
411,801,1.33251332527373
1385,801,1.33251332527373
225,801,1.33251332527373
1087,801,1.33251332527373
400,801,1.33251332527373
801,347,1.33251332527373
801,680,1.33251332527373
801,665,1.33251332527373
801,1277,1.33251332527373
801,244,1.33251332527373
801,667,1.33251332527373
801,903,1.33251332527373
801,18,1.33251332527373
1065,378,1.32949167650702
592,670,1.31859583253666
592,354,1.31859583253666
1409,524,1.31859583253666
1297,774,1.31859583253666
945,524,1.31859583253666
1298,670,1.31859583253666
1298,354,1.31859583253666
237,378,1.31859583253666
1365,670,1.31859583253666
1479,466,1.31859583253666
1411,774,1.31859583253666
1312,466,1.31859583253666
915,774,1.31859583253666
711,670,1.31859583253666
774,636,1.31859583253666
774,775,1.31859583253666
774,1155,1.31859583253666
774,1509,1.31859583253666
774,1492,1.31859583253666
774,197,1.31859583253666
774,553,1.31859583253666
774,1503,1.31859583253666
774,239,1.31859583253666
774,1402,1.31859583253666
774,1385,1.31859583253666
774,1360,1.31859583253666
774,1039,1.31859583253666
774,1442,1.31859583253666
774,1460,1.31859583253666
774,696,1.31859583253666
774,1512,1.31859583253666
774,155,1.31859583253666
466,788,1.31859583253666
466,1230,1.31859583253666
466,322,1.31859583253666
466,31,1.31859583253666
466,698,1.31859583253666
466,411,1.31859583253666
466,1095,1.31859583253666
466,1486,1.31859583253666
466,1212,1.31859583253666
466,1024,1.31859583253666
466,776,1.31859583253666
466,289,1.31859583253666
524,788,1.31859583253666
524,261,1.31859583253666
524,873,1.31859583253666
524,1221,1.31859583253666
524,698,1.31859583253666
524,1447,1.31859583253666
524,1095,1.31859583253666
524,1486,1.31859583253666
524,401,1.31859583253666
524,938,1.31859583253666
524,1024,1.31859583253666
524,776,1.31859583253666
524,289,1.31859583253666
493,670,1.31859583253666
493,354,1.31859583253666
636,354,1.31859583253666
608,378,1.31859583253666
768,378,1.31859583253666
187,670,1.31859583253666
259,354,1.31859583253666
901,378,1.31859583253666
1216,378,1.31859583253666
813,378,1.31859583253666
1499,378,1.31859583253666
676,670,1.31859583253666
553,354,1.31859583253666
285,670,1.31859583253666
285,378,1.31859583253666
1006,354,1.31859583253666
670,1372,1.31859583253666
670,1385,1.31859583253666
670,551,1.31859583253666
670,803,1.31859583253666
670,360,1.31859583253666
670,217,1.31859583253666
670,105,1.31859583253666
670,70,1.31859583253666
670,312,1.31859583253666
670,132,1.31859583253666
670,546,1.31859583253666
736,378,1.31859583253666
239,354,1.31859583253666
518,354,1.31859583253666
518,378,1.31859583253666
354,104,1.31859583253666
354,20,1.31859583253666
354,1360,1.31859583253666
354,1447,1.31859583253666
354,172,1.31859583253666
354,217,1.31859583253666
354,492,1.31859583253666
354,1459,1.31859583253666
354,1424,1.31859583253666
354,782,1.31859583253666
354,243,1.31859583253666
20,378,1.31859583253666
551,378,1.31859583253666
1274,378,1.31859583253666
378,254,1.31859583253666
378,1459,1.31859583253666
378,175,1.31859583253666
378,1044,1.31859583253666
378,70,1.31859583253666
378,1512,1.31859583253666
378,1321,1.31859583253666
378,244,1.31859583253666
1072,1231,1.31568278817851
221,1300,1.31244844475765
485,1178,1.31244844475765
485,94,1.31244844475765
485,1300,1.31244844475765
485,612,1.31244844475765
174,1178,1.31244844475765
174,1300,1.31244844475765
148,1030,1.31244844475765
395,10,1.31244844475765
395,815,1.31244844475765
395,612,1.31244844475765
185,10,1.31244844475765
185,815,1.31244844475765
185,1300,1.31244844475765
185,1030,1.31244844475765
185,612,1.31244844475765
185,542,1.31244844475765
10,1427,1.31244844475765
10,26,1.31244844475765
10,32,1.31244844475765
10,479,1.31244844475765
10,865,1.31244844475765
10,236,1.31244844475765
10,170,1.31244844475765
10,1348,1.31244844475765
10,1289,1.31244844475765
10,416,1.31244844475765
10,1031,1.31244844475765
10,1046,1.31244844475765
42,815,1.31244844475765
69,1008,1.31244844475765
69,463,1.31244844475765
1427,815,1.31244844475765
301,1009,1.31244844475765
301,542,1.31244844475765
655,1009,1.31244844475765
26,815,1.31244844475765
26,1300,1.31244844475765
26,1030,1.31244844475765
1056,1009,1.31244844475765
1056,542,1.31244844475765
113,1178,1.31244844475765
1008,628,1.31244844475765
1008,286,1.31244844475765
1008,48,1.31244844475765
1008,925,1.31244844475765
1008,12,1.31244844475765
1008,948,1.31244844475765
1008,125,1.31244844475765
1008,311,1.31244844475765
1008,900,1.31244844475765
862,815,1.31244844475765
1102,1178,1.31244844475765
1102,463,1.31244844475765
286,1178,1.31244844475765
286,815,1.31244844475765
623,815,1.31244844475765
623,612,1.31244844475765
623,463,1.31244844475765
1178,1339,1.31244844475765
1178,596,1.31244844475765
1178,173,1.31244844475765
1178,12,1.31244844475765
1178,978,1.31244844475765
1178,560,1.31244844475765
1178,162,1.31244844475765
1178,1429,1.31244844475765
1222,1300,1.31244844475765
601,1030,1.31244844475765
815,207,1.31244844475765
815,14,1.31244844475765
815,604,1.31244844475765
815,611,1.31244844475765
815,236,1.31244844475765
815,416,1.31244844475765
815,1046,1.31244844475765
815,967,1.31244844475765
815,430,1.31244844475765
158,94,1.31244844475765
1339,94,1.31244844475765
1339,1300,1.31244844475765
1339,612,1.31244844475765
141,1030,1.31244844475765
141,612,1.31244844475765
1311,1009,1.31244844475765
618,1300,1.31244844475765
618,1030,1.31244844475765
618,612,1.31244844475765
1449,94,1.31244844475765
1449,1009,1.31244844475765
588,1030,1.31244844475765
1171,1030,1.31244844475765
1171,542,1.31244844475765
207,94,1.31244844475765
207,1300,1.31244844475765
207,1030,1.31244844475765
207,612,1.31244844475765
94,14,1.31244844475765
94,761,1.31244844475765
94,865,1.31244844475765
94,560,1.31244844475765
94,900,1.31244844475765
1300,596,1.31244844475765
1300,14,1.31244844475765
1300,173,1.31244844475765
1300,547,1.31244844475765
1300,611,1.31244844475765
1300,865,1.31244844475765
1300,125,1.31244844475765
1300,1076,1.31244844475765
1300,560,1.31244844475765
1300,311,1.31244844475765
1300,162,1.31244844475765
1300,314,1.31244844475765
1300,900,1.31244844475765
1300,662,1.31244844475765
1300,967,1.31244844475765
1009,940,1.31244844475765
1009,616,1.31244844475765
1009,1303,1.31244844475765
1030,1110,1.31244844475765
1030,14,1.31244844475765
1030,754,1.31244844475765
1030,611,1.31244844475765
1030,865,1.31244844475765
1030,978,1.31244844475765
1030,900,1.31244844475765
1030,1373,1.31244844475765
1030,662,1.31244844475765
1030,194,1.31244844475765
1030,967,1.31244844475765
273,463,1.31244844475765
596,612,1.31244844475765
596,463,1.31244844475765
612,14,1.31244844475765
612,173,1.31244844475765
612,611,1.31244844475765
612,865,1.31244844475765
612,1348,1.31244844475765
612,560,1.31244844475765
612,1289,1.31244844475765
612,162,1.31244844475765
612,900,1.31244844475765
612,662,1.31244844475765
612,967,1.31244844475765
754,542,1.31244844475765
611,542,1.31244844475765
761,542,1.31244844475765
889,542,1.31244844475765
1289,463,1.31244844475765
463,1506,1.31244844475765
463,162,1.31244844475765
311,542,1.31244844475765
542,886,1.31244844475765
542,662,1.31244844475765
542,233,1.31244844475765
513,439,1.30636028334649
513,450,1.30636028334649
513,1211,1.30636028334649
675,439,1.30636028334649
675,468,1.30636028334649
675,1211,1.30636028334649
675,251,1.30636028334649
675,965,1.30636028334649
675,472,1.30636028334649
675,295,1.30636028334649
639,439,1.30636028334649
639,1211,1.30636028334649
878,1510,1.30636028334649
878,1170,1.30636028334649
878,462,1.30636028334649
817,439,1.30636028334649
817,37,1.30636028334649
817,1243,1.30636028334649
1176,291,1.30636028334649
771,918,1.30636028334649
771,965,1.30636028334649
771,472,1.30636028334649
842,909,1.30636028334649
700,1073,1.30636028334649
700,957,1.30636028334649
855,730,1.30636028334649
717,37,1.30636028334649
439,1393,1.30636028334649
439,135,1.30636028334649
37,514,1.30636028334649
37,85,1.30636028334649
37,515,1.30636028334649
37,541,1.30636028334649
37,703,1.30636028334649
37,1059,1.30636028334649
37,883,1.30636028334649
37,135,1.30636028334649
37,554,1.30636028334649
450,85,1.30636028334649
450,972,1.30636028334649
450,1485,1.30636028334649
330,296,1.30636028334649
330,404,1.30636028334649
330,883,1.30636028334649
330,957,1.30636028334649
85,101,1.30636028334649
85,472,1.30636028334649
85,1521,1.30636028334649
129,1243,1.30636028334649
129,329,1.30636028334649
129,965,1.30636028334649
206,101,1.30636028334649
206,1211,1.30636028334649
206,671,1.30636028334649
206,1521,1.30636028334649
143,329,1.30636028334649
143,291,1.30636028334649
143,472,1.30636028334649
515,1482,1.30636028334649
515,295,1.30636028334649
1510,730,1.30636028334649
706,965,1.30636028334649
1022,730,1.30636028334649
1022,965,1.30636028334649
1022,911,1.30636028334649
468,556,1.30636028334649
468,1382,1.30636028334649
468,1073,1.30636028334649
468,599,1.30636028334649
35,329,1.30636028334649
35,1211,1.30636028334649
35,965,1.30636028334649
556,1243,1.30636028334649
556,329,1.30636028334649
556,965,1.30636028334649
556,295,1.30636028334649
332,730,1.30636028334649
909,1163,1.30636028334649
909,957,1.30636028334649
909,1133,1.30636028334649
731,730,1.30636028334649
1522,730,1.30636028334649
404,472,1.30636028334649
1393,1211,1.30636028334649
1170,730,1.30636028334649
1170,965,1.30636028334649
1211,135,1.30636028334649
1211,1150,1.30636028334649
1073,1482,1.30636028334649
730,1258,1.30636028334649
730,1518,1.30636028334649
730,462,1.30636028334649
1258,251,1.30636028334649
1475,295,1.30636028334649
1518,291,1.30636028334649
1059,965,1.30636028334649
1482,883,1.30636028334649
599,295,1.30636028334649
472,972,1.30636028334649
1011,1521,1.30636028334649
883,1521,1.30636028334649
911,554,1.30636028334649
919,1016,1.30628081573417
919,532,1.30628081573417
1010,1224,1.30628081573417
1010,1084,1.30628081573417
733,996,1.30628081573417
733,1084,1.30628081573417
733,127,1.30628081573417
107,410,1.30628081573417
1228,1084,1.30628081573417
1228,1327,1.30628081573417
507,1445,1.30628081573417
507,1120,1.30628081573417
507,346,1.30628081573417
507,127,1.30628081573417
507,168,1.30628081573417
64,996,1.30628081573417
64,1120,1.30628081573417
64,1016,1.30628081573417
64,346,1.30628081573417
64,168,1.30628081573417
64,1060,1.30628081573417
345,996,1.30628081573417
345,1084,1.30628081573417
345,40,1.30628081573417
345,168,1.30628081573417
345,532,1.30628081573417
1445,1175,1.30628081573417
1445,497,1.30628081573417
1445,1461,1.30628081573417
1445,1505,1.30628081573417
1445,666,1.30628081573417
1445,1142,1.30628081573417
1445,1033,1.30628081573417
1445,224,1.30628081573417
1445,21,1.30628081573417
1445,1362,1.30628081573417
1445,344,1.30628081573417
1445,745,1.30628081573417
1445,1436,1.30628081573417
975,346,1.30628081573417
987,1224,1.30628081573417
1093,325,1.30628081573417
996,387,1.30628081573417
996,171,1.30628081573417
996,456,1.30628081573417
996,1198,1.30628081573417
996,272,1.30628081573417
823,1016,1.30628081573417
1443,1224,1.30628081573417
1443,1060,1.30628081573417
1175,127,1.30628081573417
1175,168,1.30628081573417
480,40,1.30628081573417
1224,497,1.30628081573417
1224,548,1.30628081573417
1224,1422,1.30628081573417
1224,1355,1.30628081573417
1224,521,1.30628081573417
1224,1099,1.30628081573417
410,1380,1.30628081573417
410,1038,1.30628081573417
410,1505,1.30628081573417
410,795,1.30628081573417
410,1362,1.30628081573417
410,581,1.30628081573417
410,566,1.30628081573417
497,1016,1.30628081573417
1120,1007,1.30628081573417
1120,224,1.30628081573417
1120,985,1.30628081573417
1120,1148,1.30628081573417
1120,812,1.30628081573417
1120,1546,1.30628081573417
1120,521,1.30628081573417
1038,168,1.30628081573417
1038,1327,1.30628081573417
1505,127,1.30628081573417
1505,1327,1.30628081573417
666,1016,1.30628081573417
666,127,1.30628081573417
666,1060,1.30628081573417
1142,127,1.30628081573417
548,1016,1.30628081573417
548,1060,1.30628081573417
387,168,1.30628081573417
1016,344,1.30628081573417
1016,581,1.30628081573417
1016,812,1.30628081573417
1016,1546,1.30628081573417
1016,1436,1.30628081573417
1016,786,1.30628081573417
1033,346,1.30628081573417
1033,127,1.30628081573417
1033,40,1.30628081573417
1033,168,1.30628081573417
1173,40,1.30628081573417
1233,40,1.30628081573417
668,346,1.30628081573417
668,1327,1.30628081573417
224,1084,1.30628081573417
21,127,1.30628081573417
985,1060,1.30628081573417
985,532,1.30628081573417
985,1327,1.30628081573417
1362,532,1.30628081573417
1362,1327,1.30628081573417
344,168,1.30628081573417
171,168,1.30628081573417
1355,1084,1.30628081573417
1435,40,1.30628081573417
1078,532,1.30628081573417
1078,1327,1.30628081573417
456,168,1.30628081573417
1198,168,1.30628081573417
1198,532,1.30628081573417
1198,1327,1.30628081573417
837,532,1.30628081573417
1128,532,1.30628081573417
1128,1327,1.30628081573417
885,1084,1.30628081573417
885,40,1.30628081573417
1084,272,1.30628081573417
581,40,1.30628081573417
581,168,1.30628081573417
581,532,1.30628081573417
581,1327,1.30628081573417
407,786,1.30628081573417
1,1327,1.30628081573417
506,40,1.30628081573417
249,1060,1.30628081573417
346,1436,1.30628081573417
346,786,1.30628081573417
1546,127,1.30628081573417
1546,1060,1.30628081573417
1469,40,1.30628081573417
127,663,1.30628081573417
127,1392,1.30628081573417
1067,150,1.30628081573417
1067,159,1.30628081573417
168,663,1.30628081573417
168,272,1.30628081573417
168,1436,1.30628081573417
1060,1436,1.30628081573417
45,532,1.30628081573417
1327,1413,1.30628081573417
1065,1223,1.3056443080661
1065,549,1.3056443080661
1065,1385,1.3056443080661
1065,1332,1.3056443080661
1065,1158,1.3056443080661
1065,1515,1.3056443080661
1117,1096,1.2994169198817
366,790,1.294332306179
366,677,1.294332306179
366,147,1.294332306179
366,1310,1.294332306179
1371,1542,1.294332306179
1371,790,1.294332306179
1371,1480,1.294332306179
1371,1310,1.294332306179
720,677,1.294332306179
1361,1444,1.294332306179
1438,575,1.294332306179
714,1075,1.294332306179
714,1290,1.294332306179
714,1146,1.294332306179
714,1444,1.294332306179
1075,575,1.294332306179
1075,1203,1.294332306179
1075,230,1.294332306179
1075,281,1.294332306179
323,165,1.294332306179
323,1301,1.294332306179
275,134,1.294332306179
275,1310,1.294332306179
275,241,1.294332306179
575,787,1.294332306179
575,308,1.294332306179
575,752,1.294332306179
165,1508,1.294332306179
1292,1168,1.294332306179
1292,638,1.294332306179
787,1480,1.294332306179
555,790,1.294332306179
555,147,1.294332306179
555,1220,1.294332306179
308,1203,1.294332306179
308,1508,1.294332306179
308,1310,1.294332306179
308,591,1.294332306179
1542,990,1.294332306179
1542,838,1.294332306179
1542,223,1.294332306179
1542,1432,1.294332306179
1542,425,1.294332306179
1542,1227,1.294332306179
1542,831,1.294332306179
1542,1352,1.294332306179
501,653,1.294332306179
1208,1203,1.294332306179
1208,923,1.294332306179
1208,1192,1.294332306179
990,1310,1.294332306179
990,591,1.294332306179
33,1480,1.294332306179
33,1508,1.294332306179
33,1220,1.294332306179
958,1480,1.294332306179
958,488,1.294332306179
257,1192,1.294332306179
257,66,1.294332306179
790,1454,1.294332306179
790,872,1.294332306179
790,1432,1.294332306179
790,425,1.294332306179
790,1227,1.294332306179
790,1146,1.294332306179
1480,752,1.294332306179
1480,1290,1.294332306179
1480,1444,1.294332306179
84,1508,1.294332306179
84,134,1.294332306179
677,843,1.294332306179
677,1168,1.294332306179
677,1290,1.294332306179
293,923,1.294332306179
1203,843,1.294332306179
1203,1444,1.294332306179
1508,223,1.294332306179
1508,638,1.294332306179
1508,773,1.294332306179
1454,147,1.294332306179
230,1146,1.294332306179
147,872,1.294332306179
147,1190,1.294332306179
838,1310,1.294332306179
223,241,1.294332306179
1432,1220,1.294332306179
820,1192,1.294332306179
1310,638,1.294332306179
1310,1146,1.294332306179
843,488,1.294332306179
425,1220,1.294332306179
1168,488,1.294332306179
1168,1192,1.294332306179
1168,66,1.294332306179
591,638,1.294332306179
591,773,1.294332306179
1290,1192,1.294332306179
638,488,1.294332306179
1444,488,1.294332306179
1444,1192,1.294332306179
221,1331,1.29402017946412
221,287,1.29402017946412
485,1331,1.29402017946412
485,287,1.29402017946412
174,1331,1.29402017946412
174,287,1.29402017946412
395,247,1.29402017946412
185,932,1.29402017946412
69,1331,1.29402017946412
69,287,1.29402017946412
301,247,1.29402017946412
949,247,1.29402017946412
1056,247,1.29402017946412
628,1025,1.29402017946412
1102,932,1.29402017946412
48,287,1.29402017946412
1222,287,1.29402017946412
601,932,1.29402017946412
1331,1339,1.29402017946412
1331,207,1.29402017946412
1331,273,1.29402017946412
1331,948,1.29402017946412
1331,978,1.29402017946412
1331,560,1.29402017946412
1331,900,1.29402017946412
1339,287,1.29402017946412
1449,932,1.29402017946412
1171,247,1.29402017946412
207,932,1.29402017946412
287,615,1.29402017946412
287,479,1.29402017946412
287,390,1.29402017946412
287,547,1.29402017946412
287,12,1.29402017946412
287,759,1.29402017946412
287,560,1.29402017946412
287,416,1.29402017946412
287,1031,1.29402017946412
287,314,1.29402017946412
273,932,1.29402017946412
1025,759,1.29402017946412
1025,746,1.29402017946412
14,932,1.29402017946412
512,247,1.29402017946412
247,940,1.29402017946412
611,932,1.29402017946412
761,932,1.29402017946412
865,932,1.29402017946412
932,900,1.29402017946412
932,1373,1.29402017946412
932,662,1.29402017946412
932,194,1.29402017946412
932,967,1.29402017946412
945,29,1.29355108357337
1479,29,1.29355108357337
467,29,1.29355108357337
1230,29,1.29355108357337
698,29,1.29355108357337
29,1095,1.29355108357337
29,1486,1.29355108357337
29,1212,1.29355108357337
29,938,1.29355108357337
29,1024,1.29355108357337
29,776,1.29355108357337
29,289,1.29355108357337
1129,1231,1.28840734369439
451,466,1.28386502526496
451,670,1.28386502526496
451,354,1.28386502526496
774,1107,1.28386502526496
670,1064,1.28386502526496
354,1107,1.28386502526496
354,1064,1.28386502526496
853,74,1.28291600515054
919,380,1.28291600515054
919,980,1.28291600515054
1010,1320,1.28291600515054
1010,380,1.28291600515054
1010,1330,1.28291600515054
1010,850,1.28291600515054
733,380,1.28291600515054
733,1543,1.28291600515054
733,1330,1.28291600515054
733,980,1.28291600515054
107,380,1.28291600515054
107,1527,1.28291600515054
1228,380,1.28291600515054
507,1543,1.28291600515054
507,74,1.28291600515054
64,1320,1.28291600515054
64,850,1.28291600515054
345,234,1.28291600515054
987,1320,1.28291600515054
987,850,1.28291600515054
1093,1330,1.28291600515054
561,74,1.28291600515054
1443,1320,1.28291600515054
1443,380,1.28291600515054
1443,850,1.28291600515054
480,1330,1.28291600515054
1131,1330,1.28291600515054
1320,497,1.28291600515054
1320,1148,1.28291600515054
1320,1099,1.28291600515054
497,380,1.28291600515054
497,1330,1.28291600515054
497,1527,1.28291600515054
497,850,1.28291600515054
1461,1543,1.28291600515054
1461,980,1.28291600515054
1038,1543,1.28291600515054
1038,1330,1.28291600515054
1505,380,1.28291600515054
666,380,1.28291600515054
666,1527,1.28291600515054
666,850,1.28291600515054
1142,234,1.28291600515054
1242,980,1.28291600515054
548,380,1.28291600515054
1422,234,1.28291600515054
1422,380,1.28291600515054
387,980,1.28291600515054
234,668,1.28291600515054
234,21,1.28291600515054
234,694,1.28291600515054
234,171,1.28291600515054
234,745,1.28291600515054
234,456,1.28291600515054
234,160,1.28291600515054
234,566,1.28291600515054
234,272,1.28291600515054
234,786,1.28291600515054
795,1527,1.28291600515054
1033,1543,1.28291600515054
1233,74,1.28291600515054
1233,980,1.28291600515054
668,380,1.28291600515054
668,1543,1.28291600515054
668,1330,1.28291600515054
694,74,1.28291600515054
1148,380,1.28291600515054
1148,850,1.28291600515054
1362,1527,1.28291600515054
1362,980,1.28291600515054
344,1330,1.28291600515054
380,1112,1.28291600515054
380,812,1.28291600515054
380,521,1.28291600515054
380,150,1.28291600515054
380,1392,1.28291600515054
1295,1543,1.28291600515054
1543,1078,1.28291600515054
1543,837,1.28291600515054
1543,506,1.28291600515054
1543,786,1.28291600515054
171,1330,1.28291600515054
745,74,1.28291600515054
456,1527,1.28291600515054
1198,74,1.28291600515054
1330,885,1.28291600515054
1330,272,1.28291600515054
1330,219,1.28291600515054
1330,1413,1.28291600515054
1128,74,1.28291600515054
1527,159,1.28291600515054
1527,786,1.28291600515054
850,1546,1.28291600515054
850,521,1.28291600515054
850,1099,1.28291600515054
850,1436,1.28291600515054
1248,193,1.28291600515054
160,980,1.28291600515054
74,663,1.28291600515054
74,566,1.28291600515054
566,980,1.28291600515054
980,786,1.28291600515054
388,1064,1.28222486084587
930,451,1.28222486084587
930,1064,1.28222486084587
592,1064,1.28222486084587
1473,451,1.28222486084587
802,1107,1.28222486084587
490,1064,1.28222486084587
830,674,1.28222486084587
1298,451,1.28222486084587
237,1107,1.28222486084587
1365,451,1.28222486084587
1479,1064,1.28222486084587
451,1312,1.28222486084587
451,748,1.28222486084587
451,1118,1.28222486084587
451,1452,1.28222486084587
451,726,1.28222486084587
451,82,1.28222486084587
451,698,1.28222486084587
451,172,1.28222486084587
451,11,1.28222486084587
451,803,1.28222486084587
451,217,1.28222486084587
451,105,1.28222486084587
451,1424,1.28222486084587
451,776,1.28222486084587
451,782,1.28222486084587
451,111,1.28222486084587
1411,1064,1.28222486084587
567,674,1.28222486084587
915,1107,1.28222486084587
446,674,1.28222486084587
245,1064,1.28222486084587
788,1064,1.28222486084587
1223,1107,1.28222486084587
796,1064,1.28222486084587
768,1064,1.28222486084587
187,1107,1.28222486084587
203,674,1.28222486084587
302,1064,1.28222486084587
1230,1064,1.28222486084587
1230,674,1.28222486084587
944,1064,1.28222486084587
793,674,1.28222486084587
477,1107,1.28222486084587
209,1064,1.28222486084587
873,1064,1.28222486084587
316,1107,1.28222486084587
316,1064,1.28222486084587
1499,1064,1.28222486084587
197,1107,1.28222486084587
99,674,1.28222486084587
89,1064,1.28222486084587
553,1064,1.28222486084587
297,674,1.28222486084587
580,1107,1.28222486084587
580,674,1.28222486084587
736,1107,1.28222486084587
489,1064,1.28222486084587
519,674,1.28222486084587
239,1064,1.28222486084587
1273,1064,1.28222486084587
632,1107,1.28222486084587
632,674,1.28222486084587
225,1064,1.28222486084587
225,674,1.28222486084587
728,1064,1.28222486084587
728,674,1.28222486084587
20,1107,1.28222486084587
20,1064,1.28222486084587
1360,1064,1.28222486084587
1107,176,1.28222486084587
1107,1039,1.28222486084587
1107,1111,1.28222486084587
1107,217,1.28222486084587
1107,791,1.28222486084587
1107,1410,1.28222486084587
1107,492,1.28222486084587
1107,1265,1.28222486084587
1107,869,1.28222486084587
1107,70,1.28222486084587
1107,155,1.28222486084587
1107,1196,1.28222486084587
1107,667,1.28222486084587
1107,115,1.28222486084587
1107,627,1.28222486084587
67,1064,1.28222486084587
1114,1064,1.28222486084587
349,674,1.28222486084587
347,674,1.28222486084587
156,674,1.28222486084587
121,674,1.28222486084587
1064,1274,1.28222486084587
1064,70,1.28222486084587
1064,1083,1.28222486084587
1064,1299,1.28222486084587
674,667,1.28222486084587
674,18,1.28222486084587
1357,1258,1.27762374728117
1357,957,1.27762374728117
513,5,1.27762374728117
513,49,1.27762374728117
675,1165,1.27762374728117
675,617,1.27762374728117
675,708,1.27762374728117
5,639,1.27762374728117
5,771,1.27762374728117
5,381,1.27762374728117
5,206,1.27762374728117
5,143,1.27762374728117
5,1390,1.27762374728117
5,556,1.27762374728117
5,1382,1.27762374728117
5,404,1.27762374728117
5,1073,1.27762374728117
5,864,1.27762374728117
5,1475,1.27762374728117
5,135,1.27762374728117
5,554,1.27762374728117
639,1291,1.27762374728117
1176,1002,1.27762374728117
1176,765,1.27762374728117
1176,437,1.27762374728117
771,1165,1.27762374728117
771,708,1.27762374728117
839,960,1.27762374728117
1002,143,1.27762374728117
1002,1510,1.27762374728117
1002,1522,1.27762374728117
1002,1170,1.27762374728117
1002,822,1.27762374728117
1002,462,1.27762374728117
1002,1236,1.27762374728117
1271,206,1.27762374728117
1271,1005,1.27762374728117
1271,556,1.27762374728117
1271,1537,1.27762374728117
1271,1522,1.27762374728117
1271,1475,1.27762374728117
1271,135,1.27762374728117
1271,554,1.27762374728117
842,49,1.27762374728117
842,1540,1.27762374728117
855,994,1.27762374728117
855,1159,1.27762374728117
855,888,1.27762374728117
855,437,1.27762374728117
855,688,1.27762374728117
717,1159,1.27762374728117
717,688,1.27762374728117
381,617,1.27762374728117
1162,994,1.27762374728117
1162,617,1.27762374728117
1162,888,1.27762374728117
1162,809,1.27762374728117
1162,83,1.27762374728117
514,960,1.27762374728117
994,1022,1.27762374728117
994,1382,1.27762374728117
994,404,1.27762374728117
994,1073,1.27762374728117
994,1258,1.27762374728117
994,1518,1.27762374728117
994,1278,1.27762374728117
994,1094,1.27762374728117
51,617,1.27762374728117
210,143,1.27762374728117
210,1510,1.27762374728117
210,1522,1.27762374728117
210,1170,1.27762374728117
210,1278,1.27762374728117
210,462,1.27762374728117
210,1094,1.27762374728117
210,1236,1.27762374728117
85,960,1.27762374728117
85,49,1.27762374728117
85,809,1.27762374728117
85,1495,1.27762374728117
85,1540,1.27762374728117
206,1291,1.27762374728117
206,734,1.27762374728117
206,626,1.27762374728117
143,960,1.27762374728117
143,1165,1.27762374728117
143,49,1.27762374728117
143,809,1.27762374728117
143,708,1.27762374728117
515,617,1.27762374728117
515,1495,1.27762374728117
1390,424,1.27762374728117
1510,765,1.27762374728117
706,617,1.27762374728117
706,888,1.27762374728117
706,688,1.27762374728117
1005,708,1.27762374728117
35,888,1.27762374728117
1537,58,1.27762374728117
1537,49,1.27762374728117
1537,809,1.27762374728117
332,617,1.27762374728117
332,888,1.27762374728117
332,437,1.27762374728117
332,688,1.27762374728117
731,617,1.27762374728117
731,888,1.27762374728117
731,809,1.27762374728117
1522,765,1.27762374728117
1522,58,1.27762374728117
1522,437,1.27762374728117
1522,809,1.27762374728117
765,1170,1.27762374728117
765,1278,1.27762374728117
765,462,1.27762374728117
765,1094,1.27762374728117
765,1236,1.27762374728117
1382,83,1.27762374728117
1382,688,1.27762374728117
960,864,1.27762374728117
960,883,1.27762374728117
960,1236,1.27762374728117
960,1133,1.27762374728117
404,58,1.27762374728117
404,1165,1.27762374728117
404,809,1.27762374728117
404,708,1.27762374728117
1393,1291,1.27762374728117
1393,734,1.27762374728117
1393,888,1.27762374728117
1170,688,1.27762374728117
1092,58,1.27762374728117
1092,1540,1.27762374728117
58,864,1.27762374728117
58,34,1.27762374728117
1073,1165,1.27762374728117
1073,617,1.27762374728117
1073,49,1.27762374728117
1073,83,1.27762374728117
1073,688,1.27762374728117
703,809,1.27762374728117
703,688,1.27762374728117
424,1133,1.27762374728117
822,437,1.27762374728117
822,688,1.27762374728117
1258,617,1.27762374728117
1258,809,1.27762374728117
1258,688,1.27762374728117
1165,462,1.27762374728117
1165,883,1.27762374728117
1475,83,1.27762374728117
1518,617,1.27762374728117
1518,888,1.27762374728117
1518,437,1.27762374728117
1518,809,1.27762374728117
1518,688,1.27762374728117
617,462,1.27762374728117
1278,437,1.27762374728117
888,1150,1.27762374728117
49,1011,1.27762374728117
34,1540,1.27762374728117
599,1540,1.27762374728117
437,1094,1.27762374728117
437,1236,1.27762374728117
809,462,1.27762374728117
83,1236,1.27762374728117
83,1133,1.27762374728117
135,1495,1.27762374728117
221,1027,1.277319706393
221,408,1.277319706393
1027,174,1.277319706393
1027,185,1.277319706393
1027,862,1.277319706393
1027,1222,1.277319706393
1027,618,1.277319706393
1027,995,1.277319706393
1027,207,1.277319706393
1027,14,1.277319706393
1027,611,1.277319706393
1027,865,1.277319706393
1027,314,1.277319706393
1027,662,1.277319706393
1027,967,1.277319706393
485,449,1.277319706393
827,920,1.277319706393
926,806,1.277319706393
116,449,1.277319706393
174,408,1.277319706393
395,1302,1.277319706393
395,896,1.277319706393
395,806,1.277319706393
395,435,1.277319706393
185,896,1.277319706393
185,435,1.277319706393
69,920,1.277319706393
920,26,1.277319706393
920,628,1.277319706393
920,1102,1.277319706393
920,141,1.277319706393
920,925,1.277319706393
920,273,1.277319706393
920,1110,1.277319706393
920,173,1.277319706393
920,604,1.277319706393
301,806,1.277319706393
301,435,1.277319706393
26,1096,1.277319706393
949,1302,1.277319706393
628,896,1.277319706393
862,435,1.277319706393
286,435,1.277319706393
623,1302,1.277319706393
623,806,1.277319706393
1135,449,1.277319706393
1135,1302,1.277319706393
1135,408,1.277319706393
48,435,1.277319706393
1222,408,1.277319706393
449,1339,1.277319706393
449,1348,1.277319706393
449,560,1.277319706393
449,1289,1.277319706393
449,849,1.277319706393
141,896,1.277319706393
1311,806,1.277319706393
1311,1096,1.277319706393
1311,435,1.277319706393
618,408,1.277319706393
618,896,1.277319706393
1449,435,1.277319706393
588,806,1.277319706393
981,1218,1.277319706393
981,1303,1.277319706393
1171,806,1.277319706393
1261,896,1.277319706393
207,408,1.277319706393
207,896,1.277319706393
1302,512,1.277319706393
1302,761,1.277319706393
1302,940,1.277319706393
32,896,1.277319706393
32,1096,1.277319706393
615,435,1.277319706393
1419,896,1.277319706393
273,896,1.277319706393
365,1096,1.277319706393
1478,435,1.277319706393
408,14,1.277319706393
408,1463,1.277319706393
408,604,1.277319706393
408,865,1.277319706393
408,340,1.277319706393
408,559,1.277319706393
408,314,1.277319706393
408,900,1.277319706393
408,359,1.277319706393
1219,435,1.277319706393
14,896,1.277319706393
14,435,1.277319706393
390,1096,1.277319706393
390,435,1.277319706393
36,806,1.277319706393
604,435,1.277319706393
547,1096,1.277319706393
611,896,1.277319706393
611,1096,1.277319706393
761,806,1.277319706393
236,435,1.277319706393
978,896,1.277319706393
125,896,1.277319706393
125,435,1.277319706393
896,900,1.277319706393
896,662,1.277319706393
896,1429,1.277319706393
896,967,1.277319706393
896,359,1.277319706393
759,435,1.277319706393
1348,435,1.277319706393
560,1096,1.277319706393
560,435,1.277319706393
1289,1096,1.277319706393
806,1035,1.277319706393
806,900,1.277319706393
806,616,1.277319706393
280,435,1.277319706393
1096,1031,1.277319706393
1096,1139,1.277319706393
1031,435,1.277319706393
662,435,1.277319706393
967,435,1.277319706393
1139,435,1.277319706393
446,1231,1.27158739341981
748,1231,1.27158739341981
608,1231,1.27158739341981
259,1231,1.27158739341981
302,1231,1.27158739341981
82,1231,1.27158739341981
322,1231,1.27158739341981
1155,1231,1.27158739341981
553,1231,1.27158739341981
297,1231,1.27158739341981
1006,1231,1.27158739341981
1182,1231,1.27158739341981
239,1231,1.27158739341981
104,1231,1.27158739341981
635,1231,1.27158739341981
400,1231,1.27158739341981
1095,1231,1.27158739341981
492,1231,1.27158739341981
1044,1231,1.27158739341981
1231,704,1.27158739341981
1231,1321,1.27158739341981
1231,1277,1.27158739341981
1231,667,1.27158739341981
1231,243,1.27158739341981
1137,439,1.26246221024436
1137,329,1.26246221024436
366,439,1.26246221024436
366,329,1.26246221024436
366,251,1.26246221024436
366,965,1.26246221024436
1371,37,1.26246221024436
1371,911,1.26246221024436
30,1211,1.26246221024436
878,1168,1.26246221024436
878,1352,1.26246221024436
720,439,1.26246221024436
720,329,1.26246221024436
1075,965,1.26246221024436
1075,472,1.26246221024436
700,1227,1.26246221024436
439,165,1.26246221024436
439,308,1.26246221024436
439,752,1.26246221024436
439,838,1.26246221024436
439,223,1.26246221024436
165,251,1.26246221024436
37,308,1.26246221024436
37,990,1.26246221024436
37,838,1.26246221024436
37,1432,1.26246221024436
37,425,1.26246221024436
37,1227,1.26246221024436
37,638,1.26246221024436
787,1243,1.26246221024436
787,911,1.26246221024436
555,1211,1.26246221024436
450,308,1.26246221024436
450,990,1.26246221024436
450,752,1.26246221024436
450,638,1.26246221024436
308,1243,1.26246221024436
308,1211,1.26246221024436
308,472,1.26246221024436
330,653,1.26246221024436
990,468,1.26246221024436
990,911,1.26246221024436
33,468,1.26246221024436
33,1482,1.26246221024436
958,101,1.26246221024436
958,730,1.26246221024436
958,671,1.26246221024436
257,730,1.26246221024436
257,291,1.26246221024436
257,965,1.26246221024436
1301,1211,1.26246221024436
1301,295,1.26246221024436
468,838,1.26246221024436
1243,1444,1.26246221024436
909,752,1.26246221024436
329,838,1.26246221024436
329,843,1.26246221024436
329,1290,1.26246221024436
329,1444,1.26246221024436
918,223,1.26246221024436
1211,752,1.26246221024436
1211,653,1.26246221024436
730,1352,1.26246221024436
291,1290,1.26246221024436
291,1444,1.26246221024436
1482,1227,1.26246221024436
251,773,1.26246221024436
838,911,1.26246221024436
965,1168,1.26246221024436
965,1146,1.26246221024436
965,1444,1.26246221024436
965,1352,1.26246221024436
872,911,1.26246221024436
472,1146,1.26246221024436
853,1280,1.2623139779127
853,342,1.2623139779127
853,747,1.2623139779127
919,763,1.2623139779127
919,876,1.2623139779127
1010,747,1.2623139779127
733,602,1.2623139779127
733,648,1.2623139779127
733,1166,1.2623139779127
733,583,1.2623139779127
107,763,1.2623139779127
107,459,1.2623139779127
107,876,1.2623139779127
107,583,1.2623139779127
1228,583,1.2623139779127
507,1280,1.2623139779127
507,376,1.2623139779127
64,1428,1.2623139779127
64,288,1.2623139779127
64,747,1.2623139779127
345,72,1.2623139779127
345,602,1.2623139779127
345,648,1.2623139779127
345,1428,1.2623139779127
345,376,1.2623139779127
763,1093,1.2623139779127
763,666,1.2623139779127
763,1173,1.2623139779127
763,668,1.2623139779127
763,224,1.2623139779127
763,694,1.2623139779127
763,1355,1.2623139779127
763,1128,1.2623139779127
763,219,1.2623139779127
763,1436,1.2623139779127
987,459,1.2623139779127
987,747,1.2623139779127
72,480,1.2623139779127
72,219,1.2623139779127
1093,1166,1.2623139779127
15,814,1.2623139779127
459,666,1.2623139779127
459,1173,1.2623139779127
459,668,1.2623139779127
459,694,1.2623139779127
459,1469,1.2623139779127
459,1436,1.2623139779127
561,1280,1.2623139779127
561,814,1.2623139779127
561,342,1.2623139779127
561,876,1.2623139779127
1280,1007,1.2623139779127
1280,1233,1.2623139779127
1280,21,1.2623139779127
1280,1295,1.2623139779127
1280,745,1.2623139779127
1280,1198,1.2623139779127
1280,837,1.2623139779127
1280,1112,1.2623139779127
1280,798,1.2623139779127
1280,644,1.2623139779127
1280,566,1.2623139779127
1280,159,1.2623139779127
1207,342,1.2623139779127
1175,814,1.2623139779127
1175,376,1.2623139779127
480,1166,1.2623139779127
71,814,1.2623139779127
814,1038,1.2623139779127
814,666,1.2623139779127
814,1242,1.2623139779127
814,548,1.2623139779127
814,1422,1.2623139779127
814,783,1.2623139779127
814,1173,1.2623139779127
814,837,1.2623139779127
814,1128,1.2623139779127
814,1469,1.2623139779127
814,566,1.2623139779127
814,1436,1.2623139779127
363,376,1.2623139779127
497,602,1.2623139779127
497,747,1.2623139779127
689,1428,1.2623139779127
1461,1428,1.2623139779127
1461,876,1.2623139779127
602,666,1.2623139779127
602,1422,1.2623139779127
602,1105,1.2623139779127
602,694,1.2623139779127
602,171,1.2623139779127
602,456,1.2623139779127
602,368,1.2623139779127
602,272,1.2623139779127
1038,648,1.2623139779127
318,666,1.2623139779127
318,694,1.2623139779127
318,1436,1.2623139779127
1505,583,1.2623139779127
666,288,1.2623139779127
666,876,1.2623139779127
666,747,1.2623139779127
666,1166,1.2623139779127
1142,876,1.2623139779127
723,376,1.2623139779127
723,876,1.2623139779127
548,288,1.2623139779127
548,747,1.2623139779127
1422,1428,1.2623139779127
1422,288,1.2623139779127
387,1428,1.2623139779127
387,876,1.2623139779127
795,876,1.2623139779127
1033,376,1.2623139779127
1033,876,1.2623139779127
648,1233,1.2623139779127
648,171,1.2623139779127
648,745,1.2623139779127
648,456,1.2623139779127
648,885,1.2623139779127
648,581,1.2623139779127
648,272,1.2623139779127
1233,876,1.2623139779127
668,583,1.2623139779127
224,1428,1.2623139779127
224,288,1.2623139779127
21,376,1.2623139779127
21,583,1.2623139779127
985,583,1.2623139779127
1428,1295,1.2623139779127
1428,171,1.2623139779127
1428,456,1.2623139779127
1428,644,1.2623139779127
1428,368,1.2623139779127
1428,272,1.2623139779127
1428,786,1.2623139779127
694,376,1.2623139779127
694,288,1.2623139779127
694,876,1.2623139779127
694,1166,1.2623139779127
694,583,1.2623139779127
1362,376,1.2623139779127
1362,876,1.2623139779127
344,376,1.2623139779127
1295,342,1.2623139779127
1295,376,1.2623139779127
1295,876,1.2623139779127
1295,583,1.2623139779127
171,1166,1.2623139779127
1355,747,1.2623139779127
1355,1166,1.2623139779127
342,745,1.2623139779127
342,456,1.2623139779127
342,644,1.2623139779127
342,566,1.2623139779127
745,376,1.2623139779127
456,1166,1.2623139779127
456,583,1.2623139779127
1198,583,1.2623139779127
885,876,1.2623139779127
376,644,1.2623139779127
376,1436,1.2623139779127
1,876,1.2623139779127
812,288,1.2623139779127
1546,288,1.2623139779127
1546,876,1.2623139779127
1546,747,1.2623139779127
288,1436,1.2623139779127
644,876,1.2623139779127
644,583,1.2623139779127
876,150,1.2623139779127
876,1436,1.2623139779127
521,747,1.2623139779127
747,1436,1.2623139779127
747,786,1.2623139779127
1392,583,1.2623139779127
272,1166,1.2623139779127
219,1166,1.2623139779127
1166,1436,1.2623139779127
485,508,1.26209144145919
485,772,1.26209144145919
485,1214,1.26209144145919
485,317,1.26209144145919
508,455,1.26209144145919
508,1222,1.26209144145919
508,1339,1.26209144145919
508,1311,1.26209144145919
508,618,1.26209144145919
508,588,1.26209144145919
508,207,1.26209144145919
508,598,1.26209144145919
508,14,1.26209144145919
508,754,1.26209144145919
508,865,1.26209144145919
508,0,1.26209144145919
508,978,1.26209144145919
508,1348,1.26209144145919
508,1529,1.26209144145919
508,900,1.26209144145919
508,1139,1.26209144145919
174,772,1.26209144145919
174,1214,1.26209144145919
148,56,1.26209144145919
395,317,1.26209144145919
42,317,1.26209144145919
655,56,1.26209144145919
1068,317,1.26209144145919
113,1214,1.26209144145919
1379,317,1.26209144145919
862,317,1.26209144145919
1102,772,1.26209144145919
623,56,1.26209144145919
56,1135,1.26209144145919
56,552,1.26209144145919
56,141,1.26209144145919
56,588,1.26209144145919
56,1110,1.26209144145919
56,36,1.26209144145919
56,1269,1.26209144145919
56,12,1.26209144145919
56,940,1.26209144145919
56,616,1.26209144145919
1135,1214,1.26209144145919
1135,149,1.26209144145919
48,772,1.26209144145919
772,1339,1.26209144145919
772,1261,1.26209144145919
772,207,1.26209144145919
772,32,1.26209144145919
772,596,1.26209144145919
772,479,1.26209144145919
772,173,1.26209144145919
772,978,1.26209144145919
772,560,1.26209144145919
772,162,1.26209144145919
772,662,1.26209144145919
1214,158,1.26209144145919
1214,1339,1.26209144145919
1214,273,1.26209144145919
1214,173,1.26209144145919
1214,390,1.26209144145919
1214,978,1.26209144145919
1214,560,1.26209144145919
1214,849,1.26209144145919
1339,317,1.26209144145919
141,317,1.26209144145919
1311,149,1.26209144145919
1419,149,1.26209144145919
273,317,1.26209144145919
1309,149,1.26209144145919
149,390,1.26209144145919
149,12,1.26209144145919
149,611,1.26209144145919
149,1348,1.26209144145919
149,560,1.26209144145919
250,317,1.26209144145919
14,317,1.26209144145919
604,317,1.26209144145919
358,317,1.26209144145919
236,317,1.26209144145919
317,560,1.26209144145919
568,1542,1.25769819576619
568,790,1.25769819576619
568,1220,1.25769819576619
1361,323,1.25769819576619
1361,1292,1.25769819576619
1361,403,1.25769819576619
1361,677,1.25769819576619
1361,488,1.25769819576619
1361,1192,1.25769819576619
1361,66,1.25769819576619
714,575,1.25769819576619
714,403,1.25769819576619
714,677,1.25769819576619
714,1203,1.25769819576619
714,230,1.25769819576619
714,281,1.25769819576619
323,1508,1.25769819576619
323,591,1.25769819576619
575,403,1.25769819576619
575,1480,1.25769819576619
575,230,1.25769819576619
575,281,1.25769819576619
1292,66,1.25769819576619
403,1480,1.25769819576619
403,677,1.25769819576619
403,488,1.25769819576619
1542,501,1.25769819576619
1542,1021,1.25769819576619
1542,1310,1.25769819576619
501,1220,1.25769819576619
1021,790,1.25769819576619
1021,1220,1.25769819576619
1480,488,1.25769819576619
677,1203,1.25769819576619
677,281,1.25769819576619
1203,230,1.25769819576619
1203,281,1.25769819576619
1508,1310,1.25769819576619
1508,241,1.25769819576619
1508,591,1.25769819576619
230,281,1.25769819576619
230,87,1.25769819576619
230,1310,1.25769819576619
1310,241,1.25769819576619
1310,591,1.25769819576619
241,591,1.25769819576619
241,488,1.25769819576619
513,1445,1.25299492925783
513,410,1.25299492925783
513,1084,1.25299492925783
675,1120,1.25299492925783
675,1016,1.25299492925783
675,1084,1.25299492925783
1445,85,1.25299492925783
1445,206,1.25299492925783
1445,1390,1.25299492925783
1445,1522,1.25299492925783
1445,1073,1.25299492925783
1445,1475,1.25299492925783
1445,1133,1.25299492925783
639,1084,1.25299492925783
817,532,1.25299492925783
817,1327,1.25299492925783
1176,1016,1.25299492925783
771,1120,1.25299492925783
771,1084,1.25299492925783
842,1327,1.25299492925783
996,124,1.25299492925783
996,206,1.25299492925783
996,1005,1.25299492925783
855,410,1.25299492925783
855,1120,1.25299492925783
855,1060,1.25299492925783
717,410,1.25299492925783
381,1016,1.25299492925783
381,532,1.25299492925783
1224,332,1.25299492925783
905,40,1.25299492925783
514,1067,1.25299492925783
514,168,1.25299492925783
410,85,1.25299492925783
410,1537,1.25299492925783
410,1382,1.25299492925783
410,1133,1.25299492925783
124,1327,1.25299492925783
1120,1005,1.25299492925783
1120,1022,1.25299492925783
1120,404,1.25299492925783
1120,703,1.25299492925783
1120,1258,1.25299492925783
1120,1518,1.25299492925783
1120,606,1.25299492925783
17,40,1.25299492925783
85,346,1.25299492925783
85,168,1.25299492925783
129,1084,1.25299492925783
206,325,1.25299492925783
206,1084,1.25299492925783
206,168,1.25299492925783
206,532,1.25299492925783
515,1084,1.25299492925783
515,40,1.25299492925783
1390,168,1.25299492925783
1510,40,1.25299492925783
1016,706,1.25299492925783
1016,1022,1.25299492925783
1016,731,1.25299492925783
1016,1278,1.25299492925783
1016,1094,1.25299492925783
1005,1067,1.25299492925783
1005,168,1.25299492925783
1022,127,1.25299492925783
1022,1060,1.25299492925783
35,1084,1.25299492925783
556,1084,1.25299492925783
731,346,1.25299492925783
1522,127,1.25299492925783
1522,168,1.25299492925783
1382,127,1.25299492925783
1382,168,1.25299492925783
1382,1327,1.25299492925783
404,40,1.25299492925783
404,532,1.25299492925783
1393,127,1.25299492925783
1092,40,1.25299492925783
1092,168,1.25299492925783
1073,40,1.25299492925783
1073,1327,1.25299492925783
703,1060,1.25299492925783
703,532,1.25299492925783
864,346,1.25299492925783
864,127,1.25299492925783
864,168,1.25299492925783
822,346,1.25299492925783
1258,1060,1.25299492925783
1084,1475,1.25299492925783
1084,135,1.25299492925783
1475,407,1.25299492925783
1475,1067,1.25299492925783
1518,1060,1.25299492925783
407,972,1.25299492925783
407,1133,1.25299492925783
1278,1060,1.25299492925783
346,972,1.25299492925783
346,554,1.25299492925783
34,40,1.25299492925783
34,532,1.25299492925783
127,606,1.25299492925783
40,883,1.25299492925783
40,135,1.25299492925783
1067,1236,1.25299492925783
1067,1133,1.25299492925783
168,606,1.25299492925783
168,883,1.25299492925783
168,1133,1.25299492925783
1060,1094,1.25299492925783
1060,957,1.25299492925783
1011,532,1.25299492925783
1327,1133,1.25299492925783
1526,827,1.24813041476641
1526,455,1.24813041476641
1526,1056,1.24813041476641
1526,552,1.24813041476641
1526,1222,1.24813041476641
1526,588,1.24813041476641
1526,14,1.24813041476641
1526,36,1.24813041476641
1526,1544,1.24813041476641
1526,512,1.24813041476641
1526,1529,1.24813041476641
1526,1035,1.24813041476641
1526,900,1.24813041476641
1526,616,1.24813041476641
926,1072,1.24813041476641
926,910,1.24813041476641
174,528,1.24813041476641
103,528,1.24813041476641
148,370,1.24813041476641
148,528,1.24813041476641
395,528,1.24813041476641
395,337,1.24813041476641
301,337,1.24813041476641
655,1072,1.24813041476641
26,370,1.24813041476641
949,337,1.24813041476641
623,337,1.24813041476641
370,601,1.24813041476641
370,141,1.24813041476641
370,207,1.24813041476641
370,365,1.24813041476641
370,1215,1.24813041476641
370,598,1.24813041476641
370,173,1.24813041476641
370,1463,1.24813041476641
370,611,1.24813041476641
370,0,1.24813041476641
370,859,1.24813041476641
370,280,1.24813041476641
370,1046,1.24813041476641
1135,337,1.24813041476641
601,528,1.24813041476641
1311,337,1.24813041476641
618,910,1.24813041476641
1449,1072,1.24813041476641
588,1072,1.24813041476641
588,528,1.24813041476641
588,910,1.24813041476641
1072,1478,1.24813041476641
1072,1219,1.24813041476641
1072,754,1.24813041476641
1072,1269,1.24813041476641
1072,978,1.24813041476641
1072,125,1.24813041476641
1072,940,1.24813041476641
1072,616,1.24813041476641
1072,1139,1.24813041476641
250,528,1.24813041476641
250,337,1.24813041476641
754,910,1.24813041476641
1463,528,1.24813041476641
512,910,1.24813041476641
12,337,1.24813041476641
1431,528,1.24813041476641
358,528,1.24813041476641
358,337,1.24813041476641
483,528,1.24813041476641
426,337,1.24813041476641
978,528,1.24813041476641
978,910,1.24813041476641
125,528,1.24813041476641
528,1373,1.24813041476641
528,616,1.24813041476641
337,886,1.24813041476641
337,940,1.24813041476641
337,900,1.24813041476641
337,616,1.24813041476641
886,910,1.24813041476641
940,910,1.24813041476641
900,910,1.24813041476641
616,910,1.24813041476641
853,612,1.24396822401451
919,1008,1.24396822401451
1010,815,1.24396822401451
1010,612,1.24396822401451
1010,463,1.24396822401451
733,1300,1.24396822401451
733,1030,1.24396822401451
733,612,1.24396822401451
733,463,1.24396822401451
107,1030,1.24396822401451
1228,815,1.24396822401451
1228,612,1.24396822401451
1228,463,1.24396822401451
64,1008,1.24396822401451
64,1178,1.24396822401451
345,815,1.24396822401451
345,1300,1.24396822401451
345,1030,1.24396822401451
345,612,1.24396822401451
975,1030,1.24396822401451
10,1093,1.24396822401451
10,1037,1.24396822401451
10,1175,1.24396822401451
10,1100,1.24396822401451
10,1033,1.24396822401451
10,1233,1.24396822401451
10,171,1.24396822401451
10,885,1.24396822401451
10,581,1.24396822401451
10,219,1.24396822401451
1093,815,1.24396822401451
1008,823,1.24396822401451
1008,1038,1.24396822401451
1008,387,1.24396822401451
1008,344,1.24396822401451
1008,456,1.24396822401451
1008,1198,1.24396822401451
1008,150,1.24396822401451
1008,663,1.24396822401451
1008,1436,1.24396822401451
1175,1030,1.24396822401451
1175,612,1.24396822401451
480,815,1.24396822401451
1178,1461,1.24396822401451
1178,1038,1.24396822401451
1178,1142,1.24396822401451
1178,1242,1.24396822401451
1178,387,1.24396822401451
1178,21,1.24396822401451
1178,694,1.24396822401451
1178,1362,1.24396822401451
1178,344,1.24396822401451
1178,1295,1.24396822401451
1178,745,1.24396822401451
1178,1128,1.24396822401451
1178,1465,1.24396822401451
1178,644,1.24396822401451
1178,663,1.24396822401451
363,1030,1.24396822401451
815,666,1.24396822401451
815,723,1.24396822401451
815,548,1.24396822401451
815,1033,1.24396822401451
815,1233,1.24396822401451
815,694,1.24396822401451
815,1362,1.24396822401451
815,456,1.24396822401451
815,581,1.24396822401451
815,219,1.24396822401451
815,159,1.24396822401451
815,1436,1.24396822401451
497,1030,1.24396822401451
1461,463,1.24396822401451
1038,94,1.24396822401451
1038,1300,1.24396822401451
1038,1030,1.24396822401451
1038,612,1.24396822401451
1505,94,1.24396822401451
94,1422,1.24396822401451
94,668,1.24396822401451
94,21,1.24396822401451
94,694,1.24396822401451
94,344,1.24396822401451
94,171,1.24396822401451
94,1435,1.24396822401451
94,456,1.24396822401451
94,1392,1.24396822401451
94,272,1.24396822401451
94,1436,1.24396822401451
666,1300,1.24396822401451
666,612,1.24396822401451
666,463,1.24396822401451
666,542,1.24396822401451
1007,1009,1.24396822401451
1422,1009,1.24396822401451
795,1030,1.24396822401451
1300,344,1.24396822401451
1300,1295,1.24396822401451
1300,171,1.24396822401451
1300,1355,1.24396822401451
1300,1435,1.24396822401451
1300,456,1.24396822401451
1300,1198,1.24396822401451
1300,1128,1.24396822401451
1300,644,1.24396822401451
1300,272,1.24396822401451
1300,1436,1.24396822401451
1009,224,1.24396822401451
1009,985,1.24396822401451
1009,1148,1.24396822401451
1009,249,1.24396822401451
1009,812,1.24396822401451
1009,786,1.24396822401451
1030,224,1.24396822401451
1030,694,1.24396822401451
1030,171,1.24396822401451
1030,456,1.24396822401451
1030,160,1.24396822401451
1030,798,1.24396822401451
1030,368,1.24396822401451
1030,566,1.24396822401451
1030,272,1.24396822401451
1030,1436,1.24396822401451
224,542,1.24396822401451
21,463,1.24396822401451
612,344,1.24396822401451
612,1295,1.24396822401451
612,171,1.24396822401451
612,745,1.24396822401451
612,456,1.24396822401451
612,1198,1.24396822401451
612,644,1.24396822401451
612,272,1.24396822401451
612,1436,1.24396822401451
694,542,1.24396822401451
792,463,1.24396822401451
1,463,1.24396822401451
506,542,1.24396822401451
1112,463,1.24396822401451
812,542,1.24396822401451
1546,463,1.24396822401451
463,1436,1.24396822401451
463,786,1.24396822401451
542,1436,1.24396822401451
1357,907,1.23569432423364
1357,165,1.23569432423364
1357,1227,1.23569432423364
1137,1291,1.23569432423364
1137,809,1.23569432423364
1137,688,1.23569432423364
366,5,1.23569432423364
366,888,1.23569432423364
366,1495,1.23569432423364
366,1540,1.23569432423364
5,1075,1.23569432423364
5,165,1.23569432423364
5,33,1.23569432423364
5,84,1.23569432423364
5,752,1.23569432423364
5,773,1.23569432423364
1371,1271,1.23569432423364
1371,765,1.23569432423364
1371,58,1.23569432423364
1371,708,1.23569432423364
30,888,1.23569432423364
720,960,1.23569432423364
720,1291,1.23569432423364
720,809,1.23569432423364
720,688,1.23569432423364
1438,708,1.23569432423364
1002,843,1.23569432423364
1002,1290,1.23569432423364
1002,1444,1.23569432423364
1002,1352,1.23569432423364
1075,1165,1.23569432423364
1075,708,1.23569432423364
1271,165,1.23569432423364
1271,33,1.23569432423364
1271,1301,1.23569432423364
1271,752,1.23569432423364
268,626,1.23569432423364
787,1159,1.23569432423364
787,83,1.23569432423364
555,888,1.23569432423364
994,33,1.23569432423364
994,257,1.23569432423364
994,820,1.23569432423364
994,1168,1.23569432423364
994,1290,1.23569432423364
994,1444,1.23569432423364
308,1159,1.23569432423364
308,1291,1.23569432423364
308,626,1.23569432423364
308,1495,1.23569432423364
308,1540,1.23569432423364
990,960,1.23569432423364
990,58,1.23569432423364
990,49,1.23569432423364
33,210,1.23569432423364
33,1159,1.23569432423364
33,765,1.23569432423364
33,888,1.23569432423364
33,49,1.23569432423364
33,809,1.23569432423364
210,843,1.23569432423364
210,1290,1.23569432423364
210,1352,1.23569432423364
958,1165,1.23569432423364
958,809,1.23569432423364
1159,1454,1.23569432423364
257,437,1.23569432423364
257,809,1.23569432423364
1301,58,1.23569432423364
765,1352,1.23569432423364
960,838,1.23569432423364
960,223,1.23569432423364
58,838,1.23569432423364
58,773,1.23569432423364
1291,752,1.23569432423364
1291,838,1.23569432423364
1291,1146,1.23569432423364
1291,773,1.23569432423364
424,1190,1.23569432423364
1454,688,1.23569432423364
1165,223,1.23569432423364
1165,1168,1.23569432423364
1165,1146,1.23569432423364
734,752,1.23569432423364
734,1146,1.23569432423364
752,49,1.23569432423364
888,653,1.23569432423364
888,820,1.23569432423364
888,638,1.23569432423364
838,809,1.23569432423364
838,688,1.23569432423364
49,843,1.23569432423364
49,1290,1.23569432423364
223,1540,1.23569432423364
653,626,1.23569432423364
437,1290,1.23569432423364
437,1444,1.23569432423364
872,688,1.23569432423364
626,1146,1.23569432423364
820,688,1.23569432423364
1168,688,1.23569432423364
1227,1540,1.23569432423364
688,1352,1.23569432423364
1146,1495,1.23569432423364
1146,1540,1.23569432423364
485,133,1.23526945353266
827,801,1.23526945353266
455,801,1.23526945353266
148,133,1.23526945353266
148,801,1.23526945353266
1502,1129,1.23526945353266
69,1129,1.23526945353266
1427,801,1.23526945353266
26,801,1.23526945353266
628,133,1.23526945353266
1129,48,1.23526945353266
1129,615,1.23526945353266
1129,273,1.23526945353266
1129,1309,1.23526945353266
1129,479,1.23526945353266
1129,559,1.23526945353266
1129,886,1.23526945353266
1129,1031,1.23526945353266
1129,359,1.23526945353266
1102,801,1.23526945353266
1222,801,1.23526945353266
601,133,1.23526945353266
601,801,1.23526945353266
158,801,1.23526945353266
1261,133,1.23526945353266
273,133,1.23526945353266
133,12,1.23526945353266
133,978,1.23526945353266
133,759,1.23526945353266
133,1348,1.23526945353266
133,1289,1.23526945353266
133,314,1.23526945353266
133,1373,1.23526945353266
365,801,1.23526945353266
1544,801,1.23526945353266
801,170,1.23526945353266
801,746,1.23526945353266
801,416,1.23526945353266
801,1506,1.23526945353266
801,314,1.23526945353266
801,1046,1.23526945353266
801,1373,1.23526945353266
1223,1117,1.23470144686938
1117,1158,1.23470144686938
1117,1515,1.23470144686938
513,1330,1.23157745899397
513,1527,1.23157745899397
675,380,1.23157745899397
675,1330,1.23157745899397
639,1330,1.23157745899397
639,74,1.23157745899397
817,1543,1.23157745899397
842,74,1.23157745899397
905,1543,1.23157745899397
1320,332,1.23157745899397
1320,1522,1.23157745899397
1320,1278,1.23157745899397
1320,1094,1.23157745899397
85,1543,1.23157745899397
85,1527,1.23157745899397
206,1330,1.23157745899397
143,234,1.23157745899397
296,980,1.23157745899397
515,1330,1.23157745899397
234,1092,1.23157745899397
234,703,1.23157745899397
234,864,1.23157745899397
234,1475,1.23157745899397
234,606,1.23157745899397
234,972,1.23157745899397
1510,1543,1.23157745899397
1022,850,1.23157745899397
35,1330,1.23157745899397
556,74,1.23157745899397
1537,1527,1.23157745899397
332,850,1.23157745899397
1382,1543,1.23157745899397
1382,1330,1.23157745899397
1382,1527,1.23157745899397
380,404,1.23157745899397
380,1393,1.23157745899397
380,1073,1.23157745899397
380,1475,1.23157745899397
541,74,1.23157745899397
1543,1073,1.23157745899397
1543,1133,1.23157745899397
1393,1330,1.23157745899397
1092,74,1.23157745899397
1073,1527,1.23157745899397
1073,74,1.23157745899397
822,850,1.23157745899397
1330,1475,1.23157745899397
1330,135,1.23157745899397
1330,1150,1.23157745899397
1527,972,1.23157745899397
1527,135,1.23157745899397
850,1278,1.23157745899397
850,1094,1.23157745899397
34,980,1.23157745899397
599,74,1.23157745899397
193,1163,1.23157745899397
193,1133,1.23157745899397
568,37,1.22770299257194
1361,101,1.22770299257194
1361,730,1.22770299257194
1361,291,1.22770299257194
1361,671,1.22770299257194
1361,965,1.22770299257194
714,730,1.22770299257194
714,965,1.22770299257194
714,472,1.22770299257194
81,472,1.22770299257194
700,1542,1.22770299257194
700,147,1.22770299257194
575,450,1.22770299257194
575,468,1.22770299257194
575,1211,1.22770299257194
575,965,1.22770299257194
575,472,1.22770299257194
575,295,1.22770299257194
439,1480,1.22770299257194
439,1508,1.22770299257194
439,147,1.22770299257194
439,241,1.22770299257194
37,1021,1.22770299257194
37,1508,1.22770299257194
37,241,1.22770299257194
37,591,1.22770299257194
1292,329,1.22770299257194
1292,730,1.22770299257194
1292,291,1.22770299257194
1292,965,1.22770299257194
450,1508,1.22770299257194
450,1310,1.22770299257194
450,591,1.22770299257194
1542,468,1.22770299257194
1542,1482,1.22770299257194
1542,911,1.22770299257194
501,1243,1.22770299257194
501,1482,1.22770299257194
330,1310,1.22770299257194
790,1243,1.22770299257194
790,1211,1.22770299257194
790,965,1.22770299257194
1480,730,1.22770299257194
1480,472,1.22770299257194
1480,1521,1.22770299257194
468,230,1.22770299257194
468,147,1.22770299257194
468,87,1.22770299257194
468,1310,1.22770299257194
1243,677,1.22770299257194
1243,147,1.22770299257194
1243,241,1.22770299257194
1243,488,1.22770299257194
101,1203,1.22770299257194
909,147,1.22770299257194
329,677,1.22770299257194
329,1192,1.22770299257194
677,730,1.22770299257194
677,965,1.22770299257194
918,1508,1.22770299257194
918,488,1.22770299257194
1211,1203,1.22770299257194
730,1192,1.22770299257194
1203,291,1.22770299257194
1203,965,1.22770299257194
1203,472,1.22770299257194
1508,472,1.22770299257194
230,472,1.22770299257194
281,251,1.22770299257194
281,965,1.22770299257194
281,472,1.22770299257194
147,291,1.22770299257194
147,965,1.22770299257194
147,472,1.22770299257194
291,87,1.22770299257194
291,488,1.22770299257194
291,1192,1.22770299257194
965,488,1.22770299257194
965,1192,1.22770299257194
87,295,1.22770299257194
472,1310,1.22770299257194
472,591,1.22770299257194
1310,911,1.22770299257194
1521,66,1.22770299257194
853,247,1.22749380718025
733,1331,1.22749380718025
733,287,1.22749380718025
64,287,1.22749380718025
345,932,1.22749380718025
975,247,1.22749380718025
561,1331,1.22749380718025
1207,287,1.22749380718025
1461,287,1.22749380718025
1331,1038,1.22749380718025
1331,1142,1.22749380718025
1331,1242,1.22749380718025
1331,1173,1.22749380718025
1331,21,1.22749380718025
1331,1362,1.22749380718025
1331,344,1.22749380718025
1331,745,1.22749380718025
1331,837,1.22749380718025
1331,1128,1.22749380718025
1331,506,1.22749380718025
1331,1469,1.22749380718025
1331,786,1.22749380718025
1038,287,1.22749380718025
1038,932,1.22749380718025
1505,1025,1.22749380718025
666,247,1.22749380718025
666,932,1.22749380718025
548,247,1.22749380718025
1422,932,1.22749380718025
387,287,1.22749380718025
287,344,1.22749380718025
287,171,1.22749380718025
287,1435,1.22749380718025
287,1198,1.22749380718025
287,837,1.22749380718025
287,1128,1.22749380718025
287,1,1.22749380718025
287,150,1.22749380718025
287,786,1.22749380718025
224,247,1.22749380718025
21,932,1.22749380718025
344,1025,1.22749380718025
1025,678,1.22749380718025
1025,885,1.22749380718025
1025,581,1.22749380718025
171,932,1.22749380718025
1355,247,1.22749380718025
456,932,1.22749380718025
247,249,1.22749380718025
247,1546,1.22749380718025
247,1099,1.22749380718025
247,1436,1.22749380718025
1248,932,1.22749380718025
932,160,1.22749380718025
932,1392,1.22749380718025
932,272,1.22749380718025
932,1436,1.22749380718025
932,786,1.22749380718025
926,670,1.22337110297055
455,378,1.22337110297055
174,670,1.22337110297055
174,354,1.22337110297055
395,774,1.22337110297055
1427,670,1.22337110297055
655,354,1.22337110297055
26,670,1.22337110297055
628,670,1.22337110297055
774,286,1.22337110297055
774,623,1.22337110297055
774,618,1.22337110297055
774,207,1.22337110297055
774,32,1.22337110297055
774,14,1.22337110297055
774,1544,1.22337110297055
774,12,1.22337110297055
774,236,1.22337110297055
774,859,1.22337110297055
774,559,1.22337110297055
774,900,1.22337110297055
774,1429,1.22337110297055
774,359,1.22337110297055
466,1135,1.22337110297055
466,618,1.22337110297055
466,1449,1.22337110297055
466,547,1.22337110297055
466,12,1.22337110297055
466,761,1.22337110297055
466,340,1.22337110297055
466,1139,1.22337110297055
524,158,1.22337110297055
524,1419,1.22337110297055
524,12,1.22337110297055
524,948,1.22337110297055
524,900,1.22337110297055
524,1139,1.22337110297055
1222,378,1.22337110297055
141,670,1.22337110297055
141,354,1.22337110297055
1311,378,1.22337110297055
618,354,1.22337110297055
588,354,1.22337110297055
1261,670,1.22337110297055
1261,378,1.22337110297055
207,354,1.22337110297055
789,670,1.22337110297055
1014,378,1.22337110297055
32,670,1.22337110297055
1419,670,1.22337110297055
273,354,1.22337110297055
273,378,1.22337110297055
670,173,1.22337110297055
670,1315,1.22337110297055
670,898,1.22337110297055
670,311,1.22337110297055
670,280,1.22337110297055
670,416,1.22337110297055
670,1046,1.22337110297055
596,354,1.22337110297055
250,378,1.22337110297055
14,354,1.22337110297055
754,354,1.22337110297055
754,378,1.22337110297055
173,354,1.22337110297055
390,378,1.22337110297055
354,604,1.22337110297055
354,1269,1.22337110297055
354,948,1.22337110297055
354,865,1.22337110297055
354,559,1.22337110297055
354,162,1.22337110297055
354,940,1.22337110297055
354,1429,1.22337110297055
354,359,1.22337110297055
1544,378,1.22337110297055
611,378,1.22337110297055
358,378,1.22337110297055
1348,378,1.22337110297055
560,378,1.22337110297055
378,967,1.22337110297055
378,233,1.22337110297055
378,1139,1.22337110297055
1107,674,1.22014204484995
1137,1084,1.21279577881601
1137,127,1.21279577881601
1137,40,1.21279577881601
1137,168,1.21279577881601
1371,1067,1.21279577881601
1445,990,1.21279577881601
1445,1301,1.21279577881601
1445,752,1.21279577881601
1445,773,1.21279577881601
720,1084,1.21279577881601
720,127,1.21279577881601
720,40,1.21279577881601
1075,1120,1.21279577881601
996,308,1.21279577881601
996,1146,1.21279577881601
275,532,1.21279577881601
165,127,1.21279577881601
165,1067,1.21279577881601
165,168,1.21279577881601
1224,33,1.21279577881601
787,410,1.21279577881601
787,407,1.21279577881601
787,1067,1.21279577881601
787,168,1.21279577881601
410,990,1.21279577881601
410,1454,1.21279577881601
308,1084,1.21279577881601
308,1067,1.21279577881601
1120,257,1.21279577881601
1120,84,1.21279577881601
1120,843,1.21279577881601
1120,1146,1.21279577881601
1208,40,1.21279577881601
990,532,1.21279577881601
958,325,1.21279577881601
257,1016,1.21279577881601
257,407,1.21279577881601
1016,84,1.21279577881601
1016,820,1.21279577881601
1016,843,1.21279577881601
1016,1290,1.21279577881601
1016,638,1.21279577881601
1301,1084,1.21279577881601
1301,346,1.21279577881601
1301,127,1.21279577881601
1301,168,1.21279577881601
1084,838,1.21279577881601
1084,1146,1.21279577881601
1084,1444,1.21279577881601
407,1168,1.21279577881601
407,638,1.21279577881601
752,127,1.21279577881601
346,820,1.21279577881601
346,1290,1.21279577881601
346,638,1.21279577881601
838,127,1.21279577881601
838,40,1.21279577881601
223,40,1.21279577881601
223,1327,1.21279577881601
127,1146,1.21279577881601
40,831,1.21279577881601
40,1352,1.21279577881601
1067,1168,1.21279577881601
168,1146,1.21279577881601
513,814,1.21272802602145
675,763,1.21272802602145
675,459,1.21272802602145
675,1280,1.21272802602145
675,814,1.21272802602145
675,318,1.21272802602145
675,1166,1.21272802602145
763,771,1.21272802602145
763,381,1.21272802602145
763,129,1.21272802602145
763,206,1.21272802602145
763,143,1.21272802602145
763,556,1.21272802602145
763,1393,1.21272802602145
763,883,1.21272802602145
763,1150,1.21272802602145
72,206,1.21272802602145
72,35,1.21272802602145
72,1393,1.21272802602145
72,1150,1.21272802602145
771,459,1.21272802602145
771,318,1.21272802602145
839,376,1.21272802602145
839,876,1.21272802602145
459,143,1.21272802602145
459,332,1.21272802602145
459,1278,1.21272802602145
459,883,1.21272802602145
459,957,1.21272802602145
842,342,1.21272802602145
842,376,1.21272802602145
1280,381,1.21272802602145
1280,1005,1.21272802602145
1280,1475,1.21272802602145
1280,599,1.21272802602145
1280,606,1.21272802602145
1280,1236,1.21272802602145
1280,554,1.21272802602145
1280,1133,1.21272802602145
855,318,1.21272802602145
717,288,1.21272802602145
514,648,1.21272802602145
514,376,1.21272802602145
814,515,1.21272802602145
814,731,1.21272802602145
814,1382,1.21272802602145
814,1119,1.21272802602145
814,404,1.21272802602145
814,1073,1.21272802602145
814,703,1.21272802602145
602,143,1.21272802602145
602,35,1.21272802602145
602,1522,1.21272802602145
602,1382,1.21272802602145
602,1073,1.21272802602145
602,703,1.21272802602145
602,1163,1.21272802602145
602,1133,1.21272802602145
318,404,1.21272802602145
318,1170,1.21272802602145
85,648,1.21272802602145
85,1428,1.21272802602145
85,876,1.21272802602145
129,376,1.21272802602145
129,747,1.21272802602145
206,648,1.21272802602145
206,1428,1.21272802602145
206,376,1.21272802602145
206,1166,1.21272802602145
143,1428,1.21272802602145
143,1166,1.21272802602145
296,342,1.21272802602145
296,876,1.21272802602145
515,648,1.21272802602145
515,876,1.21272802602145
1390,648,1.21272802602145
1005,1428,1.21272802602145
1005,342,1.21272802602145
1022,288,1.21272802602145
1022,876,1.21272802602145
1022,747,1.21272802602145
648,135,1.21272802602145
648,1236,1.21272802602145
648,1133,1.21272802602145
35,747,1.21272802602145
35,1166,1.21272802602145
35,583,1.21272802602145
556,1428,1.21272802602145
556,376,1.21272802602145
556,876,1.21272802602145
556,747,1.21272802602145
1537,876,1.21272802602145
332,747,1.21272802602145
1428,703,1.21272802602145
1428,972,1.21272802602145
1428,146,1.21272802602145
1428,554,1.21272802602145
1428,1163,1.21272802602145
1428,1133,1.21272802602145
731,747,1.21272802602145
1522,376,1.21272802602145
1522,747,1.21272802602145
1382,583,1.21272802602145
541,376,1.21272802602145
404,1166,1.21272802602145
404,583,1.21272802602145
1393,1166,1.21272802602145
1393,583,1.21272802602145
1170,288,1.21272802602145
342,135,1.21272802602145
1073,376,1.21272802602145
864,876,1.21272802602145
822,288,1.21272802602145
822,747,1.21272802602145
1258,288,1.21272802602145
1475,376,1.21272802602145
1475,876,1.21272802602145
1518,288,1.21272802602145
376,599,1.21272802602145
376,554,1.21272802602145
376,957,1.21272802602145
1278,747,1.21272802602145
34,876,1.21272802602145
288,957,1.21272802602145
876,883,1.21272802602145
876,135,1.21272802602145
876,554,1.21272802602145
1011,1166,1.21272802602145
747,972,1.21272802602145
747,1094,1.21272802602145
1166,1150,1.21272802602145
554,583,1.21272802602145
853,1096,1.21259232184368
853,435,1.21259232184368
1010,1302,1.21259232184368
1010,806,1.21259232184368
733,1027,1.21259232184368
733,449,1.21259232184368
733,981,1.21259232184368
733,408,1.21259232184368
733,896,1.21259232184368
107,1027,1.21259232184368
507,920,1.21259232184368
507,896,1.21259232184368
1027,345,1.21259232184368
1027,666,1.21259232184368
1027,1242,1.21259232184368
1027,668,1.21259232184368
1027,694,1.21259232184368
1027,171,1.21259232184368
1027,1435,1.21259232184368
1027,1128,1.21259232184368
1027,272,1.21259232184368
1027,1436,1.21259232184368
64,1302,1.21259232184368
345,896,1.21259232184368
345,435,1.21259232184368
975,449,1.21259232184368
987,1302,1.21259232184368
987,806,1.21259232184368
920,1175,1.21259232184368
920,363,1.21259232184368
920,1038,1.21259232184368
920,1142,1.21259232184368
920,344,1.21259232184368
920,1295,1.21259232184368
920,663,1.21259232184368
1093,896,1.21259232184368
1093,435,1.21259232184368
15,449,1.21259232184368
561,1096,1.21259232184368
561,435,1.21259232184368
1207,435,1.21259232184368
823,449,1.21259232184368
1175,449,1.21259232184368
480,435,1.21259232184368
363,1096,1.21259232184368
449,1505,1.21259232184368
449,21,1.21259232184368
449,344,1.21259232184368
449,1355,1.21259232184368
449,1392,1.21259232184368
497,806,1.21259232184368
1461,896,1.21259232184368
1461,1096,1.21259232184368
1038,435,1.21259232184368
981,1505,1.21259232184368
981,21,1.21259232184368
981,368,1.21259232184368
981,1392,1.21259232184368
981,1099,1.21259232184368
666,896,1.21259232184368
666,806,1.21259232184368
666,435,1.21259232184368
1142,896,1.21259232184368
1142,1096,1.21259232184368
723,1096,1.21259232184368
548,806,1.21259232184368
1422,1302,1.21259232184368
1105,896,1.21259232184368
1302,812,1.21259232184368
1302,521,1.21259232184368
1302,786,1.21259232184368
1033,896,1.21259232184368
1173,408,1.21259232184368
21,896,1.21259232184368
694,896,1.21259232184368
1148,806,1.21259232184368
1362,896,1.21259232184368
344,896,1.21259232184368
1295,1096,1.21259232184368
1295,435,1.21259232184368
171,896,1.21259232184368
171,435,1.21259232184368
408,745,1.21259232184368
408,456,1.21259232184368
408,1128,1.21259232184368
408,1469,1.21259232184368
1355,806,1.21259232184368
745,1096,1.21259232184368
745,435,1.21259232184368
456,896,1.21259232184368
1198,1096,1.21259232184368
581,896,1.21259232184368
581,1096,1.21259232184368
896,368,1.21259232184368
896,219,1.21259232184368
249,435,1.21259232184368
1546,806,1.21259232184368
644,1096,1.21259232184368
644,435,1.21259232184368
521,806,1.21259232184368
150,435,1.21259232184368
806,1436,1.21259232184368
806,786,1.21259232184368
566,1096,1.21259232184368
566,435,1.21259232184368
435,1436,1.21259232184368
926,1065,1.21232069654589
1427,1065,1.21232069654589
301,1065,1.21232069654589
26,1065,1.21232069654589
949,1065,1.21232069654589
1065,512,1.21232069654589
1065,1046,1.21232069654589
1065,616,1.21232069654589
1357,147,1.20255428056944
5,714,1.20255428056944
5,323,1.20255428056944
5,575,1.20255428056944
5,790,1.20255428056944
5,1480,1.20255428056944
5,1203,1.20255428056944
5,1508,1.20255428056944
5,134,1.20255428056944
5,87,1.20255428056944
1361,994,1.20255428056944
1361,437,1.20255428056944
1361,809,1.20255428056944
1002,677,1.20255428056944
1002,1192,1.20255428056944
714,994,1.20255428056944
714,1165,1.20255428056944
714,617,1.20255428056944
714,888,1.20255428056944
714,437,1.20255428056944
714,809,1.20255428056944
714,708,1.20255428056944
714,688,1.20255428056944
1271,1480,1.20255428056944
1271,1508,1.20255428056944
1271,591,1.20255428056944
81,1495,1.20255428056944
81,1540,1.20255428056944
323,960,1.20255428056944
575,1165,1.20255428056944
575,734,1.20255428056944
575,626,1.20255428056944
575,708,1.20255428056944
1292,210,1.20255428056944
1292,765,1.20255428056944
1292,960,1.20255428056944
1292,1165,1.20255428056944
1292,809,1.20255428056944
1292,688,1.20255428056944
994,403,1.20255428056944
994,677,1.20255428056944
994,230,1.20255428056944
994,87,1.20255428056944
994,66,1.20255428056944
403,437,1.20255428056944
403,688,1.20255428056944
1542,58,1.20255428056944
1542,1291,1.20255428056944
1542,49,1.20255428056944
501,1291,1.20255428056944
210,677,1.20255428056944
210,488,1.20255428056944
210,1192,1.20255428056944
210,66,1.20255428056944
1159,241,1.20255428056944
1159,591,1.20255428056944
790,765,1.20255428056944
790,1291,1.20255428056944
790,708,1.20255428056944
1480,888,1.20255428056944
1480,809,1.20255428056944
765,677,1.20255428056944
765,488,1.20255428056944
765,1192,1.20255428056944
765,66,1.20255428056944
960,677,1.20255428056944
960,281,1.20255428056944
960,1220,1.20255428056944
677,888,1.20255428056944
677,809,1.20255428056944
677,688,1.20255428056944
58,230,1.20255428056944
1203,1291,1.20255428056944
1203,1165,1.20255428056944
1203,626,1.20255428056944
1291,281,1.20255428056944
1508,49,1.20255428056944
1508,809,1.20255428056944
1508,1495,1.20255428056944
1508,1540,1.20255428056944
424,923,1.20255428056944
1165,230,1.20255428056944
1165,281,1.20255428056944
230,809,1.20255428056944
230,83,1.20255428056944
230,708,1.20255428056944
230,688,1.20255428056944
617,134,1.20255428056944
617,1220,1.20255428056944
888,87,1.20255428056944
888,488,1.20255428056944
888,1192,1.20255428056944
49,66,1.20255428056944
437,66,1.20255428056944
87,83,1.20255428056944
87,688,1.20255428056944
591,1495,1.20255428056944
591,1540,1.20255428056944
688,66,1.20255428056944
148,29,1.20202200466342
1135,29,1.20202200466342
601,29,1.20202200466342
1419,29,1.20202200466342
1309,29,1.20202200466342
29,12,1.20202200466342
29,1373,1.20202200466342
29,194,1.20202200466342
29,1139,1.20202200466342
878,730,1.19929258086404
700,909,1.19929258086404
439,468,1.19929258086404
439,909,1.19929258086404
439,329,1.19929258086404
439,918,1.19929258086404
439,251,1.19929258086404
439,472,1.19929258086404
37,450,1.19929258086404
37,468,1.19929258086404
37,918,1.19929258086404
37,1482,1.19929258086404
37,472,1.19929258086404
37,911,1.19929258086404
450,472,1.19929258086404
468,909,1.19929258086404
468,1211,1.19929258086404
468,295,1.19929258086404
468,911,1.19929258086404
1243,329,1.19929258086404
1243,918,1.19929258086404
1243,1211,1.19929258086404
1243,965,1.19929258086404
909,1211,1.19929258086404
329,1211,1.19929258086404
329,291,1.19929258086404
329,965,1.19929258086404
1211,251,1.19929258086404
1211,911,1.19929258086404
730,291,1.19929258086404
291,965,1.19929258086404
965,472,1.19929258086404
853,508,1.19902836265979
853,149,1.19902836265979
919,56,1.19902836265979
1010,56,1.19902836265979
733,317,1.19902836265979
1228,56,1.19902836265979
507,1214,1.19902836265979
1545,149,1.19902836265979
345,508,1.19902836265979
345,317,1.19902836265979
508,561,1.19902836265979
508,1207,1.19902836265979
508,497,1.19902836265979
508,1505,1.19902836265979
508,666,1.19902836265979
508,1148,1.19902836265979
508,344,1.19902836265979
508,1295,1.19902836265979
508,171,1.19902836265979
508,1078,1.19902836265979
508,456,1.19902836265979
508,1198,1.19902836265979
508,837,1.19902836265979
508,1128,1.19902836265979
508,798,1.19902836265979
508,644,1.19902836265979
508,663,1.19902836265979
508,566,1.19902836265979
508,272,1.19902836265979
1093,317,1.19902836265979
561,149,1.19902836265979
1207,772,1.19902836265979
1207,1214,1.19902836265979
1207,149,1.19902836265979
1443,56,1.19902836265979
1175,317,1.19902836265979
480,317,1.19902836265979
56,363,1.19902836265979
56,497,1.19902836265979
56,1422,1.19902836265979
56,387,1.19902836265979
56,1148,1.19902836265979
56,1198,1.19902836265979
56,506,1.19902836265979
56,812,1.19902836265979
56,521,1.19902836265979
56,786,1.19902836265979
71,149,1.19902836265979
772,1505,1.19902836265979
772,21,1.19902836265979
772,694,1.19902836265979
772,344,1.19902836265979
772,1295,1.19902836265979
772,171,1.19902836265979
772,745,1.19902836265979
772,581,1.19902836265979
772,644,1.19902836265979
772,150,1.19902836265979
497,149,1.19902836265979
1214,1461,1.19902836265979
1214,1038,1.19902836265979
1214,1505,1.19902836265979
1214,1142,1.19902836265979
1214,21,1.19902836265979
1214,1362,1.19902836265979
1214,344,1.19902836265979
1214,1295,1.19902836265979
1214,745,1.19902836265979
1214,837,1.19902836265979
1214,1128,1.19902836265979
1214,1465,1.19902836265979
548,149,1.19902836265979
1105,317,1.19902836265979
783,149,1.19902836265979
344,317,1.19902836265979
1295,149,1.19902836265979
149,745,1.19902836265979
149,644,1.19902836265979
149,663,1.19902836265979
149,566,1.19902836265979
149,272,1.19902836265979
456,317,1.19902836265979
885,317,1.19902836265979
317,663,1.19902836265979
317,219,1.19902836265979
1117,378,1.19717758353892
513,10,1.19597111795519
513,815,1.19597111795519
675,1008,1.19597111795519
675,1300,1.19597111795519
675,1030,1.19597111795519
675,612,1.19597111795519
675,542,1.19597111795519
639,815,1.19597111795519
10,381,1.19597111795519
10,85,1.19597111795519
10,515,1.19597111795519
10,35,1.19597111795519
10,1393,1.19597111795519
10,1150,1.19597111795519
771,815,1.19597111795519
771,1300,1.19597111795519
771,1030,1.19597111795519
771,542,1.19597111795519
1008,381,1.19597111795519
1008,85,1.19597111795519
1008,1005,1.19597111795519
1008,1092,1.19597111795519
1008,1475,1.19597111795519
1008,1011,1.19597111795519
842,1178,1.19597111795519
855,1009,1.19597111795519
717,1009,1.19597111795519
1162,1178,1.19597111795519
1178,206,1.19597111795519
1178,1005,1.19597111795519
1178,556,1.19597111795519
1178,1382,1.19597111795519
1178,1073,1.19597111795519
1178,864,1.19597111795519
1178,1475,1.19597111795519
1178,599,1.19597111795519
1178,606,1.19597111795519
1178,554,1.19597111795519
514,1300,1.19597111795519
514,612,1.19597111795519
124,94,1.19597111795519
815,143,1.19597111795519
815,515,1.19597111795519
815,35,1.19597111795519
815,404,1.19597111795519
815,1393,1.19597111795519
815,1150,1.19597111795519
17,1009,1.19597111795519
94,85,1.19597111795519
94,206,1.19597111795519
94,143,1.19597111795519
94,1022,1.19597111795519
94,1393,1.19597111795519
94,703,1.19597111795519
85,463,1.19597111795519
206,1300,1.19597111795519
206,1030,1.19597111795519
206,612,1.19597111795519
143,1300,1.19597111795519
143,1030,1.19597111795519
143,612,1.19597111795519
143,542,1.19597111795519
1390,463,1.19597111795519
1510,542,1.19597111795519
1300,1005,1.19597111795519
1300,556,1.19597111795519
1300,1382,1.19597111795519
1300,541,1.19597111795519
1300,404,1.19597111795519
1300,599,1.19597111795519
1300,1011,1.19597111795519
1300,554,1.19597111795519
1009,1522,1.19597111795519
1009,703,1.19597111795519
1009,1518,1.19597111795519
1009,1278,1.19597111795519
1009,972,1.19597111795519
1009,1094,1.19597111795519
1009,957,1.19597111795519
706,542,1.19597111795519
1030,1005,1.19597111795519
1030,1537,1.19597111795519
1030,404,1.19597111795519
1030,1073,1.19597111795519
1030,972,1.19597111795519
1030,554,1.19597111795519
1030,1163,1.19597111795519
1030,1133,1.19597111795519
1022,463,1.19597111795519
556,612,1.19597111795519
332,542,1.19597111795519
612,731,1.19597111795519
612,1522,1.19597111795519
612,1382,1.19597111795519
612,404,1.19597111795519
612,554,1.19597111795519
612,1133,1.19597111795519
1522,542,1.19597111795519
1170,542,1.19597111795519
1092,463,1.19597111795519
1278,542,1.19597111795519
463,462,1.19597111795519
463,606,1.19597111795519
463,972,1.19597111795519
462,542,1.19597111795519
542,1094,1.19597111795519
542,1236,1.19597111795519
1137,234,1.19291576340246
366,980,1.19291576340246
1371,380,1.19291576340246
30,1330,1.19291576340246
720,234,1.19291576340246
165,234,1.19291576340246
555,1330,1.19291576340246
308,1543,1.19291576340246
308,1330,1.19291576340246
308,980,1.19291576340246
1208,1330,1.19291576340246
990,74,1.19291576340246
33,234,1.19291576340246
33,1527,1.19291576340246
33,74,1.19291576340246
33,980,1.19291576340246
257,380,1.19291576340246
257,1527,1.19291576340246
234,838,1.19291576340246
234,1290,1.19291576340246
234,638,1.19291576340246
234,1146,1.19291576340246
234,773,1.19291576340246
380,1168,1.19291576340246
1543,752,1.19291576340246
1543,638,1.19291576340246
1543,831,1.19291576340246
1543,1352,1.19291576340246
293,193,1.19291576340246
1330,653,1.19291576340246
1330,1146,1.19291576340246
1527,638,1.19291576340246
850,820,1.19291576340246
850,1227,1.19291576340246
850,1290,1.19291576340246
838,74,1.19291576340246
223,74,1.19291576340246
1190,193,1.19291576340246
1146,980,1.19291576340246
174,451,1.19239353479822
1502,674,1.19239353479822
395,1064,1.19239353479822
185,1107,1.19239353479822
69,1107,1.19239353479822
1427,451,1.19239353479822
301,1064,1.19239353479822
301,674,1.19239353479822
44,674,1.19239353479822
451,1102,1.19239353479822
451,141,1.19239353479822
451,789,1.19239353479822
451,32,1.19239353479822
451,273,1.19239353479822
451,596,1.19239353479822
451,1110,1.19239353479822
451,547,1.19239353479822
451,611,1.19239353479822
451,978,1.19239353479822
451,1315,1.19239353479822
451,340,1.19239353479822
451,849,1.19239353479822
451,1031,1.19239353479822
451,162,1.19239353479822
949,674,1.19239353479822
862,1064,1.19239353479822
1102,674,1.19239353479822
286,1064,1.19239353479822
623,1107,1.19239353479822
601,674,1.19239353479822
141,1064,1.19239353479822
1311,1064,1.19239353479822
618,1064,1.19239353479822
1171,1064,1.19239353479822
1171,674,1.19239353479822
207,1064,1.19239353479822
1478,1064,1.19239353479822
953,674,1.19239353479822
1219,1064,1.19239353479822
390,1064,1.19239353479822
1463,1064,1.19239353479822
604,1064,1.19239353479822
1107,611,1.19239353479822
1107,1289,1.19239353479822
1107,662,1.19239353479822
1107,1429,1.19239353479822
1107,967,1.19239353479822
611,1064,1.19239353479822
865,1064,1.19239353479822
236,1064,1.19239353479822
125,1064,1.19239353479822
1064,1348,1.19239353479822
1064,560,1.19239353479822
1064,311,1.19239353479822
1064,900,1.19239353479822
1064,1139,1.19239353479822
1289,674,1.19239353479822
674,1506,1.19239353479822
674,52,1.19239353479822
853,1526,1.18661315512421
853,528,1.18661315512421
853,337,1.18661315512421
1526,919,1.18661315512421
1526,1228,1.18661315512421
1526,987,1.18661315512421
1526,497,1.18661315512421
1526,548,1.18661315512421
1526,224,1.18661315512421
1526,1198,1.18661315512421
1526,798,1.18661315512421
1526,521,1.18661315512421
1526,786,1.18661315512421
919,370,1.18661315512421
1010,370,1.18661315512421
1010,337,1.18661315512421
107,370,1.18661315512421
1228,1072,1.18661315512421
1228,910,1.18661315512421
64,337,1.18661315512421
64,910,1.18661315512421
987,1072,1.18661315512421
1443,528,1.18661315512421
1443,337,1.18661315512421
1443,910,1.18661315512421
1131,370,1.18661315512421
370,1380,1.18661315512421
370,548,1.18661315512421
370,387,1.18661315512421
370,1295,1.18661315512421
370,1078,1.18661315512421
370,45,1.18661315512421
370,566,1.18661315512421
370,272,1.18661315512421
497,910,1.18661315512421
1461,528,1.18661315512421
666,337,1.18661315512421
666,910,1.18661315512421
1142,528,1.18661315512421
1422,1072,1.18661315512421
1422,337,1.18661315512421
1422,910,1.18661315512421
795,528,1.18661315512421
668,528,1.18661315512421
1072,1355,1.18661315512421
1072,812,1.18661315512421
1072,521,1.18661315512421
21,528,1.18661315512421
985,528,1.18661315512421
985,910,1.18661315512421
694,910,1.18661315512421
1355,337,1.18661315512421
1355,910,1.18661315512421
745,528,1.18661315512421
792,337,1.18661315512421
885,528,1.18661315512421
249,910,1.18661315512421
812,337,1.18661315512421
812,910,1.18661315512421
1546,337,1.18661315512421
528,566,1.18661315512421
337,1099,1.18661315512421
337,1413,1.18661315512421
337,1436,1.18661315512421
395,1231,1.18336560299053
1056,1231,1.18336560299053
862,1231,1.18336560299053
286,1231,1.18336560299053
623,1231,1.18336560299053
158,1231,1.18336560299053
618,1231,1.18336560299053
588,1231,1.18336560299053
995,1231,1.18336560299053
207,1231,1.18336560299053
14,1231,1.18336560299053
512,1231,1.18336560299053
865,1231,1.18336560299053
978,1231,1.18336560299053
1231,900,1.18336560299053
1231,967,1.18336560299053
1231,233,1.18336560299053
1445,1542,1.18107359430097
1445,501,1.18107359430097
1445,1508,1.18107359430097
1445,230,1.18107359430097
1445,87,1.18107359430097
1445,591,1.18107359430097
1361,1224,1.18107359430097
1361,1120,1.18107359430097
1361,1016,1.18107359430097
1361,325,1.18107359430097
1361,40,1.18107359430097
714,1060,1.18107359430097
323,346,1.18107359430097
323,127,1.18107359430097
323,40,1.18107359430097
323,168,1.18107359430097
996,575,1.18107359430097
575,410,1.18107359430097
575,1120,1.18107359430097
575,1084,1.18107359430097
575,127,1.18107359430097
575,168,1.18107359430097
1224,403,1.18107359430097
1224,488,1.18107359430097
1224,1192,1.18107359430097
1292,407,1.18107359430097
410,1480,1.18107359430097
410,1508,1.18107359430097
410,281,1.18107359430097
410,591,1.18107359430097
403,1016,1.18107359430097
1542,40,1.18107359430097
1542,532,1.18107359430097
1542,1327,1.18107359430097
1120,1203,1.18107359430097
1120,1508,1.18107359430097
1120,230,1.18107359430097
1120,281,1.18107359430097
1120,488,1.18107359430097
790,532,1.18107359430097
1480,1016,1.18107359430097
1480,1084,1.18107359430097
1480,346,1.18107359430097
1016,1203,1.18107359430097
1016,281,1.18107359430097
1016,134,1.18107359430097
1016,488,1.18107359430097
1016,66,1.18107359430097
677,1084,1.18107359430097
677,407,1.18107359430097
1203,1084,1.18107359430097
1203,346,1.18107359430097
1508,1327,1.18107359430097
230,40,1.18107359430097
230,532,1.18107359430097
281,168,1.18107359430097
1084,147,1.18107359430097
407,488,1.18107359430097
346,87,1.18107359430097
346,488,1.18107359430097
346,1192,1.18107359430097
40,1192,1.18107359430097
168,66,1.18107359430097
1060,488,1.18107359430097
241,1327,1.18107359430097
591,532,1.18107359430097
675,932,1.18094643011171
771,932,1.18094643011171
839,932,1.18094643011171
1331,85,1.18094643011171
1331,206,1.18094643011171
1331,1390,1.18094643011171
1331,1382,1.18094643011171
1331,1073,1.18094643011171
1331,864,1.18094643011171
1331,1475,1.18094643011171
1331,972,1.18094643011171
85,287,1.18094643011171
206,932,1.18094643011171
143,247,1.18094643011171
287,1390,1.18094643011171
287,1005,1.18094643011171
287,1382,1.18094643011171
287,599,1.18094643011171
287,972,1.18094643011171
287,883,1.18094643011171
287,1236,1.18094643011171
287,1133,1.18094643011171
1390,1025,1.18094643011171
1390,932,1.18094643011171
706,247,1.18094643011171
1022,247,1.18094643011171
1537,932,1.18094643011171
731,247,1.18094643011171
1522,247,1.18094643011171
1025,1133,1.18094643011171
404,932,1.18094643011171
1393,932,1.18094643011171
1092,932,1.18094643011171
703,932,1.18094643011171
822,247,1.18094643011171
932,606,1.18094643011171
932,1133,1.18094643011171
1357,909,1.17550773073844
1357,251,1.17550773073844
5,439,1.17550773073844
5,1211,1.17550773073844
5,251,1.17550773073844
5,965,1.17550773073844
5,472,1.17550773073844
878,1002,1.17550773073844
878,210,1.17550773073844
878,765,1.17550773073844
878,1165,1.17550773073844
1002,329,1.17550773073844
1002,730,1.17550773073844
1271,468,1.17550773073844
700,49,1.17550773073844
700,1540,1.17550773073844
439,1159,1.17550773073844
37,58,1.17550773073844
994,468,1.17550773073844
994,291,1.17550773073844
994,965,1.17550773073844
450,708,1.17550773073844
450,1495,1.17550773073844
450,1540,1.17550773073844
330,58,1.17550773073844
210,329,1.17550773073844
210,965,1.17550773073844
1159,1243,1.17550773073844
468,58,1.17550773073844
468,734,1.17550773073844
468,83,1.17550773073844
468,688,1.17550773073844
1243,888,1.17550773073844
1243,626,1.17550773073844
909,424,1.17550773073844
909,734,1.17550773073844
329,734,1.17550773073844
329,49,1.17550773073844
765,965,1.17550773073844
960,1482,1.17550773073844
960,1521,1.17550773073844
58,911,1.17550773073844
1211,1291,1.17550773073844
1211,888,1.17550773073844
730,1291,1.17550773073844
730,1165,1.17550773073844
730,734,1.17550773073844
730,437,1.17550773073844
730,688,1.17550773073844
1165,965,1.17550773073844
1165,472,1.17550773073844
291,888,1.17550773073844
291,49,1.17550773073844
291,437,1.17550773073844
291,809,1.17550773073844
1482,617,1.17550773073844
965,708,1.17550773073844
965,688,1.17550773073844
472,708,1.17550773073844
366,72,1.17544492598383
366,747,1.17544492598383
366,1166,1.17544492598383
1371,1428,1.17544492598383
1371,342,1.17544492598383
1371,376,1.17544492598383
1371,876,1.17544492598383
30,72,1.17544492598383
30,1166,1.17544492598383
763,1075,1.17544492598383
763,555,1.17544492598383
763,1146,1.17544492598383
763,1444,1.17544492598383
720,648,1.17544492598383
720,288,1.17544492598383
1279,814,1.17544492598383
72,555,1.17544492598383
72,958,1.17544492598383
72,653,1.17544492598383
1438,376,1.17544492598383
459,1075,1.17544492598383
459,653,1.17544492598383
459,1146,1.17544492598383
1075,814,1.17544492598383
1075,318,1.17544492598383
1075,1166,1.17544492598383
1280,787,1.17544492598383
1280,990,1.17544492598383
1280,84,1.17544492598383
1280,838,1.17544492598383
1280,773,1.17544492598383
165,814,1.17544492598383
165,376,1.17544492598383
787,814,1.17544492598383
787,318,1.17544492598383
814,990,1.17544492598383
814,1290,1.17544492598383
814,1146,1.17544492598383
555,376,1.17544492598383
555,1166,1.17544492598383
308,602,1.17544492598383
308,318,1.17544492598383
308,648,1.17544492598383
308,1166,1.17544492598383
602,752,1.17544492598383
602,1190,1.17544492598383
602,1290,1.17544492598383
602,1146,1.17544492598383
318,33,1.17544492598383
318,1146,1.17544492598383
318,1352,1.17544492598383
990,342,1.17544492598383
990,376,1.17544492598383
990,583,1.17544492598383
33,1428,1.17544492598383
33,376,1.17544492598383
33,583,1.17544492598383
958,747,1.17544492598383
257,288,1.17544492598383
1301,376,1.17544492598383
1301,1166,1.17544492598383
648,293,1.17544492598383
648,838,1.17544492598383
648,223,1.17544492598383
648,1146,1.17544492598383
1428,752,1.17544492598383
1428,1190,1.17544492598383
1428,1290,1.17544492598383
1428,638,1.17544492598383
1428,1146,1.17544492598383
293,376,1.17544492598383
342,838,1.17544492598383
342,843,1.17544492598383
1454,288,1.17544492598383
376,752,1.17544492598383
752,876,1.17544492598383
752,583,1.17544492598383
288,872,1.17544492598383
288,820,1.17544492598383
288,843,1.17544492598383
288,1168,1.17544492598383
288,1290,1.17544492598383
288,1352,1.17544492598383
653,1166,1.17544492598383
876,773,1.17544492598383
820,1166,1.17544492598383
747,843,1.17544492598383
747,638,1.17544492598383
843,583,1.17544492598383
1227,583,1.17544492598383
107,133,1.17519335822928
107,801,1.17519335822928
507,133,1.17519335822928
507,801,1.17519335822928
64,133,1.17519335822928
1129,71,1.17519335822928
1129,1461,1.17519335822928
1129,1038,1.17519335822928
1129,783,1.17519335822928
1129,21,1.17519335822928
1129,171,1.17519335822928
1129,150,1.17519335822928
1129,1392,1.17519335822928
1129,786,1.17519335822928
1461,133,1.17519335822928
666,801,1.17519335822928
1142,133,1.17519335822928
387,133,1.17519335822928
795,133,1.17519335822928
795,801,1.17519335822928
1033,133,1.17519335822928
1033,801,1.17519335822928
1173,133,1.17519335822928
133,21,1.17519335822928
133,344,1.17519335822928
133,1435,1.17519335822928
133,745,1.17519335822928
133,456,1.17519335822928
133,1198,1.17519335822928
133,1128,1.17519335822928
133,581,1.17519335822928
133,1436,1.17519335822928
1362,801,1.17519335822928
1264,801,1.17519335822928
1295,801,1.17519335822928
1198,801,1.17519335822928
801,885,1.17519335822928
801,581,1.17519335822928
801,1,1.17519335822928
801,1546,1.17519335822928
801,798,1.17519335822928
801,45,1.17519335822928
801,1436,1.17519335822928
1027,675,1.16737510933778
1027,771,1.16737510933778
1027,514,1.16737510933778
1027,206,1.16737510933778
1027,143,1.16737510933778
1027,35,1.16737510933778
1027,556,1.16737510933778
1027,541,1.16737510933778
1027,599,1.16737510933778
1027,1485,1.16737510933778
675,896,1.16737510933778
675,435,1.16737510933778
920,85,1.16737510933778
920,129,1.16737510933778
920,1390,1.16737510933778
920,1005,1.16737510933778
920,1022,1.16737510933778
920,1092,1.16737510933778
920,1278,1.16737510933778
920,554,1.16737510933778
920,957,1.16737510933778
771,449,1.16737510933778
771,896,1.16737510933778
771,435,1.16737510933778
855,806,1.16737510933778
717,435,1.16737510933778
905,1302,1.16737510933778
514,896,1.16737510933778
449,85,1.16737510933778
449,1022,1.16737510933778
449,1393,1.16737510933778
449,1092,1.16737510933778
449,599,1.16737510933778
981,1382,1.16737510933778
981,1393,1.16737510933778
85,435,1.16737510933778
129,806,1.16737510933778
143,896,1.16737510933778
1390,896,1.16737510933778
1390,435,1.16737510933778
1510,1302,1.16737510933778
1302,332,1.16737510933778
1302,731,1.16737510933778
1302,1170,1.16737510933778
1302,822,1.16737510933778
1302,1475,1.16737510933778
1302,1278,1.16737510933778
1302,1094,1.16737510933778
1302,1133,1.16737510933778
1005,1096,1.16737510933778
1022,806,1.16737510933778
35,806,1.16737510933778
35,435,1.16737510933778
556,408,1.16737510933778
556,806,1.16737510933778
556,1096,1.16737510933778
332,806,1.16737510933778
731,806,1.16737510933778
1522,896,1.16737510933778
541,408,1.16737510933778
541,1096,1.16737510933778
408,404,1.16737510933778
408,599,1.16737510933778
408,883,1.16737510933778
408,1133,1.16737510933778
404,896,1.16737510933778
404,435,1.16737510933778
1393,896,1.16737510933778
1393,435,1.16737510933778
1170,435,1.16737510933778
864,1096,1.16737510933778
822,806,1.16737510933778
1258,806,1.16737510933778
1475,896,1.16737510933778
1518,806,1.16737510933778
1059,435,1.16737510933778
1278,806,1.16737510933778
896,1011,1.16737510933778
896,1163,1.16737510933778
1011,1096,1.16737510933778
806,1094,1.16737510933778
1096,554,1.16737510933778
883,435,1.16737510933778
1150,435,1.16737510933778
554,435,1.16737510933778
1133,435,1.16737510933778
853,378,1.16464292279534
1010,774,1.16464292279534
733,774,1.16464292279534
1228,774,1.16464292279534
507,670,1.16464292279534
345,774,1.16464292279534
345,354,1.16464292279534
1093,774,1.16464292279534
561,378,1.16464292279534
1188,378,1.16464292279534
1207,466,1.16464292279534
1207,524,1.16464292279534
1207,378,1.16464292279534
823,774,1.16464292279534
774,387,1.16464292279534
774,1105,1.16464292279534
774,171,1.16464292279534
774,1198,1.16464292279534
774,885,1.16464292279534
774,272,1.16464292279534
774,1099,1.16464292279534
774,219,1.16464292279534
466,497,1.16464292279534
466,548,1.16464292279534
466,1422,1.16464292279534
466,1173,1.16464292279534
466,694,1.16464292279534
466,1469,1.16464292279534
466,272,1.16464292279534
524,1007,1.16464292279534
524,456,1.16464292279534
524,885,1.16464292279534
524,663,1.16464292279534
524,272,1.16464292279534
497,354,1.16464292279534
1461,354,1.16464292279534
1038,670,1.16464292279534
1406,378,1.16464292279534
1505,670,1.16464292279534
1505,354,1.16464292279534
666,354,1.16464292279534
1142,354,1.16464292279534
1007,670,1.16464292279534
723,378,1.16464292279534
548,354,1.16464292279534
1233,670,1.16464292279534
670,344,1.16464292279534
670,1295,1.16464292279534
670,745,1.16464292279534
670,792,1.16464292279534
670,1198,1.16464292279534
670,885,1.16464292279534
670,1436,1.16464292279534
694,354,1.16464292279534
1362,354,1.16464292279534
1362,378,1.16464292279534
1295,354,1.16464292279534
1295,378,1.16464292279534
171,354,1.16464292279534
354,1198,1.16464292279534
354,644,1.16464292279534
354,368,1.16464292279534
354,1392,1.16464292279534
354,272,1.16464292279534
745,378,1.16464292279534
1198,378,1.16464292279534
678,378,1.16464292279534
1112,378,1.16464292279534
798,378,1.16464292279534
644,378,1.16464292279534
378,368,1.16464292279534
378,566,1.16464292279534
81,980,1.16244935476827
323,234,1.16244935476827
575,234,1.16244935476827
575,1330,1.16244935476827
1292,1527,1.16244935476827
403,1320,1.16244935476827
403,850,1.16244935476827
1320,66,1.16244935476827
1542,380,1.16244935476827
1542,1543,1.16244935476827
1542,1330,1.16244935476827
501,1330,1.16244935476827
501,1527,1.16244935476827
234,281,1.16244935476827
234,1310,1.16244935476827
234,591,1.16244935476827
234,1192,1.16244935476827
1480,74,1.16244935476827
380,1192,1.16244935476827
1543,1508,1.16244935476827
1543,1310,1.16244935476827
1543,241,1.16244935476827
1508,1527,1.16244935476827
1330,281,1.16244935476827
230,1527,1.16244935476827
1527,488,1.16244935476827
850,66,1.16244935476827
74,1310,1.16244935476827
591,980,1.16244935476827
1137,94,1.15993384600943
1137,1030,1.15993384600943
1137,612,1.15993384600943
366,10,1.15993384600943
366,1178,1.15993384600943
1371,1178,1.15993384600943
1371,1300,1.15993384600943
1371,612,1.15993384600943
1371,463,1.15993384600943
30,10,1.15993384600943
30,815,1.15993384600943
10,165,1.15993384600943
10,787,1.15993384600943
10,555,1.15993384600943
10,257,1.15993384600943
720,1030,1.15993384600943
1438,1300,1.15993384600943
1075,1300,1.15993384600943
1075,1030,1.15993384600943
1075,612,1.15993384600943
1075,463,1.15993384600943
1075,542,1.15993384600943
1008,84,1.15993384600943
1008,1146,1.15993384600943
165,1178,1.15993384600943
165,1030,1.15993384600943
165,612,1.15993384600943
1178,33,1.15993384600943
1178,752,1.15993384600943
1178,223,1.15993384600943
1178,773,1.15993384600943
787,94,1.15993384600943
555,815,1.15993384600943
555,612,1.15993384600943
308,94,1.15993384600943
308,1300,1.15993384600943
308,1030,1.15993384600943
308,463,1.15993384600943
815,752,1.15993384600943
815,653,1.15993384600943
815,1146,1.15993384600943
1208,1009,1.15993384600943
94,1290,1.15993384600943
94,1146,1.15993384600943
990,1030,1.15993384600943
33,1300,1.15993384600943
33,612,1.15993384600943
33,542,1.15993384600943
958,612,1.15993384600943
257,542,1.15993384600943
1300,752,1.15993384600943
1300,820,1.15993384600943
1009,1454,1.15993384600943
1009,872,1.15993384600943
1009,820,1.15993384600943
1009,1290,1.15993384600943
1009,638,1.15993384600943
1009,1444,1.15993384600943
1030,752,1.15993384600943
1030,838,1.15993384600943
1030,1190,1.15993384600943
1301,612,1.15993384600943
612,1290,1.15993384600943
612,1444,1.15993384600943
223,463,1.15993384600943
463,1227,1.15993384600943
463,638,1.15993384600943
542,1146,1.15993384600943
542,1352,1.15993384600943
1445,439,1.15521787677463
1445,450,1.15521787677463
1445,909,1.15521787677463
1445,1211,1.15521787677463
1445,1482,1.15521787677463
878,1067,1.15521787677463
700,1327,1.15521787677463
996,1211,1.15521787677463
996,472,1.15521787677463
439,1084,1.15521787677463
439,127,1.15521787677463
439,1327,1.15521787677463
1224,730,1.15521787677463
37,40,1.15521787677463
410,450,1.15521787677463
1120,472,1.15521787677463
330,407,1.15521787677463
330,40,1.15521787677463
330,532,1.15521787677463
1016,1482,1.15521787677463
1016,965,1.15521787677463
468,1084,1.15521787677463
1243,1084,1.15521787677463
1243,168,1.15521787677463
101,346,1.15521787677463
909,127,1.15521787677463
329,1084,1.15521787677463
329,1060,1.15521787677463
918,532,1.15521787677463
918,1327,1.15521787677463
1211,127,1.15521787677463
1211,168,1.15521787677463
730,1084,1.15521787677463
730,346,1.15521787677463
730,127,1.15521787677463
1084,251,1.15521787677463
1084,965,1.15521787677463
291,407,1.15521787677463
291,346,1.15521787677463
407,295,1.15521787677463
1482,532,1.15521787677463
965,127,1.15521787677463
168,1521,1.15521787677463
513,317,1.15503763491884
675,508,1.15503763491884
675,56,1.15503763491884
675,317,1.15503763491884
508,817,1.15503763491884
508,842,1.15503763491884
508,514,1.15503763491884
508,85,1.15503763491884
508,206,1.15503763491884
508,1390,1.15503763491884
508,541,1.15503763491884
508,1092,1.15503763491884
508,34,1.15503763491884
508,599,1.15503763491884
508,606,1.15503763491884
508,554,1.15503763491884
508,1133,1.15503763491884
639,317,1.15503763491884
771,317,1.15503763491884
842,1214,1.15503763491884
842,149,1.15503763491884
855,56,1.15503763491884
1162,1214,1.15503763491884
56,1510,1.15503763491884
56,706,1.15503763491884
56,1005,1.15503763491884
56,1537,1.15503763491884
56,1170,1.15503763491884
56,220,1.15503763491884
56,1258,1.15503763491884
56,1518,1.15503763491884
56,462,1.15503763491884
56,972,1.15503763491884
56,1236,1.15503763491884
514,1214,1.15503763491884
514,317,1.15503763491884
772,206,1.15503763491884
772,556,1.15503763491884
772,541,1.15503763491884
772,883,1.15503763491884
772,554,1.15503763491884
772,1133,1.15503763491884
1214,206,1.15503763491884
1214,1390,1.15503763491884
1214,1382,1.15503763491884
1214,1092,1.15503763491884
1214,1073,1.15503763491884
1214,864,1.15503763491884
1214,1475,1.15503763491884
1214,599,1.15503763491884
1214,554,1.15503763491884
1214,957,1.15503763491884
296,149,1.15503763491884
1390,317,1.15503763491884
1005,149,1.15503763491884
1537,149,1.15503763491884
1119,149,1.15503763491884
149,1092,1.15503763491884
149,1094,1.15503763491884
149,135,1.15503763491884
149,1236,1.15503763491884
1393,317,1.15503763491884
1092,317,1.15503763491884
703,317,1.15503763491884
317,606,1.15503763491884
317,135,1.15503763491884
317,1150,1.15503763491884
317,1133,1.15503763491884
1065,1033,1.15485720795451
1065,1233,1.15485720795451
1065,224,1.15485720795451
1065,1355,1.15485720795451
1065,885,1.15485720795451
1065,581,1.15485720795451
1065,644,1.15485720795451
1357,1540,1.15289330857891
5,994,1.15289330857891
5,765,1.15289330857891
5,1165,1.15289330857891
5,617,1.15289330857891
5,83,1.15289330857891
5,688,1.15289330857891
1002,1165,1.15289330857891
1002,888,1.15289330857891
1002,49,1.15289330857891
1002,809,1.15289330857891
1271,960,1.15289330857891
994,809,1.15289330857891
994,83,1.15289330857891
210,1165,1.15289330857891
210,888,1.15289330857891
210,49,1.15289330857891
210,809,1.15289330857891
765,1165,1.15289330857891
765,888,1.15289330857891
765,809,1.15289330857891
765,708,1.15289330857891
960,1291,1.15289330857891
960,688,1.15289330857891
58,1165,1.15289330857891
1291,734,1.15289330857891
1291,626,1.15289330857891
1165,708,1.15289330857891
734,626,1.15289330857891
734,708,1.15289330857891
617,809,1.15289330857891
49,809,1.15289330857891
83,688,1.15289330857891
926,1117,1.1521750163978
301,1117,1.1521750163978
949,1117,1.1521750163978
1117,365,1.1521750163978
1117,512,1.1521750163978
1117,416,1.1521750163978
1117,616,1.1521750163978
763,714,1.14610149180035
763,575,1.14610149180035
763,1542,1.14610149180035
763,677,1.14610149180035
763,1203,1.14610149180035
763,281,1.14610149180035
763,147,1.14610149180035
763,1220,1.14610149180035
1361,72,1.14610149180035
1361,288,1.14610149180035
459,714,1.14610149180035
459,575,1.14610149180035
459,403,1.14610149180035
459,1203,1.14610149180035
459,281,1.14610149180035
459,1310,1.14610149180035
714,814,1.14610149180035
714,318,1.14610149180035
714,1166,1.14610149180035
81,747,1.14610149180035
1280,575,1.14610149180035
1280,1542,1.14610149180035
1280,790,1.14610149180035
1280,1508,1.14610149180035
1280,1310,1.14610149180035
323,876,1.14610149180035
575,318,1.14610149180035
575,648,1.14610149180035
575,1428,1.14610149180035
575,583,1.14610149180035
1292,288,1.14610149180035
814,1480,1.14610149180035
814,1203,1.14610149180035
814,230,1.14610149180035
814,281,1.14610149180035
814,134,1.14610149180035
814,1192,1.14610149180035
403,583,1.14610149180035
1542,342,1.14610149180035
1542,376,1.14610149180035
602,1480,1.14610149180035
602,1203,1.14610149180035
602,1508,1.14610149180035
602,230,1.14610149180035
602,147,1.14610149180035
602,87,1.14610149180035
602,1192,1.14610149180035
318,790,1.14610149180035
318,1203,1.14610149180035
318,230,1.14610149180035
318,281,1.14610149180035
318,147,1.14610149180035
790,583,1.14610149180035
1480,648,1.14610149180035
1480,1428,1.14610149180035
1480,376,1.14610149180035
1480,876,1.14610149180035
1480,747,1.14610149180035
1480,1166,1.14610149180035
1480,583,1.14610149180035
648,677,1.14610149180035
648,1203,1.14610149180035
648,281,1.14610149180035
648,147,1.14610149180035
1428,677,1.14610149180035
1428,1508,1.14610149180035
1428,281,1.14610149180035
1428,1310,1.14610149180035
1428,591,1.14610149180035
1428,1192,1.14610149180035
677,288,1.14610149180035
342,1310,1.14610149180035
1508,376,1.14610149180035
1508,876,1.14610149180035
230,1166,1.14610149180035
230,583,1.14610149180035
281,376,1.14610149180035
281,1166,1.14610149180035
376,1310,1.14610149180035
376,591,1.14610149180035
288,488,1.14610149180035
876,591,1.14610149180035
747,66,1.14610149180035
1137,1331,1.14604266342667
1371,287,1.14604266342667
720,1331,1.14604266342667
1438,287,1.14604266342667
1075,932,1.14604266342667
165,1331,1.14604266342667
787,287,1.14604266342667
308,1331,1.14604266342667
308,287,1.14604266342667
308,932,1.14604266342667
1331,958,1.14604266342667
1331,838,1.14604266342667
1331,223,1.14604266342667
1331,638,1.14604266342667
1331,773,1.14604266342667
33,247,1.14604266342667
958,247,1.14604266342667
287,293,1.14604266342667
287,638,1.14604266342667
287,773,1.14604266342667
257,932,1.14604266342667
1025,1190,1.14604266342667
247,1168,1.14604266342667
247,1290,1.14604266342667
932,1290,1.14604266342667
107,29,1.14574829981008
1545,29,1.14574829981008
1207,29,1.14574829981008
71,29,1.14574829981008
497,29,1.14574829981008
548,29,1.14574829981008
783,29,1.14574829981008
795,29,1.14574829981008
29,1435,1.14574829981008
29,160,1.14574829981008
29,566,1.14574829981008
29,272,1.14574829981008
29,159,1.14574829981008
1526,855,1.14375830912325
1526,332,1.14375830912325
1526,1522,1.14375830912325
1526,1258,1.14375830912325
1526,1518,1.14375830912325
1526,1059,1.14375830912325
1526,599,1.14375830912325
1526,462,1.14375830912325
817,370,1.14375830912325
1176,337,1.14375830912325
855,370,1.14375830912325
855,1072,1.14375830912325
717,370,1.14375830912325
717,1072,1.14375830912325
370,296,1.14375830912325
370,515,1.14375830912325
370,1005,1.14375830912325
370,34,1.14375830912325
370,1011,1.14375830912325
370,1094,1.14375830912325
370,1236,1.14375830912325
370,554,1.14375830912325
370,1485,1.14375830912325
85,528,1.14375830912325
129,1072,1.14375830912325
129,337,1.14375830912325
129,910,1.14375830912325
206,528,1.14375830912325
143,528,1.14375830912325
1390,528,1.14375830912325
1022,337,1.14375830912325
35,1072,1.14375830912325
35,337,1.14375830912325
35,910,1.14375830912325
556,1072,1.14375830912325
556,337,1.14375830912325
556,910,1.14375830912325
1072,332,1.14375830912325
1072,1522,1.14375830912325
1072,1382,1.14375830912325
1072,1170,1.14375830912325
1072,1073,1.14375830912325
1072,703,1.14375830912325
1072,1518,1.14375830912325
1072,1278,1.14375830912325
1072,1094,1.14375830912325
1072,957,1.14375830912325
1537,528,1.14375830912325
332,528,1.14375830912325
332,337,1.14375830912325
731,528,1.14375830912325
731,337,1.14375830912325
1522,528,1.14375830912325
1522,337,1.14375830912325
1382,910,1.14375830912325
404,528,1.14375830912325
1073,910,1.14375830912325
864,528,1.14375830912325
822,910,1.14375830912325
1258,910,1.14375830912325
1475,528,1.14375830912325
1518,910,1.14375830912325
1278,337,1.14375830912325
528,1163,1.14375830912325
957,910,1.14375830912325
700,74,1.13764573804339
700,980,1.13764573804339
439,1330,1.13764573804339
37,234,1.13764573804339
37,74,1.13764573804339
450,234,1.13764573804339
450,74,1.13764573804339
450,980,1.13764573804339
1320,329,1.13764573804339
1320,291,1.13764573804339
1320,1482,1.13764573804339
1320,965,1.13764573804339
234,101,1.13764573804339
234,1211,1.13764573804339
234,472,1.13764573804339
468,380,1.13764573804339
468,1330,1.13764573804339
468,1527,1.13764573804339
1243,1330,1.13764573804339
909,1330,1.13764573804339
909,193,1.13764573804339
329,380,1.13764573804339
329,1527,1.13764573804339
329,850,1.13764573804339
380,730,1.13764573804339
380,965,1.13764573804339
1543,918,1.13764573804339
1543,472,1.13764573804339
1211,1527,1.13764573804339
1527,291,1.13764573804339
850,291,1.13764573804339
251,74,1.13764573804339
74,911,1.13764573804339
919,1107,1.13724197500744
919,674,1.13724197500744
1010,1107,1.13724197500744
733,1064,1.13724197500744
733,674,1.13724197500744
107,674,1.13724197500744
1228,1107,1.13724197500744
507,451,1.13724197500744
1093,1064,1.13724197500744
15,1064,1.13724197500744
451,723,1.13724197500744
451,21,1.13724197500744
451,694,1.13724197500744
451,1362,1.13724197500744
451,1435,1.13724197500744
451,745,1.13724197500744
451,837,1.13724197500744
451,1128,1.13724197500744
451,581,1.13724197500744
451,812,1.13724197500744
451,1469,1.13724197500744
451,798,1.13724197500744
561,1064,1.13724197500744
1207,1064,1.13724197500744
823,1107,1.13724197500744
823,674,1.13724197500744
1443,674,1.13724197500744
480,1107,1.13724197500744
480,1064,1.13724197500744
497,1064,1.13724197500744
1461,1107,1.13724197500744
1038,1107,1.13724197500744
666,1107,1.13724197500744
1007,1107,1.13724197500744
1007,1064,1.13724197500744
548,1064,1.13724197500744
1105,1064,1.13724197500744
1105,674,1.13724197500744
795,674,1.13724197500744
668,674,1.13724197500744
224,674,1.13724197500744
21,674,1.13724197500744
694,1107,1.13724197500744
1295,1064,1.13724197500744
171,1064,1.13724197500744
745,1064,1.13724197500744
745,674,1.13724197500744
792,1064,1.13724197500744
456,1064,1.13724197500744
1107,1112,1.13724197500744
1107,249,1.13724197500744
1107,1392,1.13724197500744
1107,1436,1.13724197500744
1107,786,1.13724197500744
1112,674,1.13724197500744
249,1064,1.13724197500744
1465,674,1.13724197500744
1546,674,1.13724197500744
1064,644,1.13724197500744
1064,566,1.13724197500744
1064,272,1.13724197500744
1064,219,1.13724197500744
1064,786,1.13724197500744
521,674,1.13724197500744
674,663,1.13724197500744
674,1000,1.13724197500744
5,1120,1.13362295115682
5,1016,1.13362295115682
5,1084,1.13362295115682
1445,994,1.13362295115682
1445,58,1.13362295115682
1445,1291,1.13362295115682
1445,734,1.13362295115682
1445,49,1.13362295115682
1445,83,1.13362295115682
1445,688,1.13362295115682
1002,407,1.13362295115682
1002,346,1.13362295115682
1002,1060,1.13362295115682
1271,346,1.13362295115682
1271,127,1.13362295115682
1271,168,1.13362295115682
996,1159,1.13362295115682
996,1291,1.13362295115682
996,626,1.13362295115682
996,708,1.13362295115682
996,1495,1.13362295115682
996,1540,1.13362295115682
1224,210,1.13362295115682
1224,765,1.13362295115682
1224,617,1.13362295115682
1224,437,1.13362295115682
1224,809,1.13362295115682
410,1159,1.13362295115682
410,809,1.13362295115682
994,1120,1.13362295115682
994,127,1.13362295115682
1120,765,1.13362295115682
1120,1165,1.13362295115682
1120,617,1.13362295115682
1120,49,1.13362295115682
1120,437,1.13362295115682
1120,708,1.13362295115682
1159,40,1.13362295115682
1159,168,1.13362295115682
1016,617,1.13362295115682
1016,809,1.13362295115682
765,407,1.13362295115682
960,127,1.13362295115682
960,1060,1.13362295115682
960,1327,1.13362295115682
58,346,1.13362295115682
58,127,1.13362295115682
58,40,1.13362295115682
58,168,1.13362295115682
58,532,1.13362295115682
1291,168,1.13362295115682
1165,40,1.13362295115682
1084,734,1.13362295115682
1084,626,1.13362295115682
734,1067,1.13362295115682
407,437,1.13362295115682
407,83,1.13362295115682
617,1060,1.13362295115682
346,809,1.13362295115682
346,688,1.13362295115682
49,1060,1.13362295115682
49,1327,1.13362295115682
437,1060,1.13362295115682
40,809,1.13362295115682
40,688,1.13362295115682
40,1495,1.13362295115682
809,1060,1.13362295115682
168,626,1.13362295115682
168,708,1.13362295115682
1060,688,1.13362295115682
1137,1027,1.133508830922
1137,896,1.133508830922
1027,1371,1.133508830922
1027,720,1.133508830922
1027,1075,1.133508830922
1027,308,1.133508830922
1027,752,1.133508830922
1027,838,1.133508830922
366,896,1.133508830922
366,806,1.133508830922
366,435,1.133508830922
1371,449,1.133508830922
1371,408,1.133508830922
1371,435,1.133508830922
30,435,1.133508830922
720,408,1.133508830922
920,165,1.133508830922
920,990,1.133508830922
920,752,1.133508830922
920,1227,1.133508830922
920,773,1.133508830922
1438,408,1.133508830922
1075,896,1.133508830922
1075,1096,1.133508830922
1075,435,1.133508830922
165,449,1.133508830922
165,896,1.133508830922
787,1302,1.133508830922
787,435,1.133508830922
555,896,1.133508830922
555,435,1.133508830922
308,449,1.133508830922
308,408,1.133508830922
308,896,1.133508830922
449,752,1.133508830922
449,223,1.133508830922
449,820,1.133508830922
449,1146,1.133508830922
990,435,1.133508830922
33,806,1.133508830922
257,1302,1.133508830922
1302,843,1.133508830922
1302,1168,1.133508830922
1302,638,1.133508830922
1302,831,1.133508830922
1302,1352,1.133508830922
408,752,1.133508830922
408,838,1.133508830922
408,653,1.133508830922
408,1146,1.133508830922
293,435,1.133508830922
1454,435,1.133508830922
752,896,1.133508830922
896,1190,1.133508830922
896,773,1.133508830922
838,1096,1.133508830922
838,435,1.133508830922
653,435,1.133508830922
872,435,1.133508830922
806,638,1.133508830922
1146,435,1.133508830922
1352,435,1.133508830922
675,801,1.13339464810024
1176,1129,1.13339464810024
839,801,1.13339464810024
1129,124,1.13339464810024
1129,85,1.13339464810024
1129,206,1.13339464810024
1129,1119,1.13339464810024
1129,1393,1.13339464810024
1129,972,1.13339464810024
1129,883,1.13339464810024
124,801,1.13339464810024
85,133,1.13339464810024
85,801,1.13339464810024
129,133,1.13339464810024
206,133,1.13339464810024
296,133,1.13339464810024
515,801,1.13339464810024
1005,133,1.13339464810024
1022,801,1.13339464810024
133,1522,1.13339464810024
133,1073,1.13339464810024
133,1475,1.13339464810024
133,1011,1.13339464810024
133,1485,1.13339464810024
133,957,1.13339464810024
1537,801,1.13339464810024
801,599,1.13339464810024
801,135,1.13339464810024
10,323,1.13160291517108
10,501,1.13160291517108
10,790,1.13160291517108
10,1480,1.13160291517108
10,923,1.13160291517108
10,66,1.13160291517108
1361,1009,1.13160291517108
1361,542,1.13160291517108
714,815,1.13160291517108
714,1300,1.13160291517108
714,1009,1.13160291517108
714,1030,1.13160291517108
714,612,1.13160291517108
714,542,1.13160291517108
1008,1542,1.13160291517108
1008,790,1.13160291517108
1008,1480,1.13160291517108
1008,1203,1.13160291517108
1008,134,1.13160291517108
323,1178,1.13160291517108
575,815,1.13160291517108
575,94,1.13160291517108
575,463,1.13160291517108
575,542,1.13160291517108
1178,501,1.13160291517108
1178,790,1.13160291517108
1178,1480,1.13160291517108
1178,1203,1.13160291517108
1178,1508,1.13160291517108
1178,281,1.13160291517108
1178,1310,1.13160291517108
403,612,1.13160291517108
403,463,1.13160291517108
815,1203,1.13160291517108
815,230,1.13160291517108
815,281,1.13160291517108
1542,94,1.13160291517108
1542,1300,1.13160291517108
1542,612,1.13160291517108
501,94,1.13160291517108
501,1300,1.13160291517108
501,612,1.13160291517108
94,790,1.13160291517108
94,1310,1.13160291517108
94,241,1.13160291517108
94,591,1.13160291517108
94,1192,1.13160291517108
790,463,1.13160291517108
1300,230,1.13160291517108
1300,281,1.13160291517108
1009,488,1.13160291517108
1030,281,1.13160291517108
1030,87,1.13160291517108
612,230,1.13160291517108
612,281,1.13160291517108
612,1220,1.13160291517108
612,488,1.13160291517108
677,542,1.13160291517108
1203,542,1.13160291517108
1508,463,1.13160291517108
230,542,1.13160291517108
281,463,1.13160291517108
281,542,1.13160291517108
463,1310,1.13160291517108
463,591,1.13160291517108
542,66,1.13160291517108
853,1231,1.12927488930793
1010,1231,1.12927488930793
345,1231,1.12927488930793
987,1231,1.12927488930793
1175,1231,1.12927488930793
1505,1231,1.12927488930793
1242,1231,1.12927488930793
1422,1231,1.12927488930793
21,1231,1.12927488930793
456,1231,1.12927488930793
678,1231,1.12927488930793
1546,1231,1.12927488930793
368,1231,1.12927488930793
1392,1231,1.12927488930793
1231,272,1.12927488930793
1231,1436,1.12927488930793
513,774,1.12382976566881
513,670,1.12382976566881
675,774,1.12382976566881
675,378,1.12382976566881
639,774,1.12382976566881
771,774,1.12382976566881
842,466,1.12382976566881
842,524,1.12382976566881
855,354,1.12382976566881
1162,670,1.12382976566881
774,1005,1.12382976566881
774,1393,1.12382976566881
774,220,1.12382976566881
774,1059,1.12382976566881
774,135,1.12382976566881
774,1150,1.12382976566881
466,129,1.12382976566881
466,143,1.12382976566881
466,296,1.12382976566881
466,1005,1.12382976566881
466,541,1.12382976566881
466,404,1.12382976566881
466,703,1.12382976566881
466,220,1.12382976566881
466,34,1.12382976566881
466,883,1.12382976566881
466,135,1.12382976566881
466,1236,1.12382976566881
466,957,1.12382976566881
905,354,1.12382976566881
524,124,1.12382976566881
524,296,1.12382976566881
524,515,1.12382976566881
524,1537,1.12382976566881
524,731,1.12382976566881
524,541,1.12382976566881
524,1092,1.12382976566881
524,1073,1.12382976566881
524,1094,1.12382976566881
524,554,1.12382976566881
524,1163,1.12382976566881
514,670,1.12382976566881
514,354,1.12382976566881
85,354,1.12382976566881
515,670,1.12382976566881
1390,354,1.12382976566881
1510,354,1.12382976566881
706,354,1.12382976566881
1022,354,1.12382976566881
670,1522,1.12382976566881
670,1382,1.12382976566881
670,1278,1.12382976566881
670,135,1.12382976566881
670,554,1.12382976566881
556,354,1.12382976566881
332,378,1.12382976566881
404,378,1.12382976566881
354,1393,1.12382976566881
354,1170,1.12382976566881
354,1073,1.12382976566881
354,864,1.12382976566881
354,1258,1.12382976566881
354,1475,1.12382976566881
354,1518,1.12382976566881
354,883,1.12382976566881
354,554,1.12382976566881
354,1163,1.12382976566881
599,378,1.12382976566881
378,554,1.12382976566881
763,37,1.12223675234767
763,329,1.12223675234767
763,472,1.12223675234767
72,1243,1.12223675234767
72,1211,1.12223675234767
72,730,1.12223675234767
459,472,1.12223675234767
1280,295,1.12223675234767
1280,911,1.12223675234767
700,342,1.12223675234767
700,376,1.12223675234767
700,876,1.12223675234767
37,648,1.12223675234767
37,1428,1.12223675234767
37,342,1.12223675234767
37,876,1.12223675234767
814,450,1.12223675234767
814,329,1.12223675234767
814,918,1.12223675234767
814,965,1.12223675234767
814,472,1.12223675234767
450,1428,1.12223675234767
602,1243,1.12223675234767
602,909,1.12223675234767
602,1211,1.12223675234767
602,295,1.12223675234767
602,1521,1.12223675234767
318,1243,1.12223675234767
318,472,1.12223675234767
318,911,1.12223675234767
648,468,1.12223675234767
648,1211,1.12223675234767
468,1428,1.12223675234767
468,342,1.12223675234767
468,376,1.12223675234767
468,876,1.12223675234767
468,583,1.12223675234767
1243,747,1.12223675234767
1243,1166,1.12223675234767
909,1428,1.12223675234767
329,342,1.12223675234767
329,747,1.12223675234767
329,583,1.12223675234767
1428,1211,1.12223675234767
1428,1482,1.12223675234767
1428,472,1.12223675234767
342,1211,1.12223675234767
342,911,1.12223675234767
1211,583,1.12223675234767
730,876,1.12223675234767
291,288,1.12223675234767
965,876,1.12223675234767
965,1166,1.12223675234767
965,583,1.12223675234767
472,747,1.12223675234767
472,1166,1.12223675234767
1166,1521,1.12223675234767
1137,317,1.12212585836243
1371,508,1.12212585836243
1371,149,1.12212585836243
508,787,1.12212585836243
508,990,1.12212585836243
508,838,1.12212585836243
508,223,1.12212585836243
508,1146,1.12212585836243
1279,149,1.12212585836243
1075,772,1.12212585836243
165,772,1.12212585836243
165,317,1.12212585836243
268,1214,1.12212585836243
56,990,1.12212585836243
56,33,1.12212585836243
56,843,1.12212585836243
56,1168,1.12212585836243
56,638,1.12212585836243
56,1146,1.12212585836243
56,1444,1.12212585836243
56,1352,1.12212585836243
555,317,1.12212585836243
772,990,1.12212585836243
772,33,1.12212585836243
772,752,1.12212585836243
1214,223,1.12212585836243
990,149,1.12212585836243
149,838,1.12212585836243
149,1444,1.12212585836243
317,653,1.12212585836243
317,1432,1.12212585836243
317,425,1.12212585836243
317,1146,1.12212585836243
1361,247,1.1186310323929
714,932,1.1186310323929
323,1331,1.1186310323929
323,287,1.1186310323929
1292,247,1.1186310323929
1292,932,1.1186310323929
403,247,1.1186310323929
1331,501,1.1186310323929
1331,1310,1.1186310323929
1331,591,1.1186310323929
501,287,1.1186310323929
287,1480,1.1186310323929
287,1203,1.1186310323929
287,1508,1.1186310323929
287,147,1.1186310323929
287,1310,1.1186310323929
287,591,1.1186310323929
790,932,1.1186310323929
1480,247,1.1186310323929
1025,281,1.1186310323929
1025,923,1.1186310323929
677,247,1.1186310323929
230,932,1.1186310323929
247,488,1.1186310323929
247,1192,1.1186310323929
247,66,1.1186310323929
932,591,1.1186310323929
932,1192,1.1186310323929
932,66,1.1186310323929
1357,980,1.11694976916901
5,234,1.11694976916901
5,1330,1.11694976916901
5,1527,1.11694976916901
5,74,1.11694976916901
1002,1320,1.11694976916901
1002,380,1.11694976916901
1002,850,1.11694976916901
1271,74,1.11694976916901
1271,980,1.11694976916901
994,380,1.11694976916901
994,1527,1.11694976916901
1320,617,1.11694976916901
234,960,1.11694976916901
234,58,1.11694976916901
234,734,1.11694976916901
234,49,1.11694976916901
234,626,1.11694976916901
234,688,1.11694976916901
234,1495,1.11694976916901
234,1540,1.11694976916901
765,380,1.11694976916901
380,437,1.11694976916901
380,83,1.11694976916901
380,708,1.11694976916901
960,1543,1.11694976916901
1543,1165,1.11694976916901
1543,49,1.11694976916901
58,980,1.11694976916901
1291,74,1.11694976916901
1330,734,1.11694976916901
1330,888,1.11694976916901
1330,626,1.11694976916901
1527,888,1.11694976916901
1527,49,1.11694976916901
1527,809,1.11694976916901
1527,83,1.11694976916901
1527,688,1.11694976916901
850,617,1.11694976916901
49,980,1.11694976916901
809,980,1.11694976916901
74,1540,1.11694976916901
1445,1016,1.11523888498251
1445,346,1.11523888498251
1445,127,1.11523888498251
1445,1327,1.11523888498251
996,1084,1.11523888498251
1224,1120,1.11523888498251
1224,1016,1.11523888498251
1224,346,1.11523888498251
410,1016,1.11523888498251
410,168,1.11523888498251
410,1327,1.11523888498251
1120,1016,1.11523888498251
1120,127,1.11523888498251
1016,407,1.11523888498251
1016,127,1.11523888498251
1016,168,1.11523888498251
1084,127,1.11523888498251
1084,168,1.11523888498251
407,1067,1.11523888498251
346,127,1.11523888498251
346,168,1.11523888498251
127,168,1.11523888498251
127,1060,1.11523888498251
1065,129,1.11496657229863
1065,515,1.11496657229863
1065,35,1.11496657229863
1065,556,1.11496657229863
1065,135,1.11496657229863
1065,957,1.11496657229863
1137,370,1.1117287504401
1526,308,1.1117287504401
1526,958,1.1117287504401
1526,1168,1.1117287504401
1526,1290,1.1117287504401
1526,638,1.1117287504401
1526,1444,1.1117287504401
366,1072,1.1117287504401
366,337,1.1117287504401
366,910,1.1117287504401
720,370,1.1117287504401
720,1072,1.1117287504401
1075,370,1.1117287504401
165,528,1.1117287504401
370,1208,1.1117287504401
370,33,1.1117287504401
370,1454,1.1117287504401
370,838,1.1117287504401
370,223,1.1117287504401
370,843,1.1117287504401
370,1444,1.1117287504401
370,773,1.1117287504401
787,528,1.1117287504401
990,910,1.1117287504401
33,528,1.1117287504401
958,528,1.1117287504401
958,337,1.1117287504401
257,1072,1.1117287504401
257,337,1.1117287504401
257,910,1.1117287504401
1072,1454,1.1117287504401
1072,872,1.1117287504401
1072,1168,1.1117287504401
1072,1352,1.1117287504401
293,528,1.1117287504401
528,843,1.1117287504401
528,1444,1.1117287504401
528,773,1.1117287504401
337,820,1.1117287504401
337,843,1.1117287504401
1290,910,1.1117287504401
1444,910,1.1117287504401
10,37,1.10858309990237
10,472,1.10858309990237
10,1521,1.10858309990237
878,815,1.10858309990237
878,542,1.10858309990237
1008,329,1.10858309990237
1008,291,1.10858309990237
1008,1521,1.10858309990237
700,1178,1.10858309990237
439,463,1.10858309990237
1178,468,1.10858309990237
1178,1211,1.10858309990237
37,815,1.10858309990237
37,463,1.10858309990237
450,463,1.10858309990237
815,468,1.10858309990237
815,1243,1.10858309990237
815,909,1.10858309990237
815,329,1.10858309990237
815,730,1.10858309990237
815,251,1.10858309990237
815,965,1.10858309990237
815,472,1.10858309990237
94,101,1.10858309990237
94,1211,1.10858309990237
1300,468,1.10858309990237
1300,1211,1.10858309990237
1300,965,1.10858309990237
1300,472,1.10858309990237
1300,1521,1.10858309990237
1009,291,1.10858309990237
1009,965,1.10858309990237
1030,468,1.10858309990237
1030,909,1.10858309990237
1030,1211,1.10858309990237
1030,1482,1.10858309990237
1030,965,1.10858309990237
1030,472,1.10858309990237
468,463,1.10858309990237
909,612,1.10858309990237
909,463,1.10858309990237
612,965,1.10858309990237
612,472,1.10858309990237
1211,463,1.10858309990237
730,542,1.10858309990237
965,463,1.10858309990237
965,542,1.10858309990237
463,472,1.10858309990237
472,542,1.10858309990237
1027,714,1.10693705952523
1027,281,1.10693705952523
920,230,1.10693705952523
920,281,1.10693705952523
714,896,1.10693705952523
714,435,1.10693705952523
323,1096,1.10693705952523
323,435,1.10693705952523
575,435,1.10693705952523
449,1542,1.10693705952523
449,501,1.10693705952523
449,790,1.10693705952523
449,1480,1.10693705952523
449,281,1.10693705952523
449,147,1.10693705952523
1542,1096,1.10693705952523
501,981,1.10693705952523
981,790,1.10693705952523
790,896,1.10693705952523
1480,1302,1.10693705952523
1480,896,1.10693705952523
1480,806,1.10693705952523
1480,1096,1.10693705952523
1302,1203,1.10693705952523
1302,66,1.10693705952523
408,1203,1.10693705952523
408,230,1.10693705952523
677,435,1.10693705952523
1203,435,1.10693705952523
1508,896,1.10693705952523
230,896,1.10693705952523
230,435,1.10693705952523
147,896,1.10693705952523
147,1096,1.10693705952523
1310,1096,1.10693705952523
1310,435,1.10693705952523
806,66,1.10693705952523
1096,591,1.10693705952523
591,435,1.10693705952523
842,29,1.10672388407624
296,29,1.10672388407624
1005,29,1.10672388407624
541,29,1.10672388407624
1119,29,1.10672388407624
29,1094,1.10672388407624
29,135,1.10672388407624
29,1236,1.10672388407624
29,554,1.10672388407624
1357,342,1.1023416722
1357,876,1.1023416722
5,763,1.1023416722
5,459,1.1023416722
5,1280,1.1023416722
5,814,1.1023416722
5,602,1.1023416722
5,318,1.1023416722
5,1428,1.1023416722
5,876,1.1023416722
5,1166,1.1023416722
5,583,1.1023416722
763,1165,1.1023416722
763,809,1.1023416722
763,708,1.1023416722
72,734,1.1023416722
72,888,1.1023416722
1002,602,1.1023416722
459,994,1.1023416722
459,58,1.1023416722
459,1165,1.1023416722
459,809,1.1023416722
459,708,1.1023416722
1271,1428,1.1023416722
1271,342,1.1023416722
1271,583,1.1023416722
1280,765,1.1023416722
1280,58,1.1023416722
1280,708,1.1023416722
814,58,1.1023416722
814,734,1.1023416722
814,617,1.1023416722
814,49,1.1023416722
814,809,1.1023416722
814,708,1.1023416722
814,688,1.1023416722
994,602,1.1023416722
994,288,1.1023416722
994,876,1.1023416722
602,210,1.1023416722
602,765,1.1023416722
602,424,1.1023416722
602,734,1.1023416722
602,809,1.1023416722
602,626,1.1023416722
602,83,1.1023416722
318,1165,1.1023416722
318,688,1.1023416722
210,288,1.1023416722
648,424,1.1023416722
648,734,1.1023416722
648,626,1.1023416722
648,1495,1.1023416722
1428,960,1.1023416722
1428,1291,1.1023416722
1428,424,1.1023416722
1428,809,1.1023416722
1428,626,1.1023416722
1428,708,1.1023416722
1428,688,1.1023416722
1428,1495,1.1023416722
1428,1540,1.1023416722
765,288,1.1023416722
58,376,1.1023416722
1291,1166,1.1023416722
1291,583,1.1023416722
424,376,1.1023416722
424,1166,1.1023416722
1165,876,1.1023416722
1165,1166,1.1023416722
734,1166,1.1023416722
376,49,1.1023416722
617,288,1.1023416722
617,747,1.1023416722
888,1166,1.1023416722
49,876,1.1023416722
49,1166,1.1023416722
288,437,1.1023416722
809,876,1.1023416722
809,583,1.1023416722
876,1495,1.1023416722
626,1166,1.1023416722
747,688,1.1023416722
747,1495,1.1023416722
747,1540,1.1023416722
708,1166,1.1023416722
1137,1129,1.10218392197249
1137,133,1.10218392197249
720,133,1.10218392197249
1279,1129,1.10218392197249
1129,787,1.10218392197249
1129,308,1.10218392197249
1129,752,1.10218392197249
1129,1168,1.10218392197249
1129,638,1.10218392197249
1129,1146,1.10218392197249
275,133,1.10218392197249
308,133,1.10218392197249
33,133,1.10218392197249
33,801,1.10218392197249
1301,133,1.10218392197249
133,293,1.10218392197249
133,838,1.10218392197249
133,773,1.10218392197249
801,752,1.10218392197249
1117,224,1.10181515229852
1117,1355,1.10181515229852
1117,1,1.10181515229852
1117,644,1.10181515229852
1445,1320,1.09934600281862
1445,234,1.09934600281862
1445,380,1.09934600281862
1445,1543,1.09934600281862
1445,1330,1.09934600281862
1445,1527,1.09934600281862
996,234,1.09934600281862
996,1330,1.09934600281862
996,980,1.09934600281862
410,234,1.09934600281862
410,1543,1.09934600281862
410,1527,1.09934600281862
410,980,1.09934600281862
1320,346,1.09934600281862
1120,234,1.09934600281862
234,346,1.09934600281862
234,127,1.09934600281862
234,168,1.09934600281862
380,1084,1.09934600281862
380,127,1.09934600281862
1543,532,1.09934600281862
1330,168,1.09934600281862
1527,407,1.09934600281862
1527,346,1.09934600281862
1527,1067,1.09934600281862
850,346,1.09934600281862
850,127,1.09934600281862
675,674,1.0990330036654
451,842,1.0990330036654
451,206,1.0990330036654
451,1390,1.0990330036654
451,556,1.0990330036654
451,541,1.0990330036654
451,404,1.0990330036654
451,1092,1.0990330036654
451,1073,1.0990330036654
451,1475,1.0990330036654
451,34,1.0990330036654
451,599,1.0990330036654
451,883,1.0990330036654
451,1485,1.0990330036654
855,674,1.0990330036654
717,1064,1.0990330036654
381,1107,1.0990330036654
381,674,1.0990330036654
1162,674,1.0990330036654
51,674,1.0990330036654
206,1064,1.0990330036654
143,1107,1.0990330036654
143,1064,1.0990330036654
1390,674,1.0990330036654
35,1064,1.0990330036654
332,674,1.0990330036654
404,1107,1.0990330036654
404,674,1.0990330036654
1393,1107,1.0990330036654
1393,1064,1.0990330036654
1170,1064,1.0990330036654
1092,1064,1.0990330036654
1092,674,1.0990330036654
1107,972,1.0990330036654
1107,883,1.0990330036654
1107,554,1.0990330036654
1107,1133,1.0990330036654
1475,1064,1.0990330036654
1064,599,1.0990330036654
1064,1150,1.0990330036654
1064,554,1.0990330036654
1064,1133,1.0990330036654
674,462,1.0990330036654
674,606,1.0990330036654
439,1331,1.09637720424501
439,287,1.09637720424501
37,1331,1.09637720424501
450,1331,1.09637720424501
450,287,1.09637720424501
1331,1211,1.09637720424501
1331,730,1.09637720424501
1331,472,1.09637720424501
909,1025,1.09637720424501
1211,932,1.09637720424501
247,1482,1.09637720424501
247,965,1.09637720424501
932,965,1.09637720424501
932,472,1.09637720424501
568,317,1.09632548804479
508,501,1.09632548804479
508,1203,1.09632548804479
508,1508,1.09632548804479
508,87,1.09632548804479
508,1310,1.09632548804479
508,241,1.09632548804479
508,591,1.09632548804479
323,1214,1.09632548804479
56,677,1.09632548804479
56,87,1.09632548804479
56,488,1.09632548804479
56,1192,1.09632548804479
772,501,1.09632548804479
772,1480,1.09632548804479
772,1508,1.09632548804479
772,281,1.09632548804479
1542,149,1.09632548804479
1542,317,1.09632548804479
1214,501,1.09632548804479
1214,1480,1.09632548804479
1214,1508,1.09632548804479
1214,147,1.09632548804479
501,317,1.09632548804479
1021,317,1.09632548804479
790,317,1.09632548804479
149,677,1.09632548804479
149,1203,1.09632548804479
149,134,1.09632548804479
149,1310,1.09632548804479
317,1220,1.09632548804479
1137,774,1.09338182743273
1137,670,1.09338182743273
1371,466,1.09338182743273
1371,524,1.09338182743273
1371,354,1.09338182743273
1371,378,1.09338182743273
720,774,1.09338182743273
720,354,1.09338182743273
1438,378,1.09338182743273
165,354,1.09338182743273
774,555,1.09338182743273
774,308,1.09338182743273
774,838,1.09338182743273
466,1290,1.09338182743273
466,1444,1.09338182743273
466,773,1.09338182743273
524,293,1.09338182743273
524,843,1.09338182743273
524,773,1.09338182743273
308,354,1.09338182743273
990,378,1.09338182743273
33,354,1.09338182743273
1301,670,1.09338182743273
670,223,1.09338182743273
354,752,1.09338182743273
354,838,1.09338182743273
354,653,1.09338182743273
354,1190,1.09338182743273
354,831,1.09338182743273
354,1146,1.09338182743273
354,1352,1.09338182743273
354,773,1.09338182743273
293,378,1.09338182743273
752,378,1.09338182743273
838,378,1.09338182743273
855,1231,1.09183548356675
905,1231,1.09183548356675
124,1231,1.09183548356675
129,1231,1.09183548356675
206,1231,1.09183548356675
1510,1231,1.09183548356675
706,1231,1.09183548356675
731,1231,1.09183548356675
1522,1231,1.09183548356675
404,1231,1.09183548356675
1393,1231,1.09183548356675
1170,1231,1.09183548356675
1073,1231,1.09183548356675
1258,1231,1.09183548356675
1518,1231,1.09183548356675
1231,1485,1.09183548356675
1231,957,1.09183548356675
5,1008,1.08940773953954
5,463,1.08940773953954
5,542,1.08940773953954
10,1159,1.08940773953954
10,960,1.08940773953954
10,58,1.08940773953954
10,1495,1.08940773953954
1271,1300,1.08940773953954
1271,1030,1.08940773953954
1271,612,1.08940773953954
1008,994,1.08940773953954
1008,210,1.08940773953954
1008,58,1.08940773953954
1008,734,1.08940773953954
1008,617,1.08940773953954
1008,49,1.08940773953954
1008,708,1.08940773953954
1178,1159,1.08940773953954
1178,58,1.08940773953954
1178,1291,1.08940773953954
1178,734,1.08940773953954
1178,49,1.08940773953954
1178,83,1.08940773953954
1178,708,1.08940773953954
1178,1495,1.08940773953954
994,1009,1.08940773953954
994,1030,1.08940773953954
994,463,1.08940773953954
815,1291,1.08940773953954
815,1165,1.08940773953954
815,888,1.08940773953954
815,708,1.08940773953954
815,1495,1.08940773953954
94,1159,1.08940773953954
94,960,1.08940773953954
94,734,1.08940773953954
94,809,1.08940773953954
94,626,1.08940773953954
94,688,1.08940773953954
1300,424,1.08940773953954
1300,1165,1.08940773953954
1300,734,1.08940773953954
1300,49,1.08940773953954
1300,626,1.08940773953954
1300,708,1.08940773953954
1009,765,1.08940773953954
1009,960,1.08940773953954
1009,617,1.08940773953954
1009,49,1.08940773953954
1009,809,1.08940773953954
1030,960,1.08940773953954
1030,58,1.08940773953954
1030,424,1.08940773953954
1030,1165,1.08940773953954
1030,734,1.08940773953954
1030,626,1.08940773953954
1030,83,1.08940773953954
1030,708,1.08940773953954
1030,688,1.08940773953954
612,960,1.08940773953954
612,1165,1.08940773953954
612,888,1.08940773953954
612,809,1.08940773953954
612,626,1.08940773953954
612,708,1.08940773953954
765,463,1.08940773953954
1291,463,1.08940773953954
734,463,1.08940773953954
734,542,1.08940773953954
888,542,1.08940773953954
809,542,1.08940773953954
463,708,1.08940773953954
463,1495,1.08940773953954
463,1540,1.08940773953954
542,708,1.08940773953954
542,688,1.08940773953954
1526,1361,1.08664038798094
1526,714,1.08664038798094
1526,575,1.08664038798094
1526,1480,1.08664038798094
1526,677,1.08664038798094
1526,147,1.08664038798094
1526,87,1.08664038798094
1526,488,1.08664038798094
1361,1072,1.08664038798094
1361,910,1.08664038798094
714,1072,1.08664038798094
323,528,1.08664038798094
575,528,1.08664038798094
370,677,1.08664038798094
370,1508,1.08664038798094
370,241,1.08664038798094
1292,1072,1.08664038798094
1292,337,1.08664038798094
403,1072,1.08664038798094
403,528,1.08664038798094
1480,337,1.08664038798094
1072,230,1.08664038798094
1072,87,1.08664038798094
1072,488,1.08664038798094
677,910,1.08664038798094
1203,337,1.08664038798094
230,528,1.08664038798094
230,910,1.08664038798094
87,910,1.08664038798094
528,488,1.08664038798094
337,1192,1.08664038798094
66,910,1.08664038798094
1445,602,1.08543207980172
1445,648,1.08543207980172
1445,1428,1.08543207980172
763,1120,1.08543207980172
763,1084,1.08543207980172
459,1120,1.08543207980172
459,407,1.08543207980172
459,40,1.08543207980172
459,532,1.08543207980172
1280,1120,1.08543207980172
1280,407,1.08543207980172
996,602,1.08543207980172
996,648,1.08543207980172
996,747,1.08543207980172
996,1166,1.08543207980172
1224,288,1.08543207980172
1224,1166,1.08543207980172
814,168,1.08543207980172
410,318,1.08543207980172
410,376,1.08543207980172
410,876,1.08543207980172
410,1166,1.08543207980172
1120,602,1.08543207980172
1120,318,1.08543207980172
1120,1428,1.08543207980172
1120,876,1.08543207980172
1120,1166,1.08543207980172
602,127,1.08543207980172
602,168,1.08543207980172
318,168,1.08543207980172
1016,1428,1.08543207980172
1016,376,1.08543207980172
1016,288,1.08543207980172
1016,876,1.08543207980172
648,127,1.08543207980172
648,40,1.08543207980172
1428,1084,1.08543207980172
1428,127,1.08543207980172
1084,747,1.08543207980172
376,346,1.08543207980172
376,127,1.08543207980172
376,40,1.08543207980172
407,747,1.08543207980172
346,747,1.08543207980172
288,127,1.08543207980172
127,876,1.08543207980172
127,747,1.08543207980172
127,583,1.08543207980172
40,876,1.08543207980172
168,1166,1.08543207980172
1060,876,1.08543207980172
876,532,1.08543207980172
876,1327,1.08543207980172
1327,583,1.08543207980172
1027,450,1.08538199633411
1027,329,1.08538199633411
1027,472,1.08538199633411
878,449,1.08538199633411
439,896,1.08538199633411
439,1096,1.08538199633411
439,435,1.08538199633411
37,1096,1.08538199633411
37,435,1.08538199633411
449,472,1.08538199633411
1302,101,1.08538199633411
1302,329,1.08538199633411
1302,291,1.08538199633411
1302,1482,1.08538199633411
1302,671,1.08538199633411
468,896,1.08538199633411
468,435,1.08538199633411
1243,806,1.08538199633411
1243,435,1.08538199633411
408,1211,1.08538199633411
408,295,1.08538199633411
408,1521,1.08538199633411
1211,435,1.08538199633411
291,806,1.08538199633411
1482,806,1.08538199633411
896,965,1.08538199633411
896,472,1.08538199633411
896,1521,1.08538199633411
472,1096,1.08538199633411
472,435,1.08538199633411
295,1096,1.08538199633411
1096,911,1.08538199633411
911,435,1.08538199633411
366,1065,1.0852316823413
907,1065,1.0852316823413
1065,268,1.0852316823413
1065,1444,1.0852316823413
1320,380,1.08413911092023
234,1543,1.08413911092023
234,1330,1.08413911092023
234,1527,1.08413911092023
380,1527,1.08413911092023
380,850,1.08413911092023
1543,74,1.08413911092023
1527,980,1.08413911092023
5,1331,1.0778534239693
5,932,1.0778534239693
1002,287,1.0778534239693
1271,1331,1.0778534239693
1331,58,1.0778534239693
1331,1291,1.0778534239693
1331,734,1.0778534239693
1331,1495,1.0778534239693
1331,1540,1.0778534239693
210,247,1.0778534239693
287,58,1.0778534239693
287,1291,1.0778534239693
287,424,1.0778534239693
287,734,1.0778534239693
287,83,1.0778534239693
287,708,1.0778534239693
287,1495,1.0778534239693
287,1540,1.0778534239693
1025,765,1.0778534239693
765,247,1.0778534239693
960,247,1.0778534239693
960,932,1.0778534239693
1165,932,1.0778534239693
247,617,1.0778534239693
247,437,1.0778534239693
734,932,1.0778534239693
932,809,1.0778534239693
932,626,1.0778534239693
932,708,1.0778534239693
323,1129,1.07775549969534
1129,575,1.07775549969534
1129,1542,1.07775549969534
1129,790,1.07775549969534
1129,677,1.07775549969534
1129,1508,1.07775549969534
1129,281,1.07775549969534
1129,134,1.07775549969534
1129,1310,1.07775549969534
575,801,1.07775549969534
1542,133,1.07775549969534
1480,133,1.07775549969534
133,1203,1.07775549969534
133,281,1.07775549969534
133,1310,1.07775549969534
133,241,1.07775549969534
1508,801,1.07775549969534
1371,29,1.07765749876211
1279,29,1.07765749876211
29,1444,1.07765749876211
29,773,1.07765749876211
508,878,1.07541149626897
508,700,1.07541149626897
508,439,1.07541149626897
508,330,1.07541149626897
508,1243,1.07541149626897
508,918,1.07541149626897
508,1211,1.07541149626897
508,295,1.07541149626897
508,911,1.07541149626897
878,56,1.07541149626897
878,149,1.07541149626897
878,317,1.07541149626897
700,1214,1.07541149626897
700,149,1.07541149626897
439,317,1.07541149626897
37,1214,1.07541149626897
37,149,1.07541149626897
56,329,1.07541149626897
56,291,1.07541149626897
772,468,1.07541149626897
468,149,1.07541149626897
149,291,1.07541149626897
149,911,1.07541149626897
1482,317,1.07541149626897
251,317,1.07541149626897
317,295,1.07541149626897
1445,1008,1.07312121724007
1445,815,1.07312121724007
1445,94,1.07312121724007
1445,1300,1.07312121724007
1445,463,1.07312121724007
10,127,1.07312121724007
10,40,1.07312121724007
10,1067,1.07312121724007
1008,996,1.07312121724007
1008,410,1.07312121724007
1008,1016,1.07312121724007
1008,127,1.07312121724007
1008,168,1.07312121724007
996,1178,1.07312121724007
996,94,1.07312121724007
996,1300,1.07312121724007
996,1030,1.07312121724007
996,612,1.07312121724007
1224,1300,1.07312121724007
1224,542,1.07312121724007
1178,127,1.07312121724007
1178,40,1.07312121724007
1178,168,1.07312121724007
1178,1327,1.07312121724007
410,1300,1.07312121724007
815,1120,1.07312121724007
815,40,1.07312121724007
1120,94,1.07312121724007
1120,1300,1.07312121724007
1120,1030,1.07312121724007
1120,612,1.07312121724007
1120,463,1.07312121724007
94,346,1.07312121724007
94,40,1.07312121724007
94,168,1.07312121724007
94,532,1.07312121724007
1300,1084,1.07312121724007
1300,168,1.07312121724007
1016,1009,1.07312121724007
1016,1030,1.07312121724007
1016,612,1.07312121724007
1016,463,1.07312121724007
1009,407,1.07312121724007
1009,346,1.07312121724007
1009,40,1.07312121724007
1030,346,1.07312121724007
612,346,1.07312121724007
612,127,1.07312121724007
1084,463,1.07312121724007
127,463,1.07312121724007
463,1060,1.07312121724007
1060,542,1.07312121724007
763,380,1.07083479900876
72,1330,1.07083479900876
459,380,1.07083479900876
1280,380,1.07083479900876
814,234,1.07083479900876
1320,1428,1.07083479900876
602,380,1.07083479900876
602,1330,1.07083479900876
602,1527,1.07083479900876
602,193,1.07083479900876
234,376,1.07083479900876
234,288,1.07083479900876
234,876,1.07083479900876
234,1166,1.07083479900876
648,1543,1.07083479900876
648,1330,1.07083479900876
1428,1543,1.07083479900876
1428,1330,1.07083479900876
1428,74,1.07083479900876
1428,193,1.07083479900876
1428,980,1.07083479900876
380,876,1.07083479900876
342,1527,1.07083479900876
342,850,1.07083479900876
342,74,1.07083479900876
1527,876,1.07083479900876
1527,747,1.07083479900876
1527,1166,1.07083479900876
1527,583,1.07083479900876
850,876,1.07083479900876
850,583,1.07083479900876
74,876,1.07083479900876
74,583,1.07083479900876
876,193,1.07083479900876
747,980,1.07083479900876
366,1064,1.07059517490747
366,674,1.07059517490747
1371,451,1.07059517490747
1371,1107,1.07059517490747
1371,1064,1.07059517490747
1371,674,1.07059517490747
30,1107,1.07059517490747
30,1064,1.07059517490747
451,275,1.07059517490747
451,33,1.07059517490747
451,752,1.07059517490747
1075,1107,1.07059517490747
787,1064,1.07059517490747
555,1064,1.07059517490747
308,1107,1.07059517490747
308,1064,1.07059517490747
990,1064,1.07059517490747
958,1064,1.07059517490747
257,1064,1.07059517490747
84,1107,1.07059517490747
1107,1454,1.07059517490747
1107,872,1.07059517490747
1107,638,1.07059517490747
1454,1064,1.07059517490747
1064,223,1.07059517490747
1064,653,1.07059517490747
1064,872,1.07059517490747
1064,843,1.07059517490747
1064,1146,1.07059517490747
1064,1444,1.07059517490747
1064,1352,1.07059517490747
653,674,1.07059517490747
674,1168,1.07059517490747
714,354,1.06956746642523
323,354,1.06956746642523
575,774,1.06956746642523
575,354,1.06956746642523
575,378,1.06956746642523
774,1480,1.06956746642523
466,677,1.06956746642523
466,1203,1.06956746642523
466,230,1.06956746642523
466,1310,1.06956746642523
466,1192,1.06956746642523
524,241,1.06956746642523
524,591,1.06956746642523
1542,378,1.06956746642523
790,354,1.06956746642523
1480,354,1.06956746642523
1480,378,1.06956746642523
670,281,1.06956746642523
354,1203,1.06956746642523
354,1508,1.06956746642523
354,87,1.06956746642523
354,591,1.06956746642523
354,66,1.06956746642523
230,378,1.06956746642523
147,378,1.06956746642523
378,1310,1.06956746642523
378,923,1.06956746642523
1027,5,1.06745201390861
1027,960,1.06745201390861
1027,1165,1.06745201390861
1027,734,1.06745201390861
1027,809,1.06745201390861
1027,626,1.06745201390861
1027,708,1.06745201390861
5,449,1.06745201390861
5,435,1.06745201390861
920,58,1.06745201390861
920,49,1.06745201390861
1271,1096,1.06745201390861
449,708,1.06745201390861
449,1540,1.06745201390861
981,1291,1.06745201390861
981,626,1.06745201390861
210,1302,1.06745201390861
1159,435,1.06745201390861
1302,765,1.06745201390861
1302,1165,1.06745201390861
1302,617,1.06745201390861
1302,83,1.06745201390861
1302,688,1.06745201390861
960,408,1.06745201390861
960,896,1.06745201390861
960,435,1.06745201390861
408,58,1.06745201390861
408,734,1.06745201390861
408,809,1.06745201390861
408,626,1.06745201390861
408,688,1.06745201390861
58,896,1.06745201390861
58,1096,1.06745201390861
1291,896,1.06745201390861
424,896,1.06745201390861
424,435,1.06745201390861
1165,896,1.06745201390861
1165,435,1.06745201390861
888,435,1.06745201390861
896,626,1.06745201390861
896,708,1.06745201390861
83,435,1.06745201390861
708,435,1.06745201390861
688,435,1.06745201390861
839,1117,1.06707235017965
1117,129,1.06707235017965
1117,35,1.06707235017965
1117,556,1.06707235017965
1117,1011,1.06707235017965
1526,329,1.06631737579551
1526,291,1.06631737579551
1526,965,1.06631737579551
1526,472,1.06631737579551
1526,295,1.06631737579551
700,370,1.06631737579551
439,370,1.06631737579551
370,918,1.06631737579551
370,291,1.06631737579551
468,1072,1.06631737579551
468,910,1.06631737579551
1072,1243,1.06631737579551
1072,329,1.06631737579551
1243,337,1.06631737579551
1243,910,1.06631737579551
329,528,1.06631737579551
329,337,1.06631737579551
730,528,1.06631737579551
730,910,1.06631737579551
291,528,1.06631737579551
291,910,1.06631737579551
965,528,1.06631737579551
528,295,1.06631737579551
1137,1231,1.06399017113261
1438,1231,1.06399017113261
787,1231,1.06399017113261
308,1231,1.06399017113261
33,1231,1.06399017113261
293,1231,1.06399017113261
1231,831,1.06399017113261
1231,1352,1.06399017113261
1445,287,1.06213045282279
1445,247,1.06213045282279
1445,932,1.06213045282279
996,287,1.06213045282279
996,932,1.06213045282279
410,1025,1.06213045282279
410,932,1.06213045282279
1331,40,1.06213045282279
287,407,1.06213045282279
287,1067,1.06213045282279
287,168,1.06213045282279
287,1327,1.06213045282279
1016,1025,1.06213045282279
1025,168,1.06213045282279
247,127,1.06213045282279
1084,932,1.06213045282279
932,127,1.06213045282279
932,168,1.06213045282279
932,1060,1.06213045282279
932,1327,1.06213045282279
1065,677,1.06199066670881
10,1527,1.05907056433734
10,193,1.05907056433734
1008,380,1.05907056433734
1008,1527,1.05907056433734
1178,1330,1.05907056433734
1178,980,1.05907056433734
1320,1030,1.05907056433734
1320,542,1.05907056433734
815,380,1.05907056433734
94,380,1.05907056433734
234,1300,1.05907056433734
234,612,1.05907056433734
1300,1527,1.05907056433734
1300,74,1.05907056433734
1009,1527,1.05907056433734
1030,380,1.05907056433734
1030,1330,1.05907056433734
1030,1527,1.05907056433734
1030,193,1.05907056433734
1030,980,1.05907056433734
612,380,1.05907056433734
612,1527,1.05907056433734
612,74,1.05907056433734
380,542,1.05907056433734
1543,463,1.05907056433734
850,463,1.05907056433734
850,542,1.05907056433734
463,74,1.05907056433734
463,980,1.05907056433734
763,814,1.05807164120566
763,318,1.05807164120566
763,747,1.05807164120566
763,1166,1.05807164120566
763,583,1.05807164120566
72,1166,1.05807164120566
459,814,1.05807164120566
459,318,1.05807164120566
459,1166,1.05807164120566
459,583,1.05807164120566
1280,342,1.05807164120566
814,602,1.05807164120566
814,318,1.05807164120566
814,1428,1.05807164120566
814,288,1.05807164120566
602,288,1.05807164120566
602,1166,1.05807164120566
318,288,1.05807164120566
318,1166,1.05807164120566
648,342,1.05807164120566
648,376,1.05807164120566
648,876,1.05807164120566
648,1166,1.05807164120566
1428,376,1.05807164120566
1428,288,1.05807164120566
1428,876,1.05807164120566
1428,1166,1.05807164120566
1428,583,1.05807164120566
342,583,1.05807164120566
376,583,1.05807164120566
288,876,1.05807164120566
876,747,1.05807164120566
876,583,1.05807164120566
1357,149,1.05802570157209
5,508,1.05802570157209
5,1214,1.05802570157209
5,317,1.05802570157209
508,994,1.05802570157209
508,1159,1.05802570157209
508,58,1.05802570157209
508,734,1.05802570157209
508,49,1.05802570157209
508,626,1.05802570157209
508,83,1.05802570157209
508,688,1.05802570157209
1002,56,1.05802570157209
1271,1214,1.05802570157209
1271,149,1.05802570157209
56,994,1.05802570157209
56,1291,1.05802570157209
56,1165,1.05802570157209
56,617,1.05802570157209
56,888,1.05802570157209
56,708,1.05802570157209
772,1291,1.05802570157209
772,83,1.05802570157209
1214,1159,1.05802570157209
1214,58,1.05802570157209
1214,1291,1.05802570157209
1214,49,1.05802570157209
1214,83,1.05802570157209
1214,1540,1.05802570157209
960,317,1.05802570157209
1291,317,1.05802570157209
888,317,1.05802570157209
1129,37,1.05797973131206
1129,450,1.05797973131206
1129,291,1.05797973131206
1129,472,1.05797973131206
1129,1521,1.05797973131206
439,801,1.05797973131206
37,801,1.05797973131206
450,801,1.05797973131206
133,329,1.05797973131206
133,1521,1.05797973131206
730,801,1.05797973131206
801,965,1.05797973131206
801,472,1.05797973131206
801,295,1.05797973131206
801,1521,1.05797973131206
29,677,1.05495352760706
29,1203,1.05495352760706
29,134,1.05495352760706
1027,996,1.05224210826042
1027,1120,1.05224210826042
1027,168,1.05224210826042
1445,920,1.05224210826042
1445,1302,1.05224210826042
1445,806,1.05224210826042
1445,435,1.05224210826042
920,410,1.05224210826042
920,127,1.05224210826042
996,408,1.05224210826042
996,896,1.05224210826042
1224,449,1.05224210826042
410,896,1.05224210826042
449,1067,1.05224210826042
1120,1302,1.05224210826042
1120,896,1.05224210826042
1120,435,1.05224210826042
981,127,1.05224210826042
1016,896,1.05224210826042
1302,325,1.05224210826042
1302,407,1.05224210826042
1302,1067,1.05224210826042
408,1084,1.05224210826042
408,127,1.05224210826042
1084,896,1.05224210826042
1084,806,1.05224210826042
407,435,1.05224210826042
896,346,1.05224210826042
896,127,1.05224210826042
127,806,1.05224210826042
1067,435,1.05224210826042
1096,1327,1.05224210826042
878,524,1.05030042374831
878,670,1.05030042374831
700,466,1.05030042374831
700,524,1.05030042374831
439,774,1.05030042374831
439,378,1.05030042374831
774,468,1.05030042374831
774,730,1.05030042374831
774,251,1.05030042374831
774,1521,1.05030042374831
466,330,1.05030042374831
466,291,1.05030042374831
524,329,1.05030042374831
524,1211,1.05030042374831
37,670,1.05030042374831
37,378,1.05030042374831
450,670,1.05030042374831
450,378,1.05030042374831
670,101,1.05030042374831
670,671,1.05030042374831
909,354,1.05030042374831
909,378,1.05030042374831
329,354,1.05030042374831
1211,378,1.05030042374831
378,911,1.05030042374831
1357,370,1.04943283887474
1526,994,1.04943283887474
1526,210,1.04943283887474
1526,765,1.04943283887474
1526,1291,1.04943283887474
1526,437,1.04943283887474
1526,688,1.04943283887474
5,1072,1.04943283887474
5,528,1.04943283887474
5,910,1.04943283887474
1002,1072,1.04943283887474
1002,528,1.04943283887474
1002,910,1.04943283887474
1271,370,1.04943283887474
1271,528,1.04943283887474
370,1159,1.04943283887474
370,809,1.04943283887474
370,688,1.04943283887474
994,910,1.04943283887474
210,1072,1.04943283887474
210,528,1.04943283887474
210,910,1.04943283887474
1072,765,1.04943283887474
1072,960,1.04943283887474
1072,1291,1.04943283887474
1072,809,1.04943283887474
1072,83,1.04943283887474
765,910,1.04943283887474
960,910,1.04943283887474
424,528,1.04943283887474
734,910,1.04943283887474
617,337,1.04943283887474
617,910,1.04943283887474
888,528,1.04943283887474
437,528,1.04943283887474
437,910,1.04943283887474
528,83,1.04943283887474
337,688,1.04943283887474
83,910,1.04943283887474
1331,1330,1.04857377215602
1331,1527,1.04857377215602
1331,980,1.04857377215602
287,234,1.04857377215602
287,380,1.04857377215602
287,1543,1.04857377215602
287,1330,1.04857377215602
287,980,1.04857377215602
1025,1543,1.04857377215602
380,247,1.04857377215602
380,932,1.04857377215602
1543,932,1.04857377215602
1330,932,1.04857377215602
1361,1064,1.04839569279553
451,1542,1.04839569279553
451,1480,1.04839569279553
451,230,1.04839569279553
451,591,1.04839569279553
451,488,1.04839569279553
714,1107,1.04839569279553
575,1107,1.04839569279553
575,1064,1.04839569279553
575,674,1.04839569279553
403,1064,1.04839569279553
403,674,1.04839569279553
1542,1064,1.04839569279553
790,674,1.04839569279553
677,1064,1.04839569279553
1107,1508,1.04839569279553
1107,230,1.04839569279553
1107,147,1.04839569279553
1107,134,1.04839569279553
1107,1310,1.04839569279553
1107,1220,1.04839569279553
1107,66,1.04839569279553
230,674,1.04839569279553
147,674,1.04839569279553
1064,1310,1.04839569279553
134,674,1.04839569279553
10,763,1.04679228766192
10,318,1.04679228766192
10,648,1.04679228766192
10,876,1.04679228766192
763,815,1.04679228766192
763,1300,1.04679228766192
763,1030,1.04679228766192
763,612,1.04679228766192
763,542,1.04679228766192
72,815,1.04679228766192
459,815,1.04679228766192
459,1300,1.04679228766192
459,1030,1.04679228766192
459,612,1.04679228766192
1008,648,1.04679228766192
1008,1428,1.04679228766192
1008,342,1.04679228766192
1008,876,1.04679228766192
1008,1166,1.04679228766192
1008,583,1.04679228766192
1280,463,1.04679228766192
1178,342,1.04679228766192
1178,876,1.04679228766192
1178,583,1.04679228766192
814,94,1.04679228766192
814,612,1.04679228766192
814,542,1.04679228766192
815,318,1.04679228766192
815,648,1.04679228766192
815,876,1.04679228766192
602,1300,1.04679228766192
602,612,1.04679228766192
602,542,1.04679228766192
318,1300,1.04679228766192
318,1009,1.04679228766192
318,1030,1.04679228766192
318,612,1.04679228766192
318,542,1.04679228766192
94,376,1.04679228766192
94,288,1.04679228766192
94,1166,1.04679228766192
94,583,1.04679228766192
1300,648,1.04679228766192
1300,876,1.04679228766192
1300,583,1.04679228766192
1030,876,1.04679228766192
612,376,1.04679228766192
612,876,1.04679228766192
612,747,1.04679228766192
612,583,1.04679228766192
1428,463,1.04679228766192
376,463,1.04679228766192
288,463,1.04679228766192
463,876,1.04679228766192
463,747,1.04679228766192
463,583,1.04679228766192
747,542,1.04679228766192
542,1166,1.04679228766192
508,996,1.04328563363703
508,410,1.04328563363703
508,1084,1.04328563363703
996,56,1.04328563363703
996,1214,1.04328563363703
56,1016,1.04328563363703
56,1084,1.04328563363703
56,407,1.04328563363703
56,168,1.04328563363703
56,1060,1.04328563363703
410,772,1.04328563363703
772,127,1.04328563363703
772,1067,1.04328563363703
1214,1067,1.04328563363703
1214,1327,1.04328563363703
1016,149,1.04328563363703
149,1067,1.04328563363703
407,317,1.04328563363703
317,127,1.04328563363703
1065,37,1.04319824602831
1065,468,1.04319824602831
1065,1243,1.04319824602831
1065,329,1.04319824602831
1065,965,1.04319824602831
1065,295,1.04319824602831
714,1231,1.04226580080618
1480,1231,1.04226580080618
677,1231,1.04226580080618
1203,1231,1.04226580080618
230,1231,1.04226580080618
87,1231,1.04226580080618
1231,923,1.04226580080618
1231,488,1.04226580080618
1357,133,1.04155898235495
5,1129,1.04155898235495
5,133,1.04155898235495
1002,1129,1.04155898235495
1129,210,1.04155898235495
1129,765,1.04155898235495
1129,58,1.04155898235495
1129,437,1.04155898235495
1129,83,1.04155898235495
1129,708,1.04155898235495
1129,1495,1.04155898235495
1129,1540,1.04155898235495
994,801,1.04155898235495
1159,801,1.04155898235495
133,58,1.04155898235495
133,424,1.04155898235495
133,734,1.04155898235495
133,809,1.04155898235495
133,708,1.04155898235495
801,734,1.04155898235495
801,809,1.04155898235495
801,1495,1.04155898235495
366,1117,1.04129810749026
1117,1444,1.04129810749026
1027,380,1.03913488979609
1027,1330,1.03913488979609
1027,1527,1.03913488979609
920,234,1.03913488979609
920,74,1.03913488979609
449,380,1.03913488979609
449,1330,1.03913488979609
449,74,1.03913488979609
981,380,1.03913488979609
234,408,1.03913488979609
234,1096,1.03913488979609
380,806,1.03913488979609
380,435,1.03913488979609
408,1330,1.03913488979609
1330,896,1.03913488979609
1330,1096,1.03913488979609
1330,435,1.03913488979609
1527,896,1.03913488979609
896,193,1.03913488979609
74,435,1.03913488979609
763,932,1.03673333581727
72,1331,1.03673333581727
459,932,1.03673333581727
814,1331,1.03673333581727
1331,1428,1.03673333581727
1331,376,1.03673333581727
1331,583,1.03673333581727
602,1025,1.03673333581727
318,932,1.03673333581727
287,648,1.03673333581727
287,876,1.03673333581727
648,1025,1.03673333581727
648,932,1.03673333581727
1428,1025,1.03673333581727
1428,247,1.03673333581727
1025,583,1.03673333581727
247,876,1.03673333581727
247,1166,1.03673333581727
932,288,1.03673333581727
932,583,1.03673333581727
700,29,1.03660534146406
29,291,1.03660534146406
10,815,1.03594704973965
10,612,1.03594704973965
1008,94,1.03594704973965
1008,1300,1.03594704973965
1008,542,1.03594704973965
1178,94,1.03594704973965
1178,463,1.03594704973965
815,1300,1.03594704973965
815,1030,1.03594704973965
815,542,1.03594704973965
1300,542,1.03594704973965
1030,542,1.03594704973965
612,542,1.03594704973965
1526,1224,1.03512524628618
1526,1016,1.03512524628618
1526,346,1.03512524628618
1526,127,1.03512524628618
1526,1060,1.03512524628618
1445,1072,1.03512524628618
1445,528,1.03512524628618
1445,910,1.03512524628618
370,410,1.03512524628618
370,1016,1.03512524628618
370,40,1.03512524628618
370,532,1.03512524628618
370,1327,1.03512524628618
1224,910,1.03512524628618
1120,528,1.03512524628618
1016,528,1.03512524628618
1084,337,1.03512524628618
1084,910,1.03512524628618
407,337,1.03512524628618
346,337,1.03512524628618
127,337,1.03512524628618
528,1060,1.03512524628618
1327,910,1.03512524628618
1357,466,1.03431048098499
1357,524,1.03431048098499
5,774,1.03431048098499
1271,466,1.03431048098499
774,960,1.03431048098499
774,626,1.03431048098499
774,708,1.03431048098499
466,58,1.03431048098499
466,809,1.03431048098499
466,688,1.03431048098499
524,1159,1.03431048098499
524,424,1.03431048098499
524,617,1.03431048098499
994,354,1.03431048098499
994,378,1.03431048098499
670,49,1.03431048098499
670,1495,1.03431048098499
354,424,1.03431048098499
354,1165,1.03431048098499
354,734,1.03431048098499
354,617,1.03431048098499
354,626,1.03431048098499
354,83,1.03431048098499
354,688,1.03431048098499
58,378,1.03431048098499
424,378,1.03431048098499
734,378,1.03431048098499
378,708,1.03431048098499
508,234,1.03058962248827
508,380,1.03058962248827
508,1543,1.03058962248827
508,1527,1.03058962248827
56,1527,1.03058962248827
772,380,1.03058962248827
772,1543,1.03058962248827
772,1330,1.03058962248827
1214,234,1.03058962248827
1214,1543,1.03058962248827
1214,1330,1.03058962248827
380,317,1.03058962248827
149,1527,1.03058962248827
149,850,1.03058962248827
149,74,1.03058962248827
878,1064,1.03046452015155
451,700,1.03046452015155
451,439,1.03046452015155
451,37,1.03046452015155
451,330,1.03046452015155
451,468,1.03046452015155
451,1243,1.03046452015155
37,1107,1.03046452015155
37,1064,1.03046452015155
450,1107,1.03046452015155
468,1064,1.03046452015155
1243,1107,1.03046452015155
1243,1064,1.03046452015155
101,1064,1.03046452015155
329,674,1.03046452015155
730,1107,1.03046452015155
1107,1521,1.03046452015155
291,1064,1.03046452015155
291,674,1.03046452015155
1482,674,1.03046452015155
671,1064,1.03046452015155
965,1064,1.03046452015155
965,674,1.03046452015155
1064,911,1.03046452015155
1027,814,1.02769251204235
1027,318,1.02769251204235
1027,1428,1.02769251204235
1027,342,1.02769251204235
1027,376,1.02769251204235
763,806,1.02769251204235
763,435,1.02769251204235
920,648,1.02769251204235
920,342,1.02769251204235
920,376,1.02769251204235
920,876,1.02769251204235
72,1302,1.02769251204235
72,435,1.02769251204235
459,896,1.02769251204235
459,435,1.02769251204235
1280,1302,1.02769251204235
814,896,1.02769251204235
814,435,1.02769251204235
449,648,1.02769251204235
449,1166,1.02769251204235
449,583,1.02769251204235
602,1096,1.02769251204235
318,896,1.02769251204235
981,583,1.02769251204235
1302,1428,1.02769251204235
1428,408,1.02769251204235
1428,806,1.02769251204235
1428,435,1.02769251204235
408,1166,1.02769251204235
408,583,1.02769251204235
342,1096,1.02769251204235
342,435,1.02769251204235
376,1096,1.02769251204235
376,435,1.02769251204235
288,435,1.02769251204235
876,806,1.02769251204235
876,435,1.02769251204235
1096,583,1.02769251204235
1445,1129,1.02765127966014
1129,410,1.02765127966014
1129,1016,1.02765127966014
1129,1067,1.02765127966014
1129,1327,1.02765127966014
996,133,1.02765127966014
996,801,1.02765127966014
410,801,1.02765127966014
1120,801,1.02765127966014
1016,133,1.02765127966014
1016,801,1.02765127966014
133,325,1.02765127966014
133,346,1.02765127966014
133,532,1.02765127966014
133,1327,1.02765127966014
801,1084,1.02765127966014
801,127,1.02765127966014
801,40,1.02765127966014
801,1060,1.02765127966014
801,532,1.02765127966014
1065,1291,1.02761006563213
1065,1495,1.02761006563213
1008,1331,1.02627990177142
1178,932,1.02627990177142
815,932,1.02627990177142
1331,94,1.02627990177142
1331,1300,1.02627990177142
1331,612,1.02627990177142
1331,463,1.02627990177142
94,287,1.02627990177142
287,612,1.02627990177142
287,463,1.02627990177142
1300,247,1.02627990177142
1009,932,1.02627990177142
1030,1025,1.02627990177142
1030,247,1.02627990177142
612,247,1.02627990177142
247,463,1.02627990177142
932,463,1.02627990177142
932,542,1.02627990177142
450,1231,1.0247270509342
468,1231,1.0247270509342
965,1231,1.0247270509342
295,1231,1.0247270509342
370,234,1.02280749755142
370,74,1.02280749755142
234,910,1.02280749755142
1072,1527,1.02280749755142
380,528,1.02280749755142
1527,528,1.02280749755142
1527,910,1.02280749755142
528,980,1.02280749755142
1357,29,1.02139284119997
1117,1480,1.02123164220069
1117,677,1.02123164220069
1117,147,1.02123164220069
1445,378,1.0207740919507
996,354,1.0207740919507
466,1120,1.0207740919507
466,1016,1.0207740919507
466,40,1.0207740919507
466,532,1.0207740919507
1224,354,1.0207740919507
1120,354,1.0207740919507
1016,670,1.0207740919507
670,325,1.0207740919507
670,346,1.0207740919507
670,127,1.0207740919507
670,40,1.0207740919507
354,1060,1.0207740919507
1084,378,1.0207740919507
508,459,1.01951136239924
508,318,1.01951136239924
508,1428,1.01951136239924
508,342,1.01951136239924
508,376,1.01951136239924
508,1166,1.01951136239924
763,317,1.01951136239924
72,56,1.01951136239924
72,317,1.01951136239924
1280,149,1.01951136239924
56,1428,1.01951136239924
56,288,1.01951136239924
56,876,1.01951136239924
814,317,1.01951136239924
772,1428,1.01951136239924
772,583,1.01951136239924
648,317,1.01951136239924
1027,1008,1.01759499025333
1027,815,1.01759499025333
1027,542,1.01759499025333
10,981,1.01759499025333
10,1096,1.01759499025333
10,435,1.01759499025333
920,1300,1.01759499025333
1008,449,1.01759499025333
1008,896,1.01759499025333
1178,896,1.01759499025333
981,94,1.01759499025333
94,896,1.01759499025333
1300,1096,1.01759499025333
1300,435,1.01759499025333
1030,1302,1.01759499025333
1030,806,1.01759499025333
1030,1096,1.01759499025333
1030,435,1.01759499025333
1302,612,1.01759499025333
1302,542,1.01759499025333
612,806,1.01759499025333
612,435,1.01759499025333
896,463,1.01759499025333
896,542,1.01759499025333
463,806,1.01759499025333
542,435,1.01759499025333
287,1025,1.01696604551429
247,932,1.01696604551429
1129,234,1.01568314885001
1129,980,1.01568314885001
234,801,1.01568314885001
133,1527,1.01568314885001
133,74,1.01568314885001
133,980,1.01568314885001
1543,801,1.01568314885001
1527,801,1.01568314885001
801,850,1.01568314885001
1002,674,1.01560449000728
451,49,1.01560449000728
451,1540,1.01560449000728
765,1107,1.01560449000728
765,674,1.01560449000728
960,1107,1.01560449000728
58,1064,1.01560449000728
1291,1064,1.01560449000728
1107,1165,1.01560449000728
1107,617,1.01560449000728
1107,1495,1.01560449000728
1107,1540,1.01560449000728
734,1064,1.01560449000728
888,1064,1.01560449000728
1064,809,1.01560449000728
1064,626,1.01560449000728
1064,708,1.01560449000728
1064,1540,1.01560449000728
437,674,1.01560449000728
674,83,1.01560449000728
674,708,1.01560449000728
674,688,1.01560449000728
1065,40,1.0144195552736
1065,1327,1.0144195552736
1526,1280,1.01206407803551
1526,602,1.01206407803551
1526,648,1.01206407803551
1526,1428,1.01206407803551
1526,288,1.01206407803551
1526,876,1.01206407803551
1526,583,1.01206407803551
763,1072,1.01206407803551
763,528,1.01206407803551
763,337,1.01206407803551
763,910,1.01206407803551
459,528,1.01206407803551
459,337,1.01206407803551
370,318,1.01206407803551
370,876,1.01206407803551
814,528,1.01206407803551
602,1072,1.01206407803551
318,1072,1.01206407803551
1428,910,1.01206407803551
376,528,1.01206407803551
528,876,1.01206407803551
528,747,1.01206407803551
528,1166,1.01206407803551
528,583,1.01206407803551
876,337,1.01206407803551
910,583,1.01206407803551
5,1231,1.01019876169761
210,1231,1.01019876169761
1159,1231,1.01019876169761
765,1231,1.01019876169761
960,1231,1.01019876169761
424,1231,1.01019876169761
1165,1231,1.01019876169761
734,1231,1.01019876169761
437,1231,1.01019876169761
626,1231,1.01019876169761
83,1231,1.01019876169761
508,10,1.00973932117888
508,1008,1.00973932117888
10,772,1.00973932117888
10,317,1.00973932117888
1008,56,1.00973932117888
1008,149,1.00973932117888
1008,317,1.00973932117888
1178,56,1.00973932117888
56,815,1.00973932117888
56,1030,1.00973932117888
56,612,1.00973932117888
56,463,1.00973932117888
772,94,1.00973932117888
772,463,1.00973932117888
1214,94,1.00973932117888
1214,1300,1.00973932117888
1214,612,1.00973932117888
1300,317,1.00973932117888
1030,317,1.00973932117888
