Node,Label,SGD,OGEE,DEG,SOD,essential
YNR066C,ORF-U,0,0,0,0,0
YGR062C,ORF-V,0,0,0,0,0
YGL068W,ORF-V,1,0,1,2,1
YNL003C,ORF-V,0,0,0,0,0
YBR230C,ORF-V,0,0,0,0,0
YGL123W,ORF-V,1,1,1,3,1
YOR096W,ORF-V,0,0,0,0,0
YOL036W,ORF-U,0,0,0,0,0
YKL181W,ORF-V,0,0,0,0,0
YFR025C,ORF-V,0,0,0,0,0
YHR204W,ORF-V,0,0,0,0,0
YDL170W,ORF-V,0,0,0,0,0
YLR366W,ORF-DU,0,0,0,0,0
YJL054W,ORF-V,1,0,1,2,1
YLR189C,ORF-V,0,0,0,0,0
YGL241W,ORF-V,0,0,0,0,0
YCRCDELTA6,LTR,0,0,0,0,0
YKR092C,ORF-V,0,0,0,0,0
YGL026C,ORF-V,0,0,0,0,0
YMR234W,ORF-V,0,0,0,0,0
YJR097W,ORF-V,0,0,0,0,0
YDR154C,ORF-DU,0,0,0,0,0
YER089C,ORF-V,0,0,0,0,0
YLRWTY2-1,LTR,0,0,0,0,0
YJR080C,ORF-V,0,0,0,0,0
TR(UCU)M2,tRNA gene,0,0,0,0,0
YOLCDELTA1,LTR,0,0,0,0,0
YOR311C,ORF-V,0,0,0,0,0
YJL199C,ORF-V,0,0,0,0,0
YOR025W,ORF-V,0,0,0,0,0
YBL101C,ORF-V,0,0,0,0,0
YNL134C,ORF-V,0,0,0,0,0
YPR152C,ORF-V,0,0,0,0,0
YNL239W,ORF-V,0,0,0,0,0
YLR050C,ORF-V,0,0,0,0,0
YJL028W,ORF-V,0,0,0,0,0
YMR127C,ORF-V,0,0,0,0,0
YPR055W,ORF-V,1,1,1,3,1
YBR147W,ORF-V,0,0,0,0,0
YOL042W,ORF-V,0,0,0,0,0
YFL028C,ORF-V,0,0,0,0,0
YPR111W,ORF-V,1,0,1,2,1
YLL005C,ORF-V,0,0,0,0,0
YEL022W,ORF-V,0,0,0,0,0
YDR446W,ORF-V,0,0,0,0,0
YBR267W,ORF-V,0,0,0,0,0
YOR321W,ORF-V,0,0,0,0,0
YALCDELTA2,LTR,0,0,0,0,0
YLL053C,ORF-U,0,0,0,0,0
YLR033W,ORF-V,1,1,1,3,1
YFR029W,ORF-V,1,0,1,2,1
YPR030W,ORF-V,0,0,0,0,0
YNL242W,ORF-V,1,0,0,1,1
YNR043W,ORF-V,1,1,1,3,1
YOR109W,ORF-V,0,0,0,0,0
YBL051C,ORF-V,0,0,0,0,0
YNL230C,ORF-V,0,0,0,0,0
YORCDELTA21,LTR,0,0,0,0,0
YIL139C,ORF-V,0,0,0,0,0
YMR289W,ORF-V,0,0,0,0,0
YLR205C,ORF-V,0,0,0,0,0
YDR263C,ORF-V,0,0,0,0,0
YDL197C,ORF-V,0,0,0,0,0
YNL259C,ORF-V,0,0,0,0,0
YPL116W,ORF-V,1,0,0,1,1
YLRWDELTA17,LTR,0,0,0,0,0
YIL050W,ORF-V,0,0,0,0,0
YNRWSIGMA4,LTR,0,0,0,0,0
YBR081C,ORF-V,0,0,0,0,0
YORWDELTA13,LTR,0,0,0,0,0
TE(UUC)L,tRNA gene,0,0,0,0,0
YNL175C,ORF-V,0,0,0,0,0
YMR021C,ORF-V,0,0,0,0,0
YPL041C,ORF-U,0,0,0,0,0
YLL035W,ORF-V,1,1,1,3,1
YMR116C,ORF-V,0,0,0,0,0
YBR189W,ORF-V,0,0,0,0,0
YLRWSIGMA3,LTR,0,0,0,0,0
YOR219C,ORF-V,0,0,0,0,0
YHR084W,ORF-V,1,0,1,2,1
YPL030W,ORF-V,0,0,0,0,0
YGL199C,ORF-DU,0,0,0,0,0
YHL014C,ORF-V,0,0,0,0,0
YER066W,ORF-U,0,0,0,0,0
YEL051W,ORF-V,0,0,0,0,0
YOL055C,ORF-V,0,0,0,0,0
YHR156C,ORF-V,0,0,0,0,0
YAL069W,ORF-DU,0,0,0,0,0
YGR094W,ORF-V,1,1,1,3,1
YER095W,ORF-V,1,0,0,1,1
YCR033W,ORF-V,0,0,0,0,0
YORCTY2-1,LTR,0,0,0,0,0
YLR116W,ORF-V,1,1,1,3,1
YNL281W,ORF-V,0,0,0,0,0
YGR155W,ORF-V,1,0,0,1,1
YCL042W,ORF-U,0,0,0,0,0
YKL103C,ORF-V,0,0,0,0,0
YJL122W,ORF-V,0,0,0,0,0
YER180C,ORF-V,0,0,0,0,0
YOR250C,ORF-V,1,1,1,3,1
YIL010W,ORF-V,0,0,0,0,0
YML117W,ORF-V,0,0,0,0,0
YOR365C,ORF-U,0,0,0,0,0
YDR514C,ORF-V,0,0,0,0,0
YDRCSIGMA2,LTR,0,0,0,0,0
YDR482C,ORF-V,0,0,0,0,0
YOR203W,ORF-DU,1,1,0,2,1
YMR103C,ORF-U,0,0,0,0,0
YLR138W,ORF-V,0,0,0,0,0
YGLWDELTA6,LTR,0,0,0,0,0
YGR001C,ORF-V,0,0,0,0,0
YMR156C,ORF-V,0,0,0,0,0
YGR137W,ORF-DU,0,0,0,0,0
YLR029C,ORF-V,1,1,1,3,1
YDR527W,ORF-V,1,1,1,3,1
YPLCTY4-1,LTR,0,0,0,0,0
YHRWTAU3,LTR,0,0,0,0,0
YGR287C,ORF-V,0,0,0,0,0
YMR250W,ORF-V,0,0,0,0,0
YBR040W,ORF-V,0,0,0,0,0
YGL075C,ORF-V,1,1,1,3,1
YGL230C,ORF-U,0,0,0,0,0
YLR141W,ORF-V,1,1,1,3,1
YJR009C,ORF-V,0,0,0,0,0
YDL056W,ORF-V,0,0,0,0,0
YLR441C,ORF-V,0,0,0,0,0
TN(GUU)K,tRNA gene,0,0,0,0,0
YNLCDELTA2,LTR,0,0,0,0,0
YAL044C,ORF-V,0,0,0,0,0
YGL128C,ORF-V,1,1,1,3,1
YMR322C,ORF-V,0,0,0,0,0
YDL144C,ORF-V,0,0,0,0,0
YJL146W,ORF-V,0,0,0,0,0
YJL136C,ORF-V,0,0,0,0,0
YBL088C,ORF-V,0,0,0,0,0
YLRCDELTA27,LTR,0,0,0,0,0
YER131W,ORF-V,0,0,0,0,0
YML010W,ORF-V,1,1,1,3,1
YOR264W,ORF-V,0,0,0,0,0
YHR008C,ORF-V,0,0,0,0,0
YOR309C,ORF-DU,0,0,0,0,0
YPLCDELTA10,LTR,0,0,0,0,0
YGR198W,ORF-V,1,1,1,3,1
YELCTAU1,LTR,0,0,0,0,0
YKL169C,ORF-DU,0,0,0,0,0
YBR088C,ORF-V,1,1,1,3,1
YKR007W,ORF-V,0,0,0,0,0
YIL027C,ORF-V,0,0,0,0,0
YHR060W,ORF-V,0,0,0,0,0
YORWTY2-2,LTR,0,0,0,0,0
YDR136C,ORF-DU,0,0,0,0,0
YBL005W,ORF-V,0,0,0,0,0
YPRCTAU3,LTR,0,0,0,0,0
YKL074C,ORF-V,0,0,0,0,0
YNL061W,ORF-V,1,1,1,3,1
YML123C,ORF-V,0,0,0,0,0
YDR109C,ORF-V,0,0,0,0,0
YBL002W,ORF-V,0,0,0,0,0
YDR523C,ORF-V,0,0,0,0,0
YKL162C,ORF-U,0,0,0,0,0
YOL103W,ORF-V,0,0,0,0,0
YPR165W,ORF-V,1,1,1,3,1
YJL210W,ORF-V,0,0,0,0,0
YPRCDELTA19,LTR,0,0,0,0,0
YPR102C,ORF-V,0,0,0,0,0
YLR181C,ORF-V,0,0,0,0,0
YHL012W,ORF-U,0,0,0,0,0
YBL108W,ORF-DU,0,0,0,0,0
YHR110W,ORF-V,0,0,0,0,0
YGR028W,ORF-V,0,0,0,0,0
YDR103W,ORF-V,0,0,0,0,0
YJL154C,ORF-V,0,0,0,0,0
YBR188C,ORF-V,0,0,0,0,0
YHR033W,ORF-U,0,0,0,0,0
YFR010W,ORF-V,0,0,0,0,0
YEL024W,ORF-V,0,0,0,0,0
YKR082W,ORF-V,0,0,0,0,0
YAL045C,ORF-DU,0,0,0,0,0
YPL151C,ORF-V,1,1,1,3,1
YLR121C,ORF-V,0,0,0,0,0
YLR169W,ORF-DU,0,0,0,0,0
YFL056C,pseudogene,0,0,0,0,0
YORWDELTA17,LTR,0,0,0,0,0
YBR155W,ORF-V,1,1,1,3,1
YOR190W,ORF-V,0,0,0,0,0
YMR260C,ORF-V,1,1,1,3,1
YDR164C,ORF-V,1,1,1,3,1
YIR014W,ORF-V,0,0,0,0,0
YHR130C,ORF-U,0,0,0,0,0
YKR027W,ORF-V,0,0,0,0,0
YDR332W,ORF-V,0,0,0,0,0
YOR076C,ORF-V,1,0,0,1,1
YLR180W,ORF-V,0,0,0,0,0
YNR021W,ORF-U,0,0,0,0,0
YHR018C,ORF-V,0,0,0,0,0
YCR005C,ORF-V,0,0,0,0,0
YIL137C,ORF-V,1,0,0,1,1
YDL173W,ORF-V,0,0,0,0,0
YBR297W,ORF-V,0,0,0,0,0
YMR179W,ORF-V,1,0,1,2,1
YPL183C,ORF-V,0,0,0,0,0
YOR088W,ORF-M,0,0,0,0,0
YCRWDELTA10,LTR,0,0,0,0,0
YIR024C,ORF-V,0,0,0,0,0
YCR006C,ORF-U,0,0,0,0,0
YOR292C,ORF-U,0,0,0,0,0
YHLCOMEGA1,LTR,0,0,0,0,0
YCR061W,ORF-V,0,0,0,0,0
YPL112C,ORF-V,0,0,0,0,0
YIL079C,ORF-V,0,0,0,0,0
YGR003W,ORF-V,0,0,0,0,0
YIL066w-a,ORF-DU,0,0,0,0,0
YBR029C,ORF-V,1,1,1,3,1
YBR200W,ORF-V,1,0,0,1,1
YGR145W,ORF-V,1,1,1,3,1
YHR051W,ORF-V,0,0,0,0,0
YML016C,ORF-V,0,0,0,0,0
YHL020C,ORF-V,0,0,0,0,0
YGRWDELTA28,LTR,0,0,0,0,0
YDR214W,ORF-V,0,0,0,0,0
YGR167W,ORF-V,0,0,0,0,0
YOR353C,ORF-V,1,1,1,3,1
YGL147C,ORF-V,0,0,0,0,0
YCR079W,ORF-V,0,0,0,0,0
YDR505C,ORF-V,1,0,1,2,1
YOL147C,ORF-V,0,0,0,0,0
YER159C,ORF-V,1,0,1,2,1
YERWDELTA18,LTR,0,0,0,0,0
YNL005C,ORF-V,0,0,0,0,0
YPL066W,ORF-V,0,0,0,0,0
YMR220W,ORF-V,1,1,1,3,1
YJR147W,ORF-V,0,0,0,0,0
YIR010W,ORF-V,1,1,1,3,1
YFL067W,ORF-U,0,0,0,0,0
YJL207C,ORF-V,0,0,0,0,0
YHR097C,ORF-V,0,0,0,0,0
YDR387C,ORF-U,0,0,0,0,0
YLR453C,ORF-V,0,0,0,0,0
YJL150W,ORF-DU,0,0,0,0,0
YPLCTAU2,LTR,0,0,0,0,0
YKR010C,ORF-V,1,0,0,1,1
YORWDELTA12,LTR,0,0,0,0,0
YMR135C,ORF-V,0,0,0,0,0
YGL085W,ORF-U,0,0,0,0,0
YNR058W,ORF-V,0,0,0,0,0
YJR067C,ORF-V,1,1,1,3,1
YMR102C,ORF-U,0,0,0,0,0
YNR069C,ORF-V,0,0,0,0,0
YDR322W,ORF-V,0,0,0,0,0
YIL002C,ORF-V,0,0,0,0,0
YPL258C,ORF-V,0,0,0,0,0
TG(GCC)P1,tRNA gene,0,0,0,0,0
YCR043C,ORF-U,0,0,0,0,0
YCR018C-A,ORF-DU,0,0,0,0,0
YML036W,ORF-V,0,0,0,0,0
YDR085C,ORF-V,0,0,0,0,0
YDL015C,ORF-V,1,1,1,3,1
YDL216C,ORF-V,0,0,0,0,0
YGR210C,ORF-U,0,0,0,0,0
YKL085W,ORF-V,0,0,0,0,0
YOL058W,ORF-V,0,0,0,0,0
YDR053W,ORF-DU,1,1,0,2,1
YGLWOMEGA1,LTR,0,0,0,0,0
YJR010W,ORF-V,0,0,0,0,0
YDL047W,ORF-V,0,0,0,0,0
YERCDELTA14,LTR,0,0,0,0,0
YJR121W,ORF-V,0,0,0,0,0
YOR021C,ORF-V,0,0,0,0,0
YPL105C,ORF-V,1,0,0,1,1
YPR045C,ORF-V,0,0,0,0,0
YDR404C,ORF-V,1,1,1,3,1
YDR509W,ORF-DU,0,0,0,0,0
YER087W,ORF-V,0,0,0,0,0
YKR068C,ORF-V,1,1,1,3,1
YDR389W,ORF-V,1,0,1,2,1
YIL073C,ORF-V,0,0,0,0,0
YPRWSIGMA3,LTR,0,0,0,0,0
TR(UCU)K,tRNA gene,0,0,0,0,0
YOR090C,ORF-V,0,0,0,0,0
YOR172W,ORF-V,0,0,0,0,0
YHR149C,ORF-V,0,0,0,0,0
YOR322C,ORF-V,0,0,0,0,0
YOR297C,ORF-V,1,0,0,1,1
YBL099W,ORF-V,0,0,0,0,0
YKL118W,ORF-DU,0,0,0,0,0
YMR276W,ORF-V,1,0,0,1,1
YOR037W,ORF-V,0,0,0,0,0
YIL054W,ORF-U,0,0,0,0,0
YAR008W,ORF-V,1,1,1,3,1
YNL229C,ORF-V,0,0,0,0,0
YNL145W,ORF-V,0,0,0,0,0
YDRCTY1-2,LTR,0,0,0,0,0
YDR082W,ORF-V,1,1,1,3,1
YJLCDELTA5,LTR,0,0,0,0,0
YDL109C,ORF-U,0,0,0,0,0
YOR299W,ORF-V,0,0,0,0,0
YLR291C,ORF-V,1,1,1,3,1
YPR096C,ORF-V,0,0,0,0,0
YDR229W,ORF-V,0,0,0,0,0
YMR004W,ORF-V,0,0,0,0,0
YDL205C,ORF-V,1,1,1,3,1
YPL071C,ORF-U,0,0,0,0,0
YNL030W,ORF-V,0,0,0,0,0
YBR293W,ORF-V,0,0,0,0,0
YMR022W,ORF-V,0,0,0,0,0
YGR065C,ORF-V,1,0,1,2,1
YDR432W,ORF-V,1,0,0,1,1
YOL154W,ORF-V,0,0,0,0,0
YPL175W,ORF-V,1,1,1,3,1
YBL035C,ORF-V,1,1,1,3,1
YLR439W,ORF-V,0,0,0,0,0
TD(GUC)J1,tRNA gene,0,0,0,0,0
YDR365C,ORF-V,1,1,1,3,1
YHR064C,ORF-V,0,0,0,0,0
YPL015C,ORF-V,0,0,0,0,0
YBL058W,ORF-V,1,0,0,1,1
YPL029W,ORF-V,0,0,0,0,0
YKL006W,ORF-V,0,0,0,0,0
YAL005C,ORF-V,0,0,0,0,0
YMR184W,ORF-V,0,0,0,0,0
YMR142C,ORF-V,0,0,0,0,0
YIL163C,ORF-U,0,0,0,0,0
YHR070W,ORF-V,1,0,1,2,1
YGR139W,ORF-DU,0,0,0,0,0
YDL146W,ORF-V,0,0,0,0,0
YLR457C,ORF-V,1,1,1,3,1
YGL109W,ORF-DU,0,0,0,0,0
YJR110W,ORF-V,0,0,0,0,0
YMR154C,ORF-V,0,0,0,0,0
YGL143C,ORF-V,0,0,0,0,0
YGR122C-A,ORF-DU,0,0,0,0,0
YDL059C,ORF-V,1,0,0,1,1
YKL102C,ORF-U,0,0,0,0,0
YFL007W,ORF-V,0,0,0,0,0
YKL088W,ORF-V,1,1,1,3,1
YER141W,ORF-V,0,0,0,0,0
YKR101W,ORF-V,0,0,0,0,0
YFLWDELTA4,LTR,0,0,0,0,0
YDR098C,ORF-V,0,0,0,0,0
YLR079W,ORF-V,1,0,0,1,1
YDR019C,ORF-V,0,0,0,0,0
YGR286C,ORF-V,0,0,0,0,0
YER029C,ORF-V,0,0,0,0,0
YMR316C-A,ORF-U,0,0,0,0,0
YFL030W,ORF-V,0,0,0,0,0
YHR089C,ORF-V,0,0,0,0,0
YGRWDELTA21,LTR,0,0,0,0,0
YJL025W,ORF-V,1,1,1,3,1
YGL104C,ORF-V,0,0,0,0,0
YDR493W,ORF-V,0,0,0,0,0
YJL138C,ORF-V,0,0,0,0,0
TS(AGA)J,tRNA gene,0,0,0,0,0
TS(UGA)P,tRNA gene,0,0,0,0,0
YOR117W,ORF-V,1,1,1,3,1
YHR150W,ORF-V,0,0,0,0,0
SNR56,snoRNA gene,0,0,0,0,0
YHR026W,ORF-V,0,0,0,0,0
YGL082W,ORF-U,0,0,0,0,0
YLR361C,ORF-V,0,0,0,0,0
YIL066C,ORF-V,0,0,0,0,0
YLR001C,ORF-U,0,0,0,0,0
YKL156W,ORF-V,0,0,0,0,0
YPL227C,ORF-V,0,0,0,0,0
YJLWDELTA16,LTR,0,0,0,0,0
YOR209C,ORF-V,0,0,0,0,0
YDL193W,ORF-V,1,1,1,3,1
YOR072W,ORF-U,0,0,0,0,0
YML095C,ORF-V,0,0,0,0,0
YLR360W,ORF-V,0,0,0,0,0
YGR022C,ORF-DU,0,0,0,0,0
YDR383C,ORF-V,0,0,0,0,0
YMR015C,ORF-V,0,0,0,0,0
YMLWDELTA4,LTR,0,0,0,0,0
YBR300C,ORF-DU,0,0,0,0,0
YOR235W,ORF-U,0,0,0,0,0
YPL257W,ORF-U,0,0,0,0,0
YNL322C,ORF-V,0,0,0,0,0
YML010W-A,ORF-DU,0,0,0,0,0
YDL106C,ORF-V,0,0,0,0,0
TL(GAG)G,tRNA gene,0,0,0,0,0
YLR183C,ORF-V,0,0,0,0,0
YDR516C,ORF-V,0,0,0,0,0
YGL258W,ORF-V,0,0,0,0,0
YPL214C,ORF-V,0,0,0,0,0
YAR019C,ORF-V,1,1,1,3,1
YDR327W,ORF-DU,1,1,0,2,1
YOL143C,ORF-V,0,0,0,0,0
YDR339C,ORF-V,1,1,1,3,1
YCL052C,ORF-V,1,1,1,3,1
YCR020W-B,ORF-V,0,0,0,0,0
YHL030w-a,ORF-DU,0,0,0,0,0
YDR370C,ORF-V,0,0,0,0,0
YDR121W,ORF-V,0,0,0,0,0
YBR255W,ORF-V,0,0,0,0,0
YLR056W,ORF-V,0,0,0,0,0
YLR420W,ORF-V,0,0,0,0,0
TR(CCG)L,tRNA gene,0,0,0,0,0
YPL152W,ORF-V,0,0,0,0,0
YGR007W,ORF-V,0,0,0,0,0
YAR069C,ORF-DU,0,0,0,0,0
YML013C-A,ORF-DU,0,0,0,0,0
YER146W,ORF-V,1,0,1,2,1
YDR494W,ORF-V,0,0,0,0,0
YKL183W,ORF-V,0,0,0,0,0
YCR067C,ORF-V,0,0,0,0,0
YMR294W,ORF-V,0,0,0,0,0
YOLCDELTA8,LTR,0,0,0,0,0
YHR063w-a,ORF-DU,0,0,0,0,0
YPL274W,ORF-V,0,0,0,0,0
YERCTAU2,LTR,0,0,0,0,0
TR(ACG)K,tRNA gene,0,0,0,0,0
YGR148C,ORF-V,0,0,0,0,0
YDR417C,ORF-DU,0,0,0,0,0
YJRWDELTA20,LTR,0,0,0,0,0
YML054C,ORF-V,0,0,0,0,0
YGR174C,ORF-V,0,0,0,0,0
YJL044C,ORF-V,0,0,0,0,0
YFL035C,ORF-V,0,0,0,0,0
YMR040W,ORF-V,0,0,0,0,0
YBR201W,ORF-V,0,0,0,0,0
YJL218W,ORF-U,0,0,0,0,0
YLR314C,ORF-V,1,1,1,3,1
YHR053C,ORF-V,0,0,0,0,0
YDR458C,ORF-V,0,0,0,0,0
YOR314W,ORF-U,0,0,0,0,0
YKL205W,ORF-V,1,0,1,2,1
YJL089W,ORF-V,0,0,0,0,0
YIR029W,ORF-V,0,0,0,0,0
YLR256W,ORF-V,0,0,0,0,0
YCR030C,ORF-V,0,0,0,0,0
YGR069W,ORF-DU,0,0,0,0,0
YFL016C,ORF-V,0,0,0,0,0
YERCDELTA24,LTR,0,0,0,0,0
YBR202W,ORF-V,1,1,1,3,1
YHL003C,ORF-V,0,0,0,0,0
YMR169C,ORF-V,0,0,0,0,0
YNL140C,ORF-U,0,0,0,0,0
YNL300W,ORF-U,0,0,0,0,0
YNL113W,ORF-V,1,1,1,3,1
YIL058W,ORF-DU,0,0,0,0,0
TE(UUC)K,tRNA gene,0,0,0,0,0
YOR303W,ORF-V,0,0,0,0,0
YLR333C,ORF-V,0,0,0,0,0
YDL209C,ORF-V,1,1,1,3,1
YER001W,ORF-V,0,0,0,0,0
YML133C,ORF-U,0,0,0,0,0
YGL189C,ORF-V,1,1,1,3,1
YDLWTAU1,LTR,0,0,0,0,0
YNL296W,ORF-DU,0,0,0,0,0
TR(UCU)J1,tRNA gene,0,0,0,0,0
YLR067C,ORF-V,0,0,0,0,0
YMR079W,ORF-V,1,1,1,3,1
YPR010C,ORF-V,1,1,1,3,1
YOR287C,ORF-V,1,1,1,3,1
YOL118C,ORF-U,0,0,0,0,0
YIR022W,ORF-V,1,1,1,3,1
TI(AAU)L1,tRNA gene,0,0,0,0,0
YOR041C,ORF-DU,0,0,0,0,0
YGR006W,ORF-V,0,0,0,0,0
YLR127C,ORF-V,1,1,1,3,1
YLL027W,ORF-V,0,0,0,0,0
YLR467W,ORF-V,0,0,0,0,0
YBR028C,ORF-V,0,0,0,0,0
YNR036C,ORF-V,0,0,0,0,0
YGL010W,ORF-V,0,0,0,0,0
YGR122W,ORF-V,0,0,0,0,0
YOL011W,ORF-V,0,0,0,0,0
YMRCDELTA13,LTR,0,0,0,0,0
YPL042C,ORF-V,0,0,0,0,0
YIL001W,ORF-U,0,0,0,0,0
YNL064C,ORF-V,0,0,0,0,0
YPL177C,ORF-V,0,0,0,0,0
YPL002C,ORF-V,0,0,0,0,0
YLL004W,ORF-V,1,1,1,3,1
YJR038C,ORF-DU,0,0,0,0,0
YBR148W,ORF-V,0,0,0,0,0
YDR253C,ORF-V,0,0,0,0,0
YML109W,ORF-V,0,0,0,0,0
YBR080C,ORF-V,1,1,1,3,1
YPL244C,ORF-V,0,0,0,0,0
YNR006W,ORF-V,0,0,0,0,0
YPL183W-A,ORF-V,0,0,0,0,0
YMRCTY1-4,LTR,0,0,0,0,0
YER040W,ORF-V,0,0,0,0,0
YMRCDELTA11,LTR,0,0,0,0,0
CEN8,centromere,0,0,0,0,0
YPL045W,ORF-V,1,0,0,1,1
YAL002W,ORF-V,0,0,0,0,0
YCL012W,ORF-M,0,0,0,0,0
YGR030C,ORF-V,1,1,1,3,1
YNRCDELTA8,LTR,0,0,0,0,0
YKL168C,ORF-V,0,0,0,0,0
YNL243W,ORF-V,1,0,0,1,1
YKLWDELTA1,LTR,0,0,0,0,0
YFR054C,ORF-U,0,0,0,0,0
YAL067C,ORF-V,0,0,0,0,0
YJR066W,ORF-V,0,0,0,0,0
YLL056C,ORF-V,0,0,0,0,0
YJL212C,ORF-V,0,0,0,0,0
YOR310C,ORF-V,1,1,1,3,1
YBR144C,ORF-U,0,0,0,0,0
YPR194C,ORF-V,0,0,0,0,0
YPR117W,ORF-U,0,0,0,0,0
YMR301C,ORF-V,1,0,1,2,1
YPR018W,ORF-V,0,0,0,0,0
YBR115C,ORF-V,0,0,0,0,0
YGR209C,ORF-V,0,0,0,0,0
YHR159W,ORF-U,0,0,0,0,0
YNL305C,ORF-V,0,0,0,0,0
YJL120W,ORF-DU,0,0,0,0,0
YMLCDELTA2,LTR,0,0,0,0,0
YKL173W,ORF-V,1,1,1,3,1
YFR026C,ORF-V,0,0,0,0,0
YJR120W,ORF-V,1,0,0,1,1
YEL025C,ORF-U,0,0,0,0,0
YARCTY1-1,LTR,0,0,0,0,0
YDR213W,ORF-V,0,0,0,0,0
YGR168C,ORF-U,0,0,0,0,0
YBR125C,ORF-V,0,0,0,0,0
YPL135W,LTR,0,0,0,0,0
YLR312W-A,ORF-V,0,0,0,0,0
YDL127W,ORF-V,0,0,0,0,0
YBR245C,ORF-V,0,0,0,0,0
YIL100c-a,ORF-DU,0,0,0,0,0
YOR271C,ORF-U,1,0,1,2,1
YJR134C,ORF-V,0,0,0,0,0
YER056C-A,ORF-V,0,0,0,0,0
YER091C-A,ORF-DU,0,0,0,0,0
YER045C,ORF-V,0,0,0,0,0
YKL019W,ORF-V,1,1,1,3,1
YNL027W,ORF-V,0,0,0,0,0
YHR102W,ORF-V,0,0,0,0,0
YGR245C,ORF-V,1,1,1,3,1
YCR051W,ORF-U,0,0,0,0,0
YOR251C,ORF-V,0,0,0,0,0
YJL164C,ORF-V,1,0,1,2,1
YAR031W,ORF-V,0,0,0,0,0
YIL078W,ORF-V,1,1,1,3,1
YOR246C,ORF-V,0,0,0,0,0
YJL149W,ORF-V,0,0,0,0,0
YGL240W,ORF-V,0,0,0,0,0
YFL017W-A,ORF-V,1,1,1,3,1
YPL267W,ORF-V,0,0,0,0,0
YJR037W,ORF-DU,0,0,0,0,0
YHR040W,ORF-V,1,1,1,3,1
YLR417W,ORF-V,0,0,0,0,0
YNL125C,ORF-V,0,0,0,0,0
YDR014W,ORF-V,0,0,0,0,0
YDRCTY1-3,LTR,0,0,0,0,0
YKL095W,ORF-V,1,1,1,3,1
YOR351C,ORF-V,0,0,0,0,0
YOL146W,ORF-V,1,1,1,3,1
YOR263C,ORF-DU,0,0,0,0,0
YPLCDELTA1,LTR,0,0,0,0,0
YGR027C,ORF-V,0,0,0,0,0
YMR304W,ORF-V,0,0,0,0,0
YLL060C,ORF-V,0,0,0,0,0
YCL033C,ORF-V,0,0,0,0,0
YORWDELTA22,LTR,0,0,0,0,0
YOR189W,ORF-V,0,0,0,0,0
YBR108W,ORF-V,0,0,0,0,0
YBR217W,ORF-V,1,0,0,1,1
SNR55,snoRNA gene,0,0,0,0,0
YAL003W,ORF-V,1,1,1,3,1
YBR182C,ORF-V,0,0,0,0,0
YFL063W,ORF-DU,0,0,0,0,0
YBL097W,ORF-V,1,1,1,3,1
YPR107C,ORF-V,1,1,1,3,1
YJL061W,ORF-V,1,1,1,3,1
YMR148W,ORF-V,0,0,0,0,0
YJL121C,ORF-V,0,0,0,0,0
YPR070W,ORF-V,0,0,0,0,0
YGL142C,ORF-V,1,1,1,3,1
YPL248C,ORF-V,0,0,0,0,0
YKL138C,ORF-V,0,0,0,0,0
YML068W,ORF-V,1,0,1,2,1
YIL016W,ORF-V,0,0,0,0,0
YDL108W,ORF-V,1,1,1,3,1
YDR504C,ORF-V,0,0,0,0,0
YPR191W,ORF-V,0,0,0,0,0
TH(GUG)M,tRNA gene,0,0,0,0,0
YDR230W,ORF-DU,0,0,0,0,0
YLR351C,ORF-V,0,0,0,0,0
YHL021C,ORF-V,0,0,0,0,0
YKL090W,ORF-V,0,0,0,0,0
YCL002C,ORF-U,0,0,0,0,0
YBR268W,ORF-V,0,0,0,0,0
YPR129W,ORF-V,0,0,0,0,0
YGL173C,ORF-V,0,0,0,0,0
YFL031W,ORF-V,0,0,0,0,0
YLR249W,ORF-V,1,1,1,3,1
YOR051C,ORF-V,0,0,0,0,0
RDN37-1,rRNA gene,0,0,0,0,0
YPR179C,ORF-V,0,0,0,0,0
YNL261W,ORF-V,1,1,1,3,1
YOL021C,ORF-V,1,0,1,2,1
YOL089C,ORF-V,0,0,0,0,0
YLR455W,ORF-V,0,0,0,0,0
YBL045C,ORF-V,0,0,0,0,0
TA(AGC)M2,tRNA gene,0,0,0,0,0
YEL008W,ORF-U,0,0,0,0,0
YKL129C,ORF-V,0,0,0,0,0
YDR275W,ORF-V,0,0,0,0,0
YBR056W,ORF-V,0,0,0,0,0
YJR051W,ORF-V,0,0,0,0,0
YAR068W,ORF-U,0,0,0,0,0
YMR223W,ORF-V,1,0,0,1,1
YLR274W,ORF-V,1,1,1,3,1
YMR069W,ORF-V,0,0,0,0,0
YDR003W,ORF-V,0,0,0,0,0
YJL139C,ORF-V,0,0,0,0,0
YBLWDELTA8,LTR,0,0,0,0,0
YLR028C,ORF-V,0,0,0,0,0
YLL034C,ORF-V,1,1,1,3,1
YLR038C,ORF-V,0,0,0,0,0
YAR027W,ORF-V,0,0,0,0,0
YER148w-a,ORF-DU,0,0,0,0,0
YER059W,ORF-V,0,0,0,0,0
YGL022W,ORF-V,1,1,1,3,1
YNL197C,ORF-V,1,0,0,1,1
YDL080C,ORF-V,0,0,0,0,0
YDR449C,ORF-V,1,1,1,3,1
YOR055W,ORF-DU,0,0,0,0,0
YEL026W,ORF-V,1,1,1,3,1
YKL155C,ORF-V,0,0,0,0,0
YOR389W,ORF-U,0,0,0,0,0
YGR081C,ORF-V,0,0,0,0,0
YDR179W-A,ORF-V,0,0,0,0,0
TG(UCC)N,tRNA gene,0,0,0,0,0
YJL053W,ORF-V,0,0,0,0,0
YGR021W,ORF-U,0,0,0,0,0
YER130C,ORF-V,0,0,0,0,0
YML092C,ORF-V,1,1,1,3,1
YJL136w-a,ORF-U,0,0,0,0,0
YOL117W,ORF-V,0,0,0,0,0
TR(CCU)J,tRNA gene,0,0,0,0,0
YNL111C,ORF-V,0,0,0,0,0
YMR159C,ORF-V,1,0,0,1,1
YNR013C,ORF-V,0,0,0,0,0
YDL046W,ORF-V,0,0,0,0,0
YOL037C,ORF-DU,0,0,0,0,0
YDR135C,ORF-V,0,0,0,0,0
YDL175C,ORF-V,0,0,0,0,0
YHL032C,ORF-V,0,0,0,0,0
YOL050C,ORF-DU,0,0,0,0,0
YGL259W,ORF-U,0,0,0,0,0
YAL043C,ORF-V,1,1,1,3,1
YCL044C,ORF-V,0,0,0,0,0
YGR267C,ORF-V,1,1,1,3,1
YNL173C,ORF-V,0,0,0,0,0
YDR537C,ORF-DU,0,0,0,0,0
YNL207W,ORF-V,1,1,1,3,1
YDR283C,ORF-V,0,0,0,0,0
YOR290C,ORF-V,0,0,0,0,0
YER019C-A,ORF-V,1,0,0,1,1
YNL002C,ORF-V,1,1,1,3,1
YGLWDELTA3,LTR,0,0,0,0,0
YIR019C,ORF-V,0,0,0,0,0
YNL190W,ORF-V,0,0,0,0,0
YJL051W,ORF-V,0,0,0,0,0
YDR038C,ORF-V,0,0,0,0,0
YNL048W,ORF-V,0,0,0,0,0
YER185W,ORF-V,0,0,0,0,0
YHR044C,ORF-V,0,0,0,0,0
YOL085C,ORF-U,0,0,0,0,0
YDL188C,ORF-V,0,0,0,0,0
YMR086C-A,ORF-DU,0,0,0,0,0
YLR452C,ORF-V,0,0,0,0,0
YGL045W,ORF-V,0,0,0,0,0
YER079W,ORF-U,0,0,0,0,0
YPL016W,ORF-V,1,1,1,3,1
YGRCDELTA25,LTR,0,0,0,0,0
YDL028C,ORF-V,1,0,1,2,1
YNL158W,ORF-V,1,1,1,3,1
YPR149W,ORF-V,0,0,0,0,0
YMRWDELTA15,LTR,0,0,0,0,0
YIL146C,ORF-V,0,0,0,0,0
YNL295W,ORF-U,0,0,0,0,0
YNL050C,ORF-U,0,0,0,0,0
YEL041W,ORF-V,0,0,0,0,0
YJLWTY4-1,LTR,0,0,0,0,0
YLR372W,ORF-V,0,0,0,0,0
YBL089W,ORF-V,0,0,0,0,0
YGL157W,ORF-V,0,0,0,0,0
YDR075W,ORF-V,0,0,0,0,0
YDR007W,ORF-V,0,0,0,0,0
YGL110C,ORF-V,0,0,0,0,0
YJRWTY1-2,LTR,0,0,0,0,0
YOR220W,ORF-V,0,0,0,0,0
YJR105W,ORF-V,0,0,0,0,0
YPL082C,ORF-V,1,1,1,3,1
YGL215W,ORF-V,0,0,0,0,0
YBR012C,ORF-DU,0,0,0,0,0
YLR150W,ORF-V,0,0,0,0,0
YLR150W,ORF-V,0,0,0,0,0
YPL072W,ORF-V,0,0,0,0,0
YBR026C,ORF-V,0,0,0,0,0
YJL002C,ORF-V,1,1,1,3,1
YMR052W,ORF-V,0,0,0,0,0
YDR102C,ORF-U,0,0,0,0,0
YGRCDELTA17,LTR,0,0,0,0,0
YHL041W,ORF-U,0,0,0,0,0
YML011C,ORF-V,0,0,0,0,0
YPLCTAU1,LTR,0,0,0,0,0
YGR253C,ORF-V,1,1,1,3,1
YER147C,ORF-V,1,1,1,3,1
YPL154C,ORF-V,0,0,0,0,0
YJL217W,ORF-V,0,0,0,0,0
YDR441C,ORF-V,0,0,0,0,0
YDR023W,ORF-V,1,1,1,3,1
YOR173W,ORF-V,0,0,0,0,0
YNL334C,ORF-V,0,0,0,0,0
YMR320W,ORF-U,0,0,0,0,0
YHR142W,ORF-V,0,0,0,0,0
YLR419W,ORF-U,0,0,0,0,0
YJL090C,ORF-V,1,1,1,3,1
YKL100C,ORF-V,0,0,0,0,0
YLR087C,ORF-V,0,0,0,0,0
YLR261C,ORF-U,0,0,0,0,0
YCR027C,ORF-V,0,0,0,0,0
YGL239C,ORF-DU,1,1,0,2,1
YPLWDELTA7,LTR,0,0,0,0,0
YGL202W,ORF-V,0,0,0,0,0
YKL211C,ORF-V,0,0,0,0,0
YGR121C,ORF-V,0,0,0,0,0
YOL096C,ORF-V,0,0,0,0,0
YPRCDELTA15,LTR,0,0,0,0,0
YLR340W,ORF-V,1,1,1,3,1
TA(AGC)K1,tRNA gene,0,0,0,0,0
YLL058W,ORF-U,0,0,0,0,0
YCR024C-A,ORF-V,0,0,0,0,0
YJL039C,ORF-V,1,1,1,3,1
YML050W,ORF-V,0,0,0,0,0
YJR156C,ORF-V,0,0,0,0,0
YDR491C,ORF-DU,0,0,0,0,0
YOR336W,ORF-V,1,1,1,3,1
YDL181W,ORF-V,0,0,0,0,0
YOR300W,ORF-DU,0,0,0,0,0
YIR013C,ORF-V,0,0,0,0,0
YLR178C,ORF-V,0,0,0,0,0
YBR154C,ORF-V,1,1,1,3,1
YOR171C,ORF-V,0,0,0,0,0
YJR162C,ORF-DU,0,0,0,0,0
SNR61,snoRNA gene,0,0,0,0,0
YML023C,ORF-V,1,0,1,2,1
YGR058W,ORF-V,0,0,0,0,0
YPR077C,ORF-DU,0,0,0,0,0
YOR167C,ORF-V,1,0,0,1,1
YGR115C,ORF-DU,1,1,0,2,1
SCR1,ORF-V,0,0,0,0,0
YOR236W,ORF-V,1,0,1,2,1
YDR183W,ORF-V,0,0,0,0,0
YJR036C,ORF-V,0,0,0,0,0
YLR065C,ORF-V,0,0,0,0,0
SNR52,snoRNA gene,0,0,0,0,0
YAR075W,ORF-DU,0,0,0,0,0
YKL026C,ORF-V,0,0,0,0,0
YKL111C,ORF-DU,1,1,0,2,1
YDR452W,ORF-V,0,0,0,0,0
YOR332W,ORF-V,0,0,0,0,0
YLL059C,ORF-DU,0,0,0,0,0
YKL216W,ORF-V,0,0,0,0,0
YCR018C,ORF-V,0,0,0,0,0
YHR196W,ORF-V,1,1,1,3,1
YJLWDELTA9,LTR,0,0,0,0,0
YNL270C,ORF-V,0,0,0,0,0
YDRWDELTA10,LTR,0,0,0,0,0
YLR192C,ORF-V,0,0,0,0,0
YHL028W,ORF-V,0,0,0,0,0
YOL061W,ORF-V,0,0,0,0,0
YCR084C,ORF-V,0,0,0,0,0
YHR217C,ORF-DU,0,0,0,0,0
YBR107C,ORF-V,0,0,0,0,0
YJL189W,ORF-V,0,0,0,0,0
YOR274W,ORF-V,0,0,0,0,0
YLL045C,ORF-V,0,0,0,0,0
YILCDELTA2,LTR,0,0,0,0,0
YOR258W,ORF-V,0,0,0,0,0
YGLWTAU2,LTR,0,0,0,0,0
SNR34,snoRNA gene,0,0,0,0,0
YDR459C,ORF-V,0,0,0,0,0
YDL120W,ORF-V,1,0,1,2,1
YKRWOMEGA1,LTR,0,0,0,0,0
YLR057W,ORF-V,0,0,0,0,0
YIL037C,ORF-V,0,0,0,0,0
YPL187W,ORF-V,0,0,0,0,0
YDR120C,ORF-V,0,0,0,0,0
YHL006w-a,ORF-DU,0,0,0,0,0
YER128W,ORF-V,0,0,0,0,0
YER043C,ORF-V,1,0,1,2,1
YDR231C,ORF-V,1,0,1,2,1
YBLCDELTA7,LTR,0,0,0,0,0
YDL013W,ORF-V,1,0,1,2,1
YERCOMEGA1,LTR,0,0,0,0,0
YML053C,ORF-U,0,0,0,0,0
YKLWDELTA7,LTR,0,0,0,0,0
YCLWTY5-1,LTR,0,0,0,0,0
YEL001C,ORF-V,0,0,0,0,0
YDR233C,ORF-V,1,0,1,2,1
YDR540C,ORF-V,0,0,0,0,0
YJL069C,ORF-V,1,1,1,3,1
YDL061C,ORF-V,0,0,0,0,0
YBR225W,ORF-U,0,0,0,0,0
YGL187C,ORF-V,0,0,0,0,0
YDR403W,ORF-V,0,0,0,0,0
YBR239C,ORF-V,0,0,0,0,0
YBL017C,ORF-V,0,0,0,0,0
YGL165C,ORF-DU,0,0,0,0,0
YGL227W,ORF-V,0,0,0,0,0
YLR236C,ORF-U,0,0,0,0,0
YAR007C,ORF-V,1,1,1,3,1
YBL059W,ORF-U,0,0,0,0,0
YDL063C,ORF-V,0,0,0,0,0
YNL045W,ORF-V,0,0,0,0,0
YLL025W,ORF-V,0,0,0,0,0
YPR158W,ORF-V,0,0,0,0,0
YBR199W,ORF-V,0,0,0,0,0
YIL140W,ORF-V,0,0,0,0,0
YIL143C,ORF-V,1,0,1,2,1
YGL168W,ORF-V,0,0,0,0,0
YBL025W,ORF-V,0,0,0,0,0
YDRCDELTA9,LTR,0,0,0,0,0
YML071C,ORF-V,0,0,0,0,0
YJL024C,ORF-V,0,0,0,0,0
YJL017W,ORF-M,0,0,0,0,0
YJR089W,ORF-V,1,0,0,1,1
YGR019W,ORF-V,0,0,0,0,0
YDR492W,ORF-V,0,0,0,0,0
YOL022C,ORF-V,1,1,1,3,1
YDR139C,ORF-V,0,0,0,0,0
YMRWDELTA12,LTR,0,0,0,0,0
YEL067C,ORF-U,0,0,0,0,0
YGL056C,ORF-V,0,0,0,0,0
SNR190,snoRNA gene,0,0,0,0,0
YOR212W,ORF-V,0,0,0,0,0
YNL210W,ORF-V,0,0,0,0,0
YML038C,ORF-V,0,0,0,0,0
YDR369C,ORF-V,0,0,0,0,0
YPR164W,ORF-V,0,0,0,0,0
YNR057C,ORF-V,0,0,0,0,0
YPL166W,ORF-V,0,0,0,0,0
YDL174C,ORF-V,0,0,0,0,0
YLR300W,ORF-V,0,0,0,0,0
YDR390C,ORF-V,1,1,1,3,1
YBL014C,ORF-V,1,1,1,3,1
YKR087C,ORF-V,0,0,0,0,0
YHR024C,ORF-V,1,1,1,3,1
YCL076W,ORF-DU,0,0,0,0,0
YDL241W,ORF-U,0,0,0,0,0
YPL106C,ORF-V,0,0,0,0,0
YMR043W,ORF-V,1,1,1,3,1
YGL096W,ORF-V,0,0,0,0,0
YKR072C,ORF-V,0,0,0,0,0
YLR213C,ORF-V,0,0,0,0,0
YDR236C,ORF-V,1,1,1,3,1
YDL143W,ORF-V,1,1,1,3,1
YKR090W,ORF-V,0,0,0,0,0
YOR158W,ORF-V,0,0,0,0,0
YFL003C,ORF-V,0,0,0,0,0
YPL259C,ORF-V,0,0,0,0,0
YDRWDELTA23,LTR,0,0,0,0,0
YDR203W,ORF-DU,0,0,0,0,0
YOR135C,ORF-DU,0,0,0,0,0
YPL220W,ORF-V,0,0,0,0,0
YOR328W,ORF-V,0,0,0,0,0
YCL022C,ORF-DU,0,0,0,0,0
YOL072W,ORF-V,0,0,0,0,0
YNL051W,ORF-V,0,0,0,0,0
YNL318C,ORF-V,0,0,0,0,0
YBL090W,ORF-V,0,0,0,0,0
YJLCDELTA6,LTR,0,0,0,0,0
YBR065C,ORF-V,0,0,0,0,0
YER030W,ORF-V,0,0,0,0,0
YLL002W,ORF-V,0,0,0,0,0
YBR030W,ORF-V,0,0,0,0,0
YER022W,ORF-V,1,1,1,3,1
YML029W,ORF-V,0,0,0,0,0
YOR091W,ORF-V,0,0,0,0,0
YER184C,ORF-V,0,0,0,0,0
YBR176W,ORF-V,0,0,0,0,0
YOR363C,ORF-V,0,0,0,0,0
YDR129C,ORF-V,0,0,0,0,0
YFR008W,ORF-V,0,0,0,0,0
YOR378W,ORF-V,0,0,0,0,0
YCLWTY2-1,LTR,0,0,0,0,0
YGR108W,ORF-V,0,0,0,0,0
YGL161C,ORF-V,0,0,0,0,0
YPL124W,ORF-V,1,0,1,2,1
YDR289C,ORF-V,0,0,0,0,0
YHR190W,ORF-V,1,1,1,3,1
YCR024C,ORF-V,0,0,0,0,0
YBR090C,ORF-U,0,0,0,0,0
YMR278W,ORF-V,0,0,0,0,0
YNL077W,ORF-V,0,0,0,0,0
YGR254W,ORF-V,0,0,0,0,0
YLR306W,ORF-V,0,0,0,0,0
YER129W,ORF-V,0,0,0,0,0
YDL247W,ORF-V,0,0,0,0,0
YMR305C,ORF-V,0,0,0,0,0
YOR379C,ORF-DU,0,0,0,0,0
YIL099W,ORF-V,0,0,0,0,0
YMR089C,ORF-V,0,0,0,0,0
YOR174W,ORF-V,1,1,1,3,1
YKL197C,ORF-V,0,0,0,0,0
YNL219C,ORF-V,0,0,0,0,0
YDR391C,ORF-U,0,0,0,0,0
YNL246W,ORF-V,1,0,0,1,1
YOR237W,ORF-V,0,0,0,0,0
YML042W,ORF-V,0,0,0,0,0
YJR157W,ORF-DU,0,0,0,0,0
YDR162C,ORF-V,0,0,0,0,0
YMR182C,ORF-V,0,0,0,0,0
YNLWTY1-2,LTR,0,0,0,0,0
YOLWDELTA5,LTR,0,0,0,0,0
YGR291C,ORF-DU,0,0,0,0,0
YEL028W,ORF-U,0,0,0,0,0
YLL018C,ORF-V,1,1,1,3,1
YJL008C,ORF-V,1,1,1,3,1
YHR197W,ORF-V,1,1,1,3,1
TR(ACG)L,tRNA gene,0,0,0,0,0
YPR002W,ORF-V,0,0,0,0,0
YJL184W,ORF-V,1,0,0,1,1
YGR063C,ORF-V,0,0,0,0,0
YDL230W,ORF-V,0,0,0,0,0
YGL245W,ORF-V,1,1,1,3,1
YHR015W,ORF-V,0,0,0,0,0
YBR122C,ORF-V,0,0,0,0,0
YJR124C,ORF-U,0,0,0,0,0
YLR442C,ORF-V,0,0,0,0,0
YNL288W,ORF-V,0,0,0,0,0
YOR039W,ORF-V,0,0,0,0,0
YDR256C,ORF-V,0,0,0,0,0
YPL073C,ORF-DU,0,0,0,0,0
YOR289W,ORF-U,0,0,0,0,0
YNL215W,ORF-V,0,0,0,0,0
YNL256W,ORF-V,1,1,1,3,1
YGL037C,ORF-V,0,0,0,0,0
YNL325C,ORF-V,0,0,0,0,0
YPL201C,ORF-V,0,0,0,0,0
YNL031C,ORF-V,1,0,0,1,1
YJL091C,ORF-V,1,1,1,3,1
YIL071C,ORF-V,0,0,0,0,0
YBR248C,ORF-V,0,0,0,0,0
YIL108W,ORF-V,0,0,0,0,0
YMRCDELTA10,LTR,0,0,0,0,0
YDR074W,ORF-V,0,0,0,0,0
YOR102W,ORF-DU,1,1,0,2,1
YDL024C,ORF-V,0,0,0,0,0
YGR141W,ORF-V,0,0,0,0,0
YOR293W,ORF-V,1,0,0,1,1
YJL003W,ORF-V,0,0,0,0,0
YEL039C,ORF-V,0,0,0,0,0
YHR183W,ORF-V,0,0,0,0,0
YLR144C,ORF-V,0,0,0,0,0
YFR038W,ORF-V,0,0,0,0,0
YLR151C,ORF-V,0,0,0,0,0
YOL005C,ORF-V,1,1,1,3,1
YDR048C,ORF-DU,0,0,0,0,0
YLR281C,ORF-U,0,0,0,0,0
YDR293C,ORF-V,1,0,0,1,1
YDR401W,ORF-DU,0,0,0,0,0
YOL155C,ORF-V,0,0,0,0,0
YKR104W,ORF-V,0,0,0,0,0
YDL017W,ORF-V,1,1,1,3,1
YMR151W,ORF-DU,0,0,0,0,0
YPR092W,ORF-DU,0,0,0,0,0
snr17a,snoRNA gene,0,0,0,0,0
YPR104C,ORF-V,1,0,1,2,1
YGL112C,ORF-V,1,1,1,3,1
YDR465C,ORF-V,0,0,0,0,0
YDL043C,ORF-V,1,1,1,3,1
YDR489W,ORF-V,1,1,1,3,1
YLR312C,ORF-V,0,0,0,0,0
YPL043W,ORF-V,1,1,1,3,1
YJR113C,ORF-V,0,0,0,0,0
YGR222W,ORF-V,0,0,0,0,0
YPL136W,ORF-DU,0,0,0,0,0
YOR012W,ORF-U,0,0,0,0,0
YOR022C,ORF-V,0,0,0,0,0
YJL178C,ORF-V,0,0,0,0,0
YDR220C,ORF-DU,0,0,0,0,0
YOR347C,ORF-V,0,0,0,0,0
YLR280C,ORF-DU,0,0,0,0,0
YLR053C,ORF-U,0,0,0,0,0
YJR104C,ORF-V,0,0,0,0,0
YKL065C,ORF-V,0,0,0,0,0
SNR48,snoRNA gene,0,0,0,0,0
YKR042W,ORF-V,0,0,0,0,0
YBR241C,ORF-V,0,0,0,0,0
YLR109W,ORF-V,0,0,0,0,0
YELCDELTA4,LTR,0,0,0,0,0
YHRCDELTA16,LTR,0,0,0,0,0
YDRWDELTA31,LTR,0,0,0,0,0
YLR096W,ORF-V,0,0,0,0,0
YDL067C,ORF-V,1,0,1,2,1
YNL194C,ORF-V,0,0,0,0,0
YLR048W,ORF-V,0,0,0,0,0
YKL115C,ORF-DU,0,0,0,0,0
YORWDELTA24,LTR,0,0,0,0,0
YIL023C,ORF-V,0,0,0,0,0
YMR257C,ORF-V,0,0,0,0,0
YKL008C,ORF-V,0,0,0,0,0
YDL190C,ORF-V,0,0,0,0,0
YDR265W,ORF-V,0,0,0,0,0
YBR084W,ORF-V,0,0,0,0,0
YPR192W,ORF-V,0,0,0,0,0
YNL017C,ORF-DU,0,0,0,0,0
YOR226C,ORF-V,0,0,0,0,0
YML035C-A,ORF-DU,0,0,0,0,0
YBR173C,ORF-V,0,0,0,0,0
YGR038W,ORF-V,0,0,0,0,0
YCL008C,ORF-V,0,0,0,0,0
YLR228C,ORF-V,0,0,0,0,0
YJL206C-A,ORF-V,0,0,0,0,0
YER132C,ORF-V,0,0,0,0,0
YHL017W,ORF-U,0,0,0,0,0
YMR193C-A,ORF-U,0,0,0,0,0
YBR119W,ORF-V,0,0,0,0,0
YLR253W,ORF-V,0,0,0,0,0
YJR002W,ORF-V,1,1,1,3,1
YER103W,ORF-V,0,0,0,0,0
YOR355W,ORF-V,0,0,0,0,0
YIL095W,ORF-V,0,0,0,0,0
YGL171W,ORF-V,1,1,1,3,1
YHL029C,ORF-U,0,0,0,0,0
YIL160C,ORF-V,0,0,0,0,0
YDR343C,ORF-V,0,0,0,0,0
YKR025W,ORF-V,1,1,1,3,1
YFR056C,ORF-DU,0,0,0,0,0
YDR358W,ORF-V,0,0,0,0,0
YFLWTY2-1,LTR,0,0,0,0,0
YKL176C,ORF-V,0,0,0,0,0
YLR337C,ORF-V,0,0,0,0,0
YDL158C,ORF-DU,0,0,0,0,0
YHR072W,ORF-V,1,1,1,3,1
YPL120W,ORF-V,1,0,0,1,1
YKL086W,ORF-V,0,0,0,0,0
YBL093C,ORF-V,0,0,0,0,0
YJR094C,ORF-V,0,0,0,0,0
YLR347C,ORF-V,1,1,1,3,1
YGR171C,ORF-V,0,0,0,0,0
YCR003W,ORF-V,0,0,0,0,0
YGL093W,ORF-V,1,1,1,3,1
YLR357W,ORF-V,0,0,0,0,0
YIL065C,ORF-V,0,0,0,0,0
YPL173W,ORF-V,0,0,0,0,0
YHRWDELTA13,LTR,0,0,0,0,0
YML107C,ORF-V,0,0,0,0,0
YKR065C,ORF-V,0,0,0,0,0
YPLWDELTA3,LTR,0,0,0,0,0
YDR252W,ORF-V,0,0,0,0,0
YBL091C,ORF-V,0,0,0,0,0
YGLWDELTA7,LTR,0,0,0,0,0
YHL006C,ORF-V,0,0,0,0,0
YMR019W,ORF-V,0,0,0,0,0
YPR081C,ORF-V,0,0,0,0,0
YER066W,ORF-U,0,0,0,0,0
YER008C,ORF-V,1,0,1,2,1
YDR066C,ORF-V,0,0,0,0,0
YKL180W,ORF-V,1,1,1,3,1
YMR030W,ORF-V,0,0,0,0,0
YDL130W,ORF-V,0,0,0,0,0
YLR430W,ORF-V,1,1,1,3,1
SNR74,snoRNA gene,0,0,0,0,0
YBR290W,ORF-V,0,0,0,0,0
TA(AGC)L,tRNA gene,0,0,0,0,0
YJL027C,ORF-U,0,0,0,0,0
YDL199C,ORF-U,0,0,0,0,0
YBR214W,ORF-V,0,0,0,0,0
TG(CCC)O,tRNA gene,0,0,0,0,0
YNL164C,ORF-V,0,0,0,0,0
TQ(UUG)C,tRNA gene,0,0,0,0,0
YDL034W,ORF-DU,0,0,0,0,0
YPR150W,ORF-DU,0,0,0,0,0
YPL046C,ORF-V,0,0,0,0,0
YMR268C,ORF-V,1,1,1,3,1
YGR252W,ORF-V,1,0,0,1,1
YLL061W,ORF-V,0,0,0,0,0
YHR114W,ORF-V,0,0,0,0,0
YNL244C,ORF-V,1,1,1,3,1
YNR075W,ORF-V,0,0,0,0,0
YER007C-A,ORF-V,0,0,0,0,0
YDR113C,ORF-V,1,1,1,3,1
YGL014W,ORF-V,1,0,1,2,1
YDL102W,ORF-V,1,1,1,3,1
YML121W,ORF-V,0,0,0,0,0
YJL058C,ORF-V,0,0,0,0,0
YNL058C,ORF-U,0,0,0,0,0
YLR062C,ORF-DU,0,0,0,0,0
YIL097W,ORF-V,0,0,0,0,0
YER084W,ORF-U,0,0,0,0,0
YDR064W,ORF-V,1,1,1,3,1
YNL272C,ORF-V,1,1,1,3,1
YOL100W,ORF-V,1,0,0,1,1
YHL001W,ORF-V,0,0,0,0,0
YOR094W,ORF-V,0,0,0,0,0
YOR176W,ORF-V,1,1,1,3,1
YPL010W,ORF-V,1,1,1,3,1
YPL081W,ORF-V,0,0,0,0,0
YJL214W,ORF-V,0,0,0,0,0
YHR138C,ORF-V,0,0,0,0,0
YLR036C,ORF-U,0,0,0,0,0
YHR043C,ORF-V,0,0,0,0,0
YNR068C,ORF-U,0,0,0,0,0
YOL057W,ORF-V,0,0,0,0,0
YER107C,ORF-V,0,0,0,0,0
YDL009C,ORF-U,0,0,0,0,0
YOL081W,ORF-V,0,0,0,0,0
YGL201C,ORF-V,1,1,1,3,1
YDRCDELTA6A,LTR,0,0,0,0,0
YGL098W,ORF-V,1,1,1,3,1
YLR427W,ORF-V,0,0,0,0,0
YGL141W,ORF-V,0,0,0,0,0
YPL059W,ORF-V,0,0,0,0,0
YJR024C,ORF-V,0,0,0,0,0
YLR094C,ORF-V,0,0,0,0,0
YBL018C,ORF-V,1,1,1,3,1
YKL194C,ORF-V,0,0,0,0,0
YER046W,ORF-V,0,0,0,0,0
YHR199C,ORF-V,0,0,0,0,0
YBR044C,ORF-V,0,0,0,0,0
YKL147C,ORF-DU,0,0,0,0,0
YKL002W,ORF-V,0,0,0,0,0
YNL147W,ORF-V,1,0,0,1,1
YCL048W,ORF-V,0,0,0,0,0
YDR199W,ORF-DU,0,0,0,0,0
YNL177C,ORF-V,0,0,0,0,0
YHR059W,ORF-V,0,0,0,0,0
YOR004W,ORF-V,1,1,1,3,1
YGR248W,ORF-V,0,0,0,0,0
YOR142W,ORF-V,0,0,0,0,0
YCR092C,ORF-V,0,0,0,0,0
YLR262C,ORF-V,0,0,0,0,0
YNL034W,ORF-U,0,0,0,0,0
YPR017C,ORF-V,0,0,0,0,0
YHR147C,ORF-V,0,0,0,0,0
YDR531W,ORF-V,1,1,1,3,1
YOL145C,ORF-V,0,0,0,0,0
YBL049W,ORF-V,0,0,0,0,0
YPR139C,ORF-V,0,0,0,0,0
YGL102C,ORF-DU,1,1,0,2,1
YJR018W,ORF-DU,0,0,0,0,0
YDL095W,ORF-V,0,0,0,0,0
YFL018C,ORF-V,0,0,0,0,0
YDR260C,ORF-V,0,0,0,0,0
YNL306W,ORF-V,1,1,1,3,1
YNL148C,ORF-V,0,0,0,0,0
YDR249C,ORF-U,0,0,0,0,0
YOR131C,ORF-V,0,0,0,0,0
YJL023C,ORF-V,0,0,0,0,0
YMR265C,ORF-U,0,0,0,0,0
YBR211C,ORF-V,1,1,1,3,1
YJR116W,ORF-U,0,0,0,0,0
YMR129W,ORF-V,0,0,0,0,0
YPR097W,ORF-V,0,0,0,0,0
YJR083C,ORF-V,0,0,0,0,0
YKL029C,ORF-V,0,0,0,0,0
YGR005C,ORF-V,1,1,1,3,1
YDR051C,ORF-V,0,0,0,0,0
YNRCTAU3,LTR,0,0,0,0,0
YFL026W,ORF-V,0,0,0,0,0
YOR084W,ORF-V,0,0,0,0,0
YDR485C,ORF-V,0,0,0,0,0
YNL138W,ORF-V,1,0,0,1,1
CEN4,centromere,0,0,0,0,0
YKL114C,ORF-V,0,0,0,0,0
YBR104W,ORF-V,0,0,0,0,0
YER119C-A,ORF-DU,0,0,0,0,0
YDR124W,ORF-U,0,0,0,0,0
YER041W,ORF-V,0,0,0,0,0
YNR012W,ORF-V,0,0,0,0,0
YNL222W,ORF-V,1,1,1,3,1
YDR304C,ORF-V,0,0,0,0,0
YKL007W,ORF-V,0,0,0,0,0
YOL088C,ORF-V,0,0,0,0,0
YDR525W-A,ORF-V,0,0,0,0,0
YDR474C,ORF-M,0,0,0,0,0
YOR011W,ORF-V,0,0,0,0,0
YGLWDELTA4,LTR,0,0,0,0,0
YFL042C,ORF-V,0,0,0,0,0
YNL257C,ORF-V,0,0,0,0,0
YKL036C,ORF-DU,1,0,0,1,1
YIL030C,ORF-V,0,0,0,0,0
YLR451W,ORF-V,0,0,0,0,0
YPL022W,ORF-V,0,0,0,0,0
YMR012W,ORF-V,0,0,0,0,0
YOR339C,ORF-V,0,0,0,0,0
YER162C,ORF-V,0,0,0,0,0
YLR421C,ORF-V,0,0,0,0,0
YGL116W,ORF-V,1,1,1,3,1
YJL187C,ORF-V,0,0,0,0,0
YLR395C,ORF-V,0,0,0,0,0
YMR073C,ORF-V,0,0,0,0,0
YNR045W,ORF-V,0,0,0,0,0
YMR324C,ORF-DU,0,0,0,0,0
YGR119C,ORF-V,1,1,1,3,1
YNL204C,ORF-V,0,0,0,0,0
YDL226C,ORF-V,0,0,0,0,0
YDR486C,ORF-V,0,0,0,0,0
YFR046C,ORF-V,0,0,0,0,0
YJR133W,ORF-V,0,0,0,0,0
YJR063W,ORF-V,0,0,0,0,0
YKR053C,ORF-V,0,0,0,0,0
YDR395W,ORF-V,1,0,0,1,1
YOR059C,ORF-V,0,0,0,0,0
YER122C,ORF-V,0,0,0,0,0
YJL013C,ORF-V,0,0,0,0,0
YBL103C,ORF-V,0,0,0,0,0
YBR027C,ORF-U,0,0,0,0,0
YER091C,ORF-V,0,0,0,0,0
YIR026C,ORF-V,0,0,0,0,0
YPR154W,ORF-V,0,0,0,0,0
SNR46,snoRNA gene,0,0,0,0,0
YKL128C,ORF-V,0,0,0,0,0
YCR009C,ORF-V,0,0,0,0,0
YLR318W,ORF-V,0,0,0,0,0
YCL035C,ORF-V,0,0,0,0,0
YPL146C,ORF-V,1,0,1,2,1
YLR418C,ORF-V,0,0,0,0,0
YHR021W-A,ORF-U,0,0,0,0,0
YGL024W,ORF-DU,0,0,0,0,0
YBR232C,ORF-DU,0,0,0,0,0
YAL030W,ORF-V,0,0,0,0,0
YBR112C,ORF-V,1,0,0,1,1
YDR373W,ORF-V,1,1,1,3,1
YJL192C,ORF-V,0,0,0,0,0
YLR208W,ORF-V,1,1,1,3,1
YHR002W,ORF-V,0,0,0,0,0
YBL086C,ORF-U,0,0,0,0,0
YJL145W,ORF-V,0,0,0,0,0
YLR060W,ORF-V,1,1,1,3,1
YGR205W,ORF-V,0,0,0,0,0
YOR056C,ORF-V,1,1,1,3,1
YPL260W,ORF-V,0,0,0,0,0
YML056C,ORF-V,0,0,0,0,0
YNL100W,ORF-V,0,0,0,0,0
YMR176W,ORF-V,0,0,0,0,0
YNL023C,ORF-V,0,0,0,0,0
YMR325W,ORF-V,0,0,0,0,0
YPL089C,ORF-V,0,0,0,0,0
YKL113C,ORF-V,1,0,0,1,1
YPLWDELTA4,LTR,0,0,0,0,0
YKR039W,ORF-V,0,0,0,0,0
YBRWDELTA13,LTR,0,0,0,0,0
YLR164W,ORF-V,0,0,0,0,0
YHR154W,ORF-V,0,0,0,0,0
YBR059C,ORF-V,1,0,0,1,1
YGRCDELTA12,LTR,0,0,0,0,0
YBR286W,ORF-V,0,0,0,0,0
YKL132C,ORF-V,0,0,0,0,0
YAL043C-A,ORF-DU,0,0,0,0,0
YMR158W,ORF-V,0,0,0,0,0
YPL107W,ORF-U,0,0,0,0,0
YJL106W,ORF-V,0,0,0,0,0
YMR218C,ORF-V,1,1,1,3,1
YMR105C,ORF-V,0,0,0,0,0
YDR363W,ORF-V,0,0,0,0,0
YOR360C,ORF-V,0,0,0,0,0
YGLWDELTA10,LTR,0,0,0,0,0
YDR105C,ORF-V,0,0,0,0,0
YBL064C,ORF-V,0,0,0,0,0
YLR200W,ORF-V,0,0,0,0,0
YGR176W,ORF-DU,0,0,0,0,0
YDR276C,ORF-V,0,0,0,0,0
YJL152W,ORF-DU,0,0,0,0,0
YEL037C,ORF-V,0,0,0,0,0
YLL030C,ORF-U,0,0,0,0,0
YOR298C-A,ORF-V,0,0,0,0,0
YCR007C,ORF-U,0,0,0,0,0
YMR191W,ORF-V,0,0,0,0,0
YNR060W,ORF-V,0,0,0,0,0
YDR508C,ORF-V,0,0,0,0,0
YPL273W,ORF-V,0,0,0,0,0
YIL041W,ORF-V,0,0,0,0,0
YNL155W,ORF-V,0,0,0,0,0
YOL020W,ORF-V,0,0,0,0,0
YJL116C,ORF-V,0,0,0,0,0
YCR063W,ORF-V,0,0,0,0,0
YOR233W,ORF-V,1,0,1,2,1
YIL012W,ORF-U,0,0,0,0,0
YLR355C,ORF-V,1,1,1,3,1
YGL172W,ORF-V,1,1,1,3,1
YBR109w-a,ORF-DU,0,0,0,0,0
YGR078C,ORF-V,0,0,0,0,0
YNL107W,ORF-V,0,0,0,0,0
YPL147W,ORF-V,0,0,0,0,0
YEL018W,ORF-V,0,0,0,0,0
YKL198C,ORF-V,0,0,0,0,0
YIL165C,ORF-U,0,0,0,0,0
YPL097W,ORF-V,0,0,0,0,0
YEL053C,ORF-V,0,0,0,0,0
YJL175W,ORF-DU,0,0,0,0,0
YLR437C,ORF-V,0,0,0,0,0
YDL233W,ORF-U,0,0,0,0,0
YMR238W,ORF-V,0,0,0,0,0
YOL099C,ORF-DU,0,0,0,0,0
YML099C,ORF-V,0,0,0,0,0
YBL031W,ORF-V,0,0,0,0,0
YGR064W,ORF-DU,0,0,0,0,0
YBR151W,ORF-V,0,0,0,0,0
YBL084C,ORF-V,1,1,1,3,1
YPR193C,ORF-V,0,0,0,0,0
YBL027W,ORF-V,0,0,0,0,0
YML058w-a,ORF-V,0,0,0,0,0
YML101C,ORF-V,0,0,0,0,0
YLR023C,ORF-V,0,0,0,0,0
YEL016C,ORF-V,0,0,0,0,0
YCR098C,ORF-V,0,0,0,0,0
YML129C,ORF-V,0,0,0,0,0
YJL179W,ORF-V,0,0,0,0,0
YDR150W,ORF-V,0,0,0,0,0
YDR078C,ORF-V,0,0,0,0,0
YLR392C,ORF-V,0,0,0,0,0
YML048W-A,ORF-DU,0,0,0,0,0
YFR023W,ORF-V,0,0,0,0,0
YKL073W,ORF-V,0,0,0,0,0
YFRWDELTA10,LTR,0,0,0,0,0
YDR021W,ORF-V,1,1,1,3,1
YOR087W,ORF-V,0,0,0,0,0
YDR501W,ORF-V,0,0,0,0,0
YAL017W,ORF-V,0,0,0,0,0
YAL064C-A,ORF-U,0,0,0,0,0
YKL098W,ORF-V,0,0,0,0,0
YLR035C,ORF-V,0,0,0,0,0
YOR380W,ORF-V,0,0,0,0,0
YML062C,ORF-V,0,0,0,0,0
YGR089W,ORF-V,0,0,0,0,0
COX1,ORF-V,0,0,0,0,0
YLR140W,ORF-DU,1,0,0,1,1
YGL178W,ORF-V,0,0,0,0,0
YBR003W,ORF-V,0,0,0,0,0
ARS607,ARS,0,0,0,0,0
YBR078W,ORF-V,0,0,0,0,0
YBR157C,ORF-V,0,0,0,0,0
YHR128W,ORF-V,1,0,0,1,1
YDR375C,ORF-V,0,0,0,0,0
YPL047W,ORF-V,0,0,0,0,0
YML065W,ORF-V,1,1,1,3,1
YOR348C,ORF-V,0,0,0,0,0
YDRWDELTA27,LTR,0,0,0,0,0
YJR148W,ORF-V,0,0,0,0,0
YKL177W,ORF-DU,0,0,0,0,0
YBR205W,ORF-V,0,0,0,0,0
YNL337W,ORF-DU,0,0,0,0,0
YIR016W,ORF-U,0,0,0,0,0
YKL182W,ORF-V,1,1,1,3,1
YLR209C,ORF-V,0,0,0,0,0
YJR092W,ORF-V,0,0,0,0,0
YBR096W,ORF-U,0,0,0,0,0
TE(UUC)E1,tRNA gene,0,0,0,0,0
YKRWDELTA10,ORF-V,0,0,0,0,0
YKR026C,ORF-V,0,0,0,0,0
YHR086W,ORF-V,1,0,1,2,1
YAL068C,ORF-V,0,0,0,0,0
YML108W,ORF-V,0,0,0,0,0
YOL064C,ORF-V,0,0,0,0,0
YPL229W,ORF-U,0,0,0,0,0
YOL148C,ORF-V,0,0,0,0,0
YDR194C,ORF-V,0,0,0,0,0
YBR167C,ORF-V,1,1,1,3,1
YKL087C,ORF-V,0,0,0,0,0
YHR118C,ORF-V,1,1,1,3,1
YGR199W,ORF-V,0,0,0,0,0
YKR043C,ORF-V,0,0,0,0,0
YCLCDELTA1,LTR,0,0,0,0,0
YIL110W,ORF-V,0,0,0,0,0
YGR285C,ORF-V,0,0,0,0,0
YDR072C,ORF-V,0,0,0,0,0
YPL241C,ORF-V,0,0,0,0,0
YJL167W,ORF-V,1,1,1,3,1
YLR015W,ORF-V,0,0,0,0,0
YNL339C,ORF-V,0,0,0,0,0
YNL273W,ORF-V,0,0,0,0,0
YNR037C,ORF-V,0,0,0,0,0
YPRCDELTA23,LTR,0,0,0,0,0
YDL111C,ORF-V,1,1,1,3,1
YBR185C,ORF-V,0,0,0,0,0
YJL004C,ORF-V,0,0,0,0,0
YIL096C,ORF-V,0,0,0,0,0
YCR020C-A,ORF-V,0,0,0,0,0
YBR266C,ORF-V,0,0,0,0,0
YLR334C,ORF-DU,0,0,0,0,0
YBL094C,ORF-DU,0,0,0,0,0
YDR257C,ORF-V,0,0,0,0,0
YDR428C,ORF-V,0,0,0,0,0
YMR181C,ORF-U,0,0,0,0,0
YLR428C,ORF-DU,0,0,0,0,0
YML082W,ORF-U,0,0,0,0,0
YOL133W,ORF-V,1,1,1,3,1
YLR278C,ORF-U,0,0,0,0,0
YGL078C,ORF-V,0,0,0,0,0
YFL046W,ORF-V,0,0,0,0,0
YJL076W,ORF-V,1,1,1,3,1
YOR017W,ORF-V,0,0,0,0,0
YDR314C,ORF-V,0,0,0,0,0
YJRWTY1-1,LTR,0,0,0,0,0
YGR225W,ORF-V,0,0,0,0,0
YGR123C,ORF-V,0,0,0,0,0
YHR209W,ORF-V,0,0,0,0,0
YGR290W,ORF-DU,0,0,0,0,0
YMR275C,ORF-V,0,0,0,0,0
YDR217C,ORF-V,0,0,0,0,0
YDR128W,ORF-V,0,0,0,0,0
YNL092W,ORF-V,0,0,0,0,0
YIR028W,ORF-V,0,0,0,0,0
YNL329C,ORF-V,0,0,0,0,0
YNL287W,ORF-V,1,1,1,3,1
YOR288C,ORF-V,0,0,0,0,0
YIRCDELTA6,LTR,0,0,0,0,0
YGL170C,ORF-V,0,0,0,0,0
YDR442W,ORF-DU,0,0,0,0,0
YKR075C,ORF-U,1,0,0,1,1
YMR057C,ORF-DU,0,0,0,0,0
YGL244W,ORF-V,0,0,0,0,0
YNL193W,ORF-U,0,0,0,0,0
YLL029W,ORF-V,0,0,0,0,0
YOL087C,ORF-V,0,0,0,0,0
YLR110C,ORF-V,0,0,0,0,0
YJL014W,ORF-V,1,1,1,3,1
YOL119C,ORF-V,0,0,0,0,0
YER068W,ORF-V,1,0,0,1,1
YJR091C,ORF-V,0,0,0,0,0
YLR251W,ORF-V,0,0,0,0,0
YNL028W,ORF-DU,1,0,0,1,1
YFL001W,ORF-V,0,0,0,0,0
YDL130W-A,ORF-V,0,0,0,0,0
YKR085C,ORF-V,0,0,0,0,0
YCR071C,ORF-V,0,0,0,0,0
YMR100W,ORF-V,0,0,0,0,0
YDR294C,ORF-V,0,0,0,0,0
YMR108W,ORF-V,0,0,0,0,0
YOL004W,ORF-V,0,0,0,0,0
YPR133C,ORF-V,1,1,1,3,1
YDR177W,ORF-V,1,0,1,2,1
YGR270W,ORF-V,0,0,0,0,0
YHRWDELTA9,LTR,0,0,0,0,0
YMR243C,ORF-V,0,0,0,0,0
YMR221C,ORF-U,0,0,0,0,0
YMR111C,ORF-V,0,0,0,0,0
YMR162C,ORF-V,0,0,0,0,0
YGL072C,ORF-DU,0,0,0,0,0
YDL171C,ORF-V,0,0,0,0,0
YDR420W,ORF-V,1,0,0,1,1
YGRWDELTA22,LTR,0,0,0,0,0
YLR310C,ORF-V,1,1,1,3,1
YDR357C,ORF-V,0,0,0,0,0
YIL157C,ORF-V,0,0,0,0,0
YGRWDELTA26,LTR,0,0,0,0,0
YGL194C,ORF-V,0,0,0,0,0
YFL034C-A,ORF-V,0,0,0,0,0
YMR033W,ORF-V,1,0,1,2,1
YFR050C,ORF-V,1,1,1,3,1
YGR150C,ORF-V,0,0,0,0,0
YBL011W,ORF-V,0,0,0,0,0
YGL041C,ORF-DU,0,0,0,0,0
YOR010C,ORF-V,0,0,0,0,0
YDR138W,ORF-V,0,0,0,0,0
YBR071W,ORF-V,0,0,0,0,0
YNR040W,ORF-V,0,0,0,0,0
YPR042C,ORF-V,0,0,0,0,0
YHRWDELTA7,LTR,0,0,0,0,0
YPL069C,ORF-V,0,0,0,0,0
YPR167C,ORF-V,0,0,0,0,0
YCR037C,ORF-V,0,0,0,0,0
YJLWDELTA15,LTR,0,0,0,0,0
YLR367W,ORF-V,0,0,0,0,0
YLR329W,ORF-V,0,0,0,0,0
YPL098C,ORF-V,0,0,0,0,0
TS(AGA)A,tRNA gene,0,0,0,0,0
YNR062C,ORF-V,0,0,0,0,0
YGR120C,ORF-V,1,0,1,2,1
YHR153C,ORF-V,0,0,0,0,0
YLR063W,ORF-V,0,0,0,0,0
YOL165C,ORF-V,0,0,0,0,0
YPR103W,ORF-V,1,1,1,3,1
YLR266C,ORF-V,0,0,0,0,0
YBR270C,ORF-V,0,0,0,0,0
YLR390W,ORF-V,0,0,0,0,0
YNL020C,ORF-V,1,0,1,2,1
YOR154W,ORF-V,0,0,0,0,0
TLC1,telomerase RNA gene,0,0,0,0,0
TR(UCU)M1,tRNA gene,0,0,0,0,0
YGL229C,ORF-V,0,0,0,0,0
YBR281C,ORF-V,0,0,0,0,0
YOR113W,ORF-V,0,0,0,0,0
SNR5,snoRNA gene,0,0,0,0,0
YDL185W,ORF-V,0,0,0,0,0
YLR224W,ORF-V,0,0,0,0,0
YPL104W,ORF-V,0,0,0,0,0
YBL073W,ORF-DU,1,1,0,2,1
YBLWDELTA9,LTR,0,0,0,0,0
YNL255C,ORF-V,0,0,0,0,0
YNL331C,ORF-V,0,0,0,0,0
YCLWDELTA5,LTR,0,0,0,0,0
YDRCSIGMA6,LTR,0,0,0,0,0
YLR265C,ORF-V,0,0,0,0,0
YOR014W,ORF-V,0,0,0,0,0
YER033C,ORF-V,0,0,0,0,0
YJL168C,ORF-V,0,0,0,0,0
YMR242C,ORF-V,0,0,0,0,0
YLR113W,ORF-V,0,0,0,0,0
YDL010W,ORF-V,0,0,0,0,0
YOL056W,ORF-V,0,0,0,0,0
YDL149W,ORF-V,1,0,0,1,1
YMR157C,ORF-V,0,0,0,0,0
YNR071C,ORF-U,0,0,0,0,0
YBR285W,ORF-U,0,0,0,0,0
YJR145C,ORF-V,0,0,0,0,0
YDR163W,ORF-V,0,0,0,0,0
YKL005C,ORF-V,0,0,0,0,0
YMR054W,ORF-V,0,0,0,0,0
YDR348C,ORF-V,0,0,0,0,0
YOR260W,ORF-V,1,1,1,3,1
YMR122w-a,ORF-U,0,0,0,0,0
YKR038C,ORF-V,1,0,1,2,1
YLR026C,ORF-V,1,1,1,3,1
YMR210W,ORF-V,0,0,0,0,0
YPR126C,ORF-DU,0,0,0,0,0
TQ(UUG)B,tRNA gene,0,0,0,0,0
YOR313C,ORF-V,0,0,0,0,0
YPRCDELTA13,LTR,0,0,0,0,0
YKL170W,ORF-V,0,0,0,0,0
YIL072W,ORF-V,0,0,0,0,0
YGL064C,ORF-V,0,0,0,0,0
YHR056w-a,ORF-DU,0,0,0,0,0
YJL203W,ORF-V,1,1,1,3,1
YER083C,ORF-V,0,0,0,0,0
YDL079C,ORF-V,0,0,0,0,0
YER006W,ORF-V,1,1,1,3,1
YBL102W,ORF-V,1,0,1,2,1
YBR051W,ORF-DU,0,0,0,0,0
TS(AGA)D1,tRNA gene,0,0,0,0,0
YJL222W,ORF-V,0,0,0,0,0
YIL088C,ORF-V,0,0,0,0,0
YGR259C,ORF-DU,0,0,0,0,0
YBR113W,ORF-DU,0,0,0,0,0
YFLWDELTA5,LTR,0,0,0,0,0
YALWDELTA1,LTR,0,0,0,0,0
YER161C,ORF-V,0,0,0,0,0
YLR396C,ORF-V,0,0,0,0,0
YGL200C,ORF-V,0,0,0,0,0
YHR167W,ORF-V,0,0,0,0,0
YGL207W,ORF-V,1,1,1,3,1
YDL238C,ORF-V,0,0,0,0,0
YGR190C,ORF-DU,1,1,0,2,1
YFL025C,ORF-V,0,0,0,0,0
YIL141W,ORF-DU,0,0,0,0,0
YDR011W,ORF-V,0,0,0,0,0
YFL013w-a,ORF-DU,0,0,0,0,0
YOR249C,ORF-V,1,1,1,3,1
YJL132W,ORF-U,0,0,0,0,0
YLR022C,ORF-V,1,0,1,2,1
YER179W,ORF-V,0,0,0,0,0
YDR302W,ORF-V,1,1,1,3,1
YEL036C,ORF-V,0,0,0,0,0
YCL018W,ORF-V,0,0,0,0,0
YHR145C,ORF-DU,0,0,0,0,0
YNL103W,ORF-V,1,0,1,2,1
YIL075C,ORF-V,1,1,1,3,1
YJR132W,ORF-V,0,0,0,0,0
YEL052W,ORF-V,0,0,0,0,0
YGR175C,ORF-V,1,1,1,3,1
YBL050W,ORF-V,1,1,1,3,1
YGLCDELTA5,LTR,0,0,0,0,0
YGL050W,ORF-V,0,0,0,0,0
YJR030C,ORF-U,0,0,0,0,0
YPR031W,ORF-V,0,0,0,0,0
YIR017w-a,ORF-DU,0,0,0,0,0
YCR094W,ORF-V,0,0,0,0,0
YERWDELTA7,LTR,0,0,0,0,0
YMR136W,ORF-V,0,0,0,0,0
YOL012C,ORF-V,0,0,0,0,0
YORCDELTA25,LTR,0,0,0,0,0
YHR085W,ORF-V,1,1,1,3,1
Q0115,ORF-V,0,0,0,0,0
YNR029C,ORF-U,0,0,0,0,0
YGL081W,ORF-U,0,0,0,0,0
YLR354C,ORF-V,0,0,0,0,0
YER081W,ORF-V,0,0,0,0,0
YPR052C,ORF-V,0,0,0,0,0
YLRCTY1-1,LTR,0,0,0,0,0
YJL123C,ORF-V,1,0,1,2,1
YFL027C,ORF-V,0,0,0,0,0
YGR182C,ORF-DU,0,0,0,0,0
YMR114C,ORF-V,0,0,0,0,0
YER166W,ORF-V,0,0,0,0,0
YJL043W,ORF-U,0,0,0,0,0
YFR006W,ORF-U,0,0,0,0,0
YOR005C,ORF-V,0,0,0,0,0
YPR156C,ORF-V,0,0,0,0,0
YORWTAU3,LTR,0,0,0,0,0
YIL039W,ORF-V,0,0,0,0,0
YBR142W,ORF-V,1,1,1,3,1
YKL037W,ORF-V,1,0,0,1,1
YDL030W,ORF-V,1,1,1,3,1
YNR025C,ORF-DU,0,0,0,0,0
YORWDELTA16,LTR,0,0,0,0,0
YLR102C,ORF-V,0,0,0,0,0
YKL058W,ORF-V,1,1,1,3,1
YOR359W,ORF-V,0,0,0,0,0
YMR173W,ORF-V,0,0,0,0,0
YJL129C,ORF-V,0,0,0,0,0
YJL148W,ORF-V,0,0,0,0,0
YARWDELTA6,LTR,0,0,0,0,0
YNL123W,ORF-V,0,0,0,0,0
YPR066W,ORF-V,0,0,0,0,0
YPL190C,ORF-V,1,1,1,3,1
YHL026C,ORF-U,0,0,0,0,0
YJL107C,ORF-U,0,0,0,0,0
YKL148C,ORF-V,0,0,0,0,0
YJL216C,ORF-V,0,0,0,0,0
YMR217W,ORF-V,0,0,0,0,0
YPL040C,ORF-V,0,0,0,0,0
YMR065W,ORF-V,0,0,0,0,0
YLL006W,ORF-V,0,0,0,0,0
YNL250W,ORF-V,1,0,0,1,1
YOR124C,ORF-V,0,0,0,0,0
YBLWDELTA1,LTR,0,0,0,0,0
YIL057C,ORF-V,0,0,0,0,0
YOL158C,ORF-V,0,0,0,0,0
YAR035W,ORF-V,0,0,0,0,0
YCR021C,ORF-V,0,0,0,0,0
YNL009W,ORF-V,0,0,0,0,0
YLR466W,ORF-V,0,0,0,0,0
YIL134W,ORF-V,0,0,0,0,0
YPR094W,ORF-V,1,0,1,2,1
YBL022C,ORF-V,0,0,0,0,0
YMR023C,ORF-V,0,0,0,0,0
YNL062C,ORF-V,1,1,1,3,1
YDR427W,ORF-V,1,0,1,2,1
YAL031C,ORF-V,0,0,0,0,0
YIL126W,ORF-V,1,1,1,3,1
YIR043C,BRF,0,0,0,0,0
YJR017C,ORF-V,1,1,1,3,1
YCR001W,ORF-U,0,0,0,0,0
YPL133C,ORF-V,0,0,0,0,0
YKL062W,ORF-V,0,0,0,0,0
YMR193W,ORF-V,0,0,0,0,0
YERCTY1-1,LTR,0,0,0,0,0
YGRWTY1-1,LTR,0,0,0,0,0
YIL003W,ORF-V,1,1,1,3,1
YOL102C,ORF-V,1,1,1,3,1
YPR151C,ORF-V,0,0,0,0,0
YLR375W,ORF-V,1,0,1,2,1
YOR385W,ORF-U,0,0,0,0,0
YIL144W,ORF-V,1,1,0,2,1
YPR016C,ORF-V,1,1,1,3,1
YGR039W,ORF-U,0,0,0,0,0
YDL005C,ORF-V,0,0,0,0,0
YIR027C,ORF-V,0,0,0,0,0
YPL018W,ORF-V,0,0,0,0,0
YLR423C,ORF-V,1,0,0,1,1
SNR50,snoRNA gene,0,0,0,0,0
YCL010C,ORF-V,0,0,0,0,0
YKL187C,ORF-V,0,0,0,0,0
YIL043C,ORF-V,0,0,0,0,0
YLRWTY1-2,LTR,0,0,0,0,0
YMR293C,ORF-V,0,0,0,0,0
YHR193C,ORF-V,0,0,0,0,0
YER042W,ORF-V,0,0,0,0,0
YDR166C,ORF-V,1,0,1,2,1
YGL115W,ORF-V,0,0,0,0,0
YLR215C,ORF-V,1,1,1,3,1
YIL009C-A,ORF-V,0,0,0,0,0
YJR161C,ORF-V,0,0,0,0,0
YOR225W,ORF-DU,0,0,0,0,0
YFL049W,ORF-V,0,0,0,0,0
YDR351W,ORF-V,0,0,0,0,0
SNR65,snoRNA gene,0,0,0,0,0
YERCSIGMA2,LTR,0,0,0,0,0
YGRCTY1-2,LTR,0,0,0,0,0
YKL125W,ORF-V,1,1,1,3,1
YJL190C,ORF-V,0,0,0,0,0
YBR242W,ORF-V,0,0,0,0,0
YJR115W,ORF-U,0,0,0,0,0
YDR539W,ORF-V,0,0,0,0,0
YDL157C,ORF-U,0,0,0,0,0
YDR467C,ORF-DU,0,0,0,0,0
YER009W,ORF-V,1,1,1,3,1
YHR126C,ORF-U,0,0,0,0,0
YER154W,ORF-V,0,0,0,0,0
YOR069W,ORF-V,0,0,0,0,0
YPL021W,ORF-V,0,0,0,0,0
YKL051W,ORF-V,0,0,0,0,0
YDL103C,ORF-V,1,1,1,3,1
YHR152W,ORF-V,0,0,0,0,0
YOL035C,ORF-DU,0,0,0,0,0
YDR133C,ORF-DU,0,0,0,0,0
YKL011C,ORF-V,0,0,0,0,0
YER145C,ORF-V,0,0,0,0,0
YOL115W,ORF-V,0,0,0,0,0
YGL042C,ORF-DU,0,0,0,0,0
YHR113W,ORF-V,0,0,0,0,0
YMR132C,ORF-U,0,0,0,0,0
YJL055W,ORF-V,0,0,0,0,0
YGL211W,ORF-V,0,0,0,0,0
YJL117W,ORF-V,0,0,0,0,0
YJL048C,ORF-V,0,0,0,0,0
YIL171W,pseudogene,0,0,0,0,0
YHR121W,ORF-V,0,0,0,0,0
YMR037C,ORF-V,0,0,0,0,0
YBR196C,ORF-V,1,1,1,3,1
YOR057W,ORF-V,1,1,1,3,1
YBR068C,ORF-V,0,0,0,0,0
YLL067C,ORF-U,0,0,0,0,0
YPL209C,ORF-V,1,1,1,3,1
YJR082C,ORF-V,0,0,0,0,0
SNR73,snoRNA gene,0,0,0,0,0
YMR264W,ORF-V,0,0,0,0,0
YOR132W,ORF-V,0,0,0,0,0
YDL031W,ORF-V,1,1,1,3,1
YMR204C,ORF-V,0,0,0,0,0
YHR184W,ORF-V,0,0,0,0,0
YDR018C,ORF-U,0,0,0,0,0
YPL058C,ORF-V,0,0,0,0,0
YLR196W,ORF-V,1,1,1,3,1
YNL292W,ORF-V,0,0,0,0,0
YPR099C,ORF-V,0,0,0,0,0
YBR138C,ORF-U,0,0,0,0,0
YPL169C,ORF-V,1,1,1,3,1
YDR277C,ORF-V,0,0,0,0,0
YDR035W,ORF-V,0,0,0,0,0
YOL069W,ORF-V,1,1,1,3,1
YIL159W,ORF-V,0,0,0,0,0
YHR093W,ORF-U,0,0,0,0,0
YDR278C,ORF-U,0,0,0,0,0
YMR290W-A,ORF-DU,1,1,0,2,1
YHRCDELTA14,LTR,0,0,0,0,0
YNL024C,ORF-U,0,0,0,0,0
YGR249W,ORF-V,0,0,0,0,0
YKL218C,ORF-V,0,0,0,0,0
YER012W,ORF-V,1,1,1,3,1
YLR238W,ORF-V,0,0,0,0,0
YNR054C,ORF-V,1,1,1,3,1
YOR146W,ORF-DU,1,1,0,2,1
YBR042C,ORF-V,0,0,0,0,0
YGR234W,ORF-V,0,0,0,0,0
YHL030W,ORF-V,0,0,0,0,0
YNL146W,ORF-U,0,0,0,0,0
YJR025C,ORF-V,0,0,0,0,0
YCR064C,ORF-DU,0,0,0,0,0
YKR088C,ORF-V,0,0,0,0,0
LSR1,ORF-V,0,0,0,0,0
YLR016C,ORF-V,0,0,0,0,0
YKR077W,ORF-V,0,0,0,0,0
YDRWDELTA12,LTR,0,0,0,0,0
YDL222C,ORF-V,0,0,0,0,0
YOR245C,ORF-V,0,0,0,0,0
YBL077W,ORF-DU,1,1,0,2,1
YER013W,ORF-V,1,1,1,3,1
YIL162W,ORF-V,0,0,0,0,0
YER038w-a,ORF-U,0,0,0,0,0
YDL112W,ORF-V,0,0,0,0,0
YPL178W,ORF-V,0,0,0,0,0
YLR325C,ORF-V,0,0,0,0,0
RDN5-3,rRNA gene,0,0,0,0,0
YGR149W,ORF-V,0,0,0,0,0
YGL130W,ORF-V,1,1,1,3,1
YGRWDELTA23,LTR,0,0,0,0,0
YNR061C,ORF-V,0,0,0,0,0
YDL248W,ORF-V,0,0,0,0,0
YAR028W,ORF-U,0,0,0,0,0
YBR186W,ORF-V,0,0,0,0,0
YOR116C,ORF-V,1,1,1,3,1
YMRCTY1-3,LTR,0,0,0,0,0
YDL086W,ORF-U,0,0,0,0,0
YKL053W,ORF-DU,0,0,0,0,0
YNL299W,ORF-V,0,0,0,0,0
YNL224C,ORF-V,0,0,0,0,0
YML083C,ORF-V,0,0,0,0,0
YMR042W,ORF-V,0,0,0,0,0
YDRWSIGMA4,LTR,0,0,0,0,0
YGR178C,ORF-V,0,0,0,0,0
YGL152C,ORF-DU,0,0,0,0,0
YKRCDELTA9,LTR,0,0,0,0,0
YDR092W,ORF-V,0,0,0,0,0
YHR094C,ORF-V,0,0,0,0,0
YCRWDELTA12,LTR,0,0,0,0,0
YDR079W,ORF-V,0,0,0,0,0
YER060W,ORF-V,1,0,1,2,1
YHR123W,ORF-V,0,0,0,0,0
YPR130C,ORF-DU,0,0,0,0,0
YCR028C,ORF-V,0,0,0,0,0
YCR097W,ORF-V,0,0,0,0,0
YKL099C,ORF-V,1,1,1,3,1
YLR239C,ORF-V,0,0,0,0,0
YPL092W,ORF-V,0,0,0,0,0
YDR435C,ORF-V,0,0,0,0,0
YDR002W,ORF-V,1,1,1,3,1
YML013W,ORF-V,0,0,0,0,0
YBR036C,ORF-V,0,0,0,0,0
YGR100W,ORF-V,0,0,0,0,0
YOR071C,ORF-V,0,0,0,0,0
YMR147W,ORF-U,0,0,0,0,0
YLR257W,ORF-V,0,0,0,0,0
YGR262C,ORF-V,0,0,0,0,0
YLR411W,ORF-V,0,0,0,0,0
YBR064W,ORF-DU,0,0,0,0,0
YCL009C,ORF-V,0,0,0,0,0
SNR39b,snoRNA gene,0,0,0,0,0
YFL015C,ORF-U,0,0,0,0,0
YKR047W,ORF-DU,0,0,0,0,0
YGL225W,ORF-V,1,1,1,3,1
YER052C,ORF-V,0,0,0,0,0
YBR095C,ORF-V,0,0,0,0,0
YJR151C,ORF-V,0,0,0,0,0
YDR254W,ORF-V,0,0,0,0,0
YJR057W,ORF-V,1,1,1,3,1
YMR271C,ORF-V,0,0,0,0,0
YOR127W,ORF-V,0,0,0,0,0
YGL166W,ORF-V,1,0,1,2,1
YNL309W,ORF-V,0,0,0,0,0
YNL283C,ORF-V,0,0,0,0,0
YCLWDELTA2A,LTR,0,0,0,0,0
YOL062C,ORF-V,0,0,0,0,0
YJR106W,ORF-V,0,0,0,0,0
YAL023C,ORF-V,0,0,0,0,0
YHR192W,ORF-V,0,0,0,0,0
YHR164C,ORF-V,1,1,1,3,1
YKL137W,ORF-V,0,0,0,0,0
YBL080C,ORF-V,0,0,0,0,0
YOL135C,ORF-V,1,1,1,3,1
YLR436C,ORF-V,0,0,0,0,0
YDL155W,ORF-V,1,0,1,2,1
TV(AAC)J,tRNA gene,0,0,0,0,0
YBR263W,ORF-V,0,0,0,0,0
YAR070C,ORF-DU,0,0,0,0,0
YNL163C,ORF-V,1,1,1,3,1
YER114C,ORF-V,0,0,0,0,0
YMR298W,ORF-V,1,1,1,3,1
YFL010C,ORF-V,0,0,0,0,0
YDL208W,ORF-V,1,1,1,3,1
SNR128,snoRNA gene,0,0,0,0,0
YNL093W,ORF-V,0,0,0,0,0
YDR015C,ORF-DU,0,0,0,0,0
YML007W,ORF-V,0,0,0,0,0
YMR078C,ORF-V,1,0,0,1,1
YPL139C,ORF-V,0,0,0,0,0
YMR180C,ORF-V,0,0,0,0,0
YAL058W,ORF-V,0,0,0,0,0
YNL085W,ORF-V,0,0,0,0,0
YLR311C,ORF-DU,1,0,0,1,1
YHR179W,ORF-V,0,0,0,0,0
YLR389C,ORF-V,0,0,0,0,0
YPRWTAU4,LTR,0,0,0,0,0
YLL009C,ORF-V,0,0,0,0,0
YERWDELTA17,LTR,0,0,0,0,0
YOR170W,ORF-DU,0,0,0,0,0
YFL036W,ORF-V,0,0,0,0,0
YDL089W,ORF-V,1,0,0,1,1
YPR195C,ORF-U,0,0,0,0,0
YHL046C,ORF-V,0,0,0,0,0
YPR132W,ORF-V,0,0,0,0,0
YNL171C,ORF-DU,0,0,0,0,0
YHR099W,ORF-V,1,1,0,2,1
YHL025W,ORF-V,0,0,0,0,0
YGR133W,ORF-V,0,0,0,0,0
YML025C,ORF-V,1,0,1,2,1
YKL161C,ORF-V,0,0,0,0,0
YKR062W,ORF-V,1,1,1,3,1
YLR223C,ORF-V,1,1,1,3,1
YGL214W,ORF-DU,0,0,0,0,0
YPR069C,ORF-V,0,0,0,0,0
YDRCDELTA5,LTR,0,0,0,0,0
YNL057W,ORF-DU,0,0,0,0,0
YKR030W,ORF-V,0,0,0,0,0
YGL169W,ORF-V,1,0,1,2,1
YGR273C,ORF-U,0,0,0,0,0
YER135C,ORF-U,0,0,0,0,0
YKR013W,ORF-V,0,0,0,0,0
YIL038C,ORF-V,0,0,0,0,0
YDRCDELTA7,LTR,0,0,0,0,0
YNL315C,ORF-V,0,0,0,0,0
YBL010C,ORF-V,0,0,0,0,0
YNL073W,ORF-V,0,0,0,0,0
YOLWSIGMA2,LTR,0,0,0,0,0
YCR052W,ORF-V,1,1,1,3,1
YJL141C,ORF-V,0,0,0,0,0
YCR017C,ORF-V,0,0,0,0,0
YKR094C,ORF-V,0,0,0,0,0
YLR250W,ORF-V,0,0,0,0,0
YPR006C,ORF-V,0,0,0,0,0
YJR039W,ORF-U,0,0,0,0,0
YOR267C,ORF-V,0,0,0,0,0
YCR095C,ORF-U,0,0,0,0,0
YLR119W,ORF-V,0,0,0,0,0
YJL140W,ORF-V,0,0,0,0,0
YDL166C,ORF-V,1,1,1,3,1
YKL070W,ORF-U,0,0,0,0,0
YGR283C,ORF-V,0,0,0,0,0
YKL117W,ORF-V,0,0,0,0,0
YKL165C,ORF-V,1,1,1,3,1
YIR020C,ORF-U,0,0,0,0,0
YGL218W,ORF-DU,0,0,0,0,0
YERWDELTA25,LTR,0,0,0,0,0
YPL155C,ORF-V,0,0,0,0,0
YGL079W,ORF-V,0,0,0,0,0
YER069W,ORF-V,0,0,0,0,0
YDR407C,ORF-V,1,1,1,3,1
YOR200W,ORF-DU,0,0,0,0,0
YNL097C,ORF-V,0,0,0,0,0
YLL046C,ORF-V,0,0,0,0,0
YJR052W,ORF-V,0,0,0,0,0
YMR163C,ORF-V,0,0,0,0,0
YMR186W,ORF-V,0,0,0,0,0
YLR454W,ORF-U,1,0,0,1,1
YLRCDELTA3,LTR,0,0,0,0,0
YIL156W,ORF-V,0,0,0,0,0
SNR69,snoRNA gene,0,0,0,0,0
YML128C,ORF-V,1,0,1,2,1
YCL064C,ORF-V,0,0,0,0,0
YJR118C,ORF-V,0,0,0,0,0
YCR050C,ORF-U,0,0,0,0,0
YOR207C,ORF-V,1,1,1,3,1
YPR020W,ORF-V,0,0,0,0,0
YPR168W,ORF-V,1,1,1,3,1
YFR024C-A,ORF-V,0,0,0,0,0
YOR291W,ORF-V,0,0,0,0,0
YCR069W,ORF-V,0,0,0,0,0
YML102C-A,ORF-DU,0,0,0,0,0
YHR074W,ORF-V,1,1,1,3,1
YLR368W,ORF-V,0,0,0,0,0
YIL087C,ORF-V,0,0,0,0,0
YIL128W,ORF-V,0,0,0,0,0
YNL116W,ORF-V,0,0,0,0,0
YKL014C,ORF-V,1,1,1,3,1
YNR019W,ORF-V,0,0,0,0,0
YLR064W,ORF-V,0,0,0,0,0
YOL105C,ORF-V,0,0,0,0,0
YMR211W,ORF-V,1,1,1,3,1
SNR4,snoRNA gene,0,0,0,0,0
YMR060C,ORF-V,0,0,0,0,0
YJR006W,ORF-V,1,1,1,3,1
YGL238W,ORF-V,1,1,1,3,1
YDRWTY2-3,LTR,0,0,0,0,0
YBR280C,ORF-V,0,0,0,0,0
YMLWDELTA6,LTR,0,0,0,0,0
YGR257C,ORF-V,0,0,0,0,0
YNL049C,ORF-V,0,0,0,0,0
YGL089C,ORF-V,0,0,0,0,0
YBR128C,ORF-V,1,0,0,1,1
YMR119W-A,ORF-DU,0,0,0,0,0
YNR073C,ORF-V,0,0,0,0,0
SNR31,snoRNA gene,0,0,0,0,0
YJL010C,ORF-V,1,1,1,3,1
YOR325W,ORF-DU,0,0,0,0,0
YBR220C,ORF-U,0,0,0,0,0
YLR191W,ORF-V,0,0,0,0,0
YCR053W,ORF-V,0,0,0,0,0
YDR179C,ORF-V,0,0,0,0,0
YBL036C,ORF-V,0,0,0,0,0
YGR082W,ORF-V,1,0,1,2,1
YDRWTY1-5,LTR,0,0,0,0,0
YNL091W,ORF-V,0,0,0,0,0
YDR216W,ORF-V,0,0,0,0,0
YGL019W,ORF-V,0,0,0,0,0
YER178W,ORF-V,0,0,0,0,0
YLR328W,ORF-V,0,0,0,0,0
YLR369W,ORF-V,0,0,0,0,0
YLR341W,ORF-V,0,0,0,0,0
YNL035C,ORF-V,0,0,0,0,0
YEL044W,ORF-V,1,0,0,1,1
YPR065W,ORF-V,0,0,0,0,0
YERCDELTA26,LTR,0,0,0,0,0
YJL050W,ORF-V,1,1,1,3,1
YLR195C,ORF-V,1,1,1,3,1
YBR135W,ORF-V,1,0,1,2,1
YCL065W,ORF-DU,0,0,0,0,0
YBR072W,ORF-V,0,0,0,0,0
YKL145W,ORF-V,1,1,1,3,1
YDR455C,ORF-DU,0,0,0,0,0
YLL022C,ORF-V,0,0,0,0,0
YKL215C,ORF-V,0,0,0,0,0
YMR064W,ORF-V,0,0,0,0,0
YGL055W,ORF-V,1,1,1,3,1
YMR216C,ORF-V,0,0,0,0,0
YNLCDELTA1,LTR,0,0,0,0,0
YGR049W,ORF-V,0,0,0,0,0
YER181C,ORF-V,0,0,0,0,0
YDR024W,ORF-DU,0,0,0,0,0
YOR257W,ORF-V,1,1,1,3,1
YDR232W,ORF-V,1,1,1,3,1
YBR082C,ORF-V,0,0,0,0,0
YOR028C,ORF-V,0,0,0,0,0
YGL049C,ORF-V,0,0,0,0,0
YGL153W,ORF-V,0,0,0,0,0
YDRCDELTA2,LTR,0,0,0,0,0
YAL018C,ORF-V,0,0,0,0,0
Q0120,ORF-V,0,0,0,0,0
TG(GCC)B,tRNA gene,0,0,0,0,0
YOLWTY1-1,LTR,0,0,0,0,0
YOR213C,ORF-V,0,0,0,0,0
YPR178W,ORF-V,1,1,1,3,1
YLL012W,ORF-V,0,0,0,0,0
YDL237W,ORF-V,0,0,0,0,0
YMR034C,ORF-V,0,0,0,0,0
YOR240W,ORF-M,0,0,0,0,0
YPR114W,ORF-U,0,0,0,0,0
YJL001W,ORF-V,1,1,1,3,1
YHL044W,ORF-U,0,0,0,0,0
YER080W,ORF-V,0,0,0,0,0
YNL021W,ORF-V,0,0,0,0,0
YGR233C,ORF-V,0,0,0,0,0
YLRWDELTA6,LTR,0,0,0,0,0
YGL263W,ORF-V,0,0,0,0,0
YBR143C,ORF-V,1,1,1,3,1
YOL123W,ORF-V,1,1,1,3,1
YDL029W,ORF-V,1,0,1,2,1
YNL063W,ORF-V,0,0,0,0,0
YPR053C,ORF-U,0,0,0,0,0
YMR138W,ORF-V,0,0,0,0,0
YMR222C,ORF-V,0,0,0,0,0
YBL057C,ORF-V,0,0,0,0,0
YPL055C,ORF-V,0,0,0,0,0
YJL020C,ORF-V,0,0,0,0,0
YOL048C,ORF-V,0,0,0,0,0
YLR371W,ORF-V,1,0,0,1,1
YGR165W,ORF-V,0,0,0,0,0
YKL200C,ORF-M,0,0,0,0,0
YNR016C,ORF-V,1,1,1,3,1
YOR187W,ORF-V,0,0,0,0,0
YGL080W,ORF-V,0,0,0,0,0
YNR030W,ORF-V,0,0,0,0,0
YGR046W,ORF-V,1,1,1,3,1
YCL001W,ORF-V,0,0,0,0,0
YLR187W,ORF-V,0,0,0,0,0
YJL052W,ORF-V,0,0,0,0,0
YLR091W,ORF-V,0,0,0,0,0
YPL252C,ORF-V,1,1,1,3,1
YPR184W,ORF-V,0,0,0,0,0
YGRWTY2-2,LTR,0,0,0,0,0
YEL011W,ORF-V,0,0,0,0,0
YNL102W,ORF-V,1,1,1,3,1
YBR132C,ORF-V,0,0,0,0,0
YIL145C,ORF-V,0,0,0,0,0
YOR067C,ORF-V,0,0,0,0,0
YDL036C,ORF-V,0,0,0,0,0
YLR332W,ORF-V,0,0,0,0,0
YHR163W,ORF-V,0,0,0,0,0
YJR061W,ORF-U,0,0,0,0,0
YBL060W,ORF-V,0,0,0,0,0
YER037W,ORF-V,0,0,0,0,0
YAL024C,ORF-V,0,0,0,0,0
YFL014W,ORF-V,0,0,0,0,0
YER152C,ORF-V,0,0,0,0,0
TG(GCC)C,tRNA gene,0,0,0,0,0
YAR066W,ORF-U,0,0,0,0,0
YGR224W,ORF-V,0,0,0,0,0
YOR126C,ORF-V,0,0,0,0,0
YGL203C,ORF-V,0,0,0,0,0
YOR125C,ORF-V,0,0,0,0,0
YNLWTAU2,LTR,0,0,0,0,0
YDR202C,ORF-V,0,0,0,0,0
YPL077C,ORF-U,0,0,0,0,0
YGR032W,ORF-V,0,0,0,0,0
YGR244C,ORF-V,1,0,1,2,1
YPR101W,ORF-V,1,0,0,1,1
YLR030W,ORF-U,0,0,0,0,0
YDR059C,ORF-V,0,0,0,0,0
YER044C,ORF-V,0,0,0,0,0
YNL008C,ORF-V,0,0,0,0,0
YDR512C,ORF-V,0,0,0,0,0
YDR538W,ORF-V,0,0,0,0,0
YLR103C,ORF-V,1,1,1,3,1
YGR103W,ORF-V,1,1,1,3,1
YKR098C,ORF-V,0,0,0,0,0
YDR453C,ORF-V,0,0,0,0,0
YOR129C,ORF-V,0,0,0,0,0
YLR297W,ORF-V,0,0,0,0,0
YPL197C,ORF-DU,0,0,0,0,0
YNL124W,ORF-V,1,1,1,3,1
YGL145W,ORF-V,1,1,1,3,1
YFR036W,ORF-V,0,0,0,0,0
YDL032W,ORF-DU,0,0,0,0,0
YBR190W,ORF-DU,1,1,0,2,1
YDR118W,ORF-V,1,1,1,3,1
YLR262C-A,ORF-V,0,0,0,0,0
YDR471W,ORF-V,0,0,0,0,0
YKL067W,ORF-V,0,0,0,0,0
YDRWDELTA19,LTR,0,0,0,0,0
YBL023C,ORF-V,1,1,1,3,1
YNR055C,ORF-V,0,0,0,0,0
YNL211C,ORF-U,0,0,0,0,0
YOR283W,ORF-V,0,0,0,0,0
YAL033W,ORF-V,1,1,1,3,1
YMR300C,ORF-V,0,0,0,0,0
YDR338C,ORF-U,0,0,0,0,0
YJR143C,ORF-V,0,0,0,0,0
YBR116C,ORF-DU,0,0,0,0,0
YDR017C,ORF-V,0,0,0,0,0
YGR018C,ORF-U,0,0,0,0,0
YOR161C,ORF-V,0,0,0,0,0
YDR033W,ORF-V,0,0,0,0,0
YIL009W,ORF-V,0,0,0,0,0
YDR308C,ORF-V,1,1,1,3,1
YKL210W,ORF-V,1,1,1,3,1
YBL026W,ORF-V,1,1,1,3,1
YBR025C,ORF-V,0,0,0,0,0
YOR295W,ORF-V,1,0,0,1,1
YBR170C,ORF-V,1,0,0,1,1
YJR159W,ORF-V,0,0,0,0,0
YPR186C,ORF-V,1,1,1,3,1
YBR197C,ORF-V,0,0,0,0,0
YPR033C,ORF-V,1,1,1,3,1
YNL179C,ORF-DU,0,0,0,0,0
YDR468C,ORF-V,1,1,1,3,1
YDR440W,ORF-V,0,0,0,0,0
YIL133C,ORF-V,0,0,0,0,0
YLR407W,ORF-U,0,0,0,0,0
YDR226W,ORF-V,1,0,0,1,1
YCR066W,ORF-V,0,0,0,0,0
YNL120C,ORF-DU,0,0,0,0,0
YDR167W,ORF-V,1,1,1,3,1
YIL015W,ORF-V,0,0,0,0,0
YBR204C,ORF-V,0,0,0,0,0
YKL041W,ORF-V,0,0,0,0,0
YPL236C,ORF-V,0,0,0,0,0
YJLWDELTA1,LTR,0,0,0,0,0
YDRWDELTA20,LTR,0,0,0,0,0
CEN15,centromere,0,0,0,0,0
YPL276W,pseudogene,0,0,0,0,0
YLR303W,ORF-V,0,0,0,0,0
YOR327C,ORF-V,0,0,0,0,0
YPR122W,ORF-V,0,0,0,0,0
YBR158W,ORF-V,1,0,1,2,1
YKL044W,ORF-V,0,0,0,0,0
YOR272W,ORF-V,1,1,1,3,1
YKL012W,ORF-V,1,1,1,3,1
YCLWdelta2b,LTR,0,0,0,0,0
YDR325W,ORF-V,1,1,1,3,1
YLR435W,ORF-V,0,0,0,0,0
YKL207W,ORF-V,0,0,0,0,0
YHR075C,ORF-V,0,0,0,0,0
YOR110W,ORF-V,1,1,1,3,1
YER048C,ORF-V,0,0,0,0,0
YLR232W,ORF-DU,0,0,0,0,0
YER025W,ORF-V,1,1,1,3,1
YDR461W,ORF-V,0,0,0,0,0
YOR035C,ORF-V,0,0,0,0,0
YML084W,ORF-DU,0,0,0,0,0
YDL018C,ORF-V,0,0,0,0,0
YMR297W,ORF-V,0,0,0,0,0
YDL150W,ORF-V,1,1,1,3,1
YPRCTY1-2,LTR,0,0,0,0,0
YDRWDELTA24,LTR,0,0,0,0,0
YPL268W,ORF-V,1,0,0,1,1
YDR245W,ORF-V,0,0,0,0,0
YKL219W,ORF-V,0,0,0,0,0
YBR035C,ORF-V,0,0,0,0,0
YPL134C,ORF-V,0,0,0,0,0
YNL254C,ORF-V,0,0,0,0,0
YJR033C,ORF-V,0,0,0,0,0
YOR350C,ORF-V,0,0,0,0,0
YPL179W,ORF-V,0,0,0,0,0
YHR001W,ORF-V,0,0,0,0,0
YLR459W,ORF-V,1,1,1,3,1
YMR120C,ORF-V,0,0,0,0,0
YIL175W,pseudogene,0,0,0,0,0
YLR090W,ORF-V,0,0,0,0,0
YIL156w-a,ORF-DU,0,0,0,0,0
YCR054C,ORF-V,1,1,1,3,1
SNR58,snoRNA gene,0,0,0,0,0
YBR052C,ORF-V,0,0,0,0,0
YKL158W,ORF-M,0,0,0,0,0
YKR089C,ORF-V,0,0,0,0,0
YLR255C,ORF-U,0,0,0,0,0
YGL183C,ORF-V,0,0,0,0,0
YGR282C,ORF-V,1,0,0,1,1
YCR081W,ORF-V,0,0,0,0,0
YKR079C,ORF-V,1,1,1,3,1
YHR011W,ORF-V,0,0,0,0,0
YKL201C,ORF-V,0,0,0,0,0
YNL131W,ORF-V,1,0,1,2,1
YGR134W,ORF-V,0,0,0,0,0
YPR021C,ORF-V,0,0,0,0,0
YKR034W,ORF-V,0,0,0,0,0
YIR033W,ORF-V,0,0,0,0,0
YML024W,ORF-V,0,0,0,0,0
YMR231W,ORF-V,0,0,0,0,0
YMR090W,ORF-U,0,0,0,0,0
YOR388C,ORF-V,0,0,0,0,0
YOR027W,ORF-V,0,0,0,0,0
YKR069W,ORF-V,0,0,0,0,0
YDL140C,ORF-V,1,1,1,3,1
YMR007W,ORF-U,0,0,0,0,0
YKL052C,ORF-V,1,1,1,3,1
YGR272C,ORF-M,0,0,0,0,0
YNL055C,ORF-V,0,0,0,0,0
YER177W,ORF-V,0,0,0,0,0
YOR040W,ORF-V,0,0,0,0,0
YGL242C,ORF-V,0,0,0,0,0
YDR423C,ORF-V,0,0,0,0,0
YAL021C,ORF-V,0,0,0,0,0
YML105C,ORF-V,1,0,1,2,1
YMR189W,ORF-V,0,0,0,0,0
YGR061C,ORF-V,0,0,0,0,0
YDR528W,ORF-V,0,0,0,0,0
YOR192C,ORF-V,0,0,0,0,0
YNL172W,ORF-V,1,1,1,3,1
YAL063C,ORF-V,0,0,0,0,0
YEL055C,ORF-V,1,1,1,3,1
YDR340W,ORF-DU,0,0,0,0,0
TE(UUC)J,tRNA gene,0,0,0,0,0
YEL017C-A,ORF-V,0,0,0,0,0
YHLWDELTA2,LTR,0,0,0,0,0
YNL324W,ORF-DU,0,0,0,0,0
YLRWSIGMA2,LTR,0,0,0,0,0
YJR114W,ORF-DU,0,0,0,0,0
YDR511W,ORF-V,0,0,0,0,0
YOL104C,ORF-V,0,0,0,0,0
YHR014W,ORF-V,1,0,1,2,1
YOR196C,ORF-V,0,0,0,0,0
YPL065W,ORF-V,0,0,0,0,0
YDR044W,ORF-V,1,1,1,3,1
YNL247W,ORF-V,1,1,1,3,1
YPL024W,ORF-V,0,0,0,0,0
YJLWTAU2,LTR,0,0,0,0,0
YBR066C,ORF-V,0,0,0,0,0
YLL001W,ORF-V,0,0,0,0,0
YOR029W,ORF-U,0,0,0,0,0
YER113C,ORF-V,0,0,0,0,0
YOR326W,ORF-V,1,1,1,3,1
YDR515W,ORF-V,0,0,0,0,0
YDRCDELTA8,LTR,0,0,0,0,0
YBR264C,ORF-V,0,0,0,0,0
SNR62,snoRNA gene,0,0,0,0,0
YEL023C,ORF-U,0,0,0,0,0
YGL039W,ORF-V,0,0,0,0,0
YHR162W,ORF-V,0,0,0,0,0
YHL048W,ORF-V,0,0,0,0,0
YMR044W,ORF-V,0,0,0,0,0
YKL139W,ORF-V,1,0,0,1,1
YGR256W,ORF-V,0,0,0,0,0
YDR110W,ORF-V,0,0,0,0,0
YLR344W,ORF-V,0,0,0,0,0
YOR026W,ORF-V,1,0,0,1,1
YGR112W,ORF-V,0,0,0,0,0
YBR127C,ORF-V,0,0,0,0,0
YBR260C,ORF-V,0,0,0,0,0
YHL013C,ORF-V,0,0,0,0,0
YDL060W,ORF-V,1,1,1,3,1
YPL138C,ORF-V,0,0,0,0,0
YCL024W,ORF-V,0,0,0,0,0
YBR235W,ORF-V,0,0,0,0,0
YHR191C,ORF-V,0,0,0,0,0
YPL150W,ORF-U,0,0,0,0,0
YLR282C,ORF-DU,0,0,0,0,0
YLR166C,ORF-V,1,1,1,3,1
YJR150C,ORF-V,0,0,0,0,0
YDR541C,ORF-V,0,0,0,0,0
YFL055W,ORF-V,0,0,0,0,0
YOR268C,ORF-U,0,0,0,0,0
YPR100W,ORF-V,0,0,0,0,0
YIL116W,ORF-V,0,0,0,0,0
YHR131C,ORF-U,0,0,0,0,0
YBL091C-A,ORF-V,0,0,0,0,0
YAL039C,ORF-V,0,0,0,0,0
YIL177C,ORF-U,0,0,0,0,0
YNL209W,ORF-V,0,0,0,0,0
YLR313C,ORF-V,0,0,0,0,0
YIL046W,ORF-V,1,1,1,3,1
YDR406W,ORF-V,0,0,0,0,0
YFR003C,ORF-V,1,1,1,3,1
YHL016C,ORF-V,0,0,0,0,0
YBLCSIGMA1,LTR,0,0,0,0,0
YLR456W,ORF-U,0,0,0,0,0
YOR382W,ORF-V,0,0,0,0,0
YGR084C,ORF-V,0,0,0,0,0
YAL046C,ORF-V,0,0,0,0,0
YDR049W,ORF-V,0,0,0,0,0
YNL196C,ORF-V,0,0,0,0,0
YHRCDELTA6,LTR,0,0,0,0,0
YLR385C,ORF-V,0,0,0,0,0
YLL021W,ORF-V,0,0,0,0,0
YER125W,ORF-V,1,1,1,3,1
YDL097C,ORF-V,1,1,1,3,1
YFR011C,ORF-V,0,0,0,0,0
YGL217C,ORF-DU,0,0,0,0,0
YDR212W,ORF-V,1,1,1,3,1
YKR029C,ORF-V,0,0,0,0,0
YML102W,ORF-V,0,0,0,0,0
YLR464W,ORF-U,0,0,0,0,0
YOR356W,ORF-V,0,0,0,0,0
YOR369C,ORF-V,0,0,0,0,0
YNL181W,ORF-U,1,1,1,3,1
YPR032W,ORF-V,0,0,0,0,0
YNL308C,ORF-V,1,1,1,3,1
YBR249C,ORF-V,0,0,0,0,0
YDR366C,ORF-U,0,0,0,0,0
YNL284C,ORF-V,0,0,0,0,0
YBR005W,ORF-V,0,0,0,0,0
YJLWTAU1,LTR,0,0,0,0,0
YER174C,ORF-V,0,0,0,0,0
YKR078W,ORF-V,0,0,0,0,0
YLR009W,ORF-V,1,1,1,3,1
YDR131C,ORF-V,0,0,0,0,0
YBR120C,ORF-V,0,0,0,0,0
YLR125W,ORF-U,0,0,0,0,0
YELCDELTA3,LTR,0,0,0,0,0
YDR159W,ORF-V,0,0,0,0,0
YGR220C,ORF-V,0,0,0,0,0
YGR036C,ORF-V,0,0,0,0,0
YLL066C,ORF-U,0,0,0,0,0
YDR170C,ORF-V,1,1,1,3,1
YPL093W,ORF-V,1,1,1,3,1
YKL164C,ORF-V,0,0,0,0,0
YKL004W,ORF-V,1,1,1,3,1
YHR009C,ORF-V,1,0,0,1,1
YKR093W,ORF-V,0,0,0,0,0
YDR530C,ORF-V,0,0,0,0,0
YGR055W,ORF-V,0,0,0,0,0
YGL129C,ORF-V,0,0,0,0,0
YDL082W,ORF-V,0,0,0,0,0
YJR047C,ORF-V,0,0,0,0,0
YJR055W,ORF-V,0,0,0,0,0
SNR59,snoRNA gene,0,0,0,0,0
YDR050C,ORF-V,1,1,1,3,1
YKR006C,ORF-V,0,0,0,0,0
YER093C,ORF-V,1,1,1,3,1
YDR321W,ORF-V,0,0,0,0,0
YCR057C,ORF-V,1,1,1,3,1
YPRWDELTA21,LTR,0,0,0,0,0
YDR052C,ORF-V,1,1,1,3,1
YBR062C,ORF-U,0,0,0,0,0
YJR155W,ORF-V,0,0,0,0,0
YLR040C,ORF-V,0,0,0,0,0
YDRWDELTA26,LTR,0,0,0,0,0
YLR243W,ORF-V,1,1,1,3,1
YKL075C,ORF-U,0,0,0,0,0
YKL119C,ORF-V,0,0,0,0,0
YHR027C,ORF-V,1,1,0,2,1
YOL111C,ORF-V,0,0,0,0,0
YMR167W,ORF-V,0,0,0,0,0
YMR256C,ORF-V,0,0,0,0,0
YLR126C,ORF-V,0,0,0,0,0
YLRCDELTA9,LTR,0,0,0,0,0
YFL009W,ORF-V,1,1,1,3,1
YBR301W,ORF-V,0,0,0,0,0
YOR362C,ORF-V,1,1,1,3,1
YHR137W,ORF-V,0,0,0,0,0
YMR048W,ORF-V,0,0,0,0,0
YBR121C,ORF-V,1,1,1,3,1
YKL045W,ORF-V,1,1,1,3,1
YKL163W,ORF-V,0,0,0,0,0
YOR201C,ORF-V,0,0,0,0,0
YBR172C,ORF-V,0,0,0,0,0
YIR002C,ORF-V,0,0,0,0,0
YGL216W,ORF-V,0,0,0,0,0
YBL043W,ORF-V,0,0,0,0,0
YCR012W,ORF-V,1,1,1,3,1
YJR058C,ORF-V,0,0,0,0,0
YFR014C,ORF-V,0,0,0,0,0
YHR036W,ORF-V,1,1,1,3,1
YLR155C,ORF-V,0,0,0,0,0
YJR142W,ORF-V,0,0,0,0,0
YPR120C,ORF-V,1,0,1,2,1
YJL063C,ORF-V,0,0,0,0,0
YGR107W,ORF-DU,0,0,0,0,0
YLR315W,ORF-V,0,0,0,0,0
YHR049W,ORF-V,0,0,0,0,0
YPR004C,ORF-V,0,0,0,0,0
YHR081W,ORF-V,0,0,0,0,0
YDR436W,ORF-V,0,0,0,0,0
YHR071W,ORF-V,0,0,0,0,0
YEL029C,ORF-V,0,0,0,0,0
YMR183C,ORF-V,0,0,0,0,0
YIR041W,ORF-V,0,0,0,0,0
YMR269W,ORF-V,0,0,0,0,0
YLR348C,ORF-V,0,0,0,0,0
YML021C,ORF-V,0,0,0,0,0
YJR004C,ORF-V,0,0,0,0,0
YBR169C,ORF-V,0,0,0,0,0
YPL174C,ORF-V,0,0,0,0,0
YOL028C,ORF-V,0,0,0,0,0
YGL001C,ORF-V,1,1,1,3,1
YKR066C,ORF-V,0,0,0,0,0
YDR311W,ORF-V,1,1,1,3,1
YOR138C,ORF-V,0,0,0,0,0
YPL206C,ORF-V,0,0,0,0,0
YLR408C,ORF-V,0,0,0,0,0
YHR063C,ORF-V,0,0,0,0,0
YGL091C,ORF-V,1,1,1,3,1
YGRWTY3-1,LTR,0,0,0,0,0
YIL022W,ORF-V,1,1,1,3,1
YCL011C,ORF-V,0,0,0,0,0
YOR111W,ORF-U,0,0,0,0,0
YMR006C,ORF-V,0,0,0,0,0
YOR216C,ORF-V,0,0,0,0,0
YBL083C,ORF-DU,0,0,0,0,0
YBR043C,ORF-V,0,0,0,0,0
YPL213W,ORF-V,1,0,0,1,1
YPL143W,ORF-V,1,1,1,3,1
YHR200W,ORF-V,0,0,0,0,0
YLRCTY2-2,LTR,0,0,0,0,0
YGR004W,ORF-V,0,0,0,0,0
YDL198C,ORF-V,0,0,0,0,0
YGR052W,ORF-U,0,0,0,0,0
YIL040W,ORF-V,0,0,0,0,0
YKL191W,ORF-V,0,0,0,0,0
YNL165W,ORF-U,0,0,0,0,0
YBR006W,ORF-V,0,0,0,0,0
YNL006W,ORF-V,1,1,1,3,1
YDR187C,ORF-DU,1,1,0,2,1
YCL004W,ORF-V,1,1,1,3,1
YLR465C,ORF-DU,0,0,0,0,0
YPL264C,ORF-U,0,0,0,0,0
YDR307W,ORF-U,0,0,0,0,0
YNL228W,ORF-DU,0,0,0,0,0
YMR178W,ORF-V,0,0,0,0,0
YML113W,ORF-V,0,0,0,0,0
YNL054W,ORF-V,0,0,0,0,0
YERCDELTA15,LTR,0,0,0,0,0
YOL059W,ORF-V,0,0,0,0,0
YKL084W,ORF-V,0,0,0,0,0
YERCDELTA23,LTR,0,0,0,0,0
YDR454C,ORF-V,1,1,1,3,1
RDN5-1,rRNA gene,0,0,0,0,0
TG(GCC)M,tRNA gene,0,0,0,0,0
YML122C,ORF-U,0,0,0,0,0
YER182W,ORF-U,0,0,0,0,0
YER150W,ORF-V,0,0,0,0,0
YDR305C,ORF-V,0,0,0,0,0
YPR198W,ORF-V,0,0,0,0,0
YDR063W,ORF-V,0,0,0,0,0
YPL080C,ORF-U,0,0,0,0,0
YER188c-a,ORF-U,0,0,0,0,0
YGL181W,ORF-V,0,0,0,0,0
YEL045C,ORF-DU,0,0,0,0,0
YOR296W,ORF-U,0,0,0,0,0
YER106W,ORF-V,1,0,1,2,1
YDR495C,ORF-V,0,0,0,0,0
YPL180W,ORF-V,0,0,0,0,0
YDL200C,ORF-V,0,0,0,0,0
YBL053W,ORF-DU,0,0,0,0,0
YNR033W,ORF-V,0,0,0,0,0
YBL004W,ORF-V,1,1,1,3,1
YDR534C,ORF-V,0,0,0,0,0
YER120W,ORF-V,0,0,0,0,0
YBR289W,ORF-V,0,0,0,0,0
YGL226W,ORF-V,0,0,0,0,0
YCL025C,ORF-V,0,0,0,0,0
YDR337W,ORF-V,0,0,0,0,0
YKL003C,ORF-V,0,0,0,0,0
YOR177C,ORF-V,0,0,0,0,0
YKL206C,ORF-V,0,0,0,0,0
TG(GCC)E,tRNA gene,0,0,0,0,0
YPL034W,ORF-U,0,0,0,0,0
YNR047W,ORF-V,0,0,0,0,0
YLR089C,ORF-V,0,0,0,0,0
YPL255W,ORF-V,1,1,1,3,1
YDL012C,ORF-V,0,0,0,0,0
YDR472W,ORF-V,1,1,1,3,1
YKR022C,ORF-V,1,1,1,3,1
YJR062C,ORF-V,0,0,0,0,0
YMR093W,ORF-V,1,1,1,3,1
YGL103W,ORF-V,1,1,1,3,1
YDR259C,ORF-V,0,0,0,0,0
Ty3,retrotransposon,0,0,0,0,0
YOL130W,ORF-V,1,1,1,3,1
TA(AGC)D,tRNA gene,0,0,0,0,0
YAL058C-A,ORF-DU,0,0,0,0,0
YPL253C,ORF-V,1,0,0,1,1
YKR096W,ORF-V,0,0,0,0,0
YML085C,ORF-V,1,1,1,3,1
YLR431C,ORF-V,0,0,0,0,0
YGL154C,ORF-V,0,0,0,0,0
YGR047C,ORF-V,1,1,1,3,1
YDR388W,ORF-V,0,0,0,0,0
YIL053W,ORF-V,0,0,0,0,0
YGL030W,ORF-V,1,1,1,3,1
TQ(UUG)D2,tRNA gene,0,0,0,0,0
YLR434C,ORF-DU,0,0,0,0,0
YOL153C,BRF,0,0,0,0,0
YLR061W,ORF-V,0,0,0,0,0
YPL162C,ORF-U,0,0,0,0,0
YBR234C,ORF-V,1,0,1,2,1
YMR005W,ORF-V,1,1,1,3,1
YLR304C,ORF-V,0,0,0,0,0
YPL054W,ORF-V,0,0,0,0,0
YOL018C,ORF-V,0,0,0,0,0
YHR109W,ORF-V,0,0,0,0,0
YCL039W,ORF-V,0,0,0,0,0
YDR451C,ORF-V,0,0,0,0,0
YDR114C,ORF-U,0,0,0,0,0
YJR020W,ORF-DU,0,0,0,0,0
YERCDELTA8,LTR,0,0,0,0,0
YHR176W,ORF-V,0,0,0,0,0
YGL118C,ORF-U,0,0,0,0,0
YJL021C,ORF-M,0,0,0,0,0
YPL226W,ORF-V,0,0,0,0,0
YPR183W,ORF-V,1,1,1,3,1
YOR340C,ORF-V,1,1,1,3,1
YPR098C,ORF-V,0,0,0,0,0
YNL176C,ORF-V,0,0,0,0,0
YJL220W,ORF-DU,0,0,0,0,0
YGR054W,ORF-V,0,0,0,0,0
YLR007W,ORF-V,1,1,1,3,1
SNR79,snoRNA gene,0,0,0,0,0
YPR157W,ORF-U,0,0,0,0,0
SNR54,snoRNA gene,0,0,0,0,0
YDR228C,ORF-V,1,1,1,3,1
YNR074C,ORF-V,0,0,0,0,0
YNR065C,ORF-U,0,0,0,0,0
YMR280C,ORF-V,0,0,0,0,0
YDR241W,ORF-DU,1,0,0,1,1
YJL153C,ORF-V,0,0,0,0,0
YIL164C,ORF-V,0,0,0,0,0
YNL156C,ORF-V,0,0,0,0,0
YLR142W,ORF-V,0,0,0,0,0
YPL102C,ORF-DU,0,0,0,0,0
YGL250W,ORF-V,0,0,0,0,0
YER121W,ORF-U,0,0,0,0,0
YNL101W,ORF-V,0,0,0,0,0
YKR014C,ORF-V,0,0,0,0,0
YNLCDELTA5,LTR,0,0,0,0,0
YCL067C,ORF-V,1,1,1,3,1
YCL036W,ORF-V,0,0,0,0,0
YMR128W,ORF-V,1,1,1,3,1
YMR318C,ORF-V,0,0,0,0,0
YFR035C,ORF-U,0,0,0,0,0
YDR363W-A,ORF-V,0,0,0,0,0
YER151C,ORF-V,0,0,0,0,0
YBR105C,ORF-V,0,0,0,0,0
YMLWTY1-1,LTR,0,0,0,0,0
YFL038C,ORF-V,1,0,1,2,1
YBR039W,ORF-V,0,0,0,0,0
YMR245W,ORF-DU,0,0,0,0,0
YML074C,ORF-V,0,0,0,0,0
YJR085C,ORF-V,0,0,0,0,0
YER038C,ORF-V,1,1,1,3,1
TC(GCA)P1,tRNA gene,0,0,0,0,0
YDRWDELTA29,LTR,0,0,0,0,0
YER004W,ORF-V,0,0,0,0,0
YLR076C,ORF-DU,1,1,0,2,1
YJR160C,ORF-V,0,0,0,0,0
YDR394W,ORF-V,1,1,1,3,1
YMR272C,ORF-V,0,0,0,0,0
YJLCDELTA7,LTR,0,0,0,0,0
YPL076W,ORF-V,1,1,1,3,1
YLL023C,ORF-V,0,0,0,0,0
YER026C,ORF-V,0,0,0,0,0
YPR176C,ORF-V,1,1,1,3,1
YLR129W,ORF-V,1,1,1,3,1
YOR032C,ORF-V,0,0,0,0,0
YNL142W,ORF-V,0,0,0,0,0
YIR025W,ORF-V,0,0,0,0,0
YCR090C,ORF-U,0,0,0,0,0
YMR072W,ORF-V,0,0,0,0,0
YHR100C,ORF-V,0,0,0,0,0
YDR426C,ORF-DU,0,0,0,0,0
YLR163C,ORF-V,1,1,1,3,1
YDL207W,ORF-V,1,1,1,3,1
YOR366W,ORF-DU,0,0,0,0,0
YCR025C,ORF-U,0,0,0,0,0
YBL039C,ORF-V,0,0,0,0,0
YPR005C,ORF-V,0,0,0,0,0
YNL258C,ORF-V,1,1,1,3,1
YGL007W,ORF-U,0,0,0,0,0
YPR115W,ORF-V,0,0,0,0,0
YDR086C,ORF-V,1,0,1,2,1
YOR239W,ORF-V,0,0,0,0,0
YOR036W,ORF-V,1,0,0,1,1
YJR005W,ORF-V,0,0,0,0,0
YMR096W,ORF-V,0,0,0,0,0
YPR087W,ORF-DU,0,0,0,0,0
YBL034C,ORF-V,1,1,1,3,1
YML089C,ORF-DU,0,0,0,0,0
YMR011W,ORF-V,0,0,0,0,0
YLR398C,ORF-V,0,0,0,0,0
YMR196W,ORF-U,0,0,0,0,0
YLR093C,ORF-V,0,0,0,0,0
YOR230W,ORF-V,0,0,0,0,0
YNL026W,ORF-V,1,0,1,2,1
YHR021C,ORF-V,0,0,0,0,0
YGR095C,ORF-V,1,1,1,3,1
YIL005W,ORF-V,0,0,0,0,0
YGL090W,ORF-V,0,0,0,0,0
YJL144W,ORF-V,0,0,0,0,0
YOL162W,ORF-U,0,0,0,0,0
YER094C,ORF-V,1,1,1,3,1
YDRWDELTA13,LTR,0,0,0,0,0
YGLWSIGMA2,LTR,0,0,0,0,0
YML015C,ORF-V,1,1,1,3,1
YDR147W,ORF-V,0,0,0,0,0
YLR422W,ORF-V,0,0,0,0,0
YDL101C,ORF-V,0,0,0,0,0
YPR062W,ORF-V,0,0,0,0,0
YDR001C,ORF-V,0,0,0,0,0
YAL016W,ORF-V,0,0,0,0,0
YJL062W,ORF-V,0,0,0,0,0
YGR152C,ORF-V,0,0,0,0,0
YOL139C,ORF-V,1,1,1,3,1
YPL096W,ORF-V,0,0,0,0,0
YML110C,ORF-V,0,0,0,0,0
YHL002W,ORF-V,0,0,0,0,0
YHR103W,ORF-V,0,0,0,0,0
YFR022W,ORF-V,0,0,0,0,0
YDL187C,ORF-DU,0,0,0,0,0
YJL115W,ORF-V,0,0,0,0,0
YIR044C,pseudogene,0,0,0,0,0
YIL042C,ORF-V,0,0,0,0,0
YBL007C,ORF-V,1,0,0,1,1
YJL094C,ORF-V,0,0,0,0,0
YEL015W,ORF-V,0,0,0,0,0
YDL162C,ORF-DU,0,0,0,0,0
YNLWSIGMA3,LTR,0,0,0,0,0
YDR186C,ORF-V,0,0,0,0,0
YKL091C,ORF-V,0,0,0,0,0
YDR418W,ORF-V,0,0,0,0,0
YNL066W,ORF-V,0,0,0,0,0
YDL124W,ORF-V,0,0,0,0,0
YAL040C,ORF-V,0,0,0,0,0
YOL080C,ORF-V,0,0,0,0,0
YDL126C,ORF-V,1,1,1,3,1
YPR028W,ORF-V,0,0,0,0,0
YLR207W,ORF-V,0,0,0,0,0
YML103C,ORF-V,0,0,0,0,0
YMR149W,ORF-V,1,1,1,3,1
YMR302C,ORF-V,0,0,0,0,0
YBR018C,ORF-V,0,0,0,0,0
YLR393W,ORF-V,0,0,0,0,0
YLR214W,ORF-V,0,0,0,0,0
YGL133W,ORF-V,0,0,0,0,0
YHR194W,ORF-V,0,0,0,0,0
YKR002W,ORF-V,1,1,1,3,1
YLR197W,ORF-V,1,1,1,3,1
YGL246C,ORF-V,0,0,0,0,0
YDR008C,ORF-DU,0,0,0,0,0
YMR214W,ORF-V,0,0,0,0,0
YMR304C-A,ORF-DU,0,0,0,0,0
YPLWDELTA9,LTR,0,0,0,0,0
YDR116C,ORF-V,0,0,0,0,0
YIL112W,ORF-V,0,0,0,0,0
YLR072W,ORF-V,0,0,0,0,0
YMR140W,ORF-V,0,0,0,0,0
YGL158W,ORF-V,0,0,0,0,0
YFR031C-A,ORF-V,0,0,0,0,0
YIL071w-a,ORF-DU,0,0,0,0,0
YJRWDELTA11,LTR,0,0,0,0,0
YGR101W,ORF-V,0,0,0,0,0
YGR246C,ORF-V,1,1,1,3,1
YOLCDELTA3,LTR,0,0,0,0,0
YFL012W,ORF-U,0,0,0,0,0
YMR225C,ORF-V,0,0,0,0,0
YHR135C,ORF-V,0,0,0,0,0
YJL176C,ORF-V,0,0,0,0,0
YDR414C,ORF-V,0,0,0,0,0
YOR123C,ORF-V,0,0,0,0,0
YJL165C,ORF-V,0,0,0,0,0
YGR289C,ORF-V,0,0,0,0,0
YML046W,ORF-V,1,1,1,3,1
YOL091W,ORF-V,0,0,0,0,0
YGL150C,ORF-V,1,0,1,2,1
YJR136C,ORF-V,1,1,0,2,1
YHR160C,ORF-V,0,0,0,0,0
YDR070C,ORF-V,0,0,0,0,0
YGR228W,ORF-DU,0,0,0,0,0
YPL181W,ORF-V,0,0,0,0,0
YNR032W,ORF-V,0,0,0,0,0
YBR124W,ORF-DU,1,1,0,2,1
YLR444C,ORF-DU,0,0,0,0,0
YOR270C,ORF-V,0,0,0,0,0
YOR244W,ORF-V,1,1,1,3,1
YLR433C,ORF-V,0,0,0,0,0
YIL176C,ORF-U,0,0,0,0,0
YNL285W,ORF-DU,0,0,0,0,0
YJL035C,ORF-V,1,1,1,3,1
YAL004W,ORF-DU,0,0,0,0,0
YBR004C,ORF-V,1,1,1,3,1
YBR165W,ORF-V,0,0,0,0,0
YNL159C,ORF-V,0,0,0,0,0
YLR118C,ORF-V,0,0,0,0,0
YLR235C,ORF-DU,0,0,0,0,0
YML086C,ORF-V,0,0,0,0,0
YGL053W,ORF-V,0,0,0,0,0
YHRCDELTA8,LTR,0,0,0,0,0
YOR133W,ORF-V,0,0,0,0,0
YPL123C,ORF-V,0,0,0,0,0
YPR116W,ORF-V,0,0,0,0,0
YKL039W,ORF-V,0,0,0,0,0
YNR028W,ORF-V,0,0,0,0,0
YIL109C,ORF-V,1,1,1,3,1
YIL017C,ORF-V,0,0,0,0,0
YJL177W,ORF-V,0,0,0,0,0
YOR114W,ORF-U,0,0,0,0,0
YPL238C,ORF-DU,1,1,0,2,1
YGR138C,ORF-V,0,0,0,0,0
YKL081W,ORF-V,0,0,0,0,0
YML026C,ORF-V,0,0,0,0,0
YOR013W,ORF-DU,0,0,0,0,0
YPL230W,ORF-V,0,0,0,0,0
YMR107W,ORF-V,0,0,0,0,0
YER144C,ORF-V,0,0,0,0,0
YDR376W,ORF-V,1,0,1,2,1
YOL149W,ORF-V,1,1,1,3,1
YOR148C,ORF-V,1,1,1,3,1
YDR192C,ORF-V,0,0,0,0,0
YKL116C,ORF-V,0,0,0,0,0
YLR010C,ORF-V,1,1,1,3,1
Q0130,ORF-V,0,0,0,0,0
YOR185C,ORF-V,0,0,0,0,0
YGR130C,ORF-V,0,0,0,0,0
YGL137W,ORF-V,1,1,1,3,1
YJL077C,ORF-V,0,0,0,0,0
YOL049W,ORF-V,0,0,0,0,0
YFR049W,ORF-V,0,0,0,0,0
YHR101C,ORF-V,1,0,1,2,1
YEL042W,ORF-V,0,0,0,0,0
YER007W,ORF-V,0,0,0,0,0
YJR050W,ORF-V,0,0,0,0,0
YDR268W,ORF-V,0,0,0,0,0
YKR023W,ORF-V,0,0,0,0,0
YEL056W,ORF-V,0,0,0,0,0
YBR055C,ORF-V,1,1,1,3,1
YHR216W,ORF-V,0,0,0,0,0
YOR352W,ORF-V,0,0,0,0,0
YGR271W,ORF-V,0,0,0,0,0
YMR314W,ORF-V,1,1,1,3,1
YLR193C,ORF-V,0,0,0,0,0
YPL266W,ORF-V,1,1,1,3,1
YCR036W,ORF-V,0,0,0,0,0
YDR336W,ORF-U,0,0,0,0,0
YPR048W,ORF-V,1,1,1,3,1
YER027C,ORF-V,0,0,0,0,0
YMR066W,ORF-V,0,0,0,0,0
YLL024C,ORF-V,0,0,0,0,0
YDL212W,ORF-V,1,1,1,3,1
YMR317W,ORF-U,0,0,0,0,0
YDR026C,ORF-V,0,0,0,0,0
YNL152W,ORF-V,1,1,1,3,1
YDR323C,ORF-V,1,0,0,1,1
YGR126W,ORF-U,0,0,0,0,0
YPL203W,ORF-V,1,0,1,2,1
YML091C,ORF-V,1,0,1,2,1
YCL059C,ORF-V,1,1,1,3,1
YNL198C,ORF-DU,0,0,0,0,0
YJR086W,ORF-V,0,0,0,0,0
YMR303C,ORF-V,0,0,0,0,0
YPR188C,ORF-V,0,0,0,0,0
TA(AGC)J,tRNA gene,0,0,0,0,0
YFR034C,ORF-V,0,0,0,0,0
YIR036C,ORF-V,0,0,0,0,0
YIL098C,ORF-V,0,0,0,0,0
YLR399C,ORF-V,0,0,0,0,0
TQ(UUG)E1,tRNA gene,0,0,0,0,0
YPR014C,ORF-U,0,0,0,0,0
YOR277C,ORF-DU,0,0,0,0,0
YJL142C,ORF-U,0,0,0,0,0
YJR069C,ORF-V,0,0,0,0,0
YAR040c,,0,0,0,0,0
YJL057C,ORF-V,0,0,0,0,0
YLR027C,ORF-V,1,0,0,1,1
YDL151C,ORF-DU,0,0,0,0,0
YDRWDELTA30,LTR,0,0,0,0,0
YLL020C,ORF-DU,0,0,0,0,0
YGL063W,ORF-V,0,0,0,0,0
SNR32,snoRNA gene,0,0,0,0,0
YLR267W,ORF-U,0,0,0,0,0
YCL068C,ORF-U,0,0,0,0,0
YER056C,ORF-V,0,0,0,0,0
YGR196C,ORF-V,0,0,0,0,0
YMR244C-A,ORF-V,0,0,0,0,0
YBL062W,ORF-DU,0,0,0,0,0
YFL039C,ORF-V,1,1,1,3,1
YDRCSIGMA3,LTR,0,0,0,0,0
YKR076W,ORF-V,0,0,0,0,0
YMR018W,ORF-V,0,0,0,0,0
YCL047C,ORF-V,0,0,0,0,0
YLR221C,ORF-V,0,0,0,0,0
YLR285W,ORF-V,0,0,0,0,0
YNL226W,ORF-DU,0,0,0,0,0
YLL049W,ORF-V,0,0,0,0,0
YELWDELTA2,LTR,0,0,0,0,0
YHR079C,ORF-V,0,0,0,0,0
YPL038W,ORF-V,0,0,0,0,0
YJRWDELTA13,LTR,0,0,0,0,0
YJL109C,ORF-V,1,1,1,3,1
YGR163W,ORF-V,0,0,0,0,0
YEL014C,ORF-U,0,0,0,0,0
YOR008C-A,ORF-U,0,0,0,0,0
YIR039C,ORF-V,0,0,0,0,0
YER017C,ORF-V,0,0,0,0,0
YBL021C,ORF-V,0,0,0,0,0
YBR117C,ORF-V,0,0,0,0,0
YNL104C,ORF-V,0,0,0,0,0
YJR021C,ORF-V,0,0,0,0,0
YJL086C,ORF-DU,1,1,0,2,1
YLR194C,ORF-V,0,0,0,0,0
YJR153W,ORF-V,0,0,0,0,0
YIL089W,ORF-V,0,0,0,0,0
YDL077C,ORF-V,0,0,0,0,0
YNL087W,ORF-V,0,0,0,0,0
YKL056C,ORF-V,0,0,0,0,0
YKL193C,ORF-V,1,1,1,3,1
YOR229W,ORF-V,1,0,1,2,1
YBR011C,ORF-V,1,1,1,3,1
YIL132C,ORF-V,0,0,0,0,0
YCR085W,ORF-U,0,0,0,0,0
YPL149W,ORF-V,1,0,0,1,1
YNL269W,ORF-V,0,0,0,0,0
YDR142C,ORF-V,0,0,0,0,0
YLR414C,ORF-V,0,0,0,0,0
YKR086W,ORF-V,1,1,1,3,1
YOL138C,ORF-V,0,0,0,0,0
YLR301W,ORF-V,0,0,0,0,0
YGR258C,ORF-V,0,0,0,0,0
YGR113W,ORF-V,1,1,1,3,1
YBR031W,ORF-V,0,0,0,0,0
YDR148C,ORF-V,0,0,0,0,0
YJLWDELTA19,LTR,0,0,0,0,0
YLR003C,ORF-V,0,0,0,0,0
YJL126W,ORF-V,0,0,0,0,0
YGR181W,ORF-V,0,0,0,0,0
YFL002C,ORF-V,1,1,1,3,1
YJR103W,ORF-V,0,0,0,0,0
YDL014W,ORF-V,1,1,1,3,1
YOR157C,ORF-V,1,1,1,3,1
YFL024C,ORF-V,1,1,1,3,1
YDL239C,ORF-V,0,0,0,0,0
YKL120W,ORF-V,0,0,0,0,0
YJR043C,ORF-V,0,0,0,0,0
YDR296W,ORF-V,0,0,0,0,0
YOL060C,ORF-V,0,0,0,0,0
YER014W,ORF-V,0,0,0,0,0
YDR174W,ORF-V,0,0,0,0,0
YML022W,ORF-V,0,0,0,0,0
YML104C,ORF-V,1,0,0,1,1
YKL093W,ORF-V,0,0,0,0,0
YBR092C,ORF-V,0,0,0,0,0
YBL076C,ORF-V,1,1,1,3,1
YKR049C,ORF-V,0,0,0,0,0
YDR184C,ORF-V,0,0,0,0,0
YKL151C,ORF-V,0,0,0,0,0
YOL077C,ORF-V,1,1,1,3,1
YHL002c-a,ORF-DU,0,0,0,0,0
YAL051W,ORF-V,0,0,0,0,0
YFR036w-a,ORF-DU,0,0,0,0,0
YMR281W,ORF-V,1,1,1,3,1
YMR208W,ORF-V,1,1,1,3,1
YER153C,ORF-V,0,0,0,0,0
YBR085c-a,ORF-V,0,0,0,0,0
YKL188C,ORF-V,0,0,0,0,0
YDR206W,ORF-V,0,0,0,0,0
YLR342W,ORF-V,0,0,0,0,0
YGR083C,ORF-V,1,1,1,3,1
YPL233W,ORF-V,1,1,1,3,1
YAL010C,ORF-V,0,0,0,0,0
YOR083W,ORF-V,0,0,0,0,0
YML032C,ORF-V,1,0,0,1,1
YPR041W,ORF-V,1,1,1,3,1
YPL130W,ORF-V,0,0,0,0,0
YJL038C,ORF-V,0,0,0,0,0
YAL013W,ORF-V,0,0,0,0,0
YER049W,ORF-V,0,0,0,0,0
YLR335W,ORF-V,0,0,0,0,0
YPL025C,ORF-DU,0,0,0,0,0
YDR218C,ORF-V,0,0,0,0,0
YDL235C,ORF-V,1,1,1,3,1
YPL094C,ORF-V,1,1,1,3,1
YJL067W,ORF-DU,0,0,0,0,0
YDRCTY2-1,LTR,0,0,0,0,0
YMRWTAU2,LTR,0,0,0,0,0
YFL021W,ORF-V,0,0,0,0,0
YGL119W,ORF-V,0,0,0,0,0
YPL165C,ORF-V,0,0,0,0,0
YMR229C,ORF-V,1,1,1,3,1
YMR036C,ORF-V,0,0,0,0,0
YPR127W,ORF-V,0,0,0,0,0
YGR255C,ORF-V,0,0,0,0,0
YFR032C-A,ORF-V,0,0,0,0,0
YJL202C,ORF-DU,1,1,0,2,1
YPR180W,ORF-V,1,1,1,3,1
TR(ACG)D,tRNA gene,0,0,0,0,0
YPL222W,ORF-U,0,0,0,0,0
YGL197W,ORF-V,0,0,0,0,0
YBR269C,ORF-V,0,0,0,0,0
YLR177W,ORF-U,0,0,0,0,0
YHR125W,ORF-U,0,0,0,0,0
YDR399W,ORF-V,0,0,0,0,0
YCR026C,ORF-V,0,0,0,0,0
YNL266W,ORF-DU,0,0,0,0,0
YOR155C,ORF-V,0,0,0,0,0
YDR200C,ORF-V,0,0,0,0,0
YLR445W,ORF-V,0,0,0,0,0
YCR072C,ORF-V,1,1,1,3,1
YER063W,ORF-V,0,0,0,0,0
YGR180C,ORF-V,0,0,0,0,0
YDR043C,ORF-V,0,0,0,0,0
YAL034C,ORF-V,0,0,0,0,0
YHR012W,ORF-V,0,0,0,0,0
YDR422C,ORF-V,0,0,0,0,0
YGL054C,ORF-V,0,0,0,0,0
YOL025W,ORF-V,0,0,0,0,0
SNR43,snoRNA gene,0,0,0,0,0
YGL184C,ORF-V,0,0,0,0,0
YMR049C,ORF-V,1,1,1,3,1
YGR035C,ORF-U,0,0,0,0,0
YPR091C,ORF-V,0,0,0,0,0
YHR045W,ORF-U,0,0,0,0,0
YMR024W,ORF-V,0,0,0,0,0
YMR161W,ORF-V,0,0,0,0,0
YMR075C-A,ORF-V,0,0,0,0,0
YGR051C,ORF-DU,0,0,0,0,0
YEL048C,ORF-V,0,0,0,0,0
YHRCDELTA5,LTR,0,0,0,0,0
YGL228W,ORF-V,0,0,0,0,0
YDL040C,ORF-V,0,0,0,0,0
YML125C,ORF-V,1,1,1,3,1
YNR031C,ORF-V,0,0,0,0,0
YBR221C,ORF-V,0,0,0,0,0
YJR093C,ORF-V,1,1,1,3,1
YKR045C,ORF-U,0,0,0,0,0
YOL108C,ORF-V,0,0,0,0,0
YPL256C,ORF-V,0,0,0,0,0
YORWSIGMA3,LTR,0,0,0,0,0
YGR192C,ORF-V,0,0,0,0,0
YOR381W,ORF-V,0,0,0,0,0
YNL151C,ORF-V,1,1,1,3,1
YGL232W,ORF-V,0,0,0,0,0
YDR502C,ORF-V,0,0,0,0,0
YGLWTAU1,LTR,0,0,0,0,0
YDR077W,ORF-V,0,0,0,0,0
YGR204W,ORF-V,0,0,0,0,0
YCL057W,ORF-V,0,0,0,0,0
YKL096W,ORF-V,0,0,0,0,0
YMR316C-B,ORF-DU,0,0,0,0,0
YKL110C,ORF-V,0,0,0,0,0
YOR357C,ORF-V,0,0,0,0,0
YMR315W,ORF-V,0,0,0,0,0
YNL127W,ORF-V,0,0,0,0,0
YLR107W,ORF-V,0,0,0,0,0
YML100W,ORF-V,0,0,0,0,0
YIL142W,ORF-V,1,1,1,3,1
YBR184W,ORF-U,0,0,0,0,0
YOL002C,ORF-V,0,0,0,0,0
TY1B,,0,0,0,0,0
YOR060C,ORF-V,1,1,1,3,1
YML081W,ORF-V,0,0,0,0,0
YGR127W,ORF-U,0,0,0,0,0
YLL038C,ORF-V,0,0,0,0,0
YEL068C,ORF-U,0,0,0,0,0
YDL183C,ORF-V,0,0,0,0,0
YORWSIGMA4,LTR,0,0,0,0,0
YGR191W,ORF-V,1,1,1,3,1
YOR269W,ORF-V,0,0,0,0,0
YML078W,ORF-V,0,0,0,0,0
YGL077C,ORF-V,0,0,0,0,0
YOL053C-A,ORF-V,0,0,0,0,0
RDN25-1,rRNA gene,0,0,0,0,0
YLR400W,ORF-DU,0,0,0,0,0
YJL191W,ORF-V,0,0,0,0,0
YER093C-A,ORF-V,0,0,0,0,0
YBR218C,ORF-V,0,0,0,0,0
YML064C,ORF-V,1,1,1,3,1
YBL024W,ORF-V,0,0,0,0,0
YLR047C,ORF-V,0,0,0,0,0
YJR070C,ORF-V,0,0,0,0,0
YJL128C,ORF-V,0,0,0,0,0
YERCDELTA19,LTR,0,0,0,0,0
YOR253W,ORF-V,0,0,0,0,0
YLR133W,ORF-V,0,0,0,0,0
TQ(UUG)E2,tRNA gene,0,0,0,0,0
YPL198W,ORF-V,0,0,0,0,0
YBR238C,ORF-V,0,0,0,0,0
YOR003W,ORF-V,0,0,0,0,0
YBR074W,ORF-V,0,0,0,0,0
YML070W,ORF-V,0,0,0,0,0
YKL068W,ORF-V,0,0,0,0,0
YJR154W,ORF-U,0,0,0,0,0
YLR438W,ORF-V,0,0,0,0,0
YBR032W,ORF-U,0,0,0,0,0
YDR115W,ORF-V,0,0,0,0,0
YNR076W,ORF-V,0,0,0,0,0
YDR055W,ORF-V,0,0,0,0,0
YLR404W,ORF-V,0,0,0,0,0
YER156C,ORF-V,0,0,0,0,0
YDL195W,ORF-V,1,1,1,3,1
YDR279W,ORF-V,0,0,0,0,0
YLRWDELTA13,LTR,0,0,0,0,0
TA(UGC)L,tRNA gene,0,0,0,0,0
YKL016C,ORF-V,0,0,0,0,0
YGR056W,ORF-V,0,0,0,0,0
YMRCDELTA14,LTR,0,0,0,0,0
YHR210C,ORF-U,0,0,0,0,0
YJR054W,ORF-V,0,0,0,0,0
YOL114C,ORF-V,0,0,0,0,0
YDR272W,ORF-V,0,0,0,0,0
TA(AGC)P,tRNA gene,0,0,0,0,0
YDL121C,ORF-V,0,0,0,0,0
YDRWDELTA7,LTR,0,0,0,0,0
YHR087W,ORF-V,0,0,0,0,0
YOL073C,ORF-V,0,0,0,0,0
YDR352W,ORF-V,0,0,0,0,0
YOR178C,ORF-V,0,0,0,0,0
YFL050C,ORF-V,0,0,0,0,0
YNL074C,ORF-V,0,0,0,0,0
YER067c-a,ORF-DU,0,0,0,0,0
YAL020C,ORF-V,0,0,0,0,0
YLL063C,ORF-V,0,0,0,0,0
YGL061C,ORF-V,1,1,1,3,1
YML047C,ORF-V,0,0,0,0,0
YDRCDELTA3,LTR,0,0,0,0,0
YLR024C,ORF-V,0,0,0,0,0
YDR312W,ORF-V,0,0,0,0,0
YDR132C,ORF-V,0,0,0,0,0
YPRWDELTA20,LTR,0,0,0,0,0
YELWDELTA1,LTR,0,0,0,0,0
YNL088W,ORF-V,1,1,1,3,1
YOR215C,ORF-V,0,0,0,0,0
YFR037C,ORF-V,1,1,1,3,1
YKL006C-A,ORF-V,1,1,1,3,1
YPL153C,ORF-V,1,1,1,3,1
YML037C,ORF-U,0,0,0,0,0
YDL064W,ORF-V,1,1,1,3,1
YOR052C,ORF-V,0,0,0,0,0
SNR57,snoRNA gene,0,0,0,0,0
YNL096C,ORF-V,0,0,0,0,0
YGL067W,ORF-V,0,0,0,0,0
YDL002C,ORF-V,0,0,0,0,0
YDR112W,ORF-DU,0,0,0,0,0
YMR219W,ORF-V,0,0,0,0,0
YDL169C,ORF-V,0,0,0,0,0
YDR362C,ORF-V,1,1,1,3,1
YMR244W,ORF-U,0,0,0,0,0
YGL220W,ORF-V,0,0,0,0,0
YBL061C,ORF-V,0,0,0,0,0
YBR093C,ORF-V,0,0,0,0,0
YBR041W,ORF-V,0,0,0,0,0
YGLWDELTA8,LTR,0,0,0,0,0
YDR419W,ORF-V,0,0,0,0,0
YOL032W,ORF-V,0,0,0,0,0
YNL099C,ORF-V,0,0,0,0,0
YJLWDELTA2,LTR,0,0,0,0,0
YEL017W,ORF-V,0,0,0,0,0
YER123W,ORF-V,0,0,0,0,0
YKL225W,ORF-DU,0,0,0,0,0
YIL153W,ORF-V,0,0,0,0,0
YJR130C,ORF-V,0,0,0,0,0
YARCDELTA5,LTR,0,0,0,0,0
YPR153W,ORF-V,0,0,0,0,0
YCR008W,ORF-V,0,0,0,0,0
YOR044W,ORF-V,0,0,0,0,0
YML041C,ORF-V,0,0,0,0,0
YDL006W,ORF-V,0,0,0,0,0
YPL049C,ORF-V,0,0,0,0,0
TP(AGG)N,tRNA gene,0,0,0,0,0
YLR167W,ORF-V,1,1,1,3,1
YHRCDELTA12,LTR,0,0,0,0,0
YOR377W,ORF-V,0,0,0,0,0
YMR076C,ORF-V,1,1,1,3,1
YMR288W,ORF-V,1,1,1,3,1
YDL177C,ORF-U,0,0,0,0,0
ORF5,ORF-DU,0,0,0,0,0
YDR324C,ORF-V,1,1,1,3,1
YGR295C,ORF-V,0,0,0,0,0
YCL056C,ORF-V,0,0,0,0,0
YEL013W,ORF-V,0,0,0,0,0
YHR187W,ORF-V,0,0,0,0,0
YCL041C,ORF-DU,1,1,0,2,1
YBR222C,ORF-V,0,0,0,0,0
YKL159C,ORF-V,0,0,0,0,0
YLR099C,ORF-V,0,0,0,0,0
YKL189W,ORF-V,1,1,1,3,1
YIL011W,ORF-V,0,0,0,0,0
YLL052C,ORF-V,0,0,0,0,0
YPL121C,ORF-V,0,0,0,0,0
YLL048C,ORF-V,0,0,0,0,0
YGR227W,ORF-V,0,0,0,0,0
YLR287C,ORF-U,0,0,0,0,0
YNL117W,ORF-V,0,0,0,0,0
YPL168W,ORF-U,0,0,0,0,0
YPL108W,ORF-U,0,0,0,0,0
YMR310C,ORF-U,0,0,0,0,0
YHL015W,ORF-V,1,1,1,3,1
YNR044W,ORF-V,0,0,0,0,0
YPL011C,ORF-V,1,1,1,3,1
YKL055C,ORF-V,0,0,0,0,0
YOL015W,ORF-V,0,0,0,0,0
YILCDELTA5,LTR,0,0,0,0,0
YER048W-A,ORF-V,1,1,1,3,1
YMRWDELTA20,LTR,0,0,0,0,0
YLR461W,ORF-V,0,0,0,0,0
YLR117C,ORF-V,1,1,1,3,1
YLR331C,ORF-U,0,0,0,0,0
YER090W,ORF-V,0,0,0,0,0
YPL122C,ORF-V,1,1,1,3,1
YDR400W,ORF-V,0,0,0,0,0
YDR193W,ORF-DU,0,0,0,0,0
TG(GCC)J2,tRNA gene,0,0,0,0,0
YLR011W,ORF-V,0,0,0,0,0
YGL138C,ORF-U,0,0,0,0,0
YDR456W,ORF-V,0,0,0,0,0
YLR448W,ORF-V,0,0,0,0,0
YOR276W,ORF-V,0,0,0,0,0
YPR113W,ORF-V,1,1,1,3,1
YMR104C,ORF-V,0,0,0,0,0
YLR032W,ORF-V,0,0,0,0,0
YPL037C,ORF-V,0,0,0,0,0
YCRCDELTA14,LTR,0,0,0,0,0
YNL225C,ORF-V,1,0,0,1,1
YIL105C,ORF-V,0,0,0,0,0
TR(UCU)J2,tRNA gene,0,0,0,0,0
YJL009W,ORF-DU,1,1,0,2,1
YNL323W,ORF-V,0,0,0,0,0
YCR101C,ORF-U,0,0,0,0,0
YBR075W,ORF-M,0,0,0,0,0
YBR231C,ORF-V,0,0,0,0,0
YLR137W,ORF-V,0,0,0,0,0
YBL032W,ORF-V,0,0,0,0,0
YGL027C,ORF-V,0,0,0,0,0
YGR187C,ORF-V,0,0,0,0,0
YDR073W,ORF-V,0,0,0,0,0
YMLCDELTA1,LTR,0,0,0,0,0
YBR146W,ORF-V,0,0,0,0,0
YNL133C,ORF-V,0,0,0,0,0
YBR253W,ORF-V,1,1,1,3,1
YPL075W,ORF-V,1,0,1,2,1
YMR207C,ORF-V,0,0,0,0,0
YMR240C,ORF-V,1,1,1,3,1
YGR102C,ORF-V,0,0,0,0,0
YER055C,ORF-V,0,0,0,0,0
YDR201W,ORF-V,1,1,1,3,1
YPL202C,ORF-V,0,0,0,0,0
YJL056C,ORF-V,0,0,0,0,0
YNL253W,ORF-V,0,0,0,0,0
YLR059C,ORF-V,1,0,1,2,1
YDR379W,ORF-V,0,0,0,0,0
YML017W,ORF-V,0,0,0,0,0
YNR077C,ORF-U,0,0,0,0,0
YMR139W,ORF-V,0,0,0,0,0
YPR054W,ORF-V,0,0,0,0,0
YOR202W,ORF-V,0,0,0,0,0
YAR033W,ORF-V,0,0,0,0,0
YGL015C,ORF-V,0,0,0,0,0
YDL074C,ORF-V,0,0,0,0,0
YGL065C,ORF-V,1,1,1,3,1
YDR284C,ORF-V,0,0,0,0,0
YER133W,ORF-V,1,1,1,3,1
YNL059C,ORF-V,1,0,0,1,1
SNR9,snoRNA gene,0,0,0,0,0
YNL070W,ORF-V,0,0,0,0,0
YBR058c-a,ORF-V,0,0,0,0,0
YNL238W,ORF-V,0,0,0,0,0
YHR050W,ORF-V,0,0,0,0,0
YPR003C,ORF-U,0,0,0,0,0
YIL068w-a,ORF-DU,0,0,0,0,0
YDR125C,ORF-V,0,0,0,0,0
YGR240C,ORF-V,0,0,0,0,0
YDL223C,ORF-V,0,0,0,0,0
YPL061W,ORF-V,0,0,0,0,0
YPR145W,ORF-V,0,0,0,0,0
YAR073W,ORF-DU,0,0,0,0,0
YMR213W,ORF-V,1,1,1,3,1
YBR273C,ORF-V,0,0,0,0,0
YDR330W,ORF-V,0,0,0,0,0
YKR011C,ORF-V,0,0,0,0,0
YPL237W,ORF-V,1,1,1,3,1
YLR122C,ORF-U,0,0,0,0,0
YDR524w-a,ORF-U,0,0,0,0,0
YPL119C,ORF-V,0,0,0,0,0
YFLWTAU1,LTR,0,0,0,0,0
YMR258C,ORF-V,0,0,0,0,0
YOR184W,ORF-V,0,0,0,0,0
YJL156C,ORF-V,1,0,1,2,1
YCR060W,ORF-V,0,0,0,0,0
YNL089C,ORF-DU,0,0,0,0,0
YMR101C,ORF-V,0,0,0,0,0
YDL001W,ORF-V,0,0,0,0,0
YNL160W,ORF-V,0,0,0,0,0
YJL079C,ORF-V,0,0,0,0,0
YFL041W,ORF-V,0,0,0,0,0
YHR111W,ORF-V,0,0,0,0,0
YFL040W,ORF-U,0,0,0,0,0
YGL092W,ORF-V,1,1,1,3,1
YMR010W,ORF-V,0,0,0,0,0
YLR012C,ORF-U,0,0,0,0,0
YFR007W,ORF-V,0,0,0,0,0
YCR004C,ORF-V,0,0,0,0,0
YOR128C,ORF-V,0,0,0,0,0
YOLCDELTA2,LTR,0,0,0,0,0
YBR187W,ORF-V,0,0,0,0,0
YLR309C,ORF-V,0,0,0,0,0
YHR061C,ORF-V,0,0,0,0,0
YKL040C,ORF-V,0,0,0,0,0
YKL001C,ORF-V,0,0,0,0,0
YKL077W,ORF-V,0,0,0,0,0
YJR003C,ORF-U,1,0,1,2,1
YDR333C,ORF-V,0,0,0,0,0
YML088W,ORF-V,0,0,0,0,0
YLR218C,ORF-V,0,0,0,0,0
YOL044W,ORF-V,0,0,0,0,0
YJL087C,ORF-V,1,1,1,3,1
YCR093W,ORF-V,1,0,1,2,1
YNL154C,ORF-V,0,0,0,0,0
YJR053W,ORF-V,0,0,0,0,0
YLR204W,ORF-V,0,0,0,0,0
YNL312W,ORF-V,1,1,1,3,1
YJL215C,ORF-DU,0,0,0,0,0
YPR084W,ORF-U,0,0,0,0,0
YDR117C,ORF-V,0,0,0,0,0
YDR470C,ORF-V,1,0,1,2,1
YGR195W,ORF-V,1,0,1,2,1
YDL204W,ORF-V,0,0,0,0,0
YOR354C,ORF-V,0,0,0,0,0
YFRCDELTA8,LTR,0,0,0,0,0
SNR47,snoRNA gene,0,0,0,0,0
YDR137W,ORF-V,0,0,0,0,0
YGR275W,ORF-V,0,0,0,0,0
YNR001C,ORF-V,0,0,0,0,0
YOL092W,ORF-V,0,0,0,0,0
YDR246W,ORF-V,1,1,1,3,1
YNR067C,ORF-V,0,0,0,0,0
YGL004C,ORF-V,0,0,0,0,0
YDR261C,ORF-V,0,0,0,0,0
YGL151W,ORF-V,0,0,0,0,0
YMR307W,ORF-V,0,0,0,0,0
YJL206C,ORF-U,0,0,0,0,0
YGR118W,ORF-V,0,0,0,0,0
YOR141C,ORF-V,0,0,0,0,0
TS(AGA)M,tRNA gene,0,0,0,0,0
YDR089W,ORF-V,0,0,0,0,0
YOL079W,ORF-DU,0,0,0,0,0
YORWDELTA14,LTR,0,0,0,0,0
YBLWDELTA5,LTR,0,0,0,0,0
YMR135W-A,ORF-DU,0,0,0,0,0
YJR077C,ORF-V,0,0,0,0,0
CEN1,centromere,0,0,0,0,0
YCR097W-A,ORF-DU,0,0,0,0,0
YIL067C,ORF-U,0,0,0,0,0
YER157W,ORF-V,1,0,1,2,1
YER072W,ORF-V,0,0,0,0,0
YDR322C-A,ORF-V,0,0,0,0,0
YNR070W,ORF-V,0,0,0,0,0
YMR274C,ORF-V,0,0,0,0,0
YKL015W,ORF-V,0,0,0,0,0
YGRCDELTA30,LTR,0,0,0,0,0
YHR208W,ORF-V,0,0,0,0,0
YML035C,ORF-V,0,0,0,0,0
YLR343W,ORF-V,0,0,0,0,0
YPR142C,ORF-DU,1,1,0,2,1
YML117W-A,ORF-DU,0,0,0,0,0
YLR233C,ORF-V,0,0,0,0,0
YHL018W,ORF-U,0,0,0,0,0
YJRWDELTA14,LTR,0,0,0,0,0
YDL194W,ORF-V,0,0,0,0,0
YDL182W,ORF-V,0,0,0,0,0
YPL145C,ORF-V,0,0,0,0,0
ARS605,ARS,0,0,0,0,0
YGR025W,ORF-U,0,0,0,0,0
YGR014W,ORF-V,0,0,0,0,0
YAL064W,ORF-V,0,0,0,0,0
YIL014W,ORF-V,0,0,0,0,0
RTM1,ORF,0,0,0,0,0
YDL125C,ORF-V,0,0,0,0,0
YKR037C,ORF-V,1,1,1,3,1
YJL036W,ORF-V,0,0,0,0,0
YDL033C,ORF-V,0,0,0,0,0
YEL073C,ORF-U,0,0,0,0,0
YLR356W,ORF-V,0,0,0,0,0
YKL097W-A,ORF-V,0,0,0,0,0
YPL033C,ORF-V,0,0,0,0,0
YGR274C,ORF-V,1,1,1,3,1
YBR291C,ORF-V,0,0,0,0,0
YGL052W,ORF-DU,0,0,0,0,0
YOR043W,ORF-V,0,0,0,0,0
YOR214C,ORF-V,0,0,0,0,0
YDR364C,ORF-V,1,0,0,1,1
YJL095W,ORF-V,0,0,0,0,0
YDR093W,ORF-V,0,0,0,0,0
YLR170C,ORF-V,0,0,0,0,0
YDR303C,ORF-V,1,0,1,2,1
YNL067W,ORF-V,0,0,0,0,0
YLR290C,ORF-V,0,0,0,0,0
YPL212C,ORF-V,0,0,0,0,0
YFR047C,ORF-V,0,0,0,0,0
YKL066W,ORF-DU,0,0,0,0,0
YFL021c-a,ORF-DU,0,0,0,0,0
YJR112W,ORF-V,1,1,1,3,1
YHR148W,ORF-V,1,1,1,3,1
YPL215W,ORF-V,0,0,0,0,0
YBR192W,ORF-V,1,1,1,3,1
YHR067W,ORF-V,0,0,0,0,0
YPL261C,ORF-U,0,0,0,0,0
YOR085W,ORF-V,0,0,0,0,0
YLR101C,ORF-DU,1,1,0,2,1
YOR266W,ORF-V,0,0,0,0,0
YHR124W,ORF-V,0,0,0,0,0
YGR008C,ORF-V,0,0,0,0,0
YKR046C,ORF-V,0,0,0,0,0
YOL140W,ORF-V,0,0,0,0,0
YHR020W,ORF-V,1,1,1,3,1
YNL326C,ORF-V,0,0,0,0,0
YDL159W,ORF-V,0,0,0,0,0
YAL019W,ORF-V,0,0,0,0,0
YPR095C,ORF-V,0,0,0,0,0
YNL223W,ORF-V,1,0,0,1,1
YEL054C,ORF-V,0,0,0,0,0
YMR153C-A,ORF-DU,0,0,0,0,0
YPR073C,ORF-V,0,0,0,0,0
YER119C,ORF-V,0,0,0,0,0
YEL040W,ORF-V,0,0,0,0,0
YKR067W,ORF-V,0,0,0,0,0
YGR183C,ORF-V,0,0,0,0,0
YGR251W,ORF-V,1,1,1,3,1
YOR147W,ORF-V,0,0,0,0,0
YIL119C,ORF-V,0,0,0,0,0
YJR127C,ORF-V,0,0,0,0,0
YDR273W,ORF-V,0,0,0,0,0
YOL024W,ORF-U,0,0,0,0,0
YLR359W,ORF-V,1,1,1,3,1
YOR086C,ORF-V,0,0,0,0,0
YBR129C,ORF-V,0,0,0,0,0
YOR053W,ORF-DU,0,0,0,0,0
YBL106C,ORF-V,0,0,0,0,0
YORWDELTA19,LTR,0,0,0,0,0
YBR058C,ORF-V,0,0,0,0,0
YBR045C,ORF-V,0,0,0,0,0
YIR020c-a,,0,0,0,0,0
YGR179C,ORF-V,1,1,1,3,1
YJR137C,ORF-V,0,0,0,0,0
YLR184W,ORF-DU,0,0,0,0,0
YDR510W,ORF-V,1,1,1,3,1
YGR110W,ORF-V,0,0,0,0,0
YLR284C,ORF-V,0,0,0,0,0
YIL026C,ORF-V,1,1,1,3,1
YPL007C,ORF-V,1,1,1,3,1
YOR343C,ORF-U,0,0,0,0,0
YDL213C,ORF-V,0,0,0,0,0
YKLCDELTA5,LTR,0,0,0,0,0
YPR043W,ORF-V,0,0,0,0,0
YJLCDELTA4,LTR,0,0,0,0,0
YLR317W,ORF-DU,1,1,0,2,1
YJL127C,ORF-V,1,0,0,1,1
YPR034W,ORF-V,1,0,1,2,1
YOL076W,ORF-V,0,0,0,0,0
YDR473C,ORF-V,1,1,1,3,1
YJR087W,ORF-DU,0,0,0,0,0
YJR100C,ORF-V,0,0,0,0,0
YPL131W,ORF-V,1,1,1,3,1
YGR206W,ORF-V,0,0,0,0,0
YKL179C,ORF-V,0,0,0,0,0
YCL032W,ORF-V,0,0,0,0,0
YMR125W,ORF-V,0,0,0,0,0
YDR106W,ORF-V,0,0,0,0,0
YJL157C,ORF-V,1,0,1,2,1
YDR143C,ORF-V,0,0,0,0,0
YGL038C,ORF-V,0,0,0,0,0
YHR022C,ORF-U,0,0,0,0,0
YDL083C,ORF-V,0,0,0,0,0
YMR277W,ORF-V,1,1,1,3,1
YAR018C,ORF-V,0,0,0,0,0
YOL107W,ORF-U,0,0,0,0,0
YHL046w-a,ORF-DU,0,0,0,0,0
YHR127W,ORF-V,0,0,0,0,0
YCR105W,ORF-V,0,0,0,0,0
YOR298W,ORF-V,0,0,0,0,0
YBR123C,ORF-V,1,0,1,2,1
YIR017C,ORF-V,0,0,0,0,0
YPL272C,ORF-U,0,0,0,0,0
YHR131w-a,ORF-DU,0,0,0,0,0
YOR199W,ORF-DU,0,0,0,0,0
YGR231C,ORF-V,0,0,0,0,0
YKL222C,ORF-V,0,0,0,0,0
YCRCtau1,LTR,0,0,0,0,0
YPR090W,ORF-M,0,0,0,0,0
YFR039C,ORF-V,0,0,0,0,0
YNL231C,ORF-V,0,0,0,0,0
YGL185C,ORF-U,0,0,0,0,0
YGL219C,ORF-V,0,0,0,0,0
YNL114C,ORF-DU,1,1,0,2,1
YLR259C,ORF-V,1,0,1,2,1
YNL203C,ORF-DU,0,0,0,0,0
YDL058W,ORF-V,1,0,1,2,1
YEL059W,ORF-U,0,0,0,0,0
YGR140W,ORF-V,1,1,1,3,1
YDR047W,ORF-V,1,0,1,2,1
YJR117W,ORF-V,0,0,0,0,0
YHR134W,ORF-V,0,0,0,0,0
YCR023C,ORF-V,0,0,0,0,0
YKL144C,ORF-V,1,1,1,3,1
YIL051C,ORF-V,1,1,1,3,1
YGR223C,ORF-V,0,0,0,0,0
YNR005C,ORF-DU,0,0,0,0,0
YBL098W,ORF-V,0,0,0,0,0
YER034W,ORF-V,0,0,0,0,0
YJL181W,ORF-U,0,0,0,0,0
YAR061W,pseudogene,0,0,0,0,0
YGR050C,ORF-U,0,0,0,0,0
YDR334W,ORF-V,0,0,0,0,0
YGR033C,ORF-V,0,0,0,0,0
YDL049C,ORF-V,0,0,0,0,0
YKL166C,ORF-V,1,0,1,2,1
YPRWDELTA16,LTR,0,0,0,0,0
YGR114C,ORF-DU,1,1,0,2,1
YOR248W,ORF-DU,0,0,0,0,0
YKR052C,ORF-V,0,0,0,0,0
YKL069W,ORF-V,0,0,0,0,0
YDL071C,ORF-DU,0,0,0,0,0
YMR294W-A,ORF-DU,0,0,0,0,0
YEL062W,ORF-V,0,0,0,0,0
YLL036C,ORF-V,1,1,1,3,1
YDL210W,ORF-V,0,0,0,0,0
YLR415C,ORF-U,0,0,0,0,0
YLR220W,ORF-V,1,0,1,2,1
YDL135C,ORF-V,0,0,0,0,0
YGL253W,ORF-V,0,0,0,0,0
YDR081C,ORF-V,1,1,1,3,1
YHR165C,ORF-V,1,1,0,2,1
YBLWTY1-1,LTR,0,0,0,0,0
YKR061W,ORF-V,0,0,0,0,0
YDR198C,ORF-V,0,0,0,0,0
YMRWDELTA21,LTR,0,0,0,0,0
YHR039C,ORF-V,0,0,0,0,0
YDL016C,ORF-DU,1,1,0,2,1
YAL034W-A,ORF-V,1,1,1,3,1
YLR432W,ORF-V,0,0,0,0,0
YIL035C,ORF-V,0,0,0,0,0
YFR032C,ORF-U,0,0,0,0,0
YBR247C,ORF-V,1,1,1,3,1
YOR058C,ORF-V,0,0,0,0,0
YGL120C,ORF-V,1,1,1,3,1
YNL200C,ORF-V,0,0,0,0,0
YPR140W,ORF-V,0,0,0,0,0
YML132W,ORF-V,0,0,0,0,0
YPL026C,ORF-V,0,0,0,0,0
YDL234C,ORF-V,0,0,0,0,0
YCR068W,ORF-V,1,0,0,1,1
YGL023C,ORF-V,0,0,0,0,0
YAL009W,ORF-V,0,0,0,0,0
YGR086C,ORF-V,0,0,0,0,0
YNL298W,ORF-V,0,0,0,0,0
SNR76,snoRNA gene,0,0,0,0,0
YOR324C,ORF-V,0,0,0,0,0
YOL029C,ORF-U,0,0,0,0,0
YLR264W,ORF-V,0,0,0,0,0
YDR299W,ORF-V,1,1,1,3,1
YBR292C,ORF-U,0,0,0,0,0
YMR188C,ORF-V,0,0,0,0,0
YDL137W,ORF-V,0,0,0,0,0
YCR038C,ORF-V,0,0,0,0,0
YLL064C,ORF-V,0,0,0,0,0
YDR429C,ORF-V,1,1,1,3,1
YIL121W,ORF-V,0,0,0,0,0
YNL227C,ORF-V,0,0,0,0,0
YNL039W,ORF-V,1,1,1,3,1
YDR238C,ORF-V,1,1,1,3,1
YJR144W,ORF-V,0,0,0,0,0
YPR050C,ORF-DU,0,0,0,0,0
YML058C-A,ORF-DU,0,0,0,0,0
YNL184C,ORF-U,0,0,0,0,0
YPL196W,ORF-V,0,0,0,0,0
YJR019C,ORF-V,0,0,0,0,0
YLR211C,ORF-V,0,0,0,0,0
YIL100W,ORF-DU,0,0,0,0,0
YJL180C,ORF-V,0,0,0,0,0
YOR217W,ORF-V,1,1,1,3,1
YMR282C,ORF-V,0,0,0,0,0
YGR104C,ORF-V,0,0,0,0,0
YDR029W,ORF-U,0,0,0,0,0
YGL131C,ORF-V,0,0,0,0,0
YOLCDELTA7,LTR,0,0,0,0,0
YNL135C,ORF-V,0,0,0,0,0
YJL100W,ORF-V,0,0,0,0,0
YOR066W,ORF-V,0,0,0,0,0
YOR241W,ORF-V,0,0,0,0,0
YDR209C,ORF-U,0,0,0,0,0
YML075C,ORF-V,0,0,0,0,0
YIR008C,ORF-V,1,1,1,3,1
YGL235W,ORF-U,0,0,0,0,0
YFL005W,ORF-V,1,1,1,3,1
YLRWDELTA22,LTR,0,0,0,0,0
YCLWOMEGA1,LTR,0,0,0,0,0
YCR086W,ORF-V,0,0,0,0,0
YNL014W,ORF-V,0,0,0,0,0
YBL105C,ORF-V,1,1,1,3,1
YJR001W,ORF-V,0,0,0,0,0
YDL003W,ORF-V,1,1,1,3,1
YIL149C,ORF-V,0,0,0,0,0
YDR424C,ORF-V,0,0,0,0,0
YBR109C,ORF-V,1,1,1,3,1
YOR130C,ORF-V,0,0,0,0,0
YGL094C,ORF-V,0,0,0,0,0
YDL118W,ORF-DU,0,0,0,0,0
YBR024W,ORF-V,1,0,1,2,1
YKL033W-A,ORF-V,0,0,0,0,0
YBR091C,ORF-V,1,1,1,3,1
YARCDELTA4,LTR,0,0,0,0,0
TH(GUG)K,tRNA gene,0,0,0,0,0
YMR008C,ORF-V,0,0,0,0,0
YOR383C,ORF-V,0,0,0,0,0
YBR034C,ORF-V,0,0,0,0,0
YHR218W,ORF-U,0,0,0,0,0
YNL289W,ORF-V,0,0,0,0,0
YMR312W,ORF-V,0,0,0,0,0
YNL336W,ORF-V,0,0,0,0,0
YKL109W,ORF-V,0,0,0,0,0
YLR078C,ORF-V,1,1,1,3,1
YPR001W,ORF-V,0,0,0,0,0
YGR230W,ORF-V,0,0,0,0,0
YPL090C,ORF-V,0,0,0,0,0
YGL033W,ORF-V,0,0,0,0,0
YOL110W,ORF-V,0,0,0,0,0
YLR270W,ORF-V,0,0,0,0,0
YLRWDELTA11,LTR,0,0,0,0,0
YPR160W,ORF-V,0,0,0,0,0
YBR053C,ORF-U,0,0,0,0,0
YBR259W,ORF-V,0,0,0,0,0
YGR160W,ORF-DU,0,0,0,0,0
YCR020C,ORF-V,0,0,0,0,0
YKL146W,ORF-V,0,0,0,0,0
YLR438C-A,ORF-V,1,1,1,3,1
YGR135W,ORF-V,0,0,0,0,0
YJR111C,ORF-V,0,0,0,0,0
YOR046C,ORF-V,1,1,1,3,1
YJL037W,ORF-V,0,0,0,0,0
YDR367W,ORF-V,1,1,1,3,1
YJR131W,ORF-V,0,0,0,0,0
YGR044C,ORF-V,0,0,0,0,0
YAR030C,ORF-DU,0,0,0,0,0
YOR104W,ORF-V,0,0,0,0,0
YLR336C,ORF-V,1,1,1,3,1
CEN12,centromere,0,0,0,0,0
YOR282W,ORF-DU,1,1,0,2,1
YIR034C,ORF-V,0,0,0,0,0
YDL160C,ORF-V,0,0,0,0,0
YLR339C,ORF-DU,1,1,0,2,1
YDL093W,ORF-V,0,0,0,0,0
YMR075W,ORF-V,0,0,0,0,0
YCL029C,ORF-V,1,0,0,1,1
YOR150W,ORF-V,0,0,0,0,0
YDR350C,ORF-V,0,0,0,0,0
YOR098C,ORF-V,1,1,1,3,1
YDR413C,ORF-DU,1,1,0,2,1
YNL079C,ORF-V,0,0,0,0,0
YOR153W,ORF-V,0,0,0,0,0
SNR36,snoRNA gene,0,0,0,0,0
YGL117W,ORF-U,0,0,0,0,0
YDR525W,ORF-U,0,0,0,0,0
YGR214W,ORF-V,0,0,0,0,0
YAL055W,ORF-V,0,0,0,0,0
YFR051C,ORF-V,1,0,1,2,1
YHR035W,ORF-V,0,0,0,0,0
YPR181C,ORF-V,1,1,1,3,1
YPL128C,ORF-V,1,1,1,3,1
YGR269W,ORF-DU,0,0,0,0,0
YGR232W,ORF-V,0,0,0,0,0
YCR065W,ORF-V,0,0,0,0,0
YIR031C,ORF-V,0,0,0,0,0
YFR019W,ORF-V,0,0,0,0,0
YOR137C,ORF-V,0,0,0,0,0
YLL037W,ORF-DU,1,1,0,2,1
YKL131W,ORF-DU,0,0,0,0,0
YBRCDELTA14,LTR,0,0,0,0,0
YBR131W,ORF-V,0,0,0,0,0
YLR115W,ORF-V,1,1,1,3,1
YBR162W-A,ORF-V,0,0,0,0,0
YDR205W,ORF-V,0,0,0,0,0
YLR370C,ORF-V,0,0,0,0,0
YIL115C,ORF-V,1,1,1,3,1
YOR179C,ORF-V,0,0,0,0,0
YOR294W,ORF-V,1,1,1,3,1
YLR381W,ORF-V,0,0,0,0,0
YDRCDELTA22,LTR,0,0,0,0,0
YBR073W,ORF-V,0,0,0,0,0
YHR077C,ORF-V,0,0,0,0,0
YBR191W,ORF-V,0,0,0,0,0
YPR083W,ORF-V,0,0,0,0,0
YBR102C,ORF-V,1,1,1,3,1
YIL034C,ORF-V,0,0,0,0,0
SNR60,snoRNA gene,0,0,0,0,0
YOL027C,ORF-V,0,0,0,0,0
YJR084W,ORF-V,0,0,0,0,0
YKL157W,ORF-V,0,0,0,0,0
YBR086C,ORF-V,0,0,0,0,0
YOR015W,ORF-U,0,0,0,0,0
YMR134W,ORF-V,1,0,1,2,1
YPL189W,ORF-V,0,0,0,0,0
YCR013C,ORF-DU,1,1,0,2,1
YER148W,ORF-V,1,1,1,3,1
YGL016W,ORF-V,0,0,0,0,0
SNR19,snRNA gene,0,0,0,0,0
ARS121,ARS,0,0,0,0,0
YDR266C,ORF-V,0,0,0,0,0
YDL096C,ORF-DU,0,0,0,0,0
YIL068C,ORF-V,1,1,1,3,1
YMR031C,ORF-V,0,0,0,0,0
YBR246W,ORF-V,0,0,0,0,0
YOR162C,ORF-V,0,0,0,0,0
YDR067C,ORF-U,0,0,0,0,0
YLR084C,ORF-V,0,0,0,0,0
YJL082W,ORF-V,0,0,0,0,0
YIL124W,ORF-V,0,0,0,0,0
YLR384C,ORF-V,0,0,0,0,0
YPL023C,ORF-V,0,0,0,0,0
YNL252C,ORF-V,0,0,0,0,0
YHR049C-A,ORF-DU,0,0,0,0,0
YPR076W,ORF-DU,0,0,0,0,0
YDL073W,ORF-V,0,0,0,0,0
YDR464W,ORF-V,1,1,1,3,1
YDL041W,ORF-DU,0,0,0,0,0
YDR144C,ORF-V,0,0,0,0,0
YER044C-A,ORF-V,0,0,0,0,0
YHR088W,ORF-V,1,1,1,3,1
YLR219W,ORF-V,0,0,0,0,0
YKL064W,ORF-V,0,0,0,0,0
YKR018C,ORF-V,0,0,0,0,0
YFL043C,ORF-M,0,0,0,0,0
YMR168C,ORF-V,1,0,1,2,1
MAL23,,0,0,0,0,0
RPR1,ncRNA gene,0,0,0,0,0
YNR004W,ORF-V,0,0,0,0,0
YOL075C,ORF-V,0,0,0,0,0
YOL001W,ORF-V,0,0,0,0,0
YJL084C,ORF-V,0,0,0,0,0
YGR189C,ORF-V,0,0,0,0,0
YGR045C,ORF-U,0,0,0,0,0
YGR011W,ORF-DU,0,0,0,0,0
YGR263C,ORF-V,0,0,0,0,0
YDR503C,ORF-V,0,0,0,0,0
YPR172W,ORF-U,0,0,0,0,0
YBL040C,ORF-V,1,1,1,3,1
YPL219W,ORF-V,0,0,0,0,0
YJR025c-a,,0,0,0,0,0
YGL060W,ORF-V,0,0,0,0,0
YDL070W,ORF-V,0,0,0,0,0
YAL012W,ORF-V,1,0,0,1,1
YDR058C,ORF-V,0,0,0,0,0
YML060W,ORF-V,0,0,0,0,0
YPL126W,ORF-V,1,1,1,3,1
YDR326C,ORF-V,0,0,0,0,0
YDL057W,ORF-U,0,0,0,0,0
YKR001C,ORF-V,0,0,0,0,0
YDR262W,ORF-U,0,0,0,0,0
YMR083W,ORF-V,0,0,0,0,0
YER171W,ORF-V,1,0,1,2,1
YNL167C,ORF-V,0,0,0,0,0
YFRWDELTA7,LTR,0,0,0,0,0
YBR076W,ORF-V,0,0,0,0,0
YLL047W,ORF-DU,0,0,0,0,0
YBR019C,ORF-V,0,0,0,0,0
YCR083W,ORF-V,0,0,0,0,0
YJL130C,ORF-V,0,0,0,0,0
YPL050C,ORF-V,0,0,0,0,0
YDR005C,ORF-V,0,0,0,0,0
YBR252W,ORF-V,1,0,1,2,1
YIL019W,ORF-V,1,1,1,3,1
YPL246C,ORF-V,0,0,0,0,0
YPR121W,ORF-V,0,0,0,0,0
YBR161W,ORF-V,0,0,0,0,0
YKL149C,ORF-V,0,0,0,0,0
YGR193C,ORF-V,0,0,0,0,0
YDL085W,ORF-V,0,0,0,0,0
YBL092W,ORF-V,1,0,1,2,1
YLRWDELTA23,LTR,0,0,0,0,0
YJR101W,ORF-V,0,0,0,0,0
YML106W,ORF-V,0,0,0,0,0
YBR013C,ORF-U,0,0,0,0,0
YPR147C,ORF-V,0,0,0,0,0
YNL130C,ORF-V,0,0,0,0,0
YEL043W,ORF-V,0,0,0,0,0
YPL249C-A,ORF-V,0,0,0,0,0
YAL022C,ORF-V,0,0,0,0,0
YJL110C,ORF-V,0,0,0,0,0
YMR067C,ORF-V,0,0,0,0,0
YML127W,ORF-V,1,1,1,3,1
YPR007C,ORF-V,0,0,0,0,0
YLR401C,ORF-V,0,0,0,0,0
YER105C,ORF-V,0,0,0,0,0
YLL039C,ORF-V,0,0,0,0,0
YHR079C-A,ORF-V,0,0,0,0,0
YKL160W,ORF-V,0,0,0,0,0
YGR177C,ORF-V,0,0,0,0,0
YPL053C,ORF-V,0,0,0,0,0
YBR037C,ORF-V,0,0,0,0,0
YBRWDELTA17,LTR,0,0,0,0,0
TG(GCC)J1,tRNA gene,0,0,0,0,0
YJR152W,ORF-V,0,0,0,0,0
YAR042W,ORF-V,0,0,0,0,0
YGL134W,ORF-V,0,0,0,0,0
YDR483W,ORF-V,0,0,0,0,0
YDR111C,ORF-U,0,0,0,0,0
YPL156C,ORF-V,0,0,0,0,0
YDR480W,ORF-V,0,0,0,0,0
YLR052W,ORF-V,0,0,0,0,0
YBR038W,ORF-V,1,1,1,3,1
YLR131C,ORF-V,0,0,0,0,0
YEL049W,ORF-V,0,0,0,0,0
YHR104W,ORF-V,0,0,0,0,0
YCR048W,ORF-V,0,0,0,0,0
YER051W,ORF-V,0,0,0,0,0
YMR227C,ORF-V,1,1,1,3,1
YDR270W,ORF-V,0,0,0,0,0
YLR222C,ORF-V,1,1,1,3,1
YPR125W,ORF-V,1,0,1,2,1
YPL235W,ORF-V,1,1,1,3,1
YPL163C,ORF-V,0,0,0,0,0
YNR027W,ORF-V,0,0,0,0,0
YBR016W,ORF-V,0,0,0,0,0
YKR081C,ORF-V,1,1,1,3,1
YIR021W,ORF-V,0,0,0,0,0
YPRCDELTA18,LTR,0,0,0,0,0
YDR190C,ORF-V,1,1,1,3,1
YIR037W,ORF-V,0,0,0,0,0
YHR188C,ORF-V,1,1,1,3,1
YNL220W,ORF-V,1,0,0,1,1
YGL047W,ORF-V,1,1,1,3,1
YDR439W,ORF-V,0,0,0,0,0
YKL028W,ORF-V,1,1,1,3,1
YLL016W,pseudogene,0,0,0,0,0
YMR150C,ORF-V,0,0,0,0,0
SNR45,snoRNA gene,0,0,0,0,0
YMR052C-A,ORF-DU,0,0,0,0,0
YCL057c-a,ORF-V,0,0,0,0,0
TG(UCC)O,tRNA gene,0,0,0,0,0
YAR029W,ORF-U,0,0,0,0,0
YAL007C,ORF-V,0,0,0,0,0
YDR155C,ORF-V,0,0,0,0,0
YKR095W,ORF-V,0,0,0,0,0
YFL054C,ORF-U,0,0,0,0,0
YFR005C,ORF-V,1,1,1,3,1
YDL066W,ORF-V,0,0,0,0,0
YNR015W,ORF-V,0,0,0,0,0
YPR201W,ORF-V,0,0,0,0,0
YAL038W,ORF-V,1,1,1,3,1
YJL097W,ORF-V,1,1,1,3,1
YIL148W,ORF-V,0,0,0,0,0
YGR261C,ORF-V,0,0,0,0,0
YBR153W,ORF-V,1,1,1,3,1
YDL076C,ORF-V,0,0,0,0,0
YEL046C,ORF-V,0,0,0,0,0
YNL199C,ORF-V,0,0,0,0,0
YLR247C,ORF-V,0,0,0,0,0
YJL143W,ORF-V,1,1,1,3,1
YPR082C,ORF-V,1,1,1,3,1
YDL154W,ORF-V,0,0,0,0,0
YLR287C-A,ORF-V,0,0,0,0,0
YGR265W,ORF-DU,1,1,0,2,1
YMR199W,ORF-V,0,0,0,0,0
YDRCDELTA4,LTR,0,0,0,0,0
YERWDELTA22,LTR,0,0,0,0,0
YNL042W,ORF-V,0,0,0,0,0
YDR524C,ORF-V,0,0,0,0,0
YNL195C,ORF-U,0,0,0,0,0
YGR247W,ORF-V,0,0,0,0,0
YML031W,ORF-V,1,1,1,3,1
YDL104C,ORF-V,0,0,0,0,0
YAL027W,ORF-V,0,0,0,0,0
YLR447C,ORF-V,0,0,0,0,0
YPL210C,ORF-V,1,0,1,2,1
YHR034C,ORF-V,0,0,0,0,0
YER165W,ORF-V,1,1,1,3,1
YPL242C,ORF-V,1,1,1,3,1
YGL031C,ORF-V,0,0,0,0,0
YMR308C,ORF-V,1,1,1,3,1
YDR477W,ORF-V,0,0,0,0,0
YMR038C,ORF-V,0,0,0,0,0
YPRWDELTA17,LTR,0,0,0,0,0
YGL247W,ORF-V,1,1,1,3,1
YNL025C,ORF-V,0,0,0,0,0
YDL167C,ORF-V,0,0,0,0,0
YML014W,ORF-V,0,0,0,0,0
YDR036C,ORF-V,0,0,0,0,0
YDR016C,ORF-V,1,1,1,3,1
YML006C,ORF-V,0,0,0,0,0
YGL254W,ORF-V,0,0,0,0,0
YER060w-A,ORF-V,0,0,0,0,0
YGL196W,ORF-V,0,0,0,0,0
YORCDELTA18,LTR,0,0,0,0,0
YLR013W,ORF-V,1,0,1,2,1
YJL147C,ORF-U,0,0,0,0,0
YGR037C,ORF-V,0,0,0,0,0
SNR71,snoRNA gene,0,0,0,0,0
YGR129W,ORF-V,0,0,0,0,0
YNL316C,ORF-V,0,0,0,0,0
YEL020C,ORF-V,0,0,0,0,0
YMR166C,ORF-V,0,0,0,0,0
YCR062W,ORF-M,0,0,0,0,0
YPR189W,ORF-V,0,0,0,0,0
YDR487C,ORF-V,1,1,1,3,1
YOR361C,ORF-V,1,1,1,3,1
YDL184C,ORF-V,0,0,0,0,0
YLR353W,ORF-V,0,0,0,0,0
YNL278W,ORF-V,0,0,0,0,0
YNL069C,ORF-V,0,0,0,0,0
YPL008W,ORF-V,0,0,0,0,0
YPR060C,ORF-V,0,0,0,0,0
YNL004W,ORF-V,0,0,0,0,0
YOR195W,ORF-V,0,0,0,0,0
YLR073C,ORF-V,0,0,0,0,0
YDR030C,ORF-V,0,0,0,0,0
YGR166W,ORF-V,0,0,0,0,0
YLR075W,ORF-V,1,1,1,3,1
YER053C,ORF-V,0,0,0,0,0
SNR38,snoRNA gene,0,0,0,0,0
YLR299W,ORF-V,0,0,0,0,0
YCR028C-A,ORF-V,0,0,0,0,0
YJR072C,ORF-V,1,1,1,3,1
YBL066C,ORF-V,0,0,0,0,0
YPR144C,ORF-V,1,1,1,3,1
YBR277C,ORF-DU,0,0,0,0,0
YPL064C,ORF-V,0,0,0,0,0
YHL034C,ORF-V,0,0,0,0,0
YLR019W,ORF-V,0,0,0,0,0
YLR412W,ORF-V,0,0,0,0,0
YNL282W,ORF-V,1,1,1,3,1
YBR209W,ORF-U,0,0,0,0,0
TS(AGA)L,tRNA gene,0,0,0,0,0
YOR227W,ORF-V,0,0,0,0,0
YJL064W,ORF-DU,0,0,0,0,0
YOR159C,ORF-V,1,1,1,3,1
YKL196C,ORF-V,1,1,1,3,1
YCL040W,ORF-V,0,0,0,0,0
YKR008W,ORF-V,1,1,1,3,1
YLR271W,ORF-U,0,0,0,0,0
YDL019C,ORF-V,0,0,0,0,0
YLL050C,ORF-V,1,1,1,3,1
YJR056C,ORF-V,0,0,0,0,0
YNL237W,ORF-V,0,0,0,0,0
YBR276C,ORF-V,0,0,0,0,0
YNL313C,ORF-V,1,1,1,3,1
YMR152W,ORF-V,0,0,0,0,0
YKR005C,ORF-U,0,0,0,0,0
YML008C,ORF-V,0,0,0,0,0
YLRCDELTA25,LTR,0,0,0,0,0
YGL234W,ORF-V,0,0,0,0,0
SNR67,snoRNA gene,0,0,0,0,0
YDL178W,ORF-V,0,0,0,0,0
YGLCDELTA1,LTR,0,0,0,0,0
YLR168C,ORF-V,0,0,0,0,0
YGL043W,ORF-V,0,0,0,0,0
YOR285W,ORF-V,0,0,0,0,0
YJR140C,ORF-V,0,0,0,0,0
YFL048C,ORF-V,0,0,0,0,0
YER077C,ORF-U,0,0,0,0,0
YBR094W,ORF-V,0,0,0,0,0
YMR061W,ORF-V,1,1,1,3,1
YJR007W,ORF-V,1,1,1,3,1
YDR287W,ORF-V,0,0,0,0,0
YLR058C,ORF-V,0,0,0,0,0
YBR164C,ORF-V,0,0,0,0,0
YJR045C,ORF-V,1,1,1,3,1
YDR524c-a,ORF-DU,0,0,0,0,0
YMR259C,ORF-V,0,0,0,0,0
YDL100C,ORF-V,0,0,0,0,0
YER016W,ORF-V,1,0,1,2,1
YNL052W,ORF-V,0,0,0,0,0
YLRCTAU1,LTR,0,0,0,0,0
YNL090W,ORF-V,0,0,0,0,0
YBR056w-a,ORF-U,0,0,0,0,0
YLR043C,ORF-V,0,0,0,0,0
YDR130C,ORF-V,1,0,0,1,1
YAL054C,ORF-V,0,0,0,0,0
YJR139C,ORF-V,0,0,0,0,0
YGL088W,ORF-U,0,0,0,0,0
YHL037C,ORF-U,0,0,0,0,0
YMR077C,ORF-V,0,0,0,0,0
YKL171W,ORF-V,0,0,0,0,0
YPRWSIGMA2,LTR,0,0,0,0,0
YNL112W,ORF-V,1,0,1,2,1
YNL153C,ORF-V,0,0,0,0,0
YPR171W,ORF-V,0,0,0,0,0
YLRCDELTA18,LTR,0,0,0,0,0
YNL122C,ORF-V,0,0,0,0,0
YOR198C,ORF-V,0,0,0,0,0
YGL069C,ORF-DU,1,1,0,2,1
YNL291C,ORF-V,0,0,0,0,0
SNR51,snoRNA gene,0,0,0,0,0
YHR010W,ORF-V,0,0,0,0,0
YJL042W,ORF-V,0,0,0,0,0
YOL051W,ORF-V,0,0,0,0,0
YOR279C,ORF-V,0,0,0,0,0
YER099C,ORF-V,0,0,0,0,0
YLR293C,ORF-V,1,1,0,2,1
YMR228W,ORF-V,0,0,0,0,0
YHR046C,ORF-V,0,0,0,0,0
YJR016C,ORF-V,1,1,1,3,1
YDR171W,ORF-V,0,0,0,0,0
YDL011C,ORF-DU,0,0,0,0,0
YGR048W,ORF-V,1,1,1,3,1
YKL076C,ORF-DU,0,0,0,0,0
YNL068C,ORF-V,0,0,0,0,0
YDR158W,ORF-V,0,0,0,0,0
YER097W,ORF-DU,0,0,0,0,0
YPL254W,ORF-V,0,0,0,0,0
YDL050C,ORF-DU,0,0,0,0,0
YOL047C,ORF-V,0,0,0,0,0
YNL168C,ORF-U,0,0,0,0,0
YDR292C,ORF-V,1,0,1,2,1
YGL106W,ORF-V,1,1,0,2,1
YER100W,ORF-V,0,0,0,0,0
YBLWDELTA3,LTR,0,0,0,0,0
YJL105W,ORF-V,0,0,0,0,0
YBR216C,ORF-V,0,0,0,0,0
YKL175W,ORF-V,0,0,0,0,0
YKL038W,ORF-V,0,0,0,0,0
YPL161C,ORF-V,0,0,0,0,0
YPL127C,ORF-V,0,0,0,0,0
YGL051W,ORF-V,0,0,0,0,0
YMR254C,ORF-U,0,0,0,0,0
YIR032C,ORF-V,0,0,0,0,0
YPR086W,ORF-V,1,1,1,3,1
YDR119W,ORF-U,0,0,0,0,0
YLR406C,ORF-V,0,0,0,0,0
YJL131C,ORF-V,0,0,0,0,0
YGR087C,ORF-V,0,0,0,0,0
YNL105W,ORF-DU,0,0,0,0,0
YOR243C,ORF-V,0,0,0,0,0
YOL124C,ORF-V,0,0,0,0,0
YLR397C,ORF-V,1,1,1,3,1
YHR068W,ORF-V,1,1,1,3,1
YKL190W,ORF-V,0,0,0,0,0
YKR017C,ORF-V,0,0,0,0,0
YKL042W,ORF-V,1,1,1,3,1
YOL152W,ORF-V,0,0,0,0,0
YCR022C,ORF-U,0,0,0,0,0
YER082C,ORF-V,1,1,1,3,1
YLR154C,ORF-V,0,0,0,0,0
YDL072C,ORF-V,0,0,0,0,0
YLL054C,ORF-U,0,0,0,0,0
YPR057W,ORF-V,0,0,0,0,0
YCL030C,ORF-V,0,0,0,0,0
YML002W,ORF-U,0,0,0,0,0
YMR137C,ORF-V,0,0,0,0,0
YJL060W,ORF-V,0,0,0,0,0
YPL125W,ORF-V,1,0,0,1,1
YNL038W,ORF-V,1,1,1,3,1
YDR425W,ORF-V,0,0,0,0,0
YPR027C,ORF-U,0,0,0,0,0
YLR283W,ORF-U,0,0,0,0,0
YHR052W,ORF-V,0,0,0,0,0
YLR081W,ORF-V,0,0,0,0,0
YLR004C,ORF-V,0,0,0,0,0
YHL050C,ORF-U,0,0,0,0,0
YIL049W,ORF-V,0,0,0,0,0
YLR379W,ORF-DU,1,1,0,2,1
YBR219C,ORF-U,0,0,0,0,0
YDR411C,ORF-V,0,0,0,0,0
YDL211C,ORF-U,0,0,0,0,0
YKR103W,ORF-V,0,0,0,0,0
YOLWSIGMA1,LTR,0,0,0,0,0
YMR236W,ORF-V,1,1,1,3,1
YJR102C,ORF-V,0,0,0,0,0
YER066C-A,ORF-DU,0,0,0,0,0
YNR053C,ORF-V,1,1,1,3,1
YKL063C,ORF-U,0,0,0,0,0
YJL007C,ORF-U,0,0,0,0,0
YML080W,ORF-V,0,0,0,0,0
YER015W,ORF-V,0,0,0,0,0
YPL194W,ORF-V,0,0,0,0,0
YMR200W,ORF-V,1,0,1,2,1
YGR279C,ORF-V,0,0,0,0,0
YNR050C,ORF-V,0,0,0,0,0
YMR172W,ORF-V,0,0,0,0,0
YDL218W,ORF-U,0,0,0,0,0
YPR143W,ORF-V,1,1,1,3,1
YAR015W,ORF-V,0,0,0,0,0
YHL019C,ORF-V,0,0,0,0,0
YNL251C,ORF-V,1,1,1,3,1
YOR016C,ORF-V,0,0,0,0,0
YDR255C,ORF-V,0,0,0,0,0
SNR189,snoRNA gene,0,0,0,0,0
YPR088C,ORF-V,1,0,1,2,1
YLRCDELTA24,LTR,0,0,0,0,0
YFL051C,ORF-U,0,0,0,0,0
YGL175C,ORF-V,0,0,0,0,0
YOR280C,ORF-V,0,0,0,0,0
YJL081C,ORF-V,1,1,1,3,1
YDL240W,ORF-V,0,0,0,0,0
YML093W,ORF-V,1,1,1,3,1
YBLWDELTA6,LTR,0,0,0,0,0
YFRCDELTA9,LTR,0,0,0,0,0
YDR076W,ORF-V,0,0,0,0,0
YGL160W,ORF-V,0,0,0,0,0
YER075C,ORF-V,0,0,0,0,0
YML100W-A,ORF-U,0,0,0,0,0
YDR381W,ORF-V,1,1,1,3,1
YML112W,ORF-V,0,0,0,0,0
YDR208W,ORF-V,1,1,1,3,1
YML073C,ORF-V,0,0,0,0,0
YBRCDELTA19,LTR,0,0,0,0,0
YER149C,ORF-V,0,0,0,0,0
TR(ACG)O,tRNA gene,0,0,0,0,0
SNR42,snoRNA gene,0,0,0,0,0
YML032C-A,ORF-DU,0,0,0,0,0
YDR145W,ORF-V,1,1,1,3,1
YMR143W,ORF-V,0,0,0,0,0
YCR041W,ORF-V,0,0,0,0,0
YOL070C,ORF-V,0,0,0,0,0
YNL192W,ORF-V,0,0,0,0,0
YOR074C,ORF-V,1,1,1,3,1
YGL034C,ORF-U,0,0,0,0,0
YFL037W,ORF-V,1,1,1,3,1
YOR234C,ORF-V,0,0,0,0,0
TA(AGC)K2,tRNA gene,0,0,0,0,0
YMRWDELTA16,LTR,0,0,0,0,0
YPL211W,ORF-V,1,1,1,3,1
YGL182C,ORF-DU,0,0,0,0,0
YEL061C,ORF-V,0,0,0,0,0
YLR463C,ORF-DU,0,0,0,0,0
YBL020W,ORF-V,1,1,1,3,1
YMR017W,ORF-V,0,0,0,0,0
YFR052W,ORF-V,1,1,1,3,1
YLR074C,ORF-V,0,0,0,0,0
YDL189W,ORF-V,0,0,0,0,0
YAL032C,ORF-V,1,1,1,3,1
YER088C,ORF-V,0,0,0,0,0
YCL066W,ORF-V,0,0,0,0,0
YDL128W,ORF-V,0,0,0,0,0
YPL144W,ORF-V,0,0,0,0,0
YOR394W,ORF-V,0,0,0,0,0
YMR059W,ORF-V,1,1,1,3,1
YMR110C,ORF-V,0,0,0,0,0
YBR206W,ORF-DU,0,0,0,0,0
YLR088W,ORF-V,1,1,1,3,1
YKL192C,ORF-V,1,0,1,2,1
YKL033W,ORF-V,1,1,1,3,1
YOR346W,ORF-V,0,0,0,0,0
YMR124W,ORF-V,0,0,0,0,0
YHR112C,ORF-V,0,0,0,0,0
YNL234W,ORF-V,0,0,0,0,0
YCL005W,ORF-V,0,0,0,0,0
YDR056C,ORF-U,0,0,0,0,0
YDR496C,ORF-V,0,0,0,0,0
YDR298C,ORF-V,0,0,0,0,0
YLR345W,ORF-U,0,0,0,0,0
YLR046C,ORF-U,0,0,0,0,0
YAL056W,ORF-V,0,0,0,0,0
YLR146C,ORF-V,0,0,0,0,0
RDN18-1,rRNA gene,0,0,0,0,0
YDR535C,ORF-DU,0,0,0,0,0
YLR106C,ORF-V,1,1,0,2,1
YCR087C-A,ORF-U,0,0,0,0,0
YPR051W,ORF-V,0,0,0,0,0
YMR097C,ORF-V,0,0,0,0,0
YKR041W,ORF-V,0,0,0,0,0
YBR193C,ORF-V,1,1,1,3,1
YJR075W,ORF-V,0,0,0,0,0
YNL205C,ORF-DU,0,0,0,0,0
YJR034W,ORF-V,0,0,0,0,0
YNL053W,ORF-V,0,0,0,0,0
YDL156W,ORF-V,0,0,0,0,0
YGR012W,ORF-V,0,0,0,0,0
YDR356W,ORF-V,1,1,1,3,1
YOL166C,ORF-DU,0,0,0,0,0
YHR066W,ORF-V,0,0,0,0,0
YHR180W,ORF-U,0,0,0,0,0
YER183C,ORF-V,0,0,0,0,0
YGL062W,ORF-V,0,0,0,0,0
YJLWDELTA8,LTR,0,0,0,0,0
TG(GCC)O2,tRNA gene,0,0,0,0,0
YDL026W,ORF-DU,0,0,0,0,0
YLR446W,ORF-U,0,0,0,0,0
YOR182C,ORF-V,1,0,0,1,1
YNL314W,ORF-V,0,0,0,0,0
YOL030W,ORF-V,0,0,0,0,0
YLR162W,ORF-V,0,0,0,0,0
YOLWDELTA10,LTR,0,0,0,0,0
YDR331W,ORF-V,1,1,1,3,1
YMR326C,ORF-DU,0,0,0,0,0
YDR178W,ORF-V,0,0,0,0,0
YMR319C,ORF-V,0,0,0,0,0
YGL236C,ORF-V,1,0,0,1,1
YIL032C,ORF-DU,0,0,0,0,0
YHL033C,ORF-V,0,0,0,0,0
YMLWDELTA5,LTR,0,0,0,0,0
YGL029W,ORF-V,1,0,0,1,1
YDR349C,ORF-V,0,0,0,0,0
YNL143C,ORF-U,0,0,0,0,0
YGL206C,ORF-V,1,0,0,1,1
TT(AGU)J,tRNA gene,0,0,0,0,0
YIL028W,ORF-DU,0,0,0,0,0
YLR077W,ORF-V,0,0,0,0,0
YPL001W,ORF-V,0,0,0,0,0
YNL301C,ORF-V,0,0,0,0,0
YPL099C,ORF-V,0,0,0,0,0
YMR119W,ORF-V,0,0,0,0,0
YOL131W,ORF-U,0,0,0,0,0
YGR111W,ORF-U,0,0,0,0,0
YGL095C,ORF-V,0,0,0,0,0
YMR209C,ORF-U,0,0,0,0,0
YHR023W,ORF-V,1,0,1,2,1
YEL076W-C,ORF-DU,0,0,0,0,0
YDL115C,ORF-V,0,0,0,0,0
TG(GCC)P2,tRNA gene,0,0,0,0,0
YBR090C-A,ORF-V,0,0,0,0,0
YER164W,ORF-V,0,0,0,0,0
YPL009C,ORF-V,0,0,0,0,0
YBR283C,ORF-V,0,0,0,0,0
YOR197W,ORF-V,0,0,0,0,0
TS(AGA)D2,tRNA gene,0,0,0,0,0
YML018C,ORF-V,0,0,0,0,0
YPL052W,ORF-V,0,0,0,0,0
YLR176C,ORF-V,0,0,0,0,0
YKR009C,ORF-V,0,0,0,0,0
YGR151C,ORF-DU,0,0,0,0,0
YJL041W,ORF-V,1,1,1,3,1
YHR136C,ORF-V,0,0,0,0,0
YHR006W,ORF-V,0,0,0,0,0
YER085C,ORF-U,0,0,0,0,0
YDL039C,ORF-V,0,0,0,0,0
YKL195W,ORF-V,1,0,1,2,1
YHL023C,ORF-V,0,0,0,0,0
YHR028C,ORF-V,0,0,0,0,0
YFR015C,ORF-V,0,0,0,0,0
YPL207W,ORF-V,1,0,1,2,1
YGL132W,ORF-DU,0,0,0,0,0
YKL018W,ORF-V,1,1,1,3,1
YML126C,ORF-V,1,1,1,3,1
YLL033W,ORF-V,0,0,0,0,0
YER136W,ORF-V,1,1,1,3,1
YER101C,ORF-V,0,0,0,0,0
YDR529C,ORF-V,0,0,0,0,0
YDR484W,ORF-V,0,0,0,0,0
YDR247W,ORF-V,0,0,0,0,0
YGR164W,ORF-U,0,0,0,0,0
YMR309C,ORF-V,1,1,1,3,1
YLL013C,ORF-V,0,0,0,0,0
YPL088W,ORF-U,0,0,0,0,0
YPL243W,ORF-V,1,0,1,2,1
YDL203C,ORF-V,0,0,0,0,0
YOR242C,ORF-V,0,0,0,0,0
YJR046W,ORF-V,1,1,1,3,1
YBL044W,ORF-U,0,0,0,0,0
YFR002W,ORF-V,1,1,1,3,1
YBL008W,ORF-V,0,0,0,0,0
YLRWDELTA12,LTR,0,0,0,0,0
YEL035C,ORF-U,1,1,1,3,1
YLR321C,ORF-V,1,1,1,3,1
YNL317W,ORF-V,1,1,1,3,1
YPR080W,ORF-V,0,0,0,0,0
YEL072W,ORF-V,0,0,0,0,0
YOR284W,ORF-V,0,0,0,0,0
YDL153C,ORF-V,1,1,1,3,1
YOR373W,ORF-V,1,1,1,3,1
YFR018C,ORF-U,0,0,0,0,0
YJL225C,ORF-U,0,0,0,0,0
YLR021W,ORF-V,0,0,0,0,0
YLRWDELTA10,LTR,0,0,0,0,0
YLR386W,ORF-V,0,0,0,0,0
YPR124W,ORF-V,1,0,1,2,1
YDR295C,ORF-V,0,0,0,0,0
YKL035W,ORF-V,1,1,1,3,1
YGR136W,ORF-V,0,0,0,0,0
YHR082C,ORF-V,1,0,1,2,1
YGR276C,ORF-V,0,0,0,0,0
YDR518W,ORF-V,0,0,0,0,0
YLR186W,ORF-V,1,1,1,3,1
CEN5,centromere,0,0,0,0,0
YJR119C,ORF-V,0,0,0,0,0
YMR187C,ORF-U,0,0,0,0,0
YMR009W,ORF-V,0,0,0,0,0
YMR039C,ORF-V,0,0,0,0,0
YPL191C,ORF-V,0,0,0,0,0
YGR260W,ORF-V,0,0,0,0,0
YGR188C,ORF-V,1,0,0,1,1
YDR083W,ORF-V,0,0,0,0,0
YOR006C,ORF-V,0,0,0,0,0
YPL205C,ORF-DU,0,0,0,0,0
YBL081W,ORF-U,0,0,0,0,0
YGL176C,ORF-U,0,0,0,0,0
YDL085c-a,ORF-U,0,0,0,0,0
YOR281C,ORF-V,1,0,1,2,1
YNL221C,ORF-V,1,1,1,3,1
YLRCDELTA21,LTR,0,0,0,0,0
YLR156W,ORF-U,0,0,0,0,0
YLR018C,ORF-V,0,0,0,0,0
YDL008W,ORF-V,1,0,1,2,1
YNL044W,ORF-V,1,0,0,1,1
YPR119W,ORF-V,0,0,0,0,0
SNR39,snoRNA gene,0,0,0,0,0
YJR141W,ORF-V,1,1,1,3,1
YJL006C,ORF-V,0,0,0,0,0
YDRWDELTA28,LTR,0,0,0,0,0
YOR099W,ORF-V,0,0,0,0,0
YFR042W,ORF-V,1,1,1,3,1
YER046w-a,ORF-DU,0,0,0,0,0
YDR437W,ORF-V,1,1,1,3,1
YAL061W,ORF-U,0,0,0,0,0
YCR102C,ORF-U,0,0,0,0,0
YAL035W,ORF-V,1,0,0,1,1
YGL076C,ORF-V,0,0,0,0,0
YHR169W,ORF-V,1,1,0,2,1
YMR239C,ORF-V,1,1,1,3,1
YMR287C,ORF-V,0,0,0,0,0
SNR78,snoRNA gene,0,0,0,0,0
YIR035C,ORF-U,0,0,0,0,0
YGRCTY1-3,LTR,0,0,0,0,0
YLL055W,ORF-V,0,0,0,0,0
YPL063W,ORF-V,1,1,1,3,1
YMRWDELTA19,LTR,0,0,0,0,0
YGRCDELTA16,LTR,0,0,0,0,0
YLR308W,ORF-V,0,0,0,0,0
YBR183W,ORF-V,0,0,0,0,0
YDL152W,ORF-DU,1,1,0,2,1
YDR488C,ORF-V,0,0,0,0,0
YML072C,ORF-V,0,0,0,0,0
YGL114W,ORF-U,0,0,0,0,0
YHRCDELTA11,LTR,0,0,0,0,0
YIL015C-A,ORF-U,0,0,0,0,0
YNL001W,ORF-V,0,0,0,0,0
YNR064C,ORF-V,0,0,0,0,0
YKL078W,ORF-V,1,1,1,3,1
YMR160W,ORF-V,0,0,0,0,0
YBR236C,ORF-V,1,1,1,3,1
YJR126C,ORF-V,0,0,0,0,0
YML004C,ORF-V,0,0,0,0,0
YERWDELTA12,LTR,0,0,0,0,0
YJL182C,ORF-DU,0,0,0,0,0
YCR102W-A,ORF-DU,0,0,0,0,0
YDR320C,ORF-V,0,0,0,0,0
YHL010C,ORF-V,0,0,0,0,0
YOR374W,ORF-V,0,0,0,0,0
YBR098W,ORF-V,0,0,0,0,0
YOL071W,ORF-V,0,0,0,0,0
YPRWTY1-3,LTR,0,0,0,0,0
YAL026C,ORF-V,0,0,0,0,0
YOR224C,ORF-V,1,1,1,3,1
YMR002W,ORF-V,0,0,0,0,0
YBR100W,ORF-M,0,0,0,0,0
YGRWSIGMA7,LTR,0,0,0,0,0
TT(UGU)P,tRNA gene,0,0,0,0,0
YLR171W,ORF-DU,0,0,0,0,0
YDL048C,ORF-V,0,0,0,0,0
YCR042C,ORF-V,0,0,0,0,0
YJR012C,ORF-U,1,1,1,3,1
YPL184C,ORF-V,0,0,0,0,0
YDR341C,ORF-V,1,1,1,3,1
YNL233W,ORF-V,0,0,0,0,0
YBR101C,ORF-V,0,0,0,0,0
YER155C,ORF-V,0,0,0,0,0
YJR079W,ORF-U,0,0,0,0,0
YGR268C,ORF-V,0,0,0,0,0
YGL195W,ORF-V,0,0,0,0,0
YOL006C,ORF-V,0,0,0,0,0
YIL152W,ORF-U,0,0,0,0,0
YGR040W,ORF-V,0,0,0,0,0
YMR081C,ORF-V,0,0,0,0,0
YKR015C,ORF-U,0,0,0,0,0
YMR121C,ORF-V,0,0,0,0,0
YOR075W,ORF-V,1,1,1,3,1
YBR160W,ORF-V,1,0,1,2,1
YPL004C,ORF-V,0,0,0,0,0
YKR070W,ORF-U,0,0,0,0,0
YBR274W,ORF-V,0,0,0,0,0
YDR020C,ORF-U,0,0,0,0,0
YNR023W,ORF-V,0,0,0,0,0
YLR037C,ORF-V,0,0,0,0,0
YPR170C,ORF-DU,0,0,0,0,0
YNL149C,ORF-V,1,1,1,3,1
YHR158C,ORF-V,0,0,0,0,0
YKL013C,ORF-V,1,1,1,3,1
YFR004W,ORF-V,1,1,1,3,1
YIL083C,ORF-V,1,1,1,3,1
YHR115C,ORF-V,0,0,0,0,0
YPL020C,ORF-V,1,0,1,2,1
YKL053C-A,ORF-V,0,0,0,0,0
YLR071C,ORF-V,1,1,1,3,1
YIL117C,ORF-V,0,0,0,0,0
YGL148W,ORF-V,0,0,0,0,0
YOR208W,ORF-V,0,0,0,0,0
YDR310C,ORF-V,0,0,0,0,0
YHR004C,ORF-V,0,0,0,0,0
YHL004W,ORF-V,0,0,0,0,0
YDL069C,ORF-V,0,0,0,0,0
YOR370C,ORF-V,1,1,1,3,1
YDR438W,ORF-V,0,0,0,0,0
YBR010W,ORF-V,0,0,0,0,0
YKL140W,ORF-V,0,0,0,0,0
YAR044W,ORF-M,0,0,0,0,0
YER023W,ORF-V,1,1,1,3,1
YDL224C,ORF-V,0,0,0,0,0
YBR168W,ORF-V,1,0,0,1,1
YBR015C,ORF-V,0,0,0,0,0
YKR080W,ORF-V,0,0,0,0,0
YOL014W,ORF-U,0,0,0,0,0
YIL006W,ORF-V,0,0,0,0,0
YIL104C,ORF-V,1,1,1,3,1
YDR285W,ORF-V,0,0,0,0,0
YFR031C,ORF-V,1,1,1,3,1
YBR278W,ORF-V,0,0,0,0,0
YLR130C,ORF-V,0,0,0,0,0
YFL047W,ORF-V,0,0,0,0,0
YCL058C,ORF-V,0,0,0,0,0
YELWDELTA6,LTR,0,0,0,0,0
YLR286C,ORF-V,0,0,0,0,0
YER092W,ORF-V,0,0,0,0,0
YHR195W,ORF-V,0,0,0,0,0
YMR047C,ORF-V,1,1,1,3,1
YJL118W,ORF-V,0,0,0,0,0
YLRWDELTA15,LTR,0,0,0,0,0
YPR059C,ORF-DU,0,0,0,0,0
TE(CUC)D,tRNA gene,0,0,0,0,0
YIL154C,ORF-V,0,0,0,0,0
YML114C,ORF-V,1,1,1,3,1
YCL026C-A,ORF-V,0,0,0,0,0
YCRWDELTA9,LTR,0,0,0,0,0
YLL011W,ORF-V,1,1,1,3,1
YFL052W,ORF-V,0,0,0,0,0
YKL121W,ORF-U,0,0,0,0,0
YNR008W,ORF-V,0,0,0,0,0
YOR061W,ORF-V,0,0,0,0,0
YKLCDELTA6,LTR,0,0,0,0,0
YOL033W,ORF-V,0,0,0,0,0
YPR199C,ORF-V,0,0,0,0,0
YOR193W,ORF-V,0,0,0,0,0
YGLCSIGMA1,LTR,0,0,0,0,0
YNL075W,ORF-V,1,1,1,3,1
YML055W,ORF-V,0,0,0,0,0
YGR203W,ORF-V,0,0,0,0,0
YDL052C,ORF-V,0,0,0,0,0
YOR064C,ORF-V,0,0,0,0,0
YPL185W,ORF-DU,0,0,0,0,0
YFR016C,ORF-V,0,0,0,0,0
YNL128W,ORF-V,0,0,0,0,0
YKL072W,ORF-V,0,0,0,0,0
YFR027W,ORF-V,1,1,1,3,1
YPL192C,ORF-V,0,0,0,0,0
YPL005W,ORF-V,0,0,0,0,0
YBL003C,ORF-V,1,0,1,2,1
YKL106W,ORF-V,0,0,0,0,0
YBR022W,ORF-V,0,0,0,0,0
YDL202W,ORF-V,0,0,0,0,0
YPL223C,ORF-V,0,0,0,0,0
YORCDELTA20,LTR,0,0,0,0,0
YBR079C,ORF-V,1,1,1,3,1
YBR159W,ORF-V,0,0,0,0,0
YPL148C,ORF-V,0,0,0,0,0
YGR277C,ORF-V,1,1,1,3,1
CEN10,centromere,0,0,0,0,0
YER062C,ORF-V,0,0,0,0,0
YLR241W,ORF-V,0,0,0,0,0
YJL223C,ORF-V,0,0,0,0,0
YNL186W,ORF-V,0,0,0,0,0
YDR469W,ORF-V,0,0,0,0,0
YKL127W,ORF-V,0,0,0,0,0
YAR014C,ORF-V,0,0,0,0,0
YGL262W,ORF-U,0,0,0,0,0
YNL132W,ORF-V,1,1,1,3,1
YJL134W,ORF-V,0,0,0,0,0
YMR085W,ORF-U,0,0,0,0,0
YMR253C,ORF-U,0,0,0,0,0
YJR035W,ORF-V,0,0,0,0,0
YBR021W,ORF-V,0,0,0,0,0
YHRCTY1-1,LTR,0,0,0,0,0
YGRWSIGMA6,LTR,0,0,0,0,0
YFR044C,ORF-V,0,0,0,0,0
YMRCTAU3,LTR,0,0,0,0,0
YMR286W,ORF-V,0,0,0,0,0
YDR300C,ORF-V,0,0,0,0,0
YCR099C,ORF-U,0,0,0,0,0
YMR197C,ORF-V,1,1,1,3,1
YNL047C,ORF-V,0,0,0,0,0
YGL223C,ORF-V,0,0,0,0,0
YFL034W,ORF-U,0,0,0,0,0
YCL006C,ORF-DE,0,0,0,0,0
YLL041C,ORF-V,0,0,0,0,0
YKR035C,ORF-DU,0,0,0,0,0
YLR296W,ORF-U,0,0,0,0,0
YDR042C,ORF-U,0,0,0,0,0
YAL049C,ORF-V,0,0,0,0,0
YBRWDELTA16,LTR,0,0,0,0,0
YMR063W,ORF-V,0,0,0,0,0
YLR403W,ORF-V,1,0,1,2,1
YDL215C,ORF-V,0,0,0,0,0
YMR177W,ORF-V,0,0,0,0,0
YBL082C,ORF-V,0,0,0,0,0
YBR261C,ORF-V,0,0,0,0,0
YML027W,ORF-V,0,0,0,0,0
YKL017C,ORF-V,0,0,0,0,0
YAR003W,ORF-V,0,0,0,0,0
YERCSIGMA4,LTR,0,0,0,0,0
YBL012C,ORF-DU,0,0,0,0,0
YIR023c-a,ORF-DU,0,0,0,0,0
YOR247W,ORF-V,0,0,0,0,0
YDR384C,ORF-V,0,0,0,0,0
YOR265W,ORF-V,0,0,0,0,0
YDR353W,ORF-V,1,1,1,3,1
CEN3,centromere,0,0,0,0,0
YOR063W,ORF-V,1,1,1,3,1
YGR208W,ORF-V,0,0,0,0,0
YMR194C-A,ORF-DU,0,0,0,0,0
YGL221C,ORF-V,0,0,0,0,0
YDL134C,ORF-V,0,0,0,0,0
YER137C,ORF-V,0,0,0,0,0
YPL035C,ORF-DU,0,0,0,0,0
YDR297W,ORF-V,0,0,0,0,0
YJL196C,ORF-V,0,0,0,0,0
YHL036W,ORF-V,0,0,0,0,0
YKL104C,ORF-V,1,1,1,3,1
YKR021W,ORF-V,0,0,0,0,0
YOR152C,ORF-V,0,0,0,0,0
YJL034W,ORF-V,1,1,1,3,1
YJL209W,ORF-V,0,0,0,0,0
YOR323C,ORF-V,0,0,0,0,0
YPL277C,ORF-U,0,0,0,0,0
YKL107W,ORF-V,0,0,0,0,0
YNR002C,ORF-V,0,0,0,0,0
TV(UAC)B,tRNA gene,0,0,0,0,0
YML033W,ORF-M,0,0,0,0,0
YPR169W,ORF-V,1,1,1,3,1
YER003C,ORF-V,1,1,1,3,1
YDR141C,ORF-V,1,1,1,3,1
YOL040C,ORF-V,1,1,1,3,1
YIL077C,ORF-U,0,0,0,0,0
YMR095C,ORF-V,0,0,0,0,0
TR(ACG)J,tRNA gene,0,0,0,0,0
YGL021W,ORF-V,0,0,0,0,0
YNL249C,ORF-V,0,0,0,0,0
YOR349W,ORF-V,0,0,0,0,0
YOL094C,ORF-V,1,1,1,3,1
YBR174C,ORF-DU,0,0,0,0,0
YOR024W,ORF-DU,0,0,0,0,0
YPR071W,ORF-U,0,0,0,0,0
YNL297C,ORF-V,0,0,0,0,0
YNR034w-a,ORF-V,0,0,0,0,0
YER186C,ORF-U,0,0,0,0,0
YKL047W,ORF-V,0,0,0,0,0
YCLWOMEGA2,LTR,0,0,0,0,0
YHR132C,ORF-V,0,0,0,0,0
TP(AGG)C,tRNA gene,0,0,0,0,0
YER020W,ORF-V,0,0,0,0,0
YLR373C,ORF-V,0,0,0,0,0
YPRCDELTA24,LTR,0,0,0,0,0
YGR116W,ORF-V,1,1,1,3,1
YML115C,ORF-V,0,0,0,0,0
YDL219W,ORF-V,0,0,0,0,0
YHR175W,ORF-V,0,0,0,0,0
YJR011C,ORF-U,0,0,0,0,0
YLR273C,ORF-V,0,0,0,0,0
YER175C,ORF-V,0,0,0,0,0
YMR255W,ORF-V,0,0,0,0,0
TE(UUC)B,tRNA gene,0,0,0,0,0
YLR426W,ORF-U,0,0,0,0,0
YBR126w-a,ORF-V,0,0,0,0,0
YDR175C,ORF-V,0,0,0,0,0
YHRCDELTA10,LTR,0,0,0,0,0
YBL075C,ORF-V,0,0,0,0,0
YPR173C,ORF-V,0,0,0,0,0
YFL008W,ORF-V,1,1,1,3,1
YNL141W,ORF-V,0,0,0,0,0
YKL152C,ORF-V,1,0,1,2,1
YLR302C,ORF-U,0,0,0,0,0
YPR161C,ORF-V,1,1,1,3,1
YPR009W,ORF-V,0,0,0,0,0
YGR079W,ORF-V,0,0,0,0,0
YHR062C,ORF-V,1,1,1,3,1
YAL025C,ORF-V,1,1,1,3,1
YDR013W,ORF-V,1,1,1,3,1
YBR001C,ORF-V,0,0,0,0,0
YHR108W,ORF-V,0,0,0,0,0
YDR227W,ORF-V,0,0,0,0,0
YDL164C,ORF-V,1,1,1,3,1
YJRWDELTA17,LTR,0,0,0,0,0
YHL022C,ORF-V,0,0,0,0,0
YOR144C,ORF-V,0,0,0,0,0
TG(GCC)D1,tRNA gene,0,0,0,0,0
YMR215W,ORF-V,0,0,0,0,0
YNL232W,ORF-V,1,1,1,3,1
YOR156C,ORF-V,0,0,0,0,0
YOL013W-A,ORF-U,0,0,0,0,0
YBR279W,ORF-V,0,0,0,0,0
YKL094W,ORF-V,0,0,0,0,0
YCL054W,ORF-V,1,0,1,2,1
YPR036W,ORF-V,0,0,0,0,0
YKL154W,ORF-V,1,0,1,2,1
YDR032C,ORF-V,0,0,0,0,0
YOR082C,ORF-DU,0,0,0,0,0
YER124C,ORF-V,0,0,0,0,0
YILWSIGMA3,LTR,0,0,0,0,0
YDR457W,ORF-V,0,0,0,0,0
YJR098C,ORF-U,0,0,0,0,0
YDL075W,ORF-V,0,0,0,0,0
YPL218W,ORF-V,1,1,1,3,1
YBL063W,ORF-V,0,0,0,0,0
YBL033C,ORF-V,0,0,0,0,0
SNR75,snoRNA gene,0,0,0,0,0
YGR016W,ORF-U,0,0,0,0,0
YMR035W,ORF-V,0,0,0,0,0
YMR323W,ORF-V,0,0,0,0,0
YOR165W,ORF-V,0,0,0,0,0
YBR070C,ORF-V,1,1,1,3,1
YBR133C,ORF-V,0,0,0,0,0
YOL078W,ORF-V,1,1,1,3,1
YBL042C,ORF-V,0,0,0,0,0
YNL240C,ORF-V,1,1,1,3,1
YGL058W,ORF-V,0,0,0,0,0
YLR425W,ORF-V,0,0,0,0,0
YNR063W,ORF-V,0,0,0,0,0
YOL142W,ORF-V,1,1,0,2,1
YKR044W,ORF-V,0,0,0,0,0
YBL107C,ORF-V,0,0,0,0,0
YER064C,ORF-V,0,0,0,0,0
YDR240C,ORF-V,1,1,1,3,1
YLR217W,ORF-DU,0,0,0,0,0
YGL249W,ORF-V,0,0,0,0,0
TE(UUC)P,tRNA gene,0,0,0,0,0
YNL235C,ORF-DU,0,0,0,0,0
YHR172W,ORF-V,1,1,1,3,1
YLR143W,ORF-V,0,0,0,0,0
YJL066C,ORF-V,0,0,0,0,0
YMR032W,ORF-V,1,0,1,2,1
YGR239C,ORF-V,0,0,0,0,0
YBR136W,ORF-V,1,1,1,3,1
YMR025W,ORF-V,0,0,0,0,0
YERWDELTA13,LTR,0,0,0,0,0
YNL335W,ORF-V,0,0,0,0,0
YJL171C,ORF-V,0,0,0,0,0
YGL209W,ORF-V,0,0,0,0,0
YHR106W,ORF-V,0,0,0,0,0
YDL206W,ORF-U,0,0,0,0,0
YDL236W,ORF-V,0,0,0,0,0
YGR169C,ORF-V,0,0,0,0,0
YNL007C,ORF-V,1,0,1,2,1
YFL044C,ORF-V,0,0,0,0,0
YNL022C,ORF-V,1,0,0,1,1
YLR188W,ORF-V,0,0,0,0,0
YILCDELTA1,LTR,0,0,0,0,0
YJL137C,ORF-V,0,0,0,0,0
YCL031C,ORF-V,1,1,1,3,1
YLR326W,ORF-U,0,0,0,0,0
YNL162W,ORF-V,1,1,1,3,1
YDR094W,ORF-DU,0,0,0,0,0
YGR131W,ORF-V,0,0,0,0,0
YMR252C,ORF-U,0,0,0,0,0
YMR190C,ORF-V,1,0,0,1,1
YGR085C,ORF-V,0,0,0,0,0
YNL118C,ORF-V,1,0,1,2,1
YIL113W,ORF-V,0,0,0,0,0
YDL087C,ORF-V,1,1,1,3,1
YML090W,ORF-DU,0,0,0,0,0
YHR098C,ORF-V,1,1,1,3,1
YOL127W,ORF-V,1,1,1,3,1
YOR181W,ORF-V,1,0,1,2,1
YDL123W,ORF-V,0,0,0,0,0
YCRCDELTA7,LTR,0,0,0,0,0
YIR003W,ORF-V,0,0,0,0,0
YLRCDELTA19,LTR,0,0,0,0,0
YIL131C,ORF-V,0,0,0,0,0
YDL051W,ORF-V,0,0,0,0,0
YKL071W,ORF-V,0,0,0,0,0
YCR035C,ORF-V,1,1,1,3,1
YDL243C,ORF-V,0,0,0,0,0
YMR299C,ORF-V,0,0,0,0,0
YCL074W,pseudogene,0,0,0,0,0
YLL008W,ORF-V,1,1,1,3,1
YNLWSIGMA2,LTR,0,0,0,0,0
YOR306C,ORF-V,0,0,0,0,0
YLR324W,ORF-V,0,0,0,0,0
YER018C,ORF-V,1,1,1,3,1
YGR146C,ORF-V,0,0,0,0,0
YDL090C,ORF-V,0,0,0,0,0
YEL010W,ORF-DU,0,0,0,0,0
YKR035W-A,ORF-V,0,0,0,0,0
YJL093C,ORF-V,0,0,0,0,0
YER031C,ORF-V,0,0,0,0,0
YLR100W,ORF-V,1,1,1,3,1
YCR014C,ORF-V,0,0,0,0,0
YGR216C,ORF-V,1,0,1,2,1
YDR466W,ORF-V,0,0,0,0,0
YBR250W,ORF-V,0,0,0,0,0
YMR285C,ORF-V,0,0,0,0,0
YOR092W,ORF-V,0,0,0,0,0
YOL125W,ORF-V,0,0,0,0,0
YOL031C,ORF-V,0,0,0,0,0
YIR006C,ORF-V,1,1,1,3,1
YPL012W,ORF-V,1,1,1,3,1
YPR038W,ORF-U,0,0,0,0,0
YKR057W,ORF-V,0,0,0,0,0
YMR284W,ORF-V,0,0,0,0,0
YOL046C,ORF-DU,0,0,0,0,0
YLR225C,ORF-U,0,0,0,0,0
YJL159W,ORF-V,0,0,0,0,0
YBL054W,ORF-V,0,0,0,0,0
YOR338W,ORF-U,0,0,0,0,0
YBLWTAU1,LTR,0,0,0,0,0
YML119W,ORF-U,0,0,0,0,0
YGL190C,ORF-V,0,0,0,0,0
YER074W,ORF-V,0,0,0,0,0
KANMX4,,0,0,0,0,0
YHR139C,ORF-V,0,0,0,0,0
YKR016W,ORF-V,0,0,0,0,0
YPR026W,ORF-V,0,0,0,0,0
YNLCTY2-1,LTR,0,0,0,0,0
YHL039W,ORF-V,0,0,0,0,0
YDR172W,ORF-V,1,1,1,3,1
YPR023C,ORF-V,0,0,0,0,0
YAL036C,ORF-V,0,0,0,0,0
YNL086W,ORF-V,0,0,0,0,0
YDR127W,ORF-V,0,0,0,0,0
YCR047C,ORF-V,0,0,0,0,0
YDR088C,ORF-V,1,1,1,3,1
YFL013W-A,ORF-DU,0,0,0,0,0
YER169W,ORF-V,0,0,0,0,0
YER139C,ORF-V,0,0,0,0,0
YDL139C,ORF-V,1,1,1,3,1
YNL041C,ORF-V,0,0,0,0,0
YMRCDELTA8,LTR,0,0,0,0,0
YDR267C,ORF-V,1,1,1,3,1
YMR233W,ORF-V,0,0,0,0,0
YIL090W,ORF-V,0,0,0,0,0
YCL061C,ORF-V,0,0,0,0,0
YLR190W,ORF-V,0,0,0,0,0
YLR254C,ORF-V,0,0,0,0,0
YCR073C,ORF-V,0,0,0,0,0
YLR095C,ORF-V,0,0,0,0,0
YMR098C,ORF-V,0,0,0,0,0
YIL151C,ORF-V,0,0,0,0,0
YIL135C,ORF-V,0,0,0,0,0
YDR069C,ORF-V,0,0,0,0,0
YNL214W,ORF-V,0,0,0,0,0
YERCSIGMA3,LTR,0,0,0,0,0
YJL098W,ORF-V,0,0,0,0,0
YLR289W,ORF-V,0,0,0,0,0
YILWTY3-1,LTR,0,0,0,0,0
YNR018W,ORF-V,0,0,0,0,0
SNR77,snoRNA gene,0,0,0,0,0
YDR027C,ORF-V,0,0,0,0,0
YGR013W,ORF-V,1,1,1,3,1
YGR026W,ORF-U,0,0,0,0,0
YOR030W,ORF-V,0,0,0,0,0
TQ(CUG)M,tRNA gene,0,0,0,0,0
YDR207C,ORF-V,0,0,0,0,0
YER028C,ORF-V,0,0,0,0,0
YML077W,ORF-V,1,1,1,3,1
YOR019W,ORF-V,0,0,0,0,0
YDR099W,ORF-V,0,0,0,0,0
YGL237C,ORF-V,0,0,0,0,0
YPL221W,ORF-V,0,0,0,0,0
YJR076C,ORF-V,1,1,1,3,1
YHR161C,ORF-V,0,0,0,0,0
YDL163W,ORF-DU,1,1,0,2,1
YLR041W,ORF-DU,0,0,0,0,0
YBR083W,ORF-V,0,0,0,0,0
YDR215C,ORF-U,0,0,0,0,0
YDR188W,ORF-V,1,1,1,3,1
YJRWTAU3,LTR,0,0,0,0,0
YLR410W,ORF-V,0,0,0,0,0
YHR174W,ORF-V,0,0,0,0,0
YJR042W,ORF-V,1,1,1,3,1
YPR074C,ORF-V,0,0,0,0,0
YDL113C,ORF-V,0,0,0,0,0
YGR186W,ORF-V,1,1,1,3,1
YER035W,ORF-V,0,0,0,0,0
YDR234W,ORF-V,0,0,0,0,0
YLR017W,ORF-V,0,0,0,0,0
YGL192W,ORF-V,0,0,0,0,0
YPL062W,ORF-U,0,0,0,0,0
YGLWDELTA2,LTR,0,0,0,0,0
YJL080C,ORF-V,0,0,0,0,0
YIL047C,ORF-V,0,0,0,0,0
YLR323C,ORF-V,1,1,1,3,1
YPL182C,ORF-DU,0,0,0,0,0
YEL002C,ORF-V,1,1,1,3,1
YKR003W,ORF-V,0,0,0,0,0
YLR198C,ORF-DU,1,1,0,2,1
YLR246W,ORF-V,0,0,0,0,0
YDR288W,ORF-V,1,1,1,3,1
YER173W,ORF-V,0,0,0,0,0
YLL014W,ORF-V,0,0,0,0,0
YKRCDELTA8,LTR,0,0,0,0,0
YGL155W,ORF-V,1,1,1,3,1
YHR080C,ORF-V,0,0,0,0,0
YDL098C,ORF-V,1,1,1,3,1
YPR105C,ORF-V,1,1,1,3,1
YBLWDELTA4,LTR,0,0,0,0,0
YPR063C,ORF-U,0,0,0,0,0
YDR542W,ORF-V,0,0,0,0,0
YHR202W,ORF-U,0,0,0,0,0
YOR329C,ORF-V,1,1,1,3,1
YOR392W,ORF-DU,0,0,0,0,0
YLR008C,ORF-V,1,1,1,3,1
YJR074W,ORF-V,0,0,0,0,0
YDR335W,ORF-V,0,0,0,0,0
YPL111W,ORF-V,0,0,0,0,0
YGR217W,ORF-V,0,0,0,0,0
YHR078W,ORF-U,0,0,0,0,0
YLR206W,ORF-V,0,0,0,0,0
YGR280C,ORF-V,1,0,1,2,1
YOR166C,ORF-V,1,0,0,1,1
YIL080W,pseudogene,0,0,0,0,0
YBLWTY2-1,LTR,0,0,0,0,0
YAL059W,ORF-V,0,0,0,0,0
YOR033C,ORF-V,0,0,0,0,0
YOR119C,ORF-V,1,1,1,3,1
YMR141C,ORF-U,0,0,0,0,0
YER111C,ORF-V,1,0,0,1,1
YCR011C,ORF-V,0,0,0,0,0
YDR410C,ORF-V,0,0,0,0,0
YGL086W,ORF-V,0,0,0,0,0
YLR268W,ORF-V,0,0,0,0,0
YHR091C,ORF-V,0,0,0,0,0
YDR380W,ORF-V,0,0,0,0,0
YFL011W,ORF-V,0,0,0,0,0
YPL234C,ORF-V,0,0,0,0,0
YGR162W,ORF-V,1,0,0,1,1
YGL008C,ORF-V,1,1,1,3,1
YFR021W,ORF-V,1,0,0,1,1
YOR122C,ORF-V,1,0,1,2,1
YBL047C,ORF-V,0,0,0,0,0
YBR007C,ORF-V,0,0,0,0,0
YFR033C,ORF-V,0,0,0,0,0
YKR063C,ORF-V,1,1,1,3,1
YOR115C,ORF-V,0,0,0,0,0
YOR211C,ORF-V,0,0,0,0,0
YGL018C,ORF-V,1,1,1,3,1
YDR393W,ORF-V,0,0,0,0,0
YDR219C,ORF-V,0,0,0,0,0
YML116W,ORF-V,0,0,0,0,0
YHR039C-B,ORF-V,0,0,0,0,0
YCL028W,ORF-V,1,0,0,1,1
YBL041W,ORF-V,1,1,1,3,1
YBR288C,ORF-V,0,0,0,0,0
YKL080W,ORF-V,0,0,0,0,0
YGL121C,ORF-V,0,0,0,0,0
YOR023C,ORF-V,0,0,0,0,0
YHR177W,ORF-V,0,0,0,0,0
YJR044C,ORF-V,0,0,0,0,0
YPL239W,ORF-V,0,0,0,0,0
YHR207C,ORF-V,0,0,0,0,0
YDL201W,ORF-V,0,0,0,0,0
YPR177C,ORF-DU,1,1,0,2,1
YPR162C,ORF-V,1,1,1,3,1
YGR243W,ORF-V,0,0,0,0,0
YOL083W,ORF-V,0,0,0,0,0
YHR038W,ORF-V,0,0,0,0,0
YGL149W,ORF-U,0,0,0,0,0
YOR376W,ORF-U,0,0,0,0,0
YPR058W,ORF-V,0,0,0,0,0
YOR273C,ORF-V,0,0,0,0,0
YCL001W-A,ORF-U,0,0,0,0,0
YNL169C,ORF-V,0,0,0,0,0
YCR015C,ORF-V,0,0,0,0,0
YKL021C,ORF-V,1,1,1,3,1
YLR173W,ORF-V,0,0,0,0,0
YEL047C,ORF-V,0,0,0,0,0
YDR361C,ORF-V,1,1,1,3,1
YPL095C,ORF-V,0,0,0,0,0
YGR029W,ORF-V,1,0,1,2,1
YPLWDELTA5,LTR,0,0,0,0,0
YOL164W,ORF-V,0,0,0,0,0
YMLWTY1-2,LTR,0,0,0,0,0
YDR506C,ORF-V,0,0,0,0,0
YKL092C,ORF-V,0,0,0,0,0
YLR350W,ORF-V,0,0,0,0,0
YPR072W,ORF-V,0,0,0,0,0
YDR526C,ORF-DU,1,1,0,2,1
YNL119W,ORF-V,0,0,0,0,0
YNR017W,ORF-V,1,1,1,3,1
YIL063C,ORF-V,1,0,1,2,1
YGL020C,ORF-V,0,0,0,0,0
YJR088C,ORF-V,0,0,0,0,0
YDR046C,ORF-V,0,0,0,0,0
YMR013C,ORF-V,1,1,1,3,1
YFR040W,ORF-V,0,0,0,0,0
YMR094W,ORF-V,1,1,1,3,1
YPL193W,ORF-V,0,0,0,0,0
YDL221W,ORF-DU,1,1,0,2,1
YPL141C,ORF-V,0,0,0,0,0
YGR278W,ORF-V,1,1,1,3,1
YBL029W,ORF-U,0,0,0,0,0
YDR513W,ORF-V,0,0,0,0,0
YKR048C,ORF-V,0,0,0,0,0
YGR074W,ORF-V,1,1,1,3,1
YJL194W,ORF-V,1,1,1,3,1
YHR133C,ORF-V,0,0,0,0,0
YLR132C,ORF-V,1,1,1,3,1
YBL079W,ORF-V,0,0,0,0,0
YHR105W,ORF-V,0,0,0,0,0
YGR117C,ORF-U,0,0,0,0,0
YPL091W,ORF-V,0,0,0,0,0
YIL056W,ORF-V,0,0,0,0,0
YBR282W,ORF-V,0,0,0,0,0
YMR251W-A,ORF-V,0,0,0,0,0
YNL166C,ORF-V,0,0,0,0,0
YER170W,ORF-V,0,0,0,0,0
YEL065W,ORF-V,0,0,0,0,0
YDL088C,ORF-V,0,0,0,0,0
TM(CAU)J1,tRNA gene,0,0,0,0,0
YGR207C,ORF-V,0,0,0,0,0
YDR009W,ORF-V,0,0,0,0,0
YLR049C,ORF-U,0,0,0,0,0
YDR080W,ORF-V,0,0,0,0,0
YLR149C,ORF-V,0,0,0,0,0
YGR053C,ORF-U,0,0,0,0,0
YAR047C,ORF-DU,0,0,0,0,0
YGL035C,ORF-V,0,0,0,0,0
YNL183C,ORF-V,0,0,0,0,0
YDR140W,ORF-V,0,0,0,0,0
YBR008C,ORF-V,0,0,0,0,0
YLR258W,ORF-V,0,0,0,0,0
YPL167C,ORF-V,0,0,0,0,0
YER065C,ORF-V,0,0,0,0,0
YNL036W,ORF-V,0,0,0,0,0
YHR166C,ORF-V,1,1,1,3,1
YDL214C,ORF-V,0,0,0,0,0
YPL031C,ORF-V,0,0,0,0,0
TR(UCU)E,tRNA gene,0,0,0,0,0
YOR337W,ORF-V,0,0,0,0,0
YGL146C,ORF-V,0,0,0,0,0
YGR015C,ORF-U,0,0,0,0,0
YNL033W,ORF-U,0,0,0,0,0
YKR019C,ORF-V,0,0,0,0,0
YJR099W,ORF-V,0,0,0,0,0
YGR099W,ORF-V,1,1,1,3,1
YLR092W,ORF-V,0,0,0,0,0
YJLCDELTA3,LTR,0,0,0,0,0
YLR006C,ORF-V,0,0,0,0,0
YOR191W,ORF-V,0,0,0,0,0
YBR106W,ORF-V,1,0,0,1,1
YDL044C,ORF-V,0,0,0,0,0
YAL037W,ORF-U,0,0,0,0,0
YMR195W,ORF-V,0,0,0,0,0
YNL046W,ORF-U,0,0,0,0,0
YNL302C,ORF-V,0,0,0,0,0
YORWTAU2,LTR,0,0,0,0,0
YPL067C,ORF-U,0,0,0,0,0
YJL173C,ORF-V,1,1,1,3,1
YKL224C,ORF-V,0,0,0,0,0
YER021W,ORF-V,1,1,1,3,1
YKL126W,ORF-V,0,0,0,0,0
YDR210W,ORF-U,0,0,0,0,0
YBR046C,ORF-V,0,0,0,0,0
YOR358W,ORF-V,0,0,0,0,0
YGR076C,ORF-V,0,0,0,0,0
YILCDELTA3,LTR,0,0,0,0,0
YLR260W,ORF-V,0,0,0,0,0
YDR498C,ORF-V,1,1,1,3,1
YDR269C,ORF-DU,0,0,0,0,0
YNR034W,ORF-V,0,0,0,0,0
YGR213C,ORF-V,0,0,0,0,0
YPL224C,ORF-V,0,0,0,0,0
YLR179C,ORF-V,0,0,0,0,0
YGL032C,ORF-V,0,0,0,0,0
YPR008W,ORF-V,0,0,0,0,0
YFR048W,ORF-V,0,0,0,0,0
YOR344C,ORF-V,0,0,0,0,0
YCL045C,ORF-V,0,0,0,0,0
YBR224W,ORF-DU,0,0,0,0,0
YER172C,ORF-V,1,1,1,3,1
YKR036C,ORF-V,0,0,0,0,0
YJL208C,ORF-V,0,0,0,0,0
YLR174W,ORF-V,0,0,0,0,0
YDR499W,ORF-V,1,0,1,2,1
YKL027W,ORF-V,0,0,0,0,0
YDL054C,ORF-V,0,0,0,0,0
YHR173C,ORF-U,0,0,0,0,0
YOR002W,ORF-V,0,0,0,0,0
YFR017C,ORF-V,0,0,0,0,0
YMR262W,ORF-U,0,0,0,0,0
YOL106W,ORF-DU,0,0,0,0,0
YPL250C,ORF-V,0,0,0,0,0
YIL085C,ORF-V,0,0,0,0,0
YLR374C,ORF-DU,0,0,0,0,0
YLR460C,ORF-U,0,0,0,0,0
YPR141C,ORF-V,1,0,0,1,1
YFL019C,ORF-U,0,0,0,0,0
YOR254C,ORF-V,1,1,1,3,1
YOL137W,ORF-V,0,0,0,0,0
YLR320W,ORF-V,0,0,0,0,0
YNL098C,ORF-V,0,0,0,0,0
YOR194C,ORF-V,1,1,1,3,1
YKR004C,ORF-V,1,1,1,3,1
YER118C,ORF-V,0,0,0,0,0
YBR284W,ORF-U,0,0,0,0,0
YFL053W,ORF-V,0,0,0,0,0
YDL037C,ORF-V,0,0,0,0,0
YKL057C,ORF-V,0,0,0,0,0
YJL195C,ORF-DU,1,1,0,2,1
YAL053W,ORF-V,0,0,0,0,0
YGR057C,ORF-V,0,0,0,0,0
YOR371C,ORF-V,0,0,0,0,0
YKR106W,ORF-V,0,0,0,0,0
YGR080W,ORF-V,0,0,0,0,0
YHR016C,ORF-V,0,0,0,0,0
YGL186C,ORF-V,0,0,0,0,0
YNL076W,ORF-V,0,0,0,0,0
YIL086C,ORF-U,0,0,0,0,0
YDR386W,ORF-V,0,0,0,0,0
STRP,,0,0,0,0,0
YOR065W,ORF-V,0,0,0,0,0
YPL269W,ORF-V,0,0,0,0,0
YNL311C,ORF-V,0,0,0,0,0
YMR273C,ORF-V,0,0,0,0,0
YJL049W,ORF-U,0,0,0,0,0
YNL129W,ORF-V,0,0,0,0,0
YDR521W,ORF-DU,0,0,0,0,0
YPL216W,ORF-U,0,0,0,0,0
YOR031W,BRF,0,0,0,0,0
YBR057C,ORF-V,0,0,0,0,0
YNL327W,ORF-V,0,0,0,0,0
YDR087C,ORF-V,1,1,1,3,1
YOL141W,ORF-V,0,0,0,0,0
YOR151C,ORF-V,1,1,1,3,1
YLR276C,ORF-V,1,1,1,3,1
YMR205C,ORF-V,0,0,0,0,0
YMR092C,ORF-V,0,0,0,0,0
YCR089W,ORF-V,0,0,0,0,0
YEL074W,ORF-DU,0,0,0,0,0
YPL027W,ORF-V,0,0,0,0,0
YNL265C,ORF-V,0,0,0,0,0
YKR032W,ORF-U,0,0,0,0,0
YGL006w-a,ORF-U,0,0,0,0,0
YJL065C,ORF-V,0,0,0,0,0
YGR105W,ORF-V,0,0,0,0,0
TN(GUU)C,tRNA gene,0,0,0,0,0
YJL078C,ORF-V,0,0,0,0,0
YPL240C,ORF-V,1,0,0,1,1
YPR175W,ORF-V,1,1,1,3,1
YBR171W,ORF-V,0,0,0,0,0
YORCDELTA15,LTR,0,0,0,0,0
YPLWDELTA6,LTR,0,0,0,0,0
YNL185C,ORF-V,0,0,0,0,0
YHR042W,ORF-V,1,0,1,2,1
YIL004C,ORF-V,1,1,1,3,1
YDR061W,ORF-U,0,0,0,0,0
YPR061C,ORF-V,0,0,0,0,0
YPR187W,ORF-V,1,0,1,2,1
YGL222C,ORF-V,0,0,0,0,0
YGL003C,ORF-V,1,0,0,1,1
YGR184C,ORF-V,0,0,0,0,0
YLR377C,ORF-V,0,0,0,0,0
YNR051C,ORF-V,0,0,0,0,0
YPL006W,ORF-V,0,0,0,0,0
YKR099W,ORF-V,0,0,0,0,0
YKL167C,ORF-V,0,0,0,0,0
YPL265W,ORF-V,0,0,0,0,0
YGR031W,ORF-V,0,0,0,0,0
YBL055C,ORF-V,0,0,0,0,0
YAL060W,ORF-V,0,0,0,0,0
YBL067C,ORF-V,0,0,0,0,0
YLR245C,ORF-V,0,0,0,0,0
YIR020W-B,ORF-DU,0,0,0,0,0
YERCDELTA10,LTR,0,0,0,0,0
YDR258C,ORF-V,0,0,0,0,0
YOL126C,ORF-V,0,0,0,0,0
YJR022W,ORF-V,1,1,1,3,1
YPR137W,ORF-V,1,1,1,3,1
YMR270C,ORF-V,1,1,1,3,1
YPL249C,ORF-V,0,0,0,0,0
YBL069W,ORF-V,0,0,0,0,0
YIL129C,ORF-V,1,1,1,3,1
YJL071W,ORF-V,0,0,0,0,0
YDR185C,ORF-V,0,0,0,0,0
YDR235W,ORF-V,1,1,1,3,1
YML052W,ORF-V,0,0,0,0,0
YOR307C,ORF-V,0,0,0,0,0
YIR005W,ORF-V,0,0,0,0,0
YMR226C,ORF-V,0,0,0,0,0
YOR188W,ORF-V,0,0,0,0,0
TG(GCC)D2,tRNA gene,0,0,0,0,0
YFR043C,ORF-V,0,0,0,0,0
YBR295W,ORF-V,0,0,0,0,0
YJL112W,ORF-V,0,0,0,0,0
YJR059W,ORF-V,0,0,0,0,0
YGR173W,ORF-V,0,0,0,0,0
YOR210W,ORF-V,1,1,1,3,1
YJL068C,ORF-V,0,0,0,0,0
YHR048W,ORF-U,0,0,0,0,0
YLR153C,ORF-V,1,1,1,3,1
YEL059C-A,ORF-V,0,0,0,0,0
YLR124W,ORF-DU,0,0,0,0,0
YGL066W,ORF-V,0,0,0,0,0
YEL030W,ORF-V,0,0,0,0,0
YML076C,ORF-V,0,0,0,0,0
YDR532C,ORF-V,1,0,0,1,1
YNL071W,ORF-V,0,0,0,0,0
YER168C,ORF-V,1,1,1,3,1
YOR097C,ORF-U,0,0,0,0,0
YER073W,ORF-V,0,0,0,0,0
YERCSIGMA1,LTR,0,0,0,0,0
YBRWTY1-2,LTR,0,0,0,0,0
YJL099W,ORF-V,0,0,0,0,0
YDR398W,ORF-V,1,1,1,3,1
YDR149C,ORF-DU,0,0,0,0,0
YOR342C,ORF-V,0,0,0,0,0
YDR189W,ORF-V,1,1,1,3,1
YPL036W,ORF-V,0,0,0,0,0
YDR169C,ORF-V,0,0,0,0,0
YLL010C,ORF-V,0,0,0,0,0
YNL286W,ORF-V,0,0,0,0,0
YJL083W,ORF-V,0,0,0,0,0
YLL051C,ORF-V,0,0,0,0,0
YNL056W,ORF-V,0,0,0,0,0
YOL129W,ORF-V,0,0,0,0,0
YIL021W,ORF-V,1,1,1,3,1
YIL021W,ORF-V,1,1,1,3,1
YKL108W,ORF-V,1,1,1,3,1
YOL045W,ORF-V,0,0,0,0,0
YGL087C,ORF-V,0,0,0,0,0
YMR087W,ORF-V,0,0,0,0,0
YMR070W,ORF-V,1,0,1,2,1
YOL109W,ORF-V,0,0,0,0,0
YML020W,ORF-U,0,0,0,0,0
YDR156W,ORF-V,0,0,0,0,0
YMR146C,ORF-V,1,1,1,3,1
YGL125W,ORF-V,0,0,0,0,0
YBR063C,ORF-U,0,0,0,0,0
YDR244W,ORF-V,0,0,0,0,0
YOR100C,ORF-V,0,0,0,0,0
YCRWDELTA11,LTR,0,0,0,0,0
YKL178C,ORF-V,0,0,0,0,0
YMR232W,ORF-V,0,0,0,0,0
YIL055C,ORF-U,0,0,0,0,0
YCL038C,ORF-V,0,0,0,0,0
YLR322W,ORF-DU,0,0,0,0,0
YGL005C,ORF-V,0,0,0,0,0
YJLWDELTA10,LTR,0,0,0,0,0
YGL100W,ORF-V,0,0,0,0,0
YDR173C,ORF-V,0,0,0,0,0
YDL148C,ORF-V,1,1,1,3,1
YKR012C,ORF-DU,0,0,0,0,0
YMRCTAU1,LTR,0,0,0,0,0
YHR107C,ORF-V,1,1,1,3,1
YEL012W,ORF-V,0,0,0,0,0
YLR252W,ORF-DU,0,0,0,0,0
YJR008W,ORF-V,0,0,0,0,0
YJR073C,ORF-V,0,0,0,0,0
YJL030W,ORF-V,0,0,0,0,0
YDR090C,ORF-V,0,0,0,0,0
YJR041C,ORF-V,1,1,1,3,1
YLR230W,ORF-DU,1,1,0,2,1
YOL063C,ORF-V,0,0,0,0,0
YOR228C,ORF-V,0,0,0,0,0
YIL060W,ORF-V,0,0,0,0,0
YLR316C,ORF-V,1,1,1,3,1
YDR281C,ORF-V,0,0,0,0,0
YPL068C,ORF-U,0,0,0,0,0
YIL102C,ORF-U,0,0,0,0,0
YLR044C,ORF-V,0,0,0,0,0
YMR122C,ORF-U,0,0,0,0,0
YER024W,ORF-V,0,0,0,0,0
YDL165W,ORF-V,1,0,1,2,1
YMRCDELTA18,LTR,0,0,0,0,0
YBR227C,ORF-V,0,0,0,0,0
YCL055W,ORF-V,0,0,0,0,0
YBR061C,ORF-V,0,0,0,0,0
YLR405W,ORF-V,0,0,0,0,0
YLR383W,ORF-V,0,0,0,0,0
YNL084C,ORF-V,0,0,0,0,0
YNL095C,ORF-U,0,0,0,0,0
YNL115C,ORF-U,0,0,0,0,0
YDL007W,ORF-V,1,1,1,3,1
YBL074C,ORF-V,1,1,1,3,1
YKL010C,ORF-V,0,0,0,0,0
YOR180C,ORF-V,0,0,0,0,0
SNR3,snoRNA gene,0,0,0,0,0
YCR059C,ORF-V,0,0,0,0,0
YNLWTAU1,LTR,0,0,0,0,0
SNR41,snoRNA gene,0,0,0,0,0
YDL232W,ORF-V,1,0,0,1,1
YJR135w-a,ORF-V,0,0,0,0,0
YBR223C,ORF-V,0,0,0,0,0
YHR013C,ORF-V,0,0,0,0,0
YPR112C,ORF-V,1,1,1,3,1
YLR202C,ORF-DU,0,0,0,0,0
YLR244C,ORF-V,0,0,0,0,0
YFR045W,ORF-U,0,0,0,0,0
YDR068W,ORF-V,0,0,0,0,0
YLR104W,ORF-U,0,0,0,0,0
YNL082W,ORF-V,0,0,0,0,0
YPR049C,ORF-V,0,0,0,0,0
YPR110C,ORF-V,1,1,1,3,1
YGR219W,ORF-DU,0,0,0,0,0
YIL114C,ORF-V,0,0,0,0,0
YDL122W,ORF-V,0,0,0,0,0
YMR246W,ORF-V,0,0,0,0,0
YBR134W,ORF-DU,0,0,0,0,0
YCR045C,ORF-V,0,0,0,0,0
YMR202W,ORF-V,0,0,0,0,0
YNR048W,ORF-V,0,0,0,0,0
YDR313C,ORF-V,0,0,0,0,0
YERCDELTA16,LTR,0,0,0,0,0
YDRWDELTA14,LTR,0,0,0,0,0
SNR64,snoRNA gene,0,0,0,0,0
YLR449W,ORF-V,0,0,0,0,0
YGL040C,ORF-V,1,1,1,3,1
TR(UCU)B,tRNA gene,0,0,0,0,0
YIL045W,ORF-V,0,0,0,0,0
YCL043C,ORF-V,1,1,1,3,1
YMR306C-A,ORF-DU,0,0,0,0,0
YPL142C,ORF-DU,1,1,0,2,1
YGR215W,ORF-V,0,0,0,0,0
YMR164C,ORF-V,1,0,1,2,1
YPR025C,ORF-V,1,1,1,3,1
YGR010W,ORF-V,0,0,0,0,0
YDR371W,ORF-U,0,0,0,0,0
YOL003C,ORF-V,0,0,0,0,0
YDR412W,ORF-V,1,1,1,3,1
YML087C,ORF-V,0,0,0,0,0
YHRCDELTA3,LTR,0,0,0,0,0
YOR118W,ORF-V,0,0,0,0,0
YNL157W,ORF-V,0,0,0,0,0
YGR147C,ORF-V,1,1,1,3,1
YPL079W,ORF-V,0,0,0,0,0
YGR159C,ORF-V,1,0,0,1,1
YBR195C,ORF-V,0,0,0,0,0
YIL101C,ORF-V,0,0,0,0,0
YMR206W,ORF-U,0,0,0,0,0
YOR387C,ORF-U,0,0,0,0,0
YIR007W,ORF-V,0,0,0,0,0
YDR421W,ORF-V,0,0,0,0,0
YOR305W,ORF-V,0,0,0,0,0
YPR056W,ORF-V,1,1,1,3,1
YJR065C,ORF-V,1,0,1,2,1
YDR316W,ORF-V,0,0,0,0,0
YPR155C,ORF-V,0,0,0,0,0
YML124C,ORF-V,0,0,0,0,0
YJL104W,ORF-V,1,1,1,3,1
YDR153C,ORF-V,0,0,0,0,0
YML005W,ORF-V,0,0,0,0,0
YMR080C,ORF-V,0,0,0,0,0
YLR055C,ORF-V,0,0,0,0,0
YPL109C,ORF-U,0,0,0,0,0
YBR194W,ORF-V,0,0,0,0,0
YER039C-A,ORF-U,0,0,0,0,0
YDL068W,ORF-DU,0,0,0,0,0
YOL038W,ORF-V,1,1,1,3,1
YHR120W,ORF-V,0,0,0,0,0
YEL057C,ORF-V,0,0,0,0,0
YLRWDELTA14,LTR,0,0,0,0,0
YAL014C,ORF-V,0,0,0,0,0
YLR068W,ORF-V,0,0,0,0,0
YGR200C,ORF-V,0,0,0,0,0
YJR015W,ORF-U,0,0,0,0,0
YAL066W,ORF-DU,0,0,0,0,0
YIL167W,BRF,0,0,0,0,0
YNR024W,ORF-V,0,0,0,0,0
YJR048W,ORF-V,0,0,0,0,0
YNLWDELTA3,LTR,0,0,0,0,0
YJR014W,ORF-V,0,0,0,0,0
YMR091C,ORF-V,1,0,0,1,1
YBRWDELTA12,LTR,0,0,0,0,0
YER142C,ORF-V,0,0,0,0,0
YPL232W,ORF-V,0,0,0,0,0
YPRCDELTA22,LTR,0,0,0,0,0
YLR450W,ORF-V,0,0,0,0,0
YBL078C,ORF-V,1,0,0,1,1
YML057W,ORF-V,0,0,0,0,0
YKL174C,ORF-V,0,0,0,0,0
YBR256C,ORF-V,1,1,1,3,1
YNL293W,ORF-V,0,0,0,0,0
YPL195W,ORF-V,0,0,0,0,0
YMR003W,ORF-V,0,0,0,0,0
YFL006W,ORF-M,0,0,0,0,0
YOR038C,ORF-V,0,0,0,0,0
YDR396W,ORF-DU,1,1,0,2,1
YBR097W,ORF-V,0,0,0,0,0
YKL025C,ORF-V,0,0,0,0,0
YOR089C,ORF-V,0,0,0,0,0
YNL081C,ORF-V,0,0,0,0,0
YGR092W,ORF-V,0,0,0,0,0
YPR134W,ORF-V,0,0,0,0,0
YGL180W,ORF-V,1,0,1,2,1
YDL105W,ORF-V,1,1,1,3,1
YHR041C,ORF-V,0,0,0,0,0
YMR192W,ORF-V,0,0,0,0,0
YLR264c-a,ORF-U,0,0,0,0,0
YPR118W,ORF-V,0,0,0,0,0
YOR278W,ORF-V,1,1,1,3,1
YKR040C,ORF-DU,0,0,0,0,0
YBL087C,ORF-V,0,0,0,0,0
YDL053C,ORF-V,0,0,0,0,0
YNL263C,ORF-V,1,1,1,3,1
YIL062C,ORF-V,1,1,1,3,1
YJL119C,ORF-DU,0,0,0,0,0
YDR500C,ORF-V,0,0,0,0,0
YNL202W,ORF-V,0,0,0,0,0
YCLWDELTA4,LTR,0,0,0,0,0
YDR100W,ORF-V,0,0,0,0,0
YMR014W,ORF-V,0,0,0,0,0
YER054C,ORF-V,0,0,0,0,0
YPL100W,ORF-V,0,0,0,0,0
YFL022C,ORF-V,1,1,1,3,1
YOR261C,ORF-V,1,1,1,3,1
YLR148W,ORF-V,0,0,0,0,0
YDR286C,ORF-U,0,0,0,0,0
YMR212C,ORF-V,1,1,0,2,1
YKL054C,ORF-V,0,0,0,0,0
YFL068W,ORF-U,0,0,0,0,0
YLR349W,ORF-DU,0,0,0,0,0
YMR029C,ORF-V,0,0,0,0,0
YOL163W,ORF-U,0,0,0,0,0
YIL084C,ORF-V,0,0,0,0,0
YHLCDELTA1,LTR,0,0,0,0,0
YNL015W,ORF-V,0,0,0,0,0
YDRWDELTA25,LTR,0,0,0,0,0
YDL192W,ORF-V,0,0,0,0,0
YIR011C,ORF-V,1,1,1,3,1
YLL031C,ORF-V,1,1,1,3,1
YDL035C,ORF-V,0,0,0,0,0
YOR302W,ORF-V,0,0,0,0,0
YJLWSIGMA1,LTR,0,0,0,0,0
YDR345C,ORF-V,0,0,0,0,0
YLL003W,ORF-V,1,1,1,3,1
YKR102W,ORF-V,0,0,0,0,0
YGR242W,ORF-DU,0,0,0,0,0
YBR203W,ORF-V,0,0,0,0,0
YIL103W,ORF-V,0,0,0,0,0
YKL022C,ORF-V,1,1,1,3,1
YLR172C,ORF-V,0,0,0,0,0
YNL161W,ORF-V,1,0,1,2,1
YNR035C,ORF-V,1,1,1,3,1
YDL220C,ORF-V,1,1,1,3,1
YJRWDELTA12,LTR,0,0,0,0,0
YDL045C,ORF-V,1,1,1,3,1
YDL094C,ORF-DU,0,0,0,0,0
YGR106C,ORF-V,0,0,0,0,0
YMR058W,ORF-V,0,0,0,0,0
YLRCSIGMA1,LTR,0,0,0,0,0
YMR321C,ORF-U,0,0,0,0,0
YKL150W,ORF-V,0,0,0,0,0
YGR194C,ORF-V,0,0,0,0,0
YNL178W,ORF-V,1,1,1,3,1
YDR355C,ORF-DU,1,1,0,2,1
YNL217W,ORF-V,0,0,0,0,0
YGL011C,ORF-V,1,1,1,3,1
YDL147W,ORF-V,1,1,1,3,1
YDR517W,ORF-V,0,0,0,0,0
YOR330C,ORF-V,0,0,0,0,0
YNR038W,ORF-V,1,1,1,3,1
YMR016C,ORF-V,0,0,0,0,0
YNL319W,ORF-DU,0,0,0,0,0
YLR378C,ORF-V,1,1,1,3,1
YLR134W,ORF-V,0,0,0,0,0
YBL100C,ORF-DU,0,0,0,0,0
YDR520C,ORF-U,0,0,0,0,0
YMR130W,ORF-U,0,0,0,0,0
YHR029C,ORF-V,0,0,0,0,0
YPL014W,ORF-V,0,0,0,0,0
YDR065W,ORF-V,0,0,0,0,0
YPR078C,ORF-U,0,0,0,0,0
YFL029C,ORF-V,1,1,1,3,1
YOR335C,ORF-V,1,1,1,3,1
YBR111C,ORF-V,0,0,0,0,0
YPR123C,ORF-DU,0,0,0,0,0
YGL144C,ORF-V,0,0,0,0,0
YDR062W,ORF-V,1,1,1,3,1
YHRCSIGMA2,LTR,0,0,0,0,0
YHR007C,ORF-V,1,0,1,2,1
YGR023W,ORF-V,0,0,0,0,0
YAR050W,ORF-V,0,0,0,0,0
YEL005C,ORF-V,0,0,0,0,0
YLLCDELTA1,LTR,0,0,0,0,0
YMR241W,ORF-V,0,0,0,0,0
YHR178W,ORF-V,0,0,0,0,0
YDR359C,ORF-V,0,0,0,0,0
YOR079C,ORF-V,0,0,0,0,0
YLR175W,ORF-V,1,1,1,3,1
YMR171C,ORF-V,0,0,0,0,0
YDR329C,ORF-V,0,0,0,0,0
YMR203W,ORF-V,1,1,1,3,1
YHLCSIGMA1,LTR,0,0,0,0,0
YGL163C,ORF-V,1,0,0,1,1
YER014c-a,ORF-V,0,0,0,0,0
YBRCDELTA18,LTR,0,0,0,0,0
YBR150C,ORF-V,0,0,0,0,0
SNR53,snoRNA gene,0,0,0,0,0
YER057C,ORF-V,0,0,0,0,0
YGR212W,ORF-V,0,0,0,0,0
YLR277C,ORF-V,1,1,1,3,1
YLR462W,ORF-U,0,0,0,0,0
YGR075C,ORF-V,1,1,1,3,1
YHL031C,ORF-V,0,0,0,0,0
YPL070W,ORF-V,0,0,0,0,0
YLR025W,ORF-V,0,0,0,0,0
YLRWSIGMA4,LTR,0,0,0,0,0
YHR037W,ORF-V,0,0,0,0,0
YNL275W,ORF-V,0,0,0,0,0
YBL070C,ORF-DU,0,0,0,0,0
YNL189W,ORF-V,1,1,1,3,1
YKL135C,ORF-V,0,0,0,0,0
SNR66,snoRNA gene,0,0,0,0,0
YNL072W,ORF-V,0,0,0,0,0
YGRCDELTA20,LTR,0,0,0,0,0
YJL026W,ORF-V,1,1,1,3,1
YMR028W,ORF-V,1,1,1,3,1
YDL114W,ORF-U,0,0,0,0,0
YCR104W,ORF-V,0,0,0,0,0
YMR131C,ORF-V,1,1,1,3,1
YJL186W,ORF-V,0,0,0,0,0
YGL231C,ORF-V,0,0,0,0,0
YMR155W,ORF-U,0,0,0,0,0
YGL108C,ORF-V,0,0,0,0,0
YJR122W,ORF-V,0,0,0,0,0
YDR039C,ORF-V,0,0,0,0,0
YKR100C,ORF-V,0,0,0,0,0
YMR267W,ORF-V,0,0,0,0,0
YHR168W,ORF-V,0,0,0,0,0
YHR017W,ORF-V,0,0,0,0,0
YORWTY1-2,LTR,0,0,0,0,0
YER108C,ORF-M,0,0,0,0,0
YLR111W,ORF-U,0,0,0,0,0
YOR341W,ORF-V,1,1,1,3,1
YGR009C,ORF-V,1,1,1,3,1
YLR443W,ORF-V,0,0,0,0,0
YFLCDELTA6,LTR,0,0,0,0,0
YPL003W,ORF-V,0,0,0,0,0
YJL166W,ORF-V,0,0,0,0,0
YGR042W,ORF-V,0,0,0,0,0
YBL068W,ORF-V,0,0,0,0,0
YDR022C,ORF-V,0,0,0,0,0
YDR181C,ORF-V,0,0,0,0,0
YPL087W,ORF-V,0,0,0,0,0
YLR105C,ORF-V,1,1,1,3,1
YLR034C,ORF-V,0,0,0,0,0
YPL262W,ORF-V,0,0,0,0,0
YJL200C,ORF-V,0,0,0,0,0
YDR543C,ORF-DU,0,0,0,0,0
YPL044C,ORF-DU,1,1,0,2,1
YHR065C,ORF-V,1,1,1,3,1
YBR166C,ORF-V,0,0,0,0,0
YCL014W,ORF-V,0,0,0,0,0
YOR007C,ORF-V,0,0,0,0,0
YDR176W,ORF-V,0,0,0,0,0
YOR222W,ORF-V,0,0,0,0,0
YGR041W,ORF-V,0,0,0,0,0
YPL247C,ORF-U,0,0,0,0,0
YCL037C,ORF-V,0,0,0,0,0
YER086W,ORF-V,0,0,0,0,0
YBR296C,ORF-V,0,0,0,0,0
YHR019C,ORF-V,1,1,1,3,1
YML043C,ORF-V,1,1,1,3,1
YNLWDELTA4,LTR,0,0,0,0,0
YHL011C,ORF-V,0,0,0,0,0
YMR291W,ORF-V,0,0,0,0,0
YPL171C,ORF-V,0,0,0,0,0
YHR047C,ORF-V,0,0,0,0,0
YBR213W,ORF-V,0,0,0,0,0
YBR162C,ORF-V,0,0,0,0,0
YJLWTAU4,LTR,0,0,0,0,0
YDR168W,ORF-V,1,1,1,3,1
YDR242W,ORF-V,0,0,0,0,0
YCR046C,ORF-V,0,0,0,0,0
YERWDELTA11,LTR,0,0,0,0,0
YJL108C,ORF-V,0,0,0,0,0
YLR069C,ORF-V,0,0,0,0,0
YNL191W,ORF-V,0,0,0,0,0
YAL041W,ORF-V,1,1,1,3,1
YLR429W,ORF-V,0,0,0,0,0
YDRWDELTA11,LTR,0,0,0,0,0
YMR113W,ORF-V,1,0,1,2,1
YJL198W,ORF-V,1,0,0,1,1
YDR071C,ORF-V,0,0,0,0,0
YKL009W,ORF-V,0,0,0,0,0
YLRCDELTA26,LTR,0,0,0,0,0
YHL008C,ORF-U,0,0,0,0,0
YGR002C,ORF-V,1,1,1,3,1
YLR365W,ORF-U,0,0,0,0,0
YPR040W,ORF-V,1,0,1,2,1
YDR481C,ORF-V,0,0,0,0,0
YLR139C,ORF-V,0,0,0,0,0
YER006c-a,ORF-DU,0,0,0,0,0
YGR154C,ORF-V,0,0,0,0,0
YHR057C,ORF-V,0,0,0,0,0
YJL219W,ORF-V,0,0,0,0,0
YKL034W,ORF-V,0,0,0,0,0
YJR135C,ORF-V,1,0,0,1,1
YDR346C,ORF-V,0,0,0,0,0
YJL162C,ORF-V,0,0,0,0,0
YML003W,ORF-U,0,0,0,0,0
YKL185W,ORF-V,0,0,0,0,0
YDR533C,ORF-V,0,0,0,0,0
YGL097W,ORF-V,1,1,1,3,1
YPL083C,ORF-V,1,1,1,3,1
YMR071C,ORF-V,1,0,1,2,1
YBR302C,ORF-V,0,0,0,0,0
YBL056W,ORF-V,0,0,0,0,0
YOR108W,ORF-V,0,0,0,0,0
YKL204W,ORF-V,0,0,0,0,0
YDL161W,ORF-V,0,0,0,0,0
YMR106C,ORF-V,0,0,0,0,0
YDR497C,ORF-V,0,0,0,0,0
YAL001C,ORF-V,1,1,1,3,1
YKL124W,ORF-V,0,0,0,0,0
YLR145W,ORF-V,1,1,1,3,1
YJR109C,ORF-V,0,0,0,0,0
YDRWTY1-4,LTR,0,0,0,0,0
YGLCSIGMA3,LTR,0,0,0,0,0
SNR8,snoRNA gene,0,0,0,0,0
YLR020C,ORF-V,0,0,0,0,0
YIL093C,ORF-V,0,0,0,0,0
YMR109W,ORF-V,0,0,0,0,0
YOLWDELTA6,ORF-V,0,0,0,0,0
YDR490C,ORF-V,0,0,0,0,0
YGR156W,ORF-V,1,1,1,3,1
YNL279W,ORF-V,0,0,0,0,0
YNL150W,ORF-DU,1,1,0,2,1
YFR009W,ORF-V,0,0,0,0,0
YLR045C,ORF-V,1,1,1,3,1
YLR005W,ORF-V,1,1,1,3,1
YGL006W,ORF-V,0,0,0,0,0
YOL090W,ORF-V,0,0,0,0,0
YOR364W,ORF-DU,0,0,0,0,0
YDR280W,ORF-V,1,1,1,3,1
YKL199C,ORF-M,0,0,0,0,0
YOL113W,ORF-V,0,0,0,0,0
YNL241C,ORF-V,1,0,0,1,1
YPR019W,ORF-V,1,0,1,2,1
YOR009W,ORF-V,0,0,0,0,0
YMR123W,ORF-V,0,0,0,0,0
YOR077W,ORF-V,1,1,1,3,1
YNL218W,ORF-V,0,0,0,0,0
YIL127C,ORF-U,0,0,0,0,0
YER165c-a,ORF-DU,0,0,0,0,0
YDR157W,ORF-U,0,0,0,0,0
YLR358C,ORF-U,0,0,0,0,0
YJL151C,ORF-V,0,0,0,0,0
YDR108W,ORF-V,0,0,0,0,0
YKL141W,ORF-V,1,1,1,3,1
YER134C,ORF-V,0,0,0,0,0
YML010C-B,ORF-DU,0,0,0,0,0
YGR250C,ORF-V,0,0,0,0,0
YLR135W,ORF-V,0,0,0,0,0
YDL228C,ORF-DU,0,0,0,0,0
YDR091C,ORF-V,1,0,1,2,1
YGL101W,ORF-V,0,0,0,0,0
YDL062W,ORF-DU,0,0,0,0,0
YMR165C,ORF-V,1,0,0,1,1
YFR030W,ORF-V,0,0,0,0,0
YLR294C,ORF-DU,0,0,0,0,0
YPL117C,ORF-V,1,1,1,3,1
YHR073W,ORF-V,0,0,0,0,0
YNL094W,ORF-V,0,0,0,0,0
YER096W,ORF-V,0,0,0,0,0
YMR247C,ORF-V,0,0,0,0,0
YNR010W,ORF-V,0,0,0,0,0
YDR122W,ORF-V,0,0,0,0,0
YGR144W,ORF-V,0,0,0,0,0
YDR319C,ORF-U,0,0,0,0,0
YPL270W,ORF-V,0,0,0,0,0
YPL208W,ORF-V,0,0,0,0,0
YOL007C,ORF-V,0,0,0,0,0
YBR179C,ORF-V,0,0,0,0,0
YDL231C,ORF-V,0,0,0,0,0
YDL217C,ORF-V,1,1,1,3,1
YJR128W,ORF-U,0,0,0,0,0
YEL034W,ORF-V,1,0,1,2,1
YLR152C,ORF-U,0,0,0,0,0
YLL042C,ORF-V,1,0,0,1,1
YFR041C,ORF-V,0,0,0,0,0
YDL078C,ORF-V,0,0,0,0,0
YAL035C-A,ORF-DU,0,0,0,0,0
YOL134C,ORF-DU,1,1,0,2,1
YAL062W,ORF-V,0,0,0,0,0
YCR002C,ORF-V,1,0,0,1,1
SNR68,snoRNA gene,0,0,0,0,0
YMR237W,ORF-V,0,0,0,0,0
YBR271W,ORF-V,0,0,0,0,0
YEL031W,ORF-V,0,0,0,0,0
YBRWDELTA15,LTR,0,0,0,0,0
YKR050W,ORF-V,0,0,0,0,0
YGR197C,ORF-V,0,0,0,0,0
YDL186W,ORF-U,0,0,0,0,0
YDR251W,ORF-V,0,0,0,0,0
SNR70,snoRNA gene,0,0,0,0,0
YBR228W,ORF-V,0,0,0,0,0
YOR140W,ORF-V,0,0,0,0,0
YKL212W,ORF-V,1,0,0,1,1
YDL022W,ORF-V,0,0,0,0,0
YHL007C,ORF-V,0,0,0,0,0
YMR056C,ORF-V,0,0,0,0,0
YMR306W,ORF-V,0,0,0,0,0
YHR116W,ORF-V,0,0,0,0,0
YOR390W,ORF-V,0,0,0,0,0
YOR049C,ORF-V,0,0,0,0,0
YPR015C,ORF-U,1,0,0,1,1
YBR299W,ORF-V,0,0,0,0,0
YEL004W,ORF-V,0,0,0,0,0
YML131W,ORF-V,0,0,0,0,0
YER068c-a,ORF-DU,0,0,0,0,0
YLL028W,ORF-V,0,0,0,0,0
YHR032W,ORF-V,0,0,0,0,0
YLR080W,ORF-V,0,0,0,0,0
YIL061C,ORF-V,1,0,1,2,1
YKR071C,ORF-V,1,1,1,3,1
YDR377W,ORF-V,0,0,0,0,0
YLRWTY1-3,LTR,0,0,0,0,0
YKL134C,ORF-V,0,0,0,0,0
YGL174W,ORF-V,0,0,0,0,0
YKR091W,ORF-V,0,0,0,0,0
YOR231W,ORF-V,0,0,0,0,0
YIL094C,ORF-V,0,0,0,0,0
YOR223W,ORF-V,0,0,0,0,0
YKL031W,ORF-DU,0,0,0,0,0
YGR125W,ORF-V,0,0,0,0,0
TY3B,,0,0,0,0,0
YJL211C,ORF-DU,0,0,0,0,0
YJR068W,ORF-V,1,1,1,3,1
YPL019C,ORF-V,0,0,0,0,0
YDR445C,ORF-DU,0,0,0,0,0
YPR089W,ORF-U,0,0,0,0,0
YNL330C,ORF-V,0,0,0,0,0
YJL072C,ORF-V,1,1,1,3,1
YOR218C,ORF-DU,1,0,0,1,1
YGR093W,ORF-V,0,0,0,0,0
YOR316C,ORF-V,0,0,0,0,0
YNL110C,ORF-V,1,1,1,3,1
YGR293C,ORF-DU,0,0,0,0,0
YBL013W,ORF-V,0,0,0,0,0
YNR009W,ORF-V,0,0,0,0,0
YGR024C,ORF-V,1,1,1,3,1
YHR146W,ORF-V,0,0,0,0,0
YNL236W,ORF-V,0,0,0,0,0
YOL034W,ORF-V,1,0,1,2,1
YGL164C,ORF-V,0,0,0,0,0
YER143W,ORF-V,0,0,0,0,0
YER011W,ORF-V,0,0,0,0,0
YLR070C,ORF-V,0,0,0,0,0
YER058W,ORF-V,0,0,0,0,0
YEL066W,ORF-V,0,0,0,0,0
YPL013C,ORF-V,0,0,0,0,0
YGL113W,ORF-V,1,1,1,3,1
YHL035C,ORF-V,0,0,0,0,0
YBL065W,ORF-DU,0,0,0,0,0
YHR092C,ORF-V,0,0,0,0,0
YGR229C,ORF-V,0,0,0,0,0
YBR210W,ORF-V,0,0,0,0,0
YKL123W,ORF-DU,0,0,0,0,0
YPR197C,ORF-DU,0,0,0,0,0
YBR048W,ORF-V,0,0,0,0,0
YBR229C,ORF-V,0,0,0,0,0
YOR103C,ORF-V,1,1,1,3,1
YIL013C,ORF-V,0,0,0,0,0
YAL015C,ORF-V,0,0,0,0,0
YDR306C,ORF-V,0,0,0,0,0
YMR194W,ORF-V,0,0,0,0,0
YJR013W,ORF-V,1,1,1,3,1
YNRCDELTA9,LTR,0,0,0,0,0
YJL018W,ORF-M,0,0,0,0,0
YAL029C,ORF-V,0,0,0,0,0
YDR476C,ORF-U,0,0,0,0,0
YLR240W,ORF-V,1,0,0,1,1
YAL065C,ORF-U,0,0,0,0,0
YMR292W,ORF-V,0,0,0,0,0
YML081C-A,ORF-V,0,0,0,0,0
YMR062C,ORF-V,0,0,0,0,0
YGR264C,ORF-V,1,1,1,3,1
YPR079W,ORF-V,0,0,0,0,0
YBR020W,ORF-V,0,0,0,0,0
YJL221C,ORF-V,0,0,0,0,0
YAL028W,ORF-V,0,0,0,0,0
YCR077C,ORF-V,0,0,0,0,0
YOR134W,ORF-V,0,0,0,0,0
YEL019C,ORF-V,1,1,1,3,1
YDL092W,ORF-V,1,0,1,2,1
YBRCDELTA11,LTR,0,0,0,0,0
YGR235C,ORF-V,0,0,0,0,0
YOL161C,ORF-V,0,0,0,0,0
YFL033C,ORF-V,0,0,0,0,0
YCL007C,ORF-DU,0,0,0,0,0
YIL155C,ORF-V,0,0,0,0,0
YDR460W,ORF-V,1,1,1,3,1
YOL039W,ORF-V,0,0,0,0,0
YDR274C,ORF-U,0,0,0,0,0
SNR33,snoRNA gene,0,0,0,0,0
YDR097C,ORF-V,0,0,0,0,0
YOR045W,ORF-V,0,0,0,0,0
YGR153W,ORF-U,0,0,0,0,0
YDR041W,ORF-V,1,1,1,3,1
YKL162C-A,ORF-DU,0,0,0,0,0
YLR295C,ORF-V,0,0,0,0,0
YOR331C,ORF-DU,0,0,0,0,0
YGL122C,ORF-V,1,1,1,3,1
YMR170C,ORF-V,0,0,0,0,0
YOL150C,ORF-DU,0,0,0,0,0
YGR070W,ORF-V,0,0,0,0,0
YOR149C,ORF-V,1,1,1,3,1
YIR030C,ORF-V,0,0,0,0,0
TQ(UUG)D1,tRNA gene,0,0,0,0,0
YGL057C,ORF-V,0,0,0,0,0
YNR046W,ORF-V,1,0,1,2,1
YPR182W,ORF-V,1,1,1,3,1
YOR080W,ORF-V,0,0,0,0,0
TA(UGC)O,tRNA gene,0,0,0,0,0
YML028W,ORF-V,0,0,0,0,0
YNL248C,ORF-V,0,0,0,0,0
YNL276C,ORF-DU,0,0,0,0,0
YHR189W,ORF-V,0,0,0,0,0
YJR010C-A,ORF-V,0,0,0,0,0
YHR058C,ORF-V,1,1,1,3,1
YDL179W,ORF-V,0,0,0,0,0
YNL013C,ORF-DU,0,0,0,0,0
YGL084C,ORF-V,0,0,0,0,0
YMR027W,ORF-V,0,0,0,0,0
YNL271C,ORF-V,1,0,0,1,1
YBR258C,ORF-V,0,0,0,0,0
YCR019W,ORF-V,0,0,0,0,0
YDL142C,ORF-V,0,0,0,0,0
YLR237W,ORF-V,0,0,0,0,0
YER061C,ORF-V,0,0,0,0,0
YHR122W,ORF-V,1,1,1,3,1
YHL047C,ORF-V,0,0,0,0,0
YNL206C,ORF-V,0,0,0,0,0
YBR233W,ORF-V,0,0,0,0,0
YBR163W,ORF-V,0,0,0,0,0
YPR159W,ORF-V,0,0,0,0,0
YBR175W,ORF-V,0,0,0,0,0
YJL045W,ORF-V,0,0,0,0,0
YBL071C,ORF-U,0,0,0,0,0
YDR250C,ORF-DU,0,0,0,0,0
YPL186C,ORF-V,0,0,0,0,0
YHR171W,ORF-V,1,0,0,1,1
YCR091W,ORF-V,0,0,0,0,0
YBR017C,ORF-V,0,0,0,0,0
YOL095C,ORF-V,0,0,0,0,0
YOL093W,ORF-V,0,0,0,0,0
YAR053W,ORF-DU,0,0,0,0,0
YBR137W,ORF-V,0,0,0,0,0
YKL112W,ORF-V,1,1,1,3,1
YGR201C,ORF-U,0,0,0,0,0
YJL074C,ORF-V,1,0,1,2,1
TE(UUC)M,tRNA gene,0,0,0,0,0
YCRWDELTA13,LTR,0,0,0,0,0
YJL019W,ORF-V,1,1,1,3,1
YKL059C,ORF-V,1,1,1,3,1
YPR067W,ORF-V,0,0,0,0,0
YNL262W,ORF-V,1,1,1,3,1
YOL010W,ORF-V,1,1,1,3,1
YER005W,ORF-V,1,0,1,2,1
YML096W,ORF-U,0,0,0,0,0
YDR225W,ORF-V,0,0,0,0,0
YIL025C,ORF-DU,0,0,0,0,0
YDR152W,ORF-V,0,0,0,0,0
YLL018C-A,ORF-V,0,0,0,0,0
YJL124C,ORF-V,0,0,0,0,0
YPL231W,ORF-V,1,1,1,3,1
YKLCDELTA2,LTR,0,0,0,0,0
YCR049C,ORF-DU,0,0,0,0,0
YLR201C,ORF-V,0,0,0,0,0
YMR055C,ORF-V,0,0,0,0,0
YPL129W,ORF-V,0,0,0,0,0
YJR049C,ORF-V,1,0,0,1,1
YDR368W,ORF-V,0,0,0,0,0
YER070W,ORF-V,1,0,0,1,1
YGL179C,ORF-V,0,0,0,0,0
YLL040C,ORF-V,0,0,0,0,0
YIL168W,pseudogene,0,0,0,0,0
YCL051W,ORF-V,0,0,0,0,0
YGR241C,ORF-V,0,0,0,0,0
YDR430C,ORF-V,0,0,0,0,0
YHR140W,ORF-U,0,0,0,0,0
TA(UGC)A,tRNA gene,0,0,0,0,0
YIR012W,ORF-V,1,1,1,3,1
YDR123C,ORF-V,1,0,1,2,1
YMR145C,ORF-V,0,0,0,0,0
YOR145C,ORF-V,0,0,0,0,0
YPL051W,ORF-V,0,0,0,0,0
YOR315W,ORF-V,0,0,0,0,0
YGRCTAU3,LTR,0,0,0,0,0
YDL227C,ORF-V,0,0,0,0,0
SNR37,snoRNA gene,0,0,0,0,0
YDR057W,ORF-V,0,0,0,0,0
YDR196C,ORF-V,1,1,1,3,1
SNR6,snRNA gene,0,0,0,0,0
YEL058W,ORF-V,1,1,1,3,1
YMRCDELTA7,LTR,0,0,0,0,0
TS(GCU)L,tRNA gene,0,0,0,0,0
YBR140C,ORF-V,1,1,1,3,1
YJL085W,ORF-V,1,1,1,3,1
YDL184w-a,IER,0,0,0,0,0
YNR003C,ORF-V,1,1,1,3,1
YCRWDELTA8,LTR,0,0,0,0,0
YOL144W,ORF-V,1,1,1,3,1
YKL221W,ORF-V,0,0,0,0,0
YDR191W,ORF-V,0,0,0,0,0
TS(AGA)B,tRNA gene,0,0,0,0,0
YOR304W,ORF-V,0,0,0,0,0
YOR301W,ORF-V,0,0,0,0,0
YNL188W,ORF-V,1,0,1,2,1
YBL001C,ORF-V,0,0,0,0,0
YBR069C,ORF-V,0,0,0,0,0
YPL157W,ORF-V,0,0,0,0,0
YPL110C,ORF-V,0,0,0,0,0
YNR020C,ORF-V,0,0,0,0,0
YOR183W,ORF-U,0,0,0,0,0
YKL217W,ORF-V,0,0,0,0,0
YDR317W,ORF-V,0,0,0,0,0
YLL007C,ORF-V,0,0,0,0,0
YOL038c-a,ORF-U,0,0,0,0,0
YER039C,ORF-V,0,0,0,0,0
YML034W,ORF-V,0,0,0,0,0
YIL125W,ORF-V,0,0,0,0,0
YGR091W,ORF-V,1,1,1,3,1
YDRCTY1-1,LTR,0,0,0,0,0
YPL204W,ORF-V,1,1,1,3,1
TG(CCC)D,tRNA gene,0,0,0,0,0
YLR085C,ORF-V,0,0,0,0,0
YPR135W,ORF-V,0,0,0,0,0
YAL037c-a,ORF-U,0,0,0,0,0
YOR275C,ORF-V,0,0,0,0,0
YBR049C,ORF-V,1,1,1,3,1
YFL023W,ORF-V,1,0,0,1,1
YKRCDELTA12,LTR,0,0,0,0,0
YOR259C,ORF-V,1,1,1,3,1
YDR101C,ORF-V,0,0,0,0,0
YPL132W,ORF-V,0,0,0,0,0
YDR221W,ORF-V,0,0,0,0,0
YPL188W,ORF-V,0,0,0,0,0
YHL024W,ORF-V,0,0,0,0,0
YGL251C,ORF-V,0,0,0,0,0
YDR463W,ORF-V,0,0,0,0,0
YBR257W,ORF-V,1,1,1,3,1
YKL133C,ORF-U,0,0,0,0,0
YNL201C,ORF-V,0,0,0,0,0
YLL017W,pseudogene,0,0,0,0,0
YPR146C,ORF-DU,0,0,0,0,0
YFL062W,ORF-V,0,0,0,0,0
YOL159C,ORF-V,0,0,0,0,0
YBL085W,ORF-V,0,0,0,0,0
YGL208W,ORF-V,0,0,0,0,0
YJL133W,ORF-V,0,0,0,0,0
YJR129C,ORF-V,0,0,0,0,0
YPL028W,ORF-V,1,1,1,3,1
YHRCDELTA4,LTR,0,0,0,0,0
YJR096W,ORF-V,0,0,0,0,0
YER076C,ORF-U,0,0,0,0,0
YER050C,ORF-V,0,0,0,0,0
YLR327C,ORF-V,0,0,0,0,0
YLR039C,ORF-V,0,0,0,0,0
YDR271C,ORF-DU,0,0,0,0,0
YOL026C,ORF-V,1,1,1,3,1
YHR054C,ORF-U,0,0,0,0,0
YGRWDELTA24,LTR,0,0,0,0,0
YFR053C,ORF-V,0,0,0,0,0
YPL176C,ORF-V,0,0,0,0,0
YEL038W,ORF-V,0,0,0,0,0
YMR144W,ORF-U,0,0,0,0,0
YLR382C,ORF-V,0,0,0,0,0
YLR388W,ORF-V,0,0,0,0,0
TE(UUC)C,tRNA gene,0,0,0,0,0
YML120C,ORF-V,0,0,0,0,0
YGRWDELTA19,LTR,0,0,0,0,0
YJL101C,ORF-V,0,0,0,0,0
YNL208W,ORF-V,0,0,0,0,0
YMR099C,ORF-V,0,0,0,0,0
YGL255W,ORF-V,0,0,0,0,0
YOR221C,ORF-V,0,0,0,0,0
YJL201W,ORF-V,0,0,0,0,0
YDL131W,ORF-V,0,0,0,0,0
YIL070C,ORF-V,0,0,0,0,0
YIL107C,ORF-V,0,0,0,0,0
YGL139W,ORF-V,0,0,0,0,0
YDL176W,ORF-V,0,0,0,0,0
YFL045C,ORF-V,1,1,1,3,1
YLR248W,ORF-V,0,0,0,0,0
YKRCDELTA11,LTR,0,0,0,0,0
YIL008W,ORF-V,0,0,0,0,0
YLR226W,ORF-V,0,0,0,0,0
YGL198W,ORF-V,0,0,0,0,0
YPL271W,ORF-V,0,0,0,0,0
YNL010W,ORF-V,0,0,0,0,0
YDR536W,ORF-V,0,0,0,0,0
YHR182W,ORF-V,0,0,0,0,0
YPR128C,ORF-V,0,0,0,0,0
YMR283C,ORF-V,0,0,0,0,0
YNR011C,ORF-V,1,1,1,3,1
YKLCDELTA4,LTR,0,0,0,0,0
YMR279C,ORF-V,0,0,0,0,0
YBL109W,ORF-DU,0,0,0,0,0
YLR305C,ORF-V,1,0,1,2,1
YOR163W,ORF-V,0,0,0,0,0
YBL009W,ORF-V,0,0,0,0,0
YLR210W,ORF-V,0,0,0,0,0
YLR416C,ORF-DU,0,0,0,0,0
YPL118W,ORF-V,0,0,0,0,0
YBR103W,ORF-V,0,0,0,0,0
YGR226C,ORF-DU,0,0,0,0,0
YBR251W,ORF-V,0,0,0,0,0
YDR037W,ORF-V,1,1,1,3,1
YDR004W,ORF-V,0,0,0,0,0
YER145c-a,ORF-U,0,0,0,0,0
YOR048C,ORF-V,1,1,1,3,1
YPLWTY1-1,LTR,0,0,0,0,0
YPR029C,ORF-V,0,0,0,0,0
YPR108W,ORF-V,1,1,1,3,1
YIR042C,ORF-U,0,0,0,0,0
YHLWTAU1,LTR,0,0,0,0,0
YBL052C,ORF-V,0,0,0,0,0
YGL048C,ORF-V,1,1,1,3,1
YDR444W,ORF-U,0,0,0,0,0
YOR286W,ORF-V,0,0,0,0,0
YML061C,ORF-V,0,0,0,0,0
YOR319W,ORF-V,1,1,1,3,1
YGRCTY2-1,LTR,0,0,0,0,0
YLR413W,ORF-V,0,0,0,0,0
YIL158W,ORF-V,0,0,0,0,0
YBR177C,ORF-V,0,0,0,0,0
YEL009C,ORF-V,0,0,0,0,0
YOL151W,ORF-V,0,0,0,0,0
YKR051W,ORF-V,0,0,0,0,0
YNL078W,ORF-V,0,0,0,0,0
YHR119W,ORF-V,0,0,0,0,0
YKL032C,ORF-V,0,0,0,0,0
ARS608,ARS,0,0,0,0,0
YGL156W,ORF-V,0,0,0,0,0
YJL096W,ORF-V,0,0,0,0,0
TQ(UUG)L,tRNA gene,0,0,0,0,0
YPL115C,ORF-V,1,0,0,1,1
YPR044C,ORF-DU,0,0,0,0,0
YAL008W,ORF-V,0,0,0,0,0
YJR138W,ORF-V,0,0,0,0,0
YMR158W-A,ORF-DU,0,0,0,0,0
YOL132W,ORF-V,0,0,0,0,0
YOR018W,ORF-V,0,0,0,0,0
YFL013C,ORF-V,0,0,0,0,0
YDR126W,ORF-V,0,0,0,0,0
YBR180W,ORF-V,0,0,0,0,0
YPR011C,ORF-V,0,0,0,0,0
TK(CUU)J,tRNA gene,0,0,0,0,0
YOR139C,ORF-DU,0,0,0,0,0
YNL294C,ORF-V,0,0,0,0,0
YBR298C,ORF-V,0,0,0,0,0
YARCDELTA8,LTR,0,0,0,0,0
YDL141W,ORF-V,1,1,1,3,1
YDR378C,ORF-V,1,0,0,1,1
YKR097W,ORF-V,0,0,0,0,0
YIL033C,ORF-V,0,0,0,0,0
YIL136W,ORF-V,0,0,0,0,0
YIL150C,ORF-V,1,0,1,2,1
TT(CGU)K,tRNA gene,0,0,0,0,0
YIR001C,ORF-V,0,0,0,0,0
YJR078W,ORF-V,0,0,0,0,0
YOR054C,ORF-V,0,0,0,0,0
YAL042W,ORF-V,0,0,0,0,0
YIR018W,ORF-V,0,0,0,0,0
YMR311C,ORF-V,0,0,0,0,0
YER067W,ORF-V,0,0,0,0,0
YJL073W,ORF-V,0,0,0,0,0
YDR243C,ORF-V,1,1,1,3,1
YKLCSIGMA1,LTR,0,0,0,0,0
YBR149W,ORF-V,0,0,0,0,0
YKL060C,ORF-V,1,1,1,3,1
YBR085W,ORF-V,0,0,0,0,0
YCR096C,ORF-V,1,1,1,3,1
YBR212W,ORF-V,0,0,0,0,0
TS(UGA)E,tRNA gene,0,0,0,0,0
YGRCDELTA15,LTR,0,0,0,0,0
YPR039W,ORF-DU,0,0,0,0,0
YNL290W,ORF-V,1,1,1,3,1
YAR023C,ORF-U,0,0,0,0,0
YDR291W,ORF-V,0,0,0,0,0
YFL017C,ORF-V,1,1,1,3,1
YDR107C,ORF-V,0,0,0,0,0
YBL112C,ORF-U,0,0,0,0,0
YJL158C,ORF-V,0,0,0,0,0
YHL009C,ORF-V,0,0,0,0,0
YLR352W,ORF-V,0,0,0,0,0
YDR180W,ORF-V,1,1,1,3,1
YGR221C,ORF-V,0,0,0,0,0
YGR068C,ORF-V,0,0,0,0,0
YIL120W,ORF-V,0,0,0,0,0
YER071C,ORF-V,0,0,0,0,0
YKR083C,ORF-V,1,1,1,3,1
YGL071W,ORF-V,0,0,0,0,0
YDR433W,ORF-DU,0,0,0,0,0
YLR387C,ORF-V,0,0,0,0,0
YPR064W,ORF-U,0,0,0,0,0
YLR054C,ORF-V,0,0,0,0,0
YNL029C,ORF-V,0,0,0,0,0
YJL188C,ORF-DU,0,0,0,0,0
YIL092W,ORF-U,0,0,0,0,0
YDR224C,ORF-V,1,0,1,2,1
YNL137C,ORF-V,1,1,1,3,1
YBR240C,ORF-V,0,0,0,0,0
YNR039C,ORF-V,0,0,0,0,0
YPL172C,ORF-V,0,0,0,0,0
YNR026C,ORF-V,1,1,1,3,1
YPL060W,ORF-V,0,0,0,0,0
YGR043C,ORF-V,0,0,0,0,0
YDL191W,ORF-V,0,0,0,0,0
YKL203C,ORF-V,1,1,1,3,1
YJL125C,ORF-V,1,1,1,3,1
Q0085,ORF-V,0,0,0,0,0
YDR195W,ORF-V,0,0,0,0,0
YPL160W,ORF-V,1,1,1,3,1
YAR020C,ORF-V,0,0,0,0,0
YHR076W,ORF-V,0,0,0,0,0
YHR139C-A,ORF-U,0,0,0,0,0
YMR020W,ORF-V,0,0,0,0,0
YOL112W,ORF-V,0,0,0,0,0
YGRWDELTA31,LTR,0,0,0,0,0
YOL067C,ORF-V,0,0,0,0,0
YLR338W,ORF-DU,0,0,0,0,0
YOR252W,ORF-V,0,0,0,0,0
YPRWDELTA14,LTR,0,0,0,0,0
ALD1,ORF-V,0,0,0,0,0
YDL091C,ORF-V,0,0,0,0,0
YCR100C,ORF-U,0,0,0,0,0
YIR009W,ORF-V,0,0,0,0,0
YHR201C,ORF-V,0,0,0,0,0
YLR123C,ORF-DU,0,0,0,0,0
YBR141C,ORF-V,0,0,0,0,0
YMR084W,ORF-U,0,0,0,0,0
YKL184W,ORF-V,0,0,0,0,0
YGLWDELTA9,LTR,0,0,0,0,0
YGL044C,ORF-V,1,1,1,3,1
YPL199C,ORF-V,0,0,0,0,0
YPR106W,ORF-V,1,0,0,1,1
YPL263C,ORF-V,0,0,0,0,0
YJR123W,ORF-V,1,1,1,3,1
YKL172W,ORF-V,1,1,1,3,1
YHR003C,ORF-V,0,0,0,0,0
YJR108W,ORF-V,0,0,0,0,0
YGL107C,ORF-V,0,0,0,0,0
YGL233W,ORF-V,1,1,1,3,1
YLR165C,ORF-V,0,0,0,0,0
YJL185C,ORF-V,0,0,0,0,0
YKR028W,ORF-V,0,0,0,0,0
YOR262W,ORF-V,1,1,1,3,1
YML095C-A,ORF-DU,0,0,0,0,0
YDL119C,ORF-V,0,0,0,0,0
YJR146W,ORF-U,0,0,0,0,0
YDR328C,ORF-V,1,1,1,3,1
YKL097C,ORF-U,0,0,0,0,0
YER158C,ORF-U,0,0,0,0,0
YEL006W,ORF-V,0,0,0,0,0
YGL009C,ORF-V,0,0,0,0,0
YJR071W,ORF-DU,0,0,0,0,0
YGL191W,ORF-V,0,0,0,0,0
YDL021W,ORF-V,0,0,0,0,0
YJL161W,ORF-U,0,0,0,0,0
YKL220C,ORF-V,0,0,0,0,0
YER078C,ORF-V,0,0,0,0,0
YBR275C,ORF-V,0,0,0,0,0
YBLWDELTA2,LTR,0,0,0,0,0
YIL161W,ORF-U,0,0,0,0,0
YGL252C,ORF-V,0,0,0,0,0
YAR064W,ORF-U,0,0,0,0,0
YDL020C,ORF-V,0,0,0,0,0
YILWDELTA4,LTR,0,0,0,0,0
YLR394W,ORF-V,0,0,0,0,0
YBR023C,ORF-V,0,0,0,0,0
YNL277W,ORF-V,0,0,0,0,0
YNL121C,ORF-V,0,0,0,0,0
YNR049C,ORF-V,0,0,0,0,0
YMR201C,ORF-V,0,0,0,0,0
YCR044C,ORF-V,0,0,0,0,0
YIL031W,ORF-V,1,0,1,2,1
YOLCDELTA9,LTR,0,0,0,0,0
YGR158C,ORF-V,1,1,1,3,1
YOL136C,ORF-V,0,0,0,0,0
YCL034W,ORF-V,0,0,0,0,0
YKR055W,ORF-V,0,0,0,0,0
YJR095W,ORF-V,1,1,1,3,1
YGL028C,ORF-V,0,0,0,0,0
YLR319C,ORF-V,0,0,0,0,0
YOL052C,ORF-V,0,0,0,0,0
YDR360W,ORF-DU,0,0,0,0,0
YDR060W,ORF-V,1,1,1,3,1
YOL101C,ORF-V,0,0,0,0,0
YNL083W,ORF-V,0,0,0,0,0
YDL180W,ORF-U,0,0,0,0,0
YAR002W,ORF-V,0,0,0,0,0
YNR052C,ORF-V,1,0,0,1,1
YOR106W,ORF-V,1,0,1,2,1
YELWDELTA5,LTR,0,0,0,0,0
YLR199C,ORF-V,0,0,0,0,0
YJR032W,ORF-V,0,0,0,0,0
YOR168W,ORF-V,1,1,1,3,1
YJR149W,ORF-U,0,0,0,0,0
YFR057W,ORF-U,0,0,0,0,0
YNL267W,ORF-V,1,0,1,2,1
YKL089W,ORF-V,1,1,1,3,1
YBR215W,ORF-V,0,0,0,0,0
YKL048C,ORF-V,0,0,0,0,0
YHR025W,ORF-V,0,0,0,0,0
YGR294W,ORF-V,1,1,1,3,1
YGL205W,ORF-V,0,0,0,0,0
YOL017W,ORF-V,0,0,0,0,0
YML001W,ORF-V,0,0,0,0,0
YLR362W,ORF-V,0,0,0,0,0
YBR244W,ORF-V,0,0,0,0,0
YCL027W,ORF-V,0,0,0,0,0
YLR363C,ORF-V,0,0,0,0,0
YPL114W,ORF-DU,0,0,0,0,0
YDR374C,ORF-V,0,0,0,0,0
YGL025C,ORF-V,0,0,0,0,0
YIL048W,ORF-V,1,1,1,3,1
YLR409C,ORF-V,1,1,1,3,1
YPLWDELTA11,LTR,0,0,0,0,0
YNL170W,ORF-DU,0,0,0,0,0
YHR143W,ORF-V,0,0,0,0,0
YML094W,ORF-V,0,0,0,0,0
YLR182W,ORF-V,1,0,0,1,1
YOR073W,ORF-V,1,0,0,1,1
YJL102W,ORF-V,0,0,0,0,0
YAR062W,pseudogene,0,0,0,0,0
YMR175W,ORF-V,0,0,0,0,0
YPL032C,ORF-V,0,0,0,0,0
YER115C,ORF-V,0,0,0,0,0
YDR344C,ORF-U,0,0,0,0,0
YJR158W,ORF-V,0,0,0,0,0
YML012W,ORF-V,0,0,0,0,0
YERCTAU3,LTR,0,0,0,0,0
YML111W,ORF-V,0,0,0,0,0
YNL037C,ORF-V,0,0,0,0,0
YJL193W,ORF-U,0,0,0,0,0
YOR318C,ORF-DU,0,0,0,0,0
YCR010C,ORF-V,0,0,0,0,0
YLR082C,ORF-V,0,0,0,0,0
YLR147C,ORF-V,1,1,1,3,1
YLR458W,ORF-DU,1,1,0,2,1
YIL059C,ORF-DU,0,0,0,0,0
YGL105W,ORF-V,0,0,0,0,0
YGL036W,ORF-U,0,0,0,0,0
YKL213C,ORF-V,0,0,0,0,0
YMR001C,ORF-V,1,1,1,3,1
YLL065W,ORF-DU,0,0,0,0,0
YBL016W,ORF-V,0,0,0,0,0
YPL159C,ORF-V,0,0,0,0,0
YPL101W,ORF-V,0,0,0,0,0
YAL011W,ORF-V,0,0,0,0,0
YNR059W,ORF-V,0,0,0,0,0
YNL011C,ORF-U,0,0,0,0,0
YER188W,ORF-U,0,0,0,0,0
YDR146C,ORF-V,0,0,0,0,0
YKR058W,ORF-V,0,0,0,0,0
YJL016W,ORF-U,0,0,0,0,0
YDR507C,ORF-V,0,0,0,0,0
YDR382W,ORF-V,0,0,0,0,0
YNL304W,ORF-V,0,0,0,0,0
YFLWDELTA1,LTR,0,0,0,0,0
YLRCDELTA5,LTR,0,0,0,0,0
YMR172C-A,ORF-DU,0,0,0,0,0
YGL073W,ORF-V,1,1,1,3,1
YHR117W,ORF-V,0,0,0,0,0
YPR012W,ORF-DU,0,0,0,0,0
YERWDELTA21,LTR,0,0,0,0,0
YGR073C,ORF-DU,1,1,0,2,1
YDR054C,ORF-V,1,1,1,3,1
YKL101W,ORF-V,1,0,1,2,1
YPL140C,ORF-V,0,0,0,0,0
YDL132W,ORF-V,1,1,1,3,1
YNLCDELTA6,LTR,0,0,0,0,0
YLR086W,ORF-V,1,1,1,3,1
YER163C,ORF-V,0,0,0,0,0
YGL159W,ORF-U,0,0,0,0,0
YGLCTAU3,LTR,0,0,0,0,0
YKR020W,ORF-V,0,0,0,0,0
YOL128C,ORF-V,0,0,0,0,0
YML079W,ORF-U,0,0,0,0,0
YER047C,ORF-V,0,0,0,0,0
YKL061W,ORF-V,0,0,0,0,0
YNL328C,ORF-V,0,0,0,0,0
YNLCTY1-1,LTR,0,0,0,0,0
YPRWSIGMA4,LTR,0,0,0,0,0
YIL130W,ORF-V,0,0,0,0,0
YBL104C,ORF-V,0,0,0,0,0
YJR090C,ORF-V,0,0,0,0,0
YLR002C,ORF-V,1,1,1,3,1
YIL029C,ORF-U,0,0,0,0,0
YKR031C,ORF-V,0,0,0,0,0
YBR294W,ORF-V,0,0,0,0,0
YER116C,ORF-V,0,0,0,0,0
YOR112W,ORF-V,0,0,0,0,0
YHR170W,ORF-V,1,1,1,3,1
YER140W,ORF-V,0,0,0,0,0
YEL060C,ORF-V,0,0,0,0,0
YGL213C,ORF-V,1,0,0,1,1
YOL068C,ORF-V,0,0,0,0,0
YBL019W,ORF-V,0,0,0,0,0
YDL116W,ORF-V,0,0,0,0,0
YER087C-A,ORF-DU,0,0,0,0,0
YHR030C,ORF-V,0,0,0,0,0
YDL027C,ORF-U,0,0,0,0,0
YHL045W,ORF-DU,0,0,0,0,0
YBR047W,ORF-U,0,0,0,0,0
YKL223W,ORF-DU,0,0,0,0,0
YPR196W,ORF-U,0,0,0,0,0
YDR211W,ORF-V,1,1,1,3,1
YJL059W,ORF-V,0,0,0,0,0
YDR223W,ORF-V,0,0,0,0,0
YMR316W,ORF-V,0,0,0,0,0
YKL043W,ORF-V,0,0,0,0,0
YKR084C,ORF-V,0,0,0,0,0
YBR226C,ORF-DU,0,0,0,0,0
YFR012W,ORF-V,0,0,0,0,0
YHR143W-A,ORF-V,1,1,1,3,1
YOR068C,ORF-V,0,0,0,0,0
YCL075W,pseudogene,0,0,0,0,0
YPR138C,ORF-V,0,0,0,0,0
YDR034C,ORF-V,0,0,0,0,0
YJL213W,ORF-V,0,0,0,0,0
YOR345C,ORF-DU,0,0,0,0,0
YJL012C,ORF-V,1,1,0,2,1
YER019W,ORF-V,0,0,0,0,0
YHR186C,ORF-V,1,1,1,3,1
YLR203C,ORF-V,0,0,0,0,0
YLR066W,ORF-V,1,1,1,3,1
YGL002W,ORF-V,0,0,0,0,0
YDR342C,ORF-V,0,0,0,0,0
YJL070C,ORF-U,0,0,0,0,0
YGL243W,ORF-V,0,0,0,0,0
YPR085C,ORF-V,1,1,1,3,1
YJR040W,ORF-V,0,0,0,0,0
YGL167C,ORF-V,0,0,0,0,0
YDL129W,ORF-V,0,0,0,0,0
YDR431W,ORF-DU,0,0,0,0,0
YOL097C,ORF-V,1,1,1,3,1
YOR095C,ORF-V,1,1,1,3,1
SNR14,snRNA gene,0,0,0,0,0
YNL310C,ORF-V,1,1,1,3,1
YOL066C,ORF-V,1,1,1,3,1
YMR068W,ORF-V,0,0,0,0,0
YMLWDELTA3,LTR,0,0,0,0,0
YJL170C,ORF-V,0,0,0,0,0
YER098W,ORF-V,0,0,0,0,0
YFL057C,ORF-M,0,0,0,0,0
YLL062C,ORF-V,0,0,0,0,0
YLL044W,ORF-DU,0,0,0,0,0
YFLWDELTA2,LTR,0,0,0,0,0
YGL261C,ORF-U,0,0,0,0,0
YLRWDELTA20,LTR,0,0,0,0,0
YGL099W,ORF-V,1,0,1,2,1
YBR198C,ORF-V,1,1,1,3,1
YCR088W,ORF-V,1,0,0,1,1
YOR008C,ORF-V,0,0,0,0,0
YORCDELTA11,LTR,0,0,0,0,0
YJR107W,ORF-U,0,0,0,0,0
YPR046W,ORF-V,0,0,0,0,0
YMR041C,ORF-V,0,0,0,0,0
YML049C,ORF-V,1,1,1,3,1
YNL144C,ORF-U,0,0,0,0,0
YOL053W,ORF-V,0,0,0,0,0
YCL063W,ORF-V,0,0,0,0,0
YDRCSIGMA1,LTR,0,0,0,0,0
YPL085W,ORF-V,1,1,1,3,1
YKR073C,ORF-U,0,0,0,0,0
YMR230W,ORF-V,0,0,0,0,0
YMR118C,ORF-U,0,0,0,0,0
CEN13,centromere,0,0,0,0,0
YHR001W-A,ORF-V,0,0,0,0,0
YML019W,ORF-V,0,0,0,0,0
YBL037W,ORF-V,0,0,0,0,0
YNR056C,ORF-V,0,0,0,0,0
YDR248C,ORF-U,0,0,0,0,0
YGL210W,ORF-V,0,0,0,0,0
YMR296C,ORF-V,1,1,1,3,1
YNL106C,ORF-V,0,0,0,0,0
YOR164C,ORF-V,0,0,0,0,0
YNL182C,ORF-V,1,1,1,3,1
YDR161W,ORF-V,0,0,0,0,0
YNL109W,ORF-DU,0,0,0,0,0
YHR005C-A,ORF-V,1,1,1,3,1
YIL074C,ORF-V,0,0,0,0,0
YOR206W,ORF-V,1,1,1,3,1
YKL020C,ORF-V,0,0,0,0,0
YGR090W,ORF-V,1,1,1,3,1
YOR333C,ORF-DU,0,0,0,0,0
YBR237W,ORF-V,1,1,1,3,1
YLL032C,ORF-V,0,0,0,0,0
YJL033W,ORF-V,1,1,1,3,1
YOL013C,ORF-V,0,0,0,0,0
YEL050C,ORF-V,0,0,0,0,0
YGR172C,ORF-V,1,1,1,3,1
YJR060W,ORF-V,0,0,0,0,0
YDL038C,ORF-M,0,0,0,0,0
YPL113C,ORF-V,0,0,0,0,0
YJL046W,ORF-V,0,0,0,0,0
YLR185W,ORF-V,0,0,0,0,0
YML067C,ORF-V,0,0,0,0,0
YNL126W,ORF-V,1,1,1,3,1
YDR522C,ORF-V,0,0,0,0,0
YDR415C,ORF-U,0,0,0,0,0
YPR093C,ORF-V,0,0,0,0,0
YJRWDELTA18,LTR,0,0,0,0,0
YER167W,ORF-V,0,0,0,0,0
YGR071C,ORF-V,0,0,0,0,0
YER127W,ORF-V,1,1,1,3,1
YGL083W,ORF-V,0,0,0,0,0
YNL268W,ORF-V,0,0,0,0,0
YBL006C,ORF-V,0,0,0,0,0
YAL064W-B,ORF-U,0,0,0,0,0
YGR017W,ORF-U,0,0,0,0,0
YNR022C,ORF-V,0,0,0,0,0
YIL138C,ORF-V,0,0,0,0,0
YOR256C,ORF-V,1,0,1,2,1
YGR059W,ORF-V,0,0,0,0,0
YNL065W,ORF-V,0,0,0,0,0
YCL046W,ORF-DU,0,0,0,0,0
YDR519W,ORF-V,0,0,0,0,0
YBL096C,ORF-DU,0,0,0,0,0
YKR054C,ORF-V,0,0,0,0,0
YLR229C,ORF-V,1,1,1,3,1
YKL208W,ORF-V,0,0,0,0,0
YLR108C,ORF-V,0,0,0,0,0
YHR181W,ORF-V,0,0,0,0,0
YDR084C,ORF-V,0,0,0,0,0
YGR236C,ORF-V,0,0,0,0,0
YMR261C,ORF-V,0,0,0,0,0
YPL200W,ORF-V,0,0,0,0,0
YLR307W,ORF-V,0,0,0,0,0
YJL204C,ORF-V,0,0,0,0,0
YKL142W,ORF-V,0,0,0,0,0
YEL007W,ORF-V,0,0,0,0,0
YGL177W,ORF-DU,0,0,0,0,0
YOR101W,ORF-V,0,0,0,0,0
YDR354W,ORF-V,0,0,0,0,0
YLRWDELTA4,LTR,0,0,0,0,0
YBR114W,ORF-V,0,0,0,0,0
YCR016W,ORF-U,0,0,0,0,0
YPL225W,ORF-V,0,0,0,0,0
YPR037C,ORF-V,0,0,0,0,0
YLR346C,ORF-V,0,0,0,0,0
YKL202W,ORF-DU,0,0,0,0,0
YGL126W,ORF-V,0,0,0,0,0
YCRWOMEGA3,LTR,0,0,0,0,0
YGL188C,ORF-DU,0,0,0,0,0
YBR207W,ORF-V,0,0,0,0,0
YCR076C,ORF-V,0,0,0,0,0
YJL172W,ORF-V,0,0,0,0,0
YJL031C,ORF-V,1,1,1,3,1
YDR264C,ORF-V,0,0,0,0,0
YBR089W,ORF-DU,1,1,0,2,1
SNR63,snoRNA gene,0,0,0,0,0
YBR099C,ORF-DU,0,0,0,0,0
YCL050C,ORF-V,0,0,0,0,0
YGR284C,ORF-V,0,0,0,0,0
YMR082C,ORF-U,0,0,0,0,0
YCL017C,ORF-V,1,1,1,3,1
YDR151C,ORF-V,1,0,1,2,1
YDL055C,ORF-V,1,1,1,3,1
YLR097C,ORF-V,1,0,1,2,1
YLR275W,ORF-V,1,1,1,3,1
YOR372C,ORF-V,1,1,1,3,1
YKL083W,ORF-DU,1,1,0,2,1
YFLWDELTA3,LTR,0,0,0,0,0
YEL071W,ORF-V,0,0,0,0,0
YGR288W,ORF-V,0,0,0,0,0
YPL017C,ORF-V,0,0,0,0,0
YER110C,ORF-V,0,0,0,0,0
YEL064C,ORF-V,0,0,0,0,0
YJL075C,ORF-U,0,0,0,0,0
YGR109C,ORF-V,0,0,0,0,0
YBR139W,ORF-V,0,0,0,0,0
YHR083W,ORF-V,1,0,1,2,1
YEL027W,ORF-V,0,0,0,0,0
YOR320C,ORF-V,0,0,0,0,0
YJR023C,ORF-DU,1,1,0,2,1
YBL028C,ORF-V,0,0,0,0,0
YIL007C,ORF-V,0,0,0,0,0
YKL079W,ORF-V,0,0,0,0,0
YDR443C,ORF-V,0,0,0,0,0
YIL024C,ORF-U,0,0,0,0,0
YGR142W,ORF-V,0,0,0,0,0
YGR020C,ORF-V,0,0,0,0,0
YDR475C,ORF-V,0,0,0,0,0
YGR096W,ORF-V,0,0,0,0,0
YML097C,ORF-V,0,0,0,0,0
YLRCDELTA16,LTR,0,0,0,0,0
YJR125C,ORF-V,0,0,0,0,0
YHR005C,ORF-V,1,0,0,1,1
YOR308C,ORF-V,0,0,0,0,0
YGL257C,ORF-V,0,0,0,0,0
YDR034W-B,ORF-U,0,0,0,0,0
YJL183W,ORF-V,0,0,0,0,0
YAR071W,ORF-V,0,0,0,0,0
YGL193C,ORF-U,0,0,0,0,0
YKLWDELTA3,LTR,0,0,0,0,0
YMR235C,ORF-V,1,1,1,3,1
YOR375C,ORF-V,0,0,0,0,0
YDR096W,ORF-V,0,0,0,0,0
YDL025C,ORF-V,0,0,0,0,0
TS(AGA)D3,tRNA gene,0,0,0,0,0
YIL052C,ORF-V,0,0,0,0,0
YDL225W,ORF-V,0,0,0,0,0
YERWDELTA9,LTR,0,0,0,0,0
YMR074C,ORF-V,0,0,0,0,0
YHR157W,ORF-V,0,0,0,0,0
YDR282C,ORF-V,0,0,0,0,0
YDR372C,ORF-V,0,0,0,0,0
YGL013C,ORF-V,0,0,0,0,0
YBR060C,ORF-V,1,1,1,3,1
YDR197W,ORF-V,0,0,0,0,0
TA(AGC)M1,tRNA gene,0,0,0,0,0
YMR290C,ORF-V,1,1,1,3,1
YOR367W,ORF-V,0,0,0,0,0
YDRWSIGMA5,LTR,0,0,0,0,0
YDR010C,ORF-U,0,0,0,0,0
YDR448W,ORF-V,0,0,0,0,0
YPLWDELTA8,LTR,0,0,0,0,0
YPR109W,ORF-V,0,0,0,0,0
YDR434W,ORF-V,1,1,1,3,1
YAL048C,ORF-V,0,0,0,0,0
YLR292C,ORF-V,0,0,0,0,0
YLR120C,ORF-V,0,0,0,0,0
YDR544C,ORF-DU,0,0,0,0,0
YIL118W,ORF-V,1,0,1,2,1
YGRWDELTA32,LTR,0,0,0,0,0
YLL043W,ORF-V,0,0,0,0,0
YMR224C,ORF-V,1,0,0,1,1
YOR386W,ORF-V,0,0,0,0,0
YNL187W,ORF-V,0,0,0,0,0
YGL070C,ORF-V,0,0,0,0,0
YOR304C-A,ORF-V,0,0,0,0,0
YGL111W,ORF-V,1,1,1,3,1
YCR032W,ORF-V,0,0,0,0,0
YKR024C,ORF-V,0,0,0,0,0
YPL103C,ORF-V,0,0,0,0,0
YHR206W,ORF-V,0,0,0,0,0
YPL078C,ORF-V,0,0,0,0,0
YHL005C,ORF-U,0,0,0,0,0
YGR098C,ORF-V,1,1,1,3,1
YEL033W,ORF-U,0,0,0,0,0
YNL321W,ORF-V,0,0,0,0,0
YPL039W,ORF-U,0,0,0,0,0
YDR290W,ORF-DU,0,0,0,0,0
YBL046W,ORF-V,0,0,0,0,0
YGR067C,ORF-U,0,0,0,0,0
YBR050C,ORF-V,0,0,0,0,0
YOL116W,ORF-V,0,0,0,0,0
YHR095W,ORF-DU,0,0,0,0,0
YHRCSIGMA3,LTR,0,0,0,0,0
YER010C,ORF-V,0,0,0,0,0
YCR034W,ORF-V,0,0,0,0,0
YOL009C,ORF-V,0,0,0,0,0
YNL212W,ORF-V,0,0,0,0,0
YOL084W,ORF-V,0,0,0,0,0
YIL064W,ORF-V,0,0,0,0,0
YPR047W,ORF-V,0,0,0,0,0
YOL122C,ORF-V,0,0,0,0,0
YAR060C,ORF-DU,0,0,0,0,0
YOR186W,ORF-U,0,0,0,0,0
YMR173W-A,ORF-DU,0,0,0,0,0
YLR227C,ORF-V,0,0,0,0,0
YMR088C,ORF-V,0,0,0,0,0
YBR262C,ORF-V,0,0,0,0,0
YGL224C,ORF-V,0,0,0,0,0
YMR031W-A,ORF-DU,0,0,0,0,0
YCLWDELTA3,LTR,0,0,0,0,0
YPR131C,ORF-V,0,0,0,0,0
YGR237C,ORF-U,0,0,0,0,0
YDL099W,ORF-V,0,0,0,0,0
YJL169W,ORF-DU,0,0,0,0,0
YOL082W,ORF-V,0,0,0,0,0
YIL122W,ORF-V,0,0,0,0,0
TM(CAU)J3,tRNA gene,0,0,0,0,0
YDR222W,ORF-U,0,0,0,0,0
YNL245C,ORF-V,1,1,1,3,1
YDR237W,ORF-V,0,0,0,0,0
YARCDELTA3,LTR,0,0,0,0,0
YLR136C,ORF-V,0,0,0,0,0
YNL032W,ORF-V,0,0,0,0,0
YHR031C,ORF-V,0,0,0,0,0
YKL122C,ORF-V,1,0,1,2,1
YML058W,ORF-V,0,0,0,0,0
YDR408C,ORF-V,0,0,0,0,0
YKL050C,ORF-V,0,0,0,0,0
YGR211W,ORF-V,1,1,1,3,1
YKL153W,ORF-DU,1,1,0,2,1
SNR7-L,snRNA gene,0,0,0,0,0
YBL038W,ORF-V,0,0,0,0,0
YGL017W,ORF-V,0,0,0,0,0
YLR042C,ORF-V,0,0,0,0,0
YDR028C,ORF-V,0,0,0,0,0
YDL042C,ORF-V,0,0,0,0,0
YFR028C,ORF-V,1,1,1,3,1
YML059C,ORF-V,0,0,0,0,0
YHR144C,ORF-V,0,0,0,0,0
YLR288C,ORF-V,0,0,0,0,0
YHR090C,ORF-V,0,0,0,0,0
YPR075C,ORF-V,0,0,0,0,0
YCL023C,ORF-DU,0,0,0,0,0
YGR072W,ORF-V,0,0,0,0,0
YPL084W,ORF-V,0,0,0,0,0
SNR13,snoRNA gene,0,0,0,0,0
YFL004W,ORF-V,0,0,0,0,0
YGR161C,ORF-U,0,0,0,0,0
YDR347W,ORF-V,0,0,0,0,0
YOR042W,ORF-V,0,0,0,0,0
YJR094W-A,ORF-V,0,0,0,0,0
YPRWDELTA12,LTR,0,0,0,0,0
YDL004W,ORF-V,1,1,1,3,1
YNLCSIGMA1,LTR,0,0,0,0,0
YOL054W,ORF-V,0,0,0,0,0
YGL226C-A,ORF-V,0,0,0,0,0
YGL212W,ORF-V,0,0,0,0,0
YMR295C,ORF-V,0,0,0,0,0
YOR120W,ORF-V,0,0,0,0,0
YLR212C,ORF-V,1,1,1,3,1
TR(UCU)D,tRNA gene,0,0,0,0,0
YHR151C,ORF-V,0,0,0,0,0
YCR106W,ORF-V,0,0,0,0,0
YDRCDELTA21,LTR,0,0,0,0,0
YIL044C,ORF-V,0,0,0,0,0
YAR002C-A,ORF-V,0,0,0,0,0
YGR238C,ORF-V,0,0,0,0,0
YBR033W,ORF-U,0,0,0,0,0
YGL260W,ORF-U,0,0,0,0,0
YNL012W,ORF-V,0,0,0,0,0
SNR35,snoRNA gene,0,0,0,0,0
YLL019C,ORF-V,0,0,0,0,0
YEL021W,ORF-V,0,0,0,0,0
YLR269C,ORF-DU,0,0,0,0,0
YLR234W,ORF-V,1,0,0,1,1
YHL042W,ORF-U,0,0,0,0,0
YOR121C,ORF-DU,0,0,0,0,0
YGR202C,ORF-V,0,0,0,0,0
YFL011W-A,ORF-V,0,0,0,0,0
YOR020C,ORF-V,1,1,1,3,1
SNR44,snoRNA gene,0,0,0,0,0
SNR72,snoRNA gene,0,0,0,0,0
YPL057C,ORF-V,0,0,0,0,0
YHL040C,ORF-V,0,0,0,0,0
YNL180C,ORF-V,0,0,0,0,0
YDR165W,ORF-V,0,0,0,0,0
YBR067C,ORF-V,0,0,0,0,0
YHR185C,ORF-V,0,0,0,0,0
YOL023W,ORF-V,0,0,0,0,0
YDL133W,ORF-V,0,0,0,0,0
YER112W,ORF-V,1,1,1,3,1
YBL095W,ORF-U,0,0,0,0,0
YGR281W,ORF-V,0,0,0,0,0
YNL080C,ORF-V,0,0,0,0,0
TQ(UUG)D3,tRNA gene,0,0,0,0,0
YJL103C,ORF-V,0,0,0,0,0
YDR204W,ORF-V,0,0,0,0,0
YNL274C,ORF-V,0,0,0,0,0
YJL022W,ORF-DU,0,0,0,0,0
YDL110C,ORF-V,0,0,0,0,0
YKL023W,ORF-V,0,0,0,0,0
YOR070C,ORF-V,0,0,0,0,0
YDL138W,ORF-V,0,0,0,0,0
YMR133W,ORF-V,0,0,0,0,0
YMR185W,ORF-V,1,0,1,2,1
YIL036W,ORF-V,0,0,0,0,0
YOL065C,ORF-V,0,0,0,0,0
YOR317W,ORF-V,0,0,0,0,0
YML063W,ORF-V,0,0,0,0,0
YNR042W,ORF-DU,0,0,0,0,0
TH(GUG)E1,tRNA gene,0,0,0,0,0
YMR115W,ORF-V,0,0,0,0,0
YNL303W,ORF-DU,0,0,0,0,0
TG(GCC)O1,tRNA gene,0,0,0,0,0
YOR232W,ORF-V,1,1,1,3,1
YKL105C,ORF-V,0,0,0,0,0
YIL123W,ORF-V,0,0,0,0,0
YER002W,ORF-V,0,0,0,0,0
YPL158C,ORF-V,0,0,0,0,0
YML051W,ORF-V,0,0,0,0,0
YML051W,ORF-V,0,0,0,0,0
YOR081C,ORF-V,0,0,0,0,0
YML130C,ORF-V,1,1,1,3,1
YLR364W,ORF-V,0,0,0,0,0
YIR004W,ORF-V,1,1,1,3,1
YLR083C,ORF-V,0,0,0,0,0
YDL023C,ORF-DU,0,0,0,0,0
YCR031C,ORF-V,0,0,0,0,0
YLR424W,ORF-V,1,1,1,3,1
YKL136W,ORF-DU,0,0,0,0,0
YIR023W,ORF-V,0,0,0,0,0
YOL016C,ORF-V,0,0,0,0,0
YOR238W,ORF-U,0,0,0,0,0
YMR053C,ORF-V,0,0,0,0,0
YBR054W,ORF-V,0,0,0,0,0
YLR051C,ORF-V,1,1,1,3,1
YGR157W,ORF-V,0,0,0,0,0
YDR301W,ORF-V,1,1,1,3,1
YGR077C,ORF-V,0,0,0,0,0
YOR384W,ORF-V,0,0,0,0,0
YBR243C,ORF-V,1,1,1,3,1
YFR055W,ORF-V,0,0,0,0,0
YMR174C,ORF-V,0,0,0,0,0
YDLCDELTA1,LTR,0,0,0,0,0
YLR263W,ORF-V,0,0,0,0,0
YMRCDELTA9,LTR,0,0,0,0,0
YOR169C,ORF-DU,1,1,0,2,1
YLR380W,ORF-V,0,0,0,0,0
YOR107W,ORF-V,0,0,0,0,0
YEL063C,ORF-V,0,0,0,0,0
YBR110W,ORF-V,1,1,1,3,1
YDL242W,ORF-U,0,0,0,0,0
YDL117W,ORF-V,0,0,0,0,0
YLR216C,ORF-V,0,0,0,0,0
YOR001W,ORF-V,0,0,0,0,0
YERWOMEGA2,LTR,0,0,0,0,0
YER176W,ORF-V,0,0,0,0,0
YCR087W,ORF-DU,0,0,0,0,0
YORWDELTA23,LTR,0,0,0,0,0
YLRCDELTA7,LTR,0,0,0,0,0
YKL186C,ORF-V,1,1,1,3,1
YGL204C,ORF-V,0,0,0,0,0
YGL140C,ORF-U,0,0,0,0,0
YPR136C,ORF-DU,1,1,0,2,1
YMR026C,ORF-V,0,0,0,0,0
YMR313C,ORF-V,0,0,0,0,0
YKR060W,ORF-V,0,0,0,0,0
YKL049C,ORF-V,1,1,1,3,1
YJR031C,ORF-V,0,0,0,0,0
YMR117C,ORF-V,1,1,1,3,1
YPL170W,ORF-V,0,0,0,0,0
YIL076W,ORF-V,0,0,0,0,0
YKL214C,ORF-V,0,0,0,0,0
YKR064W,ORF-V,0,0,0,0,0
YDR462W,ORF-V,0,0,0,0,0
YPR035W,ORF-V,1,1,1,3,1
YFR020W,ORF-V,0,0,0,0,0
YOR136W,ORF-V,0,0,0,0,0
YER187W,ORF-U,0,0,0,0,0
YPL074W,ORF-V,0,0,0,0,0
YPR013C,ORF-U,0,0,0,0,0
YNL213C,ORF-V,0,0,0,0,0
YNL040W,ORF-V,0,0,0,0,0
YLR128W,ORF-V,0,0,0,0,0
YNL136W,ORF-V,0,0,0,0,0
YLR114C,ORF-V,0,0,0,0,0
YPR163C,ORF-V,0,0,0,0,0
YLR376C,ORF-V,0,0,0,0,0
YPL056C,ORF-U,0,0,0,0,0
YKL130C,ORF-V,0,0,0,0,0
YKL046C,ORF-V,0,0,0,0,0
YPRCTY1-4,,0,0,0,0,0
YMRWDELTA17,,0,0,0,0,0
YOR062C,ORF-U,0,0,0,0,0
YPL217C,ORF-V,1,1,1,3,1
YDR182W,ORF-V,1,1,1,3,1
YPR174C,ORF-V,0,0,0,0,0
YNL016W,ORF-V,0,0,0,0,0
YKL030W,ORF-DU,0,0,0,0,0
YBR178W,ORF-DU,0,0,0,0,0
YAL047C,ORF-V,1,0,0,1,1
YHL027W,ORF-V,0,0,0,0,0
YBLWDELTA10,,0,0,0,0,0
YGR170W,ORF-V,0,0,0,0,0
YBR087W,ORF-V,1,1,1,3,1
YEL020W-A,ORF-V,1,1,0,2,1
YBR130C,ORF-V,0,0,0,0,0
YHR205W,ORF-V,0,0,0,0,0
SNR11,snoRNA gene,0,0,0,0,0
YCR068W-A,,0,0,0,0,0
YHR070c-a,ORF-DU,0,0,0,0,0
YNR032C-A,ORF-V,0,0,0,0,0
YOL086C,ORF-V,0,0,0,0,0
YDR402C,ORF-V,0,0,0,0,0
YDR479C,ORF-V,0,0,0,0,0
YDL172C,ORF-DU,0,0,0,0,0
YGL059W,ORF-V,0,0,0,0,0
YDR392W,ORF-V,0,0,0,0,0
YJR064W,ORF-V,1,1,1,3,1
YJL174W,ORF-V,1,1,1,3,1
YDR239C,ORF-V,0,0,0,0,0
YFL032W,ORF-DU,0,0,0,0,0
YML009C,ORF-V,0,0,0,0,0
YNRCDELTA7,,0,0,0,0,0
YDR006C,ORF-V,0,0,0,0,0
YNL280C,ORF-V,1,0,0,1,1
YOR175C,ORF-V,0,0,0,0,0
YBL072C,ORF-V,0,0,0,0,0
YGL127C,ORF-V,0,0,0,0,0
YIL166C,ORF-V,0,0,0,0,0
YPL137C,ORF-V,1,0,1,2,1
YNL174W,ORF-DU,0,0,0,0,0
YLR242C,ORF-V,0,0,0,0,0
YPR185W,ORF-V,1,0,0,1,1
YMR266W,ORF-V,0,0,0,0,0
YDR318W,ORF-V,0,0,0,0,0
YNL333W,ORF-V,0,0,0,0,0
YJL032W,ORF-DU,1,1,0,2,1
YOL008W,ORF-V,0,0,0,0,0
YLR279W,ORF-DU,0,0,0,0,0
YBR145W,ORF-V,0,0,0,0,0
YBR208C,ORF-V,0,0,0,0,0
YNL264C,ORF-V,0,0,0,0,0
YJL015C,ORF-DU,1,1,0,2,1
YJL111W,ORF-V,1,1,1,3,1
YOR050C,ORF-DU,0,0,0,0,0
YGL074C,ORF-DU,1,1,0,2,1
TS(AGA)E,,0,0,0,0,0
YLR391W-A,,0,0,0,0,0
YGL162W,ORF-V,0,0,0,0,0
YKR056W,ORF-V,0,0,0,0,0
YGR185C,ORF-V,1,1,1,3,1
YOR143C,ORF-V,1,1,1,3,1
YOR093C,ORF-U,0,0,0,0,0
YPR200C,ORF-V,0,0,0,0,0
YPL164C,ORF-V,0,0,0,0,0
YKR105C,ORF-V,0,0,0,0,0
YMR263W,ORF-V,0,0,0,0,0
YGR066C,ORF-V,0,0,0,0,0
YMR126C,ORF-U,0,0,0,0,0
YPL251W,ORF-DU,1,1,0,2,1
YEL032W,ORF-V,1,1,1,3,1
YER109C,BRF,0,0,0,0,0
YOL041C,ORF-V,0,0,0,0,0
YOR255W,ORF-V,0,0,0,0,0
YIR038C,ORF-V,0,0,0,0,0
YOL120C,ORF-V,1,1,1,3,1
YGR132C,ORF-V,0,0,0,0,0
YDR309C,ORF-V,0,0,0,0,0
YPR148C,ORF-V,0,0,0,0,0
YGL124C,ORF-V,0,0,0,0,0
YGL256W,ORF-V,0,0,0,0,0
YML030W,ORF-V,0,0,0,0,0
YGR143W,ORF-V,0,0,0,0,0
YFR001W,ORF-V,0,0,0,0,0
YBR265W,ORF-V,1,1,1,3,1
YLR402W,ORF-DU,0,0,0,0,0
YKL082C,ORF-V,1,0,1,2,1
YHR096C,ORF-V,0,0,0,0,0
YLR231C,ORF-V,0,0,0,0,0
YFL020C,ORF-V,0,0,0,0,0
YPL245W,ORF-U,0,0,0,0,0
YDL196W,ORF-DU,1,1,0,2,1
YKL024C,ORF-V,1,1,1,3,1
YOR078W,ORF-V,0,0,0,0,0
YHR198C,ORF-V,0,0,0,0,0
YBL015W,ORF-V,0,0,0,0,0
YIL020C,ORF-V,0,0,0,0,0
YDL145C,ORF-V,1,1,1,3,1
YJL029C,ORF-V,0,0,0,0,0
YGL046W,ORF-M,0,0,0,0,0
YDR405W,ORF-V,0,0,0,0,0
YLR014C,ORF-V,0,0,0,0,0
YDR315C,ORF-V,0,0,0,0,0
YPR166C,ORF-V,0,0,0,0,0
YGL012W,ORF-V,0,0,0,0,0
YNR014W,ORF-U,0,0,0,0,0
YGR124W,ORF-V,0,0,0,0,0
YPR024W,ORF-V,0,0,0,0,0
YCR073W-A,ORF-V,0,0,0,0,0
YARWDELTA7,,0,0,0,0,0
YHL043W,ORF-V,0,0,0,0,0
YLR330W,ORF-V,0,0,0,0,0
YDR095C,ORF-DU,0,0,0,0,0
YER172c-a,ORF-DU,0,0,0,0,0
YML069W,ORF-V,1,1,1,3,1
YPLWSIGMA1,,0,0,0,0,0
YGL136C,ORF-V,0,0,0,0,0
YPL086C,ORF-V,1,0,0,1,1
YER032W,ORF-V,0,0,0,0,0
YML118W,ORF-V,0,0,0,0,0
YDL084W,ORF-V,1,1,1,3,1
YHR155W,ORF-V,0,0,0,0,0
YHRCTAU4,LTR,0,0,0,0,0
YDR045C,ORF-V,1,1,1,3,1
YCR075C,ORF-V,0,0,0,0,0
YJL155C,ORF-V,0,0,0,0,0
YJL163C,ORF-U,0,0,0,0,0
YGR266W,ORF-V,0,0,0,0,0
YJL135W,ORF-DU,0,0,0,0,0
YOL043C,ORF-V,0,0,0,0,0
YFR013W,ORF-V,0,0,0,0,0
YLL057C,ORF-V,0,0,0,0,0
YBL030C,ORF-V,1,0,1,2,1
YIL147C,ORF-V,1,0,1,2,1
YOR368W,ORF-V,0,0,0,0,0
YBR272C,ORF-V,0,0,0,0,0
TL(UAA)J,tRNA gene,0,0,0,0,0
YGR060W,ORF-V,1,1,1,3,1
YBR126C,ORF-V,0,0,0,0,0
YLR440C,ORF-V,1,1,1,3,1
YOR047C,ORF-V,0,0,0,0,0
YBR152W,ORF-V,1,1,1,3,1
YPL048W,ORF-V,0,0,0,0,0
YBR077C,ORF-V,0,0,0,0,0
YDL045W-A,ORF-V,0,0,0,0,0
YPR022C,ORF-V,0,0,0,0,0
YMR153W,ORF-V,0,0,0,0,0
YDR478W,ORF-V,1,1,1,3,1
YDR012W,ORF-V,0,0,0,0,0
YDL065C,ORF-V,0,0,0,0,0
YER126C,ORF-V,1,1,1,3,1
YHL038C,ORF-V,0,0,0,0,0
YLR272C,ORF-V,1,1,1,3,1
YML048W,ORF-V,0,0,0,0,0
YDRWTY2-2,LTR,0,0,0,0,0
YMR251W,ORF-V,0,0,0,0,0
YLL026W,ORF-V,0,0,0,0,0
YBL048W,ORF-U,0,0,0,0,0
YJL088W,ORF-V,0,0,0,0,0
YER036C,ORF-V,1,0,1,2,1
YBR002C,ORF-V,1,0,1,2,1
YHR069C,ORF-V,1,1,1,3,1
YGR097W,ORF-V,0,0,0,0,0
YML098W,ORF-V,1,1,1,3,1
YML066C,ORF-V,0,0,0,0,0
YPR190C,ORF-V,1,1,1,3,1
YLL015W,ORF-V,0,0,0,0,0
YLR112W,ORF-U,0,0,0,0,0
YIL106W,ORF-V,1,1,1,3,1
YPL228W,ORF-V,1,1,1,3,1
YIL111W,ORF-V,0,0,0,0,0
YOR334W,ORF-V,0,0,0,0,0
YDR160W,ORF-V,1,0,1,2,1
YNL108C,ORF-V,0,0,0,0,0
YLR031W,ORF-U,0,0,0,0,0
YOR205C,ORF-V,0,0,0,0,0
YNR007C,ORF-V,1,0,0,1,1
YNL216W,ORF-V,1,1,1,3,1
YDR104C,ORF-V,0,0,0,0,0
YLR298C,ORF-V,1,1,1,3,1
YCL016C,ORF-V,1,0,0,1,1
YGR218W,ORF-V,1,1,1,3,1
YER104W,ORF-V,1,1,1,3,1
YDR416W,ORF-V,1,1,1,3,1
YBR254C,ORF-V,1,1,1,3,1
YKR074W,ORF-V,0,0,0,0,0
YNL043C,ORF-DU,0,0,0,0,0
YJL047C,ORF-V,0,0,0,0,0
YJL197W,ORF-V,0,0,0,0,0
YLR098C,ORF-V,0,0,0,0,0
YBR014C,ORF-V,0,0,0,0,0
YGR128C,ORF-V,1,1,1,3,1
YDL081C,ORF-V,0,0,0,0,0
YCL049C,ORF-U,0,0,0,0,0
YKR033C,ORF-DU,0,0,0,0,0
YDR409W,ORF-V,0,0,0,0,0
YJL160C,ORF-U,0,0,0,0,0
YDR397C,ORF-V,1,0,1,2,1
YOL160W,ORF-U,0,0,0,0,0
YOR160W,ORF-V,1,1,1,3,1
YDL168W,ORF-V,0,0,0,0,0
YPR133W-A,ORF-V,0,0,0,0,0
YKL143W,ORF-V,0,0,0,0,0
YJL092W,ORF-V,0,0,0,0,0
YOLWTAU1,LTR,0,0,0,0,0
YMR086W,ORF-V,0,0,0,0,0
YCR082W,ORF-V,0,0,0,0,0
YNL307C,ORF-V,0,0,0,0,0
YLRCDELTA2,LTR,0,0,0,0,0
YKL209C,ORF-V,0,0,0,0,0
YOL098C,ORF-V,0,0,0,0,0
YMR198W,ORF-V,1,0,1,2,1
YBR156C,ORF-V,0,0,0,0,0
YJL005W,ORF-V,1,1,1,3,1
YLRCDELTA8,LTR,0,0,0,0,0
YOR034C,ORF-V,0,0,0,0,0
YNL320W,ORF-U,0,0,0,0,0
YBR287W,ORF-U,0,0,0,0,0
YIL091C,ORF-V,1,1,1,3,1
YHR129C,ORF-V,1,0,0,1,1
YNL260C,ORF-V,1,0,1,2,1
YDL107W,ORF-V,0,0,0,0,0
YDR031W,ORF-V,0,0,0,0,0
YPR204W,ORF-V,0,0,0,0,0
YNR041C,ORF-V,0,0,0,0,0
YIR015W,ORF-V,1,1,1,3,1
YGL248W,ORF-V,0,0,0,0,0
YEL003W,ORF-V,0,0,0,0,0
