index,protein,bc
0,YOR140W,1725.7936575572626
1,YLR443W,56.289033219493135
2,YBR011C,7310.058623712008
3,YDR502C,3680.016269373173
4,YDL182W,21155.20778666507
5,YPL143W,33193.946075220694
6,YCR017C,1772.917129874086
7,YLL011W,11002.193160611632
8,YLR084C,246.70058401453446
9,YPL133C,1065.5093047446321
10,YFL005W,1455.7291760588153
11,YPL176C,1930.9652247710162
12,YDR150W,14059.222349411868
13,YJL102W,1049.0059555016949
14,YLR149C,223.72121846437796
15,YJR032W,1672.0976240226703
16,YBR229C,10149.818595011266
17,YPL202C,11935.123802122767
18,YBL031W,6462.902918314469
19,YCR093W,25272.007547579466
20,YJL002C,4363.785512182009
21,YMR111C,2475.71397868314
22,YIL031W,5326.875098256681
23,YCR092C,4833.0688980314
24,YCR065W,6276.570808006577
25,YBR055C,29410.88703821262
26,YMR028W,2983.8607811315965
27,YPL081W,9914.403818901346
28,YJL122W,8335.461285643754
29,YMR015C,1209.8997256777682
30,YJR084W,13509.46872644109
31,YER157W,5879.815477553979
32,YER137C,0.0
33,YOL081W,2559.0982972668858
34,YER151C,4647.140640091008
35,YLR445W,3208.2702178024806
36,YOR324C,1842.8984113488416
37,YDL003W,12660.997930459458
38,YNL311C,636.021415383234
39,YAR033W,131.496312288751
40,YOR304C-A,17782.09875234676
41,YDR369C,6415.607520929123
42,YML123C,88.3929719389631
43,YGL124C,1736.2939070105904
44,YNL022C,49.454575018994916
45,YDR393W,6787.172749272214
46,YBL092W,7449.269977709614
47,YKL197C,2694.7477411709338
48,YPL147W,1916.7904786865765
49,YER065C,10461.765306920646
50,YOR066W,0.0
51,YHR117W,1457.3086966326096
52,YOR367W,69.64174032506806
53,YMR299C,4810.959775411873
54,YDR146C,5406.985608103588
55,YBR010W,8700.716486669684
56,YNL158W,64.39155444081835
57,YKL134C,2812.6749419036896
58,YPL110C,4850.64276355723
59,YNR008W,178.60827262792526
60,YDL085W,374.0819907970683
61,YDR530C,1247.0961190238286
62,YBR154C,26872.013461851882
63,YDR255C,2936.4295756093343
64,YPL167C,1189.4532519232257
65,YGL153W,1258.5082166374573
66,YHL022C,594.6960485268327
67,YMR031C,4245.568798080723
68,YNL292W,4927.367970209674
69,YKL178C,4299.049217429891
70,YPR194C,1913.4314331551047
71,YAR003W,0.0
72,YGR277C,372.46367784447955
73,YML075C,1166.9366242641502
74,YMR308C,45207.60775682127
75,YKL091C,4689.515547514604
76,YML106W,3529.9340049035904
77,YBR254C,12977.073026518228
78,YMR228W,902.6750555169558
79,YDL204W,1694.4397063082251
80,YKR037C,13303.933150043049
81,YDL126C,22288.947936522185
82,YML043C,10643.19747525849
83,YLR270W,8696.218689243344
84,YMR033W,20619.79583306038
85,YER168C,2548.9634292423934
86,YHR107C,10170.462088211625
87,YOR201C,2953.756228723151
88,YBR065C,12842.553814612776
89,YER180C,1632.1810225300874
90,YIL130W,7039.023849164775
91,YDL093W,1443.6416344373893
92,YPL265W,5087.8425481111435
93,YMR002W,5095.2481534516455
94,YPR178W,11032.107947536286
95,YDL084W,10370.312729792136
96,YNR041C,943.1239863209668
97,YDL203C,9818.131983655056
98,YBR059C,7872.989786483487
99,YAL024C,2887.6271842946207
100,YMR095C,3078.5142484388875
101,YOL003C,5135.488019616432
102,YCR048W,0.0
103,YKL138C,6180.430038236488
104,YLR419W,3141.3237414627156
105,YMR005W,6352.16003704742
106,YJR092W,11859.20187965615
107,YKL192C,16265.437833977587
108,YGL100W,9883.229395194443
109,YER128W,1671.7001908335299
110,YDL048C,4304.546206530968
111,YDR435C,2727.498783819706
112,YHR033W,134.54706152701752
113,YNL232W,1559.9439141211062
114,YPR089W,171.31636313664336
115,YER100W,158.78965662557405
116,YBR049C,13921.518922089685
117,YDL022W,1396.5047401587556
118,YER146W,27978.671620987978
119,YER070W,9330.581560904508
120,YDR473C,21909.43810071742
121,YPR002W,438.9450299437026
122,YKL220C,4924.839810696093
123,YLR146C,4453.691815100776
124,YMR068W,1051.3558512019772
125,YDL135C,4127.823550161514
126,YOR188W,863.5783903050557
127,YOR220W,5317.677487397178
128,YLR118C,1123.8642857246218
129,YGL083W,242.6133649044818
130,YPL100W,0.0
131,YIL065C,533.2434211694931
132,YDR490C,5509.459213954955
133,YMR060C,659.7457585192687
134,YGL087C,21693.723446920267
135,YDR460W,9858.175880607287
136,YPR167C,7584.361214425939
137,YGL237C,11915.984037085018
138,YBR187W,0.0
139,YOR298W,0.0
140,YIL129C,27575.523242439398
141,YIL083C,6596.033309526298
142,YGL080W,643.5965645968345
143,YNL062C,697.7202643709124
144,YHR162W,442.7732220899466
145,YKR085C,11858.753775258063
146,YGR196C,10311.413547034776
147,YHR128W,11774.747179358965
148,YDR233C,1835.3273536848158
149,YGR239C,403.40152305373005
150,YBR036C,1441.1536151451305
151,YPL137C,10624.302518118955
152,YFR011C,4080.844122746103
153,YJL203W,12967.133658042027
154,YPL198W,91867.78898252886
155,YBL093C,357.68772793364394
156,YOL142W,19016.07851123996
157,YML102W,960.5675180183116
158,YIL162W,99.17984110930247
159,YKL028W,8538.628601549643
160,YMR056C,657.2328112502399
161,YGL213C,21.614501538911345
162,YDR108W,20488.014369140423
163,YBL030C,12939.627878444457
164,YHR066W,4809.22759296352
165,YCR051W,12210.08190320802
166,YDL075W,12343.068395659942
167,YIL090W,4690.256079932191
168,YFL012W,1829.7622840686136
169,YOL102C,371.1497648570929
170,YOR099W,637.8254220506826
171,YGR023W,125.72312389004574
172,YDR123C,4332.936491684369
173,YNR013C,297.47958021191664
174,YAL038W,22498.31510837175
175,YEL044W,76.36588793912925
176,YPL241C,0.0
177,YPL003W,5404.26550771408
178,YIL078W,10867.38538548891
179,YNR026C,116.64925315752889
180,YNR035C,7654.613069366534
181,YPR185W,2409.8641864052393
182,YJL055W,2496.148541086236
183,YPR171W,16392.739966096302
184,YLL034C,7352.218421091708
185,YNL090W,711.954819270068
186,YNL214W,178.9203893327426
187,YNL252C,4051.351151554698
188,YGL055W,10603.722484206563
189,YKL122C,7896.262655380011
190,YPR164W,2587.6582076587306
191,YER002W,1721.8601356812212
192,YOL111C,10942.926156401758
193,YIL055C,156.84240816016256
194,YER075C,1028.023224379761
195,YGL211W,930.9184347764996
196,YER132C,3306.6469689591563
197,YML034W,9678.073125270485
198,YBR053C,796.5117037435566
199,YHR020W,67689.28327072688
200,YMR131C,7436.563219858363
201,YCL034W,1218.7277427815552
202,YGR177C,1213.7056023197147
203,YEL062W,6610.7530650686895
204,YDL125C,2.019592426763138
205,YIR019C,2469.8415658862314
206,YLL026W,538.6042862313926
207,YGR262C,366.158958978545
208,YEL033W,2128.599822103868
209,YLR034C,2368.017871026456
210,YJR121W,20512.74581098542
211,YBR133C,3564.7614353900126
212,YLR197W,13309.260915591602
213,YIL042C,1938.7739014682033
214,YGL190C,7751.557371911334
215,YOL152W,9224.080696208155
216,YBR158W,5834.928515780789
217,YNL125C,644.3660913774828
218,YER003C,5.174724061742767
219,YGR060W,5878.046756973829
220,YHR038W,277.6732016384716
221,YDR046C,923.947939335195
222,YLR010C,2401.6463045965434
223,YMR201C,524.9268354200593
224,YBR164C,5445.445953495359
225,YLR102C,2307.8037521755405
226,YPR162C,7167.5605563216
227,YMR105C,5674.691667646587
228,YGL108C,965.5946721839628
229,YLR132C,249.64843793026174
230,YJR125C,5833.341981239465
231,YNL053W,0.0
232,YDR299W,30275.939170799684
233,YDL157C,3190.611886947941
234,YML124C,44968.066652815665
235,YBL013W,2304.5513295965284
236,YAR031W,1344.411898143787
237,YHR099W,92364.31676484049
238,YCL056C,466.5655733208031
239,YAL051W,4224.514132578428
240,YGR128C,13636.77120917657
241,YJL225C,1262.944868872897
242,YMR264W,3024.287254317078
243,YMR163C,3081.9840209778044
244,YJR102C,5481.752414013419
245,YLR067C,4469.381517899969
246,YJL171C,324.3583569497988
247,YJR058C,710.2203321671299
248,YLR098C,3393.8381997723704
249,YNL012W,2559.4325683821417
250,YJR064W,7075.982150902085
251,YCR047C,0.0
252,YBR025C,22428.974826861464
253,YLL046C,5709.159573393247
254,YPL002C,716.8440639271157
255,YLR386W,1108.6292105978532
256,YLR086W,2955.823123389228
257,YCR034W,606.480063053631
258,YEL064C,50.538806297801735
259,YGR084C,10608.789416110158
260,YFL034C-A,15982.130199996267
261,YMR118C,4929.209889596958
262,YBR255W,184.39463298256163
263,YBR122C,14902.313942098166
264,YGL043W,457.0108421397
265,YLR103C,0.0
266,YPR073C,2962.2703968992873
267,YAL064W-B,0.0
268,YPL262W,2559.7495775276793
269,YLR421C,20511.762799925655
270,YPL236C,316.9323864912641
271,YDR427W,8022.537067019026
272,YBR238C,5780.062952748712
273,YLR422W,4279.229380120303
274,YKL063C,416.5010596627393
275,YNL187W,4835.761392162408
276,YDR367W,109.04344242871588
277,YPL072W,376.5676945798033
278,YDR456W,343.92400895036116
279,YDR190C,49256.504938589285
280,YOR191W,5328.283083762484
281,YJR031C,6144.853335400912
282,YMR178W,8358.618063176222
283,YLL060C,197.48005758880927
284,YCL029C,29.366185404608604
285,YDR246W,606.6404436072002
286,YLR115W,6740.434299463904
287,YJL219W,93.36548019636163
288,YPR045C,4917.312492130803
289,YHR046C,361.90706213991274
290,YMR117C,738.5179563125248
291,YKL007W,10434.597108960423
292,YDR004W,4699.068602620887
293,YDL116W,3570.886482437705
294,YLR063W,4194.077410611145
295,YGR135W,4112.018950936262
296,YMR240C,22591.912340907485
297,YDR432W,4140.109360082106
298,YJL048C,981.9519025012834
299,YDR068W,14236.759995346278
300,YBR248C,2288.112064904911
301,YLR187W,8115.51787631407
302,YDL183C,1785.1832903101852
303,YJL196C,1391.2341384866602
304,YOL162W,0.0
305,YLR090W,317.8864300216249
306,YJL026W,4816.342858279673
307,YMR021C,1309.9602804062094
308,YHR097C,7429.097244476732
309,YNL110C,44965.54579648561
310,YPL021W,1651.0388904579859
311,YMR196W,3945.3132335930222
312,YOR372C,0.0
313,YBR282W,16183.802942754875
314,YBL017C,2391.3306798418744
315,YHL009C,299.11841932362205
316,YOR125C,706.6892587721654
317,YHL023C,6071.708233252027
318,YMR032W,523.6711265424756
319,YOL123W,32717.695976710387
320,YLR409C,19007.412774910128
321,YFL002C,26907.92961364753
322,YHR042W,703.41972793107
323,YDR161W,5397.657402422923
324,YDR235W,134.09817518688376
325,YNR045W,2211.9363702711844
326,YIL157C,1922.3119330022394
327,YHR177W,3236.4836914914013
328,YDR405W,9256.553775988275
329,YGL116W,4452.1225451896835
330,YHR198C,41.16539254037679
331,YNL234W,8341.30703087692
332,YJL158C,647.2622476999242
333,YMR155W,0.0
334,YKL176C,5850.548356199123
335,YDR362C,3818.403419951538
336,YGR241C,164.47981365549492
337,YOR155C,13069.78834980095
338,YBR257W,5429.270100071635
339,YOR262W,1848.5652961679111
340,YAL018C,0.0
341,YNL259C,11810.403649475551
342,YLR381W,2833.30024389484
343,YKL035W,2442.460594651339
344,YER159C,3171.3517460224693
345,YJR025C,3457.8915784513256
346,YLR414C,0.0
347,YPR066W,0.0
348,YLR397C,1735.5979228793547
349,YDR315C,87.8491756446861
350,YML116W,626.1767392825033
351,YDR196C,7621.3016892720925
352,YDL092W,892.2326051682879
353,YDR096W,4706.230970833672
354,YDL047W,24140.82187100572
355,YML008C,4602.600907113314
356,YJR100C,3720.8361624209383
357,YMR303C,1557.4560357934615
358,YMR078C,15571.634613117161
359,YDL233W,1871.5339764888013
360,YIL009C-A,0.0
361,YPR189W,60310.51754410029
362,YJL178C,2490.7988604925863
363,YBR137W,15.29329420807958
364,YEL022W,39160.91624182032
365,YAL022C,408.95356251898494
366,YJR137C,1524.4592931096988
367,YNR066C,729.3445820431563
368,YGL140C,266.0479917691952
369,YDL107W,609.9482721225739
370,YNL213C,5060.395433298413
371,YER039C-A,3061.0439892070895
372,YFR003C,9345.623093148772
373,YIL106W,1549.8159695930553
374,YLR248W,892.2666120740555
375,YLR277C,16212.574966636745
376,YER089C,15511.413888599061
377,YOR144C,5095.166772584073
378,YGL103W,38828.84027062484
379,YCR038C,5793.540950654901
380,YBR112C,5349.486037231003
381,YBR214W,10462.516549782058
382,YNL322C,691.789239169399
383,YLR441C,67791.68826154867
384,YKL152C,14884.34911206939
385,YKR062W,2974.5624821127726
386,YOR062C,1198.2798838713704
387,YDL205C,765.2805971434785
388,YKL046C,4708.445373555381
389,YOR223W,1280.0834574773403
390,YPL069C,1039.0556034933845
391,YEL055C,9591.077845942898
392,YJL145W,0.0
393,YPR105C,3936.724794630096
394,YER052C,684.3486359284057
395,YPL194W,1377.1523715360663
396,YOR211C,4031.6042222343117
397,YHR123W,5168.634377904183
398,YHR191C,16593.782508445074
399,YPR163C,849.5245647600417
400,YDR003W,2041.782778454977
401,YDR395W,7071.854449131654
402,YNL219C,7456.2518729376125
403,YDL144C,4362.601252417672
404,YOR008C,4063.9858690480405
405,YOL047C,1778.6883420914182
406,YBR095C,5571.058010072278
407,YMR047C,15815.952488138148
408,YKL187C,2468.7682129768014
409,YIL067C,78.96654700600848
410,YIR034C,6685.620184248048
411,YIL061C,12433.506557843066
412,YPL097W,562.0778126880933
413,YDR348C,14531.146375672852
414,YDR314C,4567.121398877
415,YNL175C,17139.99069274824
416,YDR073W,286.8374346221049
417,YDR303C,16260.4980698521
418,YDR540C,868.018995151511
419,YBR040W,1658.416195318673
420,YOR065W,4534.6455521890075
421,YDR212W,11782.118500350494
422,YDL166C,1932.8987887071385
423,YMR027W,3574.9706395896665
424,YBR004C,351.22560237410545
425,YPL201C,238.65559048462674
426,YKR090W,0.0
427,YOR209C,1963.06043167602
428,YDL193W,801.4957383777328
429,YGR252W,24130.7496176781
430,YER105C,4008.9738956185925
431,YOR051C,839.3479430338188
432,YGR251W,2181.3223866407425
433,YBR151W,10074.688097752938
434,YBL064C,10447.667569443907
435,YDR219C,629.5508194147562
436,YGL064C,9257.043713460484
437,YIL037C,407.37875939856417
438,YDR165W,2531.077554266579
439,YBR287W,881.6783297349333
440,YCR033W,4632.424147865631
441,YMR296C,4780.082038759271
442,YPR112C,12898.431608980967
443,YDR021W,8912.698203657004
444,YNL001W,4425.741699914076
445,YOL068C,182.72285066064913
446,YER007C-A,5149.062631958151
447,YKL029C,16767.81289420049
448,YDR324C,17293.26064952013
449,YPR035W,7049.860431280407
450,YDR353W,6034.148130692542
451,YPL066W,6173.124427493989
452,YHR124W,7888.029551357501
453,YER063W,7208.703014472856
454,YKL184W,28.407133133125228
455,YFR031C-A,18986.850144777873
456,YEL018W,15707.269087196324
457,YPL101W,9626.5606643207
458,YFL024C,13659.315129283244
459,YKL113C,14588.774789035942
460,YOL137W,325.6359601138405
461,YML095C,2413.8844478562396
462,YIL144W,4033.7483227028524
463,YPR098C,152.87670610560662
464,YAL058W,319.7780429533483
465,YIL138C,534.6834458855927
466,YPL209C,4988.892819743308
467,YFL025C,64.56495788837475
468,YBR283C,1645.0643880342723
469,YER098W,545.164289706972
470,YOL038W,13565.900676640678
471,YHR016C,24853.31437456674
472,YDR168W,543.7371626613186
473,YJL183W,2523.9401622600544
474,YOR049C,475.58344558597884
475,YNL269W,77.64789203564749
476,YIL063C,3995.12800593858
477,YLR313C,0.0
478,YOR172W,216.10690881598802
479,YNL005C,46531.65907319152
480,YNL193W,118.93493530386569
481,YFL049W,7223.044521046828
482,YBR152W,16673.35336790291
483,YAL017W,3962.662794022483
484,YKR025W,9381.089178109154
485,YDL033C,10404.72153244106
486,YGR163W,5155.547857079001
487,YOR354C,4125.457573162817
488,YIL077C,89.03584186784904
489,YNR070W,0.0
490,YHR205W,4419.789667103343
491,YOR096W,29880.516781274076
492,YER043C,3633.744443059812
493,YKL038W,7383.709258500242
494,YHR192W,248.58967346425953
495,YBR185C,1829.3440878928536
496,YJR039W,0.0
497,YLR406C,10466.695645376332
498,YHR017W,1500.3089471389071
499,YDR147W,0.0
500,YGR250C,4527.976805230422
501,YKL182W,59850.096219775434
502,YLR272C,1921.15166787674
503,YEL041W,761.3952387356534
504,YNL009W,10315.246128534356
505,YBL020W,5230.772633524037
506,YPR111W,1334.6435382953864
507,YLR005W,5532.6189827368835
508,YPR187W,50661.65613029048
509,YIL153W,0.0
510,YNL314W,385.42044815054754
511,YDL140C,12965.724394728837
512,YGL244W,8546.135418212332
513,YGR278W,2.73994282075877
514,YLR147C,5573.268238550165
515,YKL089W,3403.740681655879
516,YMR193W,7813.071918135041
517,YJR041C,6539.6124821925605
518,YOR137C,14587.111348050934
519,YMR202W,0.0
520,YLR049C,1732.1337139053173
521,YBR166C,585.981799068921
522,YOR329C,3678.3771935098466
523,YGR240C,23252.857577711457
524,YML079W,11813.540897248633
525,YDR499W,3723.8724471076366
526,YPR081C,4562.384039484278
527,YDR475C,3474.53439277159
528,YDR420W,691.7294199889151
529,YMR266W,4905.13410026832
530,YPL078C,1385.6604842954227
531,YNL290W,18364.0548973698
532,YKL164C,106.2864963685907
533,YFR001W,12571.423147594853
534,YGR106C,5303.075338748879
535,YNR050C,13162.435592672302
536,YHR044C,108.62216819944051
537,YGL228W,16718.84189338447
538,YHR027C,2789.1678032540567
539,YOR353C,4311.908847023372
540,YML055W,5184.821779797068
541,YER139C,1335.4574662850023
542,YGR097W,11022.794370582062
543,YMR025W,2924.780752960444
544,YHR202W,663.6351353496722
545,YLR182W,6035.721911353317
546,YBR201W,59.56997235109417
547,YGR003W,1164.274236256066
548,YHR140W,58.28471908345751
549,YIR021W,7779.686019376664
550,YLR128W,33.20072328356632
551,YMR291W,1272.2951395301577
552,YOL063C,122.36593473250997
553,YOR272W,61350.4614054798
554,YPR024W,13234.423664124592
555,YPL247C,0.0
556,YPL145C,4510.305212475996
557,YDR501W,1441.9078704683632
558,YHR193C,8992.461134231757
559,YJR033C,15408.609444122008
560,YNL244C,2844.025730403166
561,YGR124W,3754.3925922231974
562,YBL005W,5333.222973390895
563,YIR006C,3512.1788205854687
564,YOR017W,309.99719887706954
565,YJL060W,0.0
566,YBR245C,33255.54509672215
567,YGR145W,28118.446316806858
568,YCR020W-B,2238.5918285695366
569,YGR212W,3781.5921772721276
570,YMR224C,10868.925437373871
571,YDR098C,23892.2445839275
572,YBR003W,2227.2372720712146
573,YFL054C,531.7556663965279
574,YJL194W,396.7296749733941
575,YBR281C,808.6139443491328
576,YDR171W,25264.327167726333
577,YNL260C,0.0
578,YDR120C,1325.5435993368576
579,YJR144W,127.22013418016628
580,YPL006W,8335.52576317311
581,YLR163C,5285.491710264835
582,YER087W,228.02055322279224
583,YGR081C,10820.906614623103
584,YHR112C,955.9625188869248
585,YKL119C,4723.164571619128
586,YDL008W,9287.273049361302
587,YPR052C,3558.166931023379
588,YLR148W,9505.336130865224
589,YBR001C,10842.41215850586
590,YJL115W,3969.969346786318
591,YGR056W,38398.828089159884
592,YJR022W,475.6674820860818
593,YGR181W,8747.372478982083
594,YKR088C,4578.690595572328
595,YNR024W,2927.842313182101
596,YLR341W,3495.570478659061
597,YDR288W,1945.417340980485
598,YPR083W,2213.450290327148
599,YMR064W,3491.248722098339
600,YKL112W,17519.758239559873
601,YPL244C,1246.451330825086
602,YGR222W,2087.4966821700723
603,YLR188W,85.53130169685275
604,YGL186C,408.3580152705406
605,YDL081C,53190.0827861979
606,YLR022C,8993.15324642704
607,YNL159C,2214.8843655290852
608,YPL050C,3665.304208635473
609,YGL027C,6320.397509454753
610,YGR166W,0.0
611,YGR047C,20499.897845074236
612,YDL194W,0.0
613,YML078W,95.26700479948053
614,YOR190W,1695.914032050358
615,YDR333C,1937.1985536943773
616,YDR155C,3044.0936059537416
617,YGL075C,1720.5208740095072
618,YAL020C,1781.6220718826846
619,YDR109C,39.14394838016478
620,YOR111W,8241.719653636239
621,YFL026W,2689.990649881261
622,YGR108W,8255.82459782005
623,YFR041C,1909.8875817649491
624,YPL085W,5491.701393225377
625,YGL263W,11002.24594408049
626,YER113C,385.2833706022083
627,YLR004C,175.61375778005748
628,YBR054W,631.0454612736112
629,YPL010W,2646.103190399261
630,YKL213C,16759.94195334327
631,YPR054W,2968.1779747743058
632,YDL121C,3953.575499912293
633,YML050W,1080.8455896998778
634,YNL115C,1674.3533147313613
635,YLR033W,7578.019922572423
636,YLR256W,2848.9397086769236
637,YPR140W,1930.4140919996862
638,YGL016W,8408.060189650112
639,YCR036W,196.2287757759944
640,YGL256W,1804.3644745116787
641,YBR191W,1707.5190453445398
642,YMR300C,8928.014816066032
643,YOL088C,2260.1202528496315
644,YPR128C,1051.642972264224
645,YEL053C,10613.961982848461
646,YJR001W,326.1968187357803
647,YDL199C,4292.708378010826
648,YMR183C,15192.723963266106
649,YDL111C,636.3047703922201
650,YCR082W,159.3572147394745
651,YGR040W,4143.436128215268
652,YMR309C,54756.97131839811
653,YLR453C,2490.8537513110296
654,YPR151C,558.0056326677663
655,YLR003C,6319.268666655693
656,YDR052C,11296.280131553529
657,YDR342C,4199.740870118548
658,YPL184C,7558.430114853131
659,YBR234C,0.0
660,YNL230C,4723.576931019846
661,YBR110W,1702.671918802343
662,YOL058W,0.0
663,YAL013W,13530.58089086108
664,YKL172W,23273.722557670448
665,YJR069C,11980.672045770285
666,YNL065W,2694.187870268643
667,YKL027W,209.43479164577013
668,YDR135C,882.8841971316888
669,YLL002W,5452.534133095707
670,YPR093C,7251.615600494218
671,YBR143C,7782.926941662306
672,YBR280C,8347.050806339179
673,YNL249C,7992.3369980214675
674,YBR196C,13844.692096501223
675,YLR203C,0.0
676,YJR159W,1475.5817838715698
677,YLR247C,222.65903646812126
678,YMR038C,15204.211415967513
679,YDL007W,7200.203723900031
680,YDL134C,6757.716957786292
681,YGR238C,8184.00414478518
682,YGL242C,14829.119039346264
683,YER148W,3472.3575964177935
684,YDL019C,4527.094959500904
685,YGL206C,15295.61537389047
686,YMR188C,1183.6508111728199
687,YLR152C,3748.0157845777862
688,YJL091C,4203.628255842843
689,YPR127W,9759.431887659333
690,YBR220C,4012.059563455961
691,YLL043W,155.98142426355727
692,YOR198C,3513.321511314055
693,YKL106W,0.0
694,YNL056W,1369.8652218872207
695,YHR039C,1339.8403759970456
696,YKL163W,247.0415514096993
697,YMR233W,488.5693134635894
698,YOR134W,1695.6889608703286
699,YNL039W,19671.36554406267
700,YDR272W,8172.4732792414225
701,YPR065W,498.2363294130059
702,YPL267W,323.0720536829615
703,YDL059C,149.8858232617141
704,YJL072C,8491.899931693368
705,YPL051W,230.88968499048713
706,YFL001W,489.6471277652774
707,YNL085W,17660.263394454647
708,YOR018W,2469.123375803088
709,YBL021C,49.603665777205855
710,YGL090W,1459.227911302622
711,YNL079C,0.0
712,YKL132C,1291.8793631568346
713,YNR056C,0.0
714,YNR023W,9943.80136705158
715,YNL151C,3195.2766611235393
716,YNL121C,2426.7264204685157
717,YLR249W,56675.13295904659
718,YNL045W,10230.249478591308
719,YBR141C,816.4935707066758
720,YMR241W,6843.053704346166
721,YGL097W,4875.659549602323
722,YDR104C,1132.325873650894
723,YBR066C,1264.7957227108936
724,YLL015W,953.8903269552653
725,YDR211W,11796.592002874999
726,YJR148W,15870.341439216007
727,YPR166C,1474.30516938777
728,YDL105W,14367.49362601331
729,YLR324W,699.9571258240717
730,YDL127W,15058.215768954542
731,YOL067C,3624.5959886913115
732,YOR214C,0.0
733,YFL062W,2548.840276364667
734,YPL008W,5139.2066142194135
735,YNL295W,17.03237649990651
736,YGL169W,314.9446974198482
737,YGR046W,5546.0952669366525
738,YOL030W,11141.118595274535
739,YPL190C,24259.628543839546
740,YKL186C,0.0
741,YKR068C,13365.013692476094
742,YBR005W,5385.590346750367
743,YJL027C,1270.8850602936336
744,YOR168W,5768.563674306954
745,YIL092W,3167.6913544840104
746,YBR147W,90.32704274256997
747,YOL010W,3158.2430718138785
748,YER125W,13345.560226315336
749,YAL015C,5603.951691470071
750,YFL037W,22100.115355861075
751,YPR027C,0.0
752,YER005W,2248.111208449709
753,YOR234C,25508.431819494148
754,YLR304C,5721.958556840818
755,YLL054C,460.86829583782554
756,YNL315C,1015.891622065082
757,YAR042W,2383.735736896422
758,YPR117W,11539.489541553574
759,YDR498C,5407.079593226132
760,YKL155C,8304.754896367096
761,YPL038W,1858.6612605925322
762,YGR231C,11177.722937066796
763,YMR253C,0.0
764,YOR310C,25836.072488792266
765,YER073W,343.08761696977996
766,YML131W,2295.6253377904577
767,YOR316C,149.37512974902722
768,YMR036C,549.2918103394248
769,YEL001C,553.863832628869
770,YPL195W,8760.891155669353
771,YBR297W,1098.4667015074883
772,YKL065C,3094.7005361041106
773,YGR119C,4164.350978081378
774,YDR042C,4565.061163481942
775,YKR105C,284.43412757249905
776,YGL176C,71.90491348779398
777,YGL209W,2754.81441352547
778,YGL049C,21244.16004614078
779,YDL197C,1160.4365981690264
780,YDR440W,7104.156398538229
781,YLR361C,29.366185404608604
782,YDL155W,9472.621559664427
783,YPR103W,14918.09021928351
784,YGL101W,61.17431202642708
785,YJR089W,1810.9459303303895
786,YBR230C,312.8977939978955
787,YDR515W,4333.197275814424
788,YML094W,1711.7438538341087
789,YJL084C,9268.53805123468
790,YPL016W,6677.4824898912575
791,YOL122C,0.0
792,YPR125W,12351.26390798783
793,YDR218C,4956.073129087711
794,YIL096C,1817.6315111734136
795,YGR288W,2264.055157704636
796,YMR096W,530.3264912793719
797,YGL071W,1209.5109260630043
798,YLR326W,22.06818110378014
799,YER136W,5199.482826040105
800,YIR028W,1361.7050478045705
801,YHR089C,10325.046781229084
802,YNL041C,1879.680735727285
803,YOR036W,4317.717095706938
804,YGR185C,4932.616578435749
805,YPL273W,1472.974184590362
806,YCL011C,52874.35680433121
807,YNL004W,27026.867468536595
808,YFL018C,7642.450373617446
809,YNL077W,5973.746715799856
810,YGL233W,4362.685952722849
811,YDL192W,2165.9980219164145
812,YER094C,7029.721687879572
813,YLL004W,10870.030129988892
814,YGL202W,1921.8617330938187
815,YFR025C,0.0
816,YKL069W,131.76068659595887
817,YDR257C,3943.2533136428156
818,YJL177W,30272.349153539973
819,YOL120C,26690.471583597897
820,YPL246C,0.0
821,YNL153C,2878.4768025312833
822,YGR080W,38748.10861039085
823,YNL313C,642.1716158319597
824,YBL004W,126322.64716054364
825,YNR010W,15798.436730016107
826,YLR083C,5594.728373953307
827,YGR090W,20944.222615656596
828,YPL271W,9855.419124571034
829,YLL018C-A,0.0
830,YJL124C,10158.893154233017
831,YIR038C,2913.8178791235173
832,YMR187C,8504.973608446571
833,YNL329C,2312.961668421873
834,YBL079W,3602.596121737389
835,YGL077C,499.1669479388903
836,YLR378C,676.4673927504664
837,YKL195W,6557.3669202662995
838,YNL317W,11834.785282280898
839,YPR036W,6122.151811003386
840,YIL134W,1203.8851534290386
841,YOR094W,0.0
842,YDR383C,0.0
843,YCL057W,6802.5877561072675
844,YCL066W,1193.7251774409501
845,YDR251W,6433.098208977806
846,YPL053C,472.66453630065234
847,YMR091C,5445.25763585643
848,YOR113W,0.0
849,YHR006W,2965.4216301509446
850,YNL172W,15891.4939544315
851,YPR057W,8127.371044877377
852,YGR155W,1538.0552371140516
853,YGL143C,2076.688267470309
854,YOR117W,23223.568552554043
855,YGR218W,24480.931542810315
856,YFR048W,851.7955966597847
857,YKR082W,8851.546509009195
858,YLR074C,7374.144123116804
859,YLR368W,4069.5398144300166
860,YDR152W,4995.0
861,YPL148C,2385.777797471032
862,YLR356W,1300.135708376572
863,YHL015W,5328.348177236057
864,YPL036W,4499.35485066665
865,YAL001C,13766.797228039777
866,YPL208W,3217.817685342489
867,YFR035C,741.0309373827623
868,YDR159W,7088.194088999058
869,YPL094C,3879.9779923283145
870,YDR221W,3452.138579934969
871,YAL034C,4908.148031235565
872,YBL102W,1860.4780344024425
873,YJL133W,1190.7115493191868
874,YJL089W,4108.409638395722
875,YDL051W,28971.144705542913
876,YOR026W,1385.742009831258
877,YOR098C,5211.254290416886
878,YDL132W,13545.015184825192
879,YMR304W,2098.9871366791717
880,YJR040W,8205.67460657156
881,YGR131W,1214.3256923331992
882,YDR307W,883.7304733546138
883,YDL063C,1589.7897641088466
884,YMR282C,524.9788620988458
885,YDL130W,0.0
886,YMR063W,91.27553234541531
887,YLL032C,822.7893297164321
888,YPR161C,13491.663164300573
889,YDL154W,2114.540023566313
890,YML091C,19092.66858840998
891,YDL189W,3698.512279254995
892,YJL136C,7699.4360601719245
893,YOR227W,9622.4193615151
894,YCR079W,1381.7166109982672
895,YPL132W,694.068696019268
896,YDL206W,971.7525305116783
897,YMR295C,20083.5587155562
898,YCR053W,969.7886116811584
899,YOR027W,0.0
900,YDR294C,2331.296269473138
901,YML081C-A,527.6470883636135
902,YOR319W,0.0
903,YDR058C,1227.3205683975852
904,YPL059W,15839.820706379687
905,YIL143C,12539.490206884424
906,YKL189W,5782.114262260798
907,YGL174W,1297.3577542130622
908,YPL183W-A,0.0
909,YDL080C,5944.301496965747
910,YKL194C,2608.7912621171677
911,YNL279W,3914.9426742154674
912,YPL138C,22455.25979184701
913,YLR310C,12274.13714830614
914,YER044C,621.5229739555458
915,YOR128C,8393.198614495108
916,YAL053W,4101.333308589216
917,YOR109W,1852.4723374432056
918,YMR003W,1443.5377040901278
919,YOR043W,2735.821491318169
920,YCR043C,593.9776535897736
921,YLR318W,11078.768007688179
922,YPL058C,0.0
923,YNL306W,5149.624532043711
924,YDR122W,8259.09210791778
925,YOR005C,2875.6812961274286
926,YJR131W,1868.6343863735415
927,YOL128C,835.8583048332084
928,YJR042W,1767.0565381166284
929,YHR054C,2294.2182045334666
930,YDR041W,5861.524161019252
931,YPR068C,3668.2725940842256
932,YOR295W,1113.7351478023634
933,YDR293C,6541.223295503572
934,YKL032C,972.4715524476461
935,YGR004W,2481.4628217913496
936,YGR085C,36324.38149166945
937,YCR003W,10393.882606660456
938,YLR085C,50.47067759666894
939,YOL089C,1586.7813284377864
940,YLR259C,80592.38997401494
941,YDL239C,436.9560005169117
942,YOR332W,7435.27076639733
943,YNL095C,1247.6356713998873
944,YNL021W,90.5868618480103
945,YIL050W,1393.510713528243
946,YIL048W,4928.701882603887
947,YDR356W,2229.720962556205
948,YGL259W,1867.1954768956105
949,YHR079C,4098.214906060687
950,YNL241C,3262.092587974436
951,YCR073W-A,322.8871370319137
952,YOR361C,25431.128168378378
953,YGL067W,3579.4459748632903
954,YLR452C,3761.6781018876945
955,YMR265C,34.01452781860231
956,YIR018W,886.0877416684931
957,YML104C,198.671496824265
958,YDL224C,2609.615033045124
959,YDR138W,3638.0911609622503
960,YKL149C,1157.0489568699122
961,YBL101C,2734.3993691777437
962,YPL004C,4918.76911068545
963,YJR056C,3903.3141538857653
964,YHR160C,6865.595818727012
965,YBR153W,3353.282378442855
966,YER161C,13005.157521024888
967,YOR087W,30.281990228985325
968,YKR100C,1673.250626434182
969,YBR123C,9509.892994530925
970,YDL027C,2379.1881906730787
971,YIL030C,5889.186736013384
972,YNL078W,2629.0846455982005
973,YNL008C,4371.089313236456
974,YBR029C,2033.0648646325883
975,YHL002W,6711.740207269313
976,YNL097C,17471.116451087124
977,YDL100C,3159.9035323439634
978,YBR184W,3297.2689707732443
979,YJR113C,9527.489716903834
980,YEL047C,3663.3339150957904
981,YDR397C,5618.097749258933
982,YDR007W,3336.9798110720453
983,YKL058W,160.08749106524425
984,YOR267C,4976.031747808429
985,YJR030C,1146.568744210966
986,YFL050C,257.6419546640991
987,YMR175W,575.1977440423905
988,YDR406W,2776.492444240987
989,YGL129C,11682.012161429853
990,YDR402C,1941.3871005981493
991,YGL164C,905.1485106461022
992,YBR043C,10000.940241235068
993,YJL096W,2186.970590805542
994,YMR115W,213.3285993162146
995,YNL067W,0.0
996,YFL038C,14985.418345359742
997,YJR104C,52.9196162152534
998,YFR027W,699.7659552845539
999,YER007W,0.0
1000,YGL065C,22.10717797596707
1001,YEL060C,970.2158863179051
1002,YKL015W,4098.3785979097
1003,YDL024C,0.0
1004,YDR194C,26396.96264113643
1005,YPL162C,515.313843683455
1006,YGR079W,1482.3053735822864
1007,YPL068C,9236.351068685994
1008,YDL165W,460.1447724507767
1009,YLR052W,2609.130497229938
1010,YOL092W,858.5330946739606
1011,YDR285W,8483.140010431143
1012,YNL020C,1029.9428666523168
1013,YLR233C,6016.963144057934
1014,YER184C,2048.6872150701997
1015,YOR164C,4905.361294747757
1016,YOR138C,262.7798132715992
1017,YOR173W,5795.157809772185
1018,YFR013W,19385.866552530228
1019,YDL180W,0.0
1020,YBR078W,15770.00746300841
1021,YER174C,989.9560833084585
1022,YCR054C,7270.5205995898905
1023,YOR067C,180.9921480400467
1024,YBL099W,4119.647852841979
1025,YOR189W,0.0
1026,YOL126C,449.05886419666945
1027,YLL008W,35946.096649351144
1028,YOR150W,5221.097032043834
1029,YMR062C,1852.2683937663885
1030,YPL009C,7465.913148339575
1031,YIR001C,4870.566686749738
1032,YBR034C,569.3114687812815
1033,YJL058C,1119.5314822086673
1034,YGR072W,5525.010322078551
1035,YMR161W,1320.5604300760883
1036,YOR108W,3750.1818598389364
1037,YNL327W,153.15968555570504
1038,YBR193C,269.6845354475033
1039,YPL077C,3284.9764006953264
1040,YDL114W,2068.8048877813744
1041,YER044C-A,5641.5303138677755
1042,YNR002C,570.2408550552211
1043,YMR086W,4901.135882109715
1044,YNL242W,248.12650520842195
1045,YPR021C,2363.822350286044
1046,YBL041W,16712.239728377117
1047,YPL274W,568.3242862747351
1048,YCR052W,7951.7518232205475
1049,YKR042W,3679.3869359653486
1050,YDL130W-A,1681.5958102448778
1051,YIL135C,2343.3473536777237
1052,YMR287C,242.80483946252295
1053,YMR293C,4263.028511208403
1054,YDR228C,13792.891255560055
1055,YDR225W,3680.7342080870153
1056,YNL063W,253.9714406634483
1057,YEL003W,1691.9627585366716
1058,YOL039W,5132.246549595377
1059,YIL094C,47477.78020244263
1060,YMR219W,11718.879627651606
1061,YMR256C,397.5479357572617
1062,YEL011W,11941.965048628888
1063,YOL009C,6436.015636108235
1064,YHR136C,48.385865886878754
1065,YGR260W,854.0585472939414
1066,YDR329C,131.695121749034
1067,YKR104W,492.88511679318856
1068,YPL249C-A,40235.094301845675
1069,YHR113W,97.00141876078484
1070,YPL171C,3780.026671153409
1071,YKL150W,5321.586419797835
1072,YNL002C,27501.190659161522
1073,YIL017C,1040.9267001484545
1074,YNR016C,6268.189491060222
1075,YPR196W,0.0
1076,YER077C,233.01444706351154
1077,YOR205C,4787.410546771196
1078,YDL171C,11176.997996753325
1079,YIL085C,4629.8831693270295
1080,YDR309C,6403.228934087277
1081,YPL079W,5691.5968490920895
1082,YMR030W,2027.3509735157033
1083,YJR002W,16909.23876804346
1084,YDL240W,2861.1644750031023
1085,YJL004C,451.0835192013319
1086,YBL051C,21252.63170506425
1087,YLR360W,1720.9814691897093
1088,YGL161C,561.2726510276872
1089,YOR261C,9728.169678797958
1090,Q0115,2811.85739777011
1091,YPR031W,6521.968160245998
1092,YKL210W,9342.621078010501
1093,YGR149W,3103.890837722956
1094,YDR056C,3501.6660182396868
1095,YIL095W,15067.261768022889
1096,YOR380W,700.7133979071752
1097,YOR280C,254.7535869151344
1098,YLR015W,6643.8077160651255
1099,YLR212C,11996.00427089974
1100,YDR508C,382.2002761587421
1101,YKL160W,3805.182370585655
1102,YGR266W,3577.7574005670726
1103,YDL067C,296.3634825504199
1104,YLR225C,4190.541522516914
1105,YJL141C,4995.0
1106,YKR017C,219.37240701622295
1107,YCL043C,96.70828626949508
1108,YHR200W,12210.218734071766
1109,YBR260C,3856.664739244365
1110,YHR175W,18.385384830574086
1111,YOR124C,2809.3974180142923
1112,YDR222W,924.8786765859919
1113,YNL261W,1639.1449656866087
1114,YGR021W,27.264894790134893
1115,YOR352W,6288.197673051664
1116,YMR301C,5042.515856000349
1117,YGL126W,0.0
1118,YPL164C,8420.860607236742
1119,YPL181W,26498.43389482028
1120,YIL115C,6376.092988153692
1121,YKL139W,6868.085365446604
1122,YJR145C,158044.49529999468
1123,YBR253W,37022.41642942203
1124,YOR118W,3510.8345939375495
1125,YLR214W,1162.5688015910675
1126,YMR259C,4289.0757825897945
1127,YKL057C,7805.099761133325
1128,YNR036C,338.88797491701735
1129,YBR023C,3792.0368680499737
1130,YLR382C,1504.747265306965
1131,YIL053W,0.0
1132,YBL007C,14196.614137859146
1133,YJL020C,2096.5241990746317
1134,YOL066C,0.0
1135,YLR376C,68.55250466211778
1136,YER020W,265.2939627242212
1137,YEL057C,790.9745684742501
1138,YJR049C,1427.0155231753204
1139,YDL200C,1779.5850316161975
1140,YDL234C,1455.3761344640552
1141,YNL168C,510.77457736508904
1142,YML085C,49625.87585931235
1143,YJL068C,2828.673027161953
1144,YGR225W,6769.061843797685
1145,YBL034C,537.660824100252
1146,YDL201W,5557.704450254441
1147,YHR080C,6097.487169997579
1148,YNL291C,2463.275678111967
1149,YOR368W,2771.7793637439154
1150,YLR194C,19.641744415986913
1151,YKL019W,4451.770910225239
1152,YGR066C,90.38180341310442
1153,YLR219W,8380.847092326869
1154,YMR307W,6766.828827098422
1155,YMR297W,974.2107892656284
1156,YDL218W,278.096441926786
1157,YDL098C,1654.03993240661
1158,YER067W,26492.85243833403
1159,YLR440C,2184.9235764660834
1160,YER047C,3535.805563134331
1161,YHR023W,31852.310846931905
1162,YLR454W,8187.751165940626
1163,YDR266C,6824.378467826622
1164,YHL011C,905.4802264683626
1165,YBR296C,69.28312789833589
1166,YGR213C,1089.63068538565
1167,YOR021C,596.5275959590734
1168,YDL133W,2436.6811521089203
1169,YDL214C,9196.908275909218
1170,YLL057C,821.3804243268038
1171,YML029W,3467.8528187686993
1172,YOR334W,9673.68166044916
1173,YJL173C,18969.837050005357
1174,YNL152W,1218.706188416602
1175,YPL160W,518.0988160444297
1176,YOR069W,2249.526816297642
1177,YLR113W,5335.498806220844
1178,YBR244W,8785.000428667192
1179,YDR077W,235.16718164991525
1180,YNL101W,3500.0843287205266
1181,YBR177C,47.49563326791201
1182,YJR070C,12964.250299851175
1183,YCL001W,840.2400617220827
1184,YEL037C,11600.966559589428
1185,YCR009C,13841.363246726718
1186,YGL179C,1029.123714885641
1187,YAR029W,0.0
1188,YJL201W,1988.2423918533648
1189,YNL064C,6345.178329117516
1190,YBL067C,3888.1095164732747
1191,YLR260W,814.2052163183693
1192,YCR090C,847.9674226301119
1193,YER156C,1812.808216524952
1194,YMR130W,2412.598740100014
1195,YBL081W,4427.171529832919
1196,YMR076C,2470.4117845809965
1197,YJR054W,1967.1750963561412
1198,YPL242C,3716.042334545204
1199,YJL107C,1115.355356923408
1200,YER115C,1570.949778548954
1201,YBR231C,13873.178054957905
1202,YML059C,1334.9763429271552
1203,YLR206W,0.0
1204,YLR274W,7256.40413847121
1205,YNL127W,9837.461131469798
1206,YKL079W,3403.605047251362
1207,YPR080W,100343.19310756866
1208,YMR217W,4318.215202095574
1209,YLR078C,741.2061112022882
1210,YPL116W,5433.745349572191
1211,YBR179C,1260.2701509424026
1212,YLR181C,2333.6522602799114
1213,YER185W,123.17882141391186
1214,YLR293C,4983.419332975841
1215,YDL106C,8132.1809898763495
1216,YDL066W,605.7780368780054
1217,YKL034W,1996.6463507471844
1218,YFL004W,790.5239429508862
1219,YLR208W,6025.7938520904445
1220,YOL145C,11091.05999766485
1221,YNR003C,19794.137733417512
1222,YOL023W,1649.6558793277318
1223,YGR193C,4579.664020305346
1224,YNR052C,12958.248958859396
1225,YLR390W,2691.4041420441486
1226,YGL113W,4647.854115607925
1227,YHL019C,1305.3948805087068
1228,YDR338C,1862.3789309431759
1229,YDR014W,7374.911908581205
1230,YER171W,12055.609783412694
1231,YOR092W,104.53326995952042
1232,YFL036W,3318.219347343579
1233,YDR382W,10423.151192014804
1234,YGL156W,1353.760564882873
1235,YHR001W-A,59.19618434378386
1236,YAR028W,501.06336992020664
1237,YCL048W,6101.370175863806
1238,YOR322C,748.6025818993535
1239,YNL207W,12741.48643497663
1240,YGL249W,1590.6011854440173
1241,YNL268W,2248.178139188414
1242,YHR015W,2225.757964181105
1243,YOL071W,7126.575821579018
1244,YOL073C,138.4887972634528
1245,YML015C,6312.281709841726
1246,YFL051C,933.8862817199566
1247,YDR363W,1410.258657964343
1248,YNL144C,799.5716296127669
1249,YGR279C,1245.046553519212
1250,YJR067C,17989.92118755409
1251,YLR189C,9184.651876875434
1252,YOL018C,5558.016443530769
1253,YBL106C,55.23762117641409
1254,YBR030W,1091.885954047054
1255,YER081W,6459.587626276576
1256,YNL253W,4311.873401190012
1257,YML046W,20817.142596439757
1258,YGR122W,302.106523232412
1259,YNL076W,8704.765031711084
1260,YIL116W,3280.9433009594177
1261,YLR073C,629.1169862834078
1262,YDR536W,469.6228592041548
1263,YGL224C,1656.0531520645773
1264,YHR004C,383.0928404604985
1265,YAL037W,297.40362256415557
1266,YER054C,18896.263076099196
1267,YOL043C,8923.769682143258
1268,YBL010C,38.73277315447935
1269,YML112W,65.11946624693081
1270,YBR126C,59175.09596450928
1271,YPL233W,1404.488711711846
1272,YDL174C,2276.345514601833
1273,YPL245W,0.0
1274,YBR104W,3012.652998002635
1275,YGR120C,1104.5094565594873
1276,YDL170W,2993.4851400258917
1277,YIL057C,53.487567964614186
1278,YIL089W,2458.676917392778
1279,YPR019W,3829.9980640825956
1280,YKL054C,4931.0300717981645
1281,YHR076W,485.1570520363701
1282,YLR312C,12156.767094502284
1283,YNL058C,590.0148481138137
1284,YBR108W,2427.357708618658
1285,YGL222C,332.2767134019949
1286,YGR170W,1793.8026368913745
1287,YLR008C,5160.284080220866
1288,YOR158W,7541.373109862834
1289,YKR057W,8.212527283826255
1290,YDR074W,4518.106089484804
1291,YOL040C,2546.8197424164714
1292,YGL008C,6225.372686518485
1293,YHR019C,754.735639379517
1294,YGR205W,3393.799398882375
1295,YEL036C,14460.566064647988
1296,YJR043C,11228.451498916831
1297,YBL086C,6508.698468017088
1298,YAL063C,0.0
1299,YCL044C,1566.6400535537916
1300,YKL183W,2584.8197948977527
1301,YGL104C,199.36888848379218
1302,YMR088C,4903.465865925652
1303,YLR388W,4729.7711722651275
1304,YIL110W,612.3010772857134
1305,YHR178W,4393.855228819728
1306,YPR018W,1291.0309599996863
1307,YNL092W,2240.6181337103285
1308,YHR118C,6590.358830806968
1309,YOR064C,1966.481610396216
1310,YKL196C,17654.388917779877
1311,YJR072C,5355.958214157612
1312,YER059W,8475.779033238852
1313,YMR126C,1134.520568616647
1314,YGR089W,8423.23102154505
1315,YPR029C,8641.505302895092
1316,YKL209C,1648.2635335410998
1317,YGL160W,2030.4345723625033
1318,YBR035C,28657.226113204048
1319,YJR005W,1146.5654375342774
1320,YOR289W,61.86293300482683
1321,YGL180W,4586.4302742890095
1322,YMR016C,483.6400183798129
1323,YCR002C,11365.64727030901
1324,YNL037C,743.7926516287587
1325,YDR261C,1186.300164390278
1326,YBR038W,814.0428525990189
1327,YOR271C,92.98113893383288
1328,YHR144C,267.8155442065498
1329,YDL040C,20340.585735820314
1330,YDL137W,6057.391686368331
1331,YJL148W,0.0
1332,YGL062W,3180.681642738409
1333,YML080W,230.0966545255742
1334,YDR297W,1936.2352991967646
1335,YDR425W,62.077558248379034
1336,YLR069C,67.96496892605136
1337,YGR204W,820.0651003767299
1338,YJR134C,4138.364093449414
1339,YER164W,12442.928029600294
1340,YHR151C,0.0
1341,YHR120W,1661.3710035038816
1342,YBL027W,20542.330787377392
1343,YFL045C,17761.461291239244
1344,YOR233W,5254.069116906666
1345,YBR246W,1024.399946426556
1346,YDL122W,461.205239894827
1347,YHR104W,15122.126152331495
1348,YER061C,4138.7861139350325
1349,YKL141W,256.4453972175113
1350,YGR202C,3285.119364562121
1351,YKR067W,9307.081594629763
1352,YJL010C,2499.1013365079266
1353,YLR287C-A,2349.9064067932477
1354,YMR093W,22181.430238490208
1355,YBL068W,254.82361611425873
1356,YNR069C,98.7677043559095
1357,YFR031C,9478.511659283104
1358,YIR033W,2293.0752018860894
1359,YLR226W,6358.424650089699
1360,YBR117C,2426.647720700074
1361,YER056C-A,9747.549042180453
1362,YMR186W,11921.324464974123
1363,YCR066W,0.0
1364,YDR099W,12505.952179062202
1365,YGL197W,27008.824891307813
1366,YNR001C,224.56357891811922
1367,YLR442C,2880.0588442550597
1368,YBL037W,8338.348651290573
1369,YMR226C,3467.7947721401138
1370,YJR106W,2783.6515249292765
1371,YKR060W,48643.385759657736
1372,YMR129W,1955.3892992265212
1373,YOR112W,2322.6793449834536
1374,YNL183C,88.42647156416648
1375,YKL110C,896.1631299577836
1376,YML130C,624.0870759921975
1377,YER175C,0.0
1378,YOR250C,11100.440296109555
1379,YIR036C,1395.118014450622
1380,YOR326W,4555.248116105854
1381,YMR168C,0.0
1382,YBR163W,167.0655690979449
1383,YDR510W,0.0
1384,YGR070W,187.91061040324777
1385,YGR255C,9618.331366615905
1386,YPL001W,10873.192050389769
1387,YOR046C,21225.290602303972
1388,YLR238W,926.4031847806446
1389,YPL013C,10410.129002272997
1390,YLR389C,3115.3968341187115
1391,YKR008W,6735.479038503914
1392,YLR401C,4610.99500475335
1393,YMR010W,855.6840635336132
1394,YNL254C,7300.4415083570875
1395,YNL180C,5327.073533074865
1396,YDR164C,2241.8660735978724
1397,YML072C,25991.93588432395
1398,YBR286W,976.999638537931
1399,YDR031W,0.0
1400,YNL014W,5303.974979589129
1401,YKR016W,4375.885097967746
1402,YJL005W,7885.306490573812
1403,YLL001W,666.7875086244417
1404,YBL072C,67839.62951764216
1405,YOL005C,22627.404351808997
1406,YMR269W,1626.6720931927919
1407,YNL271C,7693.038973211436
1408,YHR059W,10381.614798078208
1409,YER176W,5559.58619045279
1410,YCR008W,292.3240603051915
1411,YKL096W,5984.583499207915
1412,YNL102W,1411.51819923265
1413,YPL115C,4040.401233219231
1414,YHR026W,909.5715204480582
1415,YER111C,3487.9395728113245
1416,YLR438C-A,1606.1065683028535
1417,YIL091C,10841.025148192488
1418,YBR131W,4295.730316618935
1419,YGL210W,121.00206925746211
1420,YGL053W,393.327021167073
1421,YPL240C,2901.751122209995
1422,YLR315W,3611.5236540697206
1423,YIL108W,45.435030749753366
1424,YCR030C,13515.345052299788
1425,YMR058W,1793.5306674279418
1426,YCR072C,10822.481577610026
1427,YHR086W,267.24963518172314
1428,YKR028W,6647.4271162400955
1429,YDR374C,2221.7439476324016
1430,YPR040W,4654.953002110321
1431,YNL243W,17052.459548743092
1432,YGL245W,6174.024196199367
1433,YHL033C,15437.493378412546
1434,YKL033W-A,15601.607861781305
1435,YLR153C,9685.028650980432
1436,YPL129W,27050.961379836495
1437,YJR124C,219.9312548771807
1438,YKL053C-A,2827.2674794531586
1439,YKR081C,23254.55926921421
1440,YLR449W,18796.29375164204
1441,YLR353W,1726.52247919706
1442,YML004C,3332.111193261774
1443,YOR221C,857.586655175716
1444,YFL021W,4687.429750975994
1445,YLR333C,910.1082209186685
1446,YLR342W,80414.61382081646
1447,YGL131C,4930.471221521451
1448,YPR006C,358.21213133617925
1449,YJL049W,2341.222268684055
1450,YGR006W,0.0
1451,YBR259W,6872.467251338532
1452,YPR028W,0.0
1453,YER014W,3279.5353520476233
1454,YMR048W,0.0
1455,YIL121W,843.4947977158135
1456,YDR131C,3133.3420196077345
1457,YDR318W,4189.056078815457
1458,YER114C,20379.401039273947
1459,YMR013C,72.5924780002578
1460,YPL152W,11267.19619884889
1461,YIL145C,1945.4689949345334
1462,YNL099C,0.0
1463,YOL045W,5087.489550181273
1464,YGL175C,1794.4625125840626
1465,YOL100W,2957.716626406416
1466,YDR483W,2731.096313110492
1467,YKL018W,25338.448605621743
1468,YGL229C,1471.3268432822085
1469,YDR323C,2979.3578847145664
1470,YIR022W,2064.579231107588
1471,YPR055W,5126.659883795013
1472,YGL137W,22324.79161986732
1473,YMR049C,19119.62695796661
1474,YNL212W,13318.473157023851
1475,YIL038C,6186.274890421436
1476,YMR225C,5418.138396061224
1477,YBR042C,443.7083310086702
1478,YER050C,5395.003631875602
1479,YJL164C,2132.238830869433
1480,YKL124W,1138.9235859569278
1481,YJL217W,4676.910779681923
1482,YIR017C,602.0090006145083
1483,YDR079W,166.14994293420426
1484,YMR149W,4898.46228512137
1485,YLR287C,0.0
1486,YOL013C,2773.7294002248086
1487,YPR122W,2753.824650514194
1488,YKL129C,7523.201625488305
1489,YKL094W,1508.0643720613155
1490,YNL044W,791.7766446025466
1491,YOL119C,21.353030597638874
1492,YBR044C,764.3070311355175
1493,YKR031C,7401.52149291793
1494,YMR190C,4185.940760839945
1495,YCR024C,2702.6575198315663
1496,YDR453C,6547.83758454302
1497,YNR033W,6971.670712025799
1498,YBR228W,3236.9937726949515
1499,YIL112W,3098.3645336539207
1500,YPL103C,909.730766434158
1501,YNL038W,57.72880900629776
1502,YGL158W,5131.2049426233
1503,YGL127C,118.88358917323097
1504,YBR106W,5792.840436376169
1505,YML088W,1481.0338493711135
1506,YDR019C,5427.959083625233
1507,YLR209C,3983.8656688726433
1508,YNL082W,1856.685219093317
1509,YDR366C,0.0
1510,YOR100C,46.551840911594844
1511,YMR071C,2472.19159383412
1512,YBR015C,452.93958873111154
1513,YDL043C,12018.887417825377
1514,YER140W,2033.3216044566257
1515,YNL132W,47680.634801732995
1516,YHR021C,4646.941900697123
1517,YIL105C,12446.754115178026
1518,YLR107W,3865.1490775243205
1519,YGL196W,457.0561493482561
1520,YFL047W,17241.181853405935
1521,YOL061W,380.7159985361281
1522,YGL036W,1510.2082004893466
1523,YIL021W,9520.625579955497
1524,YGR105W,622.4721102498785
1525,YML129C,62.36918910075611
1526,YGL225W,119.5916771309611
1527,YMR123W,2062.666585707817
1528,YJL181W,58.78943762074666
1529,YOL130W,1952.3253506027913
1530,YLR309C,3663.5317977729414
1531,YNL240C,137.2728786467895
1532,YKR072C,350.4083936432827
1533,YHR189W,321.00406904711855
1534,YGL084C,597.2785268238808
1535,YJL099W,6762.790479468669
1536,YNL083W,1466.3744279239604
1537,YER074W,25737.512703938282
1538,YGR169C,4528.346562389877
1539,YDR183W,2887.577429788697
1540,YOL115W,17821.099423110423
1541,YJL137C,0.0
1542,YBR014C,83.29073682149351
1543,YGL142C,1786.5446553115569
1544,YJR086W,3383.108353250417
1545,YNL281W,21629.29953141778
1546,YDL055C,4114.458195630107
1547,YGL017W,1122.2901319231714
1548,YHR090C,11225.361332615339
1549,YJR046W,2201.557184506889
1550,YOR162C,7905.806946625786
1551,YJL190C,29575.148917732706
1552,YHR065C,3335.292165385262
1553,YHR116W,2969.227134770587
1554,YNL055C,13138.17343916545
1555,YDR071C,11762.232334319135
1556,YIL070C,28046.36525953353
1557,YBR047W,2401.6463045965434
1558,YPL124W,235.08641294168334
1559,YNL257C,2290.8520900109806
1560,YBR289W,18389.443856166366
1561,YBR107C,15314.290542003664
1562,YGL085W,292.5252191933527
1563,YBR121C,3091.445342102978
1564,YKL061W,337.1889209307696
1565,YLR395C,1524.549871818064
1566,YCR104W,503.22573355350494
1567,YGR287C,2631.242059165393
1568,YDR234W,612.7293417274117
1569,YJL098W,2631.5768832831754
1570,YIL006W,4903.67139823076
1571,YIL133C,37624.497539691125
1572,YLR222C,17614.714488449255
1573,YJL057C,2773.9540436198836
1574,YBR132C,2395.938133091993
1575,YIL068C,7072.623478354851
1576,YOR381W,2437.7871403502354
1577,YDR081C,4508.411390609354
1578,YHR171W,24.589202685412488
1579,YOL133W,0.0
1580,YEL017C-A,441.90320155187834
1581,YMR026C,1183.9006235142965
1582,YBL087C,13305.714540577113
1583,YHR088W,11435.145484915309
1584,YKL166C,0.0
1585,YLR072W,6597.542323198977
1586,YMR244C-A,2191.298498852241
1587,YER017C,2496.838860967562
1588,YJR019C,587.6415800902616
1589,YML077W,11160.957708879707
1590,YMR110C,998.0170029279318
1591,YJL165C,6407.183297063586
1592,YJL059W,1081.4603670535946
1593,YLR095C,7184.27952588297
1594,YAR064W,29.944280038551142
1595,YPL254W,16918.43577819617
1596,YOR256C,553.7162974437314
1597,YOR373W,4101.672531234404
1598,YGL155W,2793.6261699228467
1599,YBL032W,6734.591747460808
1600,YLR276C,41055.269560110944
1601,YNR053C,21632.053322956443
1602,YKL207W,3847.440546195302
1603,YNL048W,8605.377326209855
1604,YGL145W,5798.83807092679
1605,YDR485C,15531.521673412457
1606,YHR007C,4169.699548329293
1607,YGR065C,5390.136619604137
1608,YDL029W,12727.975156082723
1609,YBL066C,1772.776118164479
1610,YHR002W,1794.475938900023
1611,YKL004W,401.0957547697242
1612,YCR031C,16022.819655404504
1613,YBR079C,6480.469727177373
1614,YKL105C,3211.946807008931
1615,YBR227C,4922.633372478951
1616,YGL257C,0.0
1617,YOR197W,130.47715316475742
1618,YOL004W,14337.436286941347
1619,YDR188W,37213.36772789613
1620,YMR089C,8174.239313215074
1621,YOR215C,407.83248087025873
1622,YJL050W,4225.184395343928
1623,YJL179W,6603.335499061725
1624,YHL039W,1773.2041287446696
1625,YMR216C,3624.7550178948227
1626,YLR177W,6911.316911375935
1627,YHR036W,4502.767570831589
1628,YLR006C,2436.9594214596386
1629,YDR129C,314.62080186155464
1630,YOL103W,2072.4383299790065
1631,YML024W,43903.05835624125
1632,YDL082W,25714.896013668134
1633,YDL044C,4135.761625864021
1634,YHL027W,98.70390518154841
1635,YBL056W,223.29555620888283
1636,YHR208W,1251.5514231009345
1637,YBR183W,1733.5166962270168
1638,YMR318C,8949.600643012553
1639,YDR064W,45851.40393774049
1640,YNL164C,709.6360138987543
1641,YLR387C,2345.1030002369757
1642,YGR059W,954.4487708144206
1643,YDL013W,2193.1948593231104
1644,YDR411C,486.1422815491636
1645,YPR033C,569.785656184084
1646,YBL091C,8289.570406065866
1647,YOR008C-A,1429.3926363083444
1648,YJL076W,18078.763411612388
1649,YNR006W,4919.935014600531
1650,YLR291C,15986.01553285977
1651,YBL039C,8306.446896068248
1652,YKL165C,1198.7129671065913
1653,YKL014C,34246.44700149706
1654,YDR238C,3828.049292525202
1655,YER123W,5139.6789846850215
1656,YDL237W,1587.852362992508
1657,YKL191W,1155.7831604911387
1658,YKL221W,926.5927097915722
1659,YHR074W,878.2166127732451
1660,YFL007W,5947.76989402788
1661,YBR298C,1445.1402528855626
1662,YGR268C,723.9704475163572
1663,YFR002W,2361.485487088312
1664,YNL305C,542.7668431637223
1665,YLR271W,3043.592444846286
1666,YOR181W,7637.06045128221
1667,YNL165W,679.3251195356573
1668,YOR259C,19731.82257327352
1669,YLR044C,31868.595320815486
1670,YDR005C,916.5916595128249
1671,YHR024C,2298.1290784553216
1672,YLR297W,1828.3687373338355
1673,YEL032W,10234.26889964996
1674,YGR211W,43893.6743582302
1675,YOR264W,3627.466930035747
1676,YBR024W,171.97734923504075
1677,YGR028W,8240.63276383122
1678,YJL030W,0.0
1679,YGR281W,8856.774546626732
1680,YGL082W,4597.789723814662
1681,YOR030W,917.4751855462765
1682,YNL196C,2016.921926305044
1683,YBR002C,1002.5037802922361
1684,YBL055C,8879.237744139971
1685,YIL137C,3867.8969386970402
1686,YKR038C,4553.31515412186
1687,YPL140C,1422.4377628891227
1688,YBL035C,3860.567761341075
1689,YPL134C,300.0318533865893
1690,YDL052C,13284.52757822168
1691,YMR108W,0.0
1692,YDR116C,7197.067210352368
1693,YDL175C,51370.68432918789
1694,YER053C,857.435922899955
1695,YOR374W,11284.922555627909
1696,YJR082C,7857.859492579717
1697,YER187W,0.0
1698,YOR245C,1700.5877105693548
1699,YPL177C,5567.001467843889
1700,YLR243W,971.2261491569176
1701,YBR129C,1374.2532722714457
1702,YBL038W,21943.91861826203
1703,YOL091W,6762.166302625328
1704,YDR023W,0.0
1705,YNR048W,311.22933204441813
1706,YLR325C,20754.05190895432
1707,YDR284C,0.0
1708,YDL177C,5379.526296138774
1709,YGR270W,2546.24678729044
1710,YGR165W,12059.250628024056
1711,YMR154C,2786.446611572414
1712,YLR424W,23620.16429649401
1713,YNR075W,977.1216520780134
1714,YNL015W,3358.908962918294
1715,YDR189W,2629.9788393892686
1716,YAL036C,15650.289358860031
1717,YDR313C,5316.991915059683
1718,YFL067W,97.32990493905615
1719,YBR102C,4377.4412124993605
1720,YBR233W,1297.1515214208148
1721,YDL181W,7186.935254378361
1722,YNL129W,6029.848949853224
1723,YLR404W,1836.7694599189385
1724,YDR153C,1843.8525301641043
1725,YDR350C,25405.06803131948
1726,YFR021W,1922.1063296119457
1727,YJR105W,35.519279909916044
1728,YJR035W,8013.20566019019
1729,YOL094C,14736.37494326968
1730,YMR152W,0.0
1731,YPR143W,11890.355687964993
1732,YOL087C,5042.362036828807
1733,YER166W,0.0
1734,YDR503C,1048.33590638349
1735,YNL323W,4582.31593409671
1736,YDR476C,1088.00481969576
1737,YHR148W,16270.471367794727
1738,YOL135C,2348.1875455910567
1739,YPL225W,10555.604204824755
1740,YBR205W,3362.73300252114
1741,YFR008W,3810.581158921653
1742,YJR012C,85.54460661556321
1743,YDR174W,15474.21069175348
1744,YPR133W-A,1904.335697763332
1745,YGL238W,9726.623763618041
1746,YMR306W,3786.371526288802
1747,YMR148W,311.2574811474915
1748,YLR029C,75235.88051187752
1749,YAL039C,0.0
1750,YDL247W,5873.594696211315
1751,YKR064W,4156.983760209814
1752,YJR051W,138.11259543528055
1753,YBR069C,14928.660777756493
1754,YDR311W,3979.1058954170585
1755,YGR077C,296.389256735549
1756,YAR002C-A,6158.974867599269
1757,YKR030W,2156.116164487587
1758,YOL001W,4041.4457570168306
1759,YMR072W,31012.20453027473
1760,YDR160W,56.450737800411055
1761,YHR010W,33492.40498115
1762,YER122C,4134.98117432769
1763,YFL028C,2253.128038241079
1764,YOR042W,16276.192490913607
1765,YDR100W,6536.568176059223
1766,YNL156C,0.0
1767,YKR065C,266.31313226940836
1768,YOL056W,7402.217747394527
1769,YAL044C,0.0
1770,YPL107W,83.64344704137383
1771,YPR047W,6348.385454939658
1772,YJL035C,2829.3784066470403
1773,YIL001W,7293.423708176794
1774,YKR050W,2445.95641942338
1775,YNL191W,3222.1190506105645
1776,YBR299W,285.23662877122985
1777,YHR032W,5759.302154332968
1778,YBR250W,1055.8461163989
1779,YJL109C,26377.181626059406
1780,YKR014C,10807.31103866968
1781,YGR054W,40014.22645744042
1782,YDR379W,7015.1956050717
1783,YHR037W,4974.279042338369
1784,YEL012W,7227.9341253622515
1785,YAL062W,7591.5632905024895
1786,YMR128W,25708.933676107852
1787,YEL027W,197.80013111257557
1788,YEL056W,13404.903112045175
1789,YKL043W,204.14501142785363
1790,YDR529C,5548.097276335925
1791,YJL045W,62.939817324947846
1792,YLL006W,499.7519601222707
1793,YDR357C,18.418518556579194
1794,YGL139W,3489.9110212608707
1795,YCL031C,36429.134483034024
1796,YNL301C,29839.605467413876
1797,YCL036W,2468.356118225336
1798,YOR336W,2086.438192500592
1799,YOL086C,86242.13132893958
1800,YJR085C,74.1473374175351
1801,YIR003W,9743.665494177583
1802,YLL029W,2076.098467519857
1803,YKR070W,4356.856312550379
1804,YLR135W,572.2213470666941
1805,YKL077W,1711.6456821030633
1806,YDL060W,16248.747243189913
1807,YAL068C,85.56613260652115
1808,YDR239C,2576.778313565211
1809,YGR175C,5381.133553792109
1810,YML068W,2111.689244363616
1811,YGL119W,832.4183427722995
1812,YJR098C,3580.0484138181014
1813,YKL005C,3497.5023612607392
1814,YML081W,1586.7265271169333
1815,YJL131C,4631.896679147333
1816,YGL004C,3715.67888179875
1817,YER051W,803.7210185371756
1818,YPR003C,2805.861497768639
1819,YDR524C,773.0887285057993
1820,YFL046W,1608.5653388279554
1821,YJR093C,14030.334614028961
1822,YMR092C,2909.3651843309917
1823,YDR180W,1211.2629708735042
1824,YDR217C,5612.564949330988
1825,YDR305C,1742.7596997959422
1826,YMR230W,25248.817047928977
1827,YMR039C,76.21316025904547
1828,YOR143C,2791.340295412158
1829,YOR281C,15916.80521553176
1830,YHR092C,2351.308051579613
1831,YNL308C,4116.385893234359
1832,YDR148C,1935.0622521545288
1833,YDL074C,715.0394411920797
1834,YPL045W,3091.6357905376362
1835,YLR290C,363.3049105588118
1836,YPR115W,7473.362991966557
1837,YOR003W,2227.2416015132662
1838,YNL247W,4869.772365654167
1839,YLR060W,5415.266867969025
1840,YHR069C,9270.273336968174
1841,YLR002C,5487.823257843889
1842,YBR247C,12010.613298573177
1843,YLR104W,3303.364747739832
1844,YAL054C,614.9140756328464
1845,YPR026W,264.2009143732735
1846,YDR422C,4555.700990079578
1847,YLR246W,6747.394059013216
1848,YDR451C,1785.1832903101852
1849,YHR114W,6641.351890786538
1850,YGR098C,10939.120151382516
1851,YAL026C,4333.657232601364
1852,YDR270W,4133.6922576726765
1853,YJR126C,145.56989221299898
1854,YMR204C,198.56160986728491
1855,YHR172W,6369.988216258641
1856,YDR341C,12186.80692682121
1857,YCR106W,743.9925957632247
1858,YPL228W,5696.606427422549
1859,YKR099W,6922.60343612102
1860,YOR356W,749.9155967260332
1861,YPR075C,2637.933832847138
1862,YDR097C,5621.663886820297
1863,YJL094C,2700.5775334590926
1864,YER029C,31500.364487284052
1865,YML087C,541.0802761879664
1866,YPR106W,0.0
1867,YNL166C,5292.588055870082
1868,YIL044C,0.0
1869,YGL227W,634.8873909042795
1870,YJL191W,24356.61283302725
1871,YPR154W,21326.740458210814
1872,YPL192C,426.60109165580445
1873,YBR273C,433.17501918178397
1874,YER012W,13542.653859788681
1875,YOR002W,1639.833747867787
1876,YPR190C,6751.419323426254
1877,YBR045C,3466.002526059869
1878,YOR076C,15246.382142497836
1879,YOL096C,816.6712394228373
1880,YIL103W,8342.309409021798
1881,YMR120C,177.21002880092402
1882,YKL174C,122.93330158650281
1883,YLR380W,3400.8092212648476
1884,YOR193W,392.0911996155034
1885,YDR423C,1355.7541355985807
1886,YDR412W,7693.88000294905
1887,YGL079W,601.6396986169601
1888,YLL066C,4715.321579669796
1889,YIL005W,2888.716562186316
1890,YKR097W,11453.693187042009
1891,YPR070W,232.5613843998165
1892,YIL073C,8729.863000005222
1893,YLR340W,37558.430835324616
1894,YOL041C,28006.863805298024
1895,YJL051W,4308.89336943649
1896,YKR102W,2369.040457626113
1897,YJL154C,1192.6594871331731
1898,YFL042C,4436.054252838143
1899,YPR071W,0.0
1900,YML069W,28410.376201854226
1901,YDL223C,365.56523529578226
1902,YDR248C,25.093049044964154
1903,YGR289C,360.3104285696851
1904,YCR089W,35.73627503609093
1905,YBR097W,5048.0617421340185
1906,YJL092W,7961.280322911119
1907,YKR015C,6165.622301525895
1908,YDR511W,3413.718939181682
1909,YBR173C,2270.5212856265625
1910,YKR079C,2618.4502184610255
1911,YDL220C,3900.458329150815
1912,YDR245W,8768.761244147567
1913,YDR055W,540.7725443985832
1914,YOL049W,1878.0630382660574
1915,YML092C,16820.34613113291
1916,YKR051W,547.5650415819173
1917,YNR051C,107.37867966064276
1918,YDR391C,0.0
1919,YOL020W,3783.174283153568
1920,YER048W-A,137.49560381230515
1921,YEL009C,68.17735656944801
1922,YDR317W,2308.811861134225
1923,YCR086W,5055.730748468994
1924,YOL072W,1418.8730020069365
1925,YGL038C,436.09736666378126
1926,YDR101C,18538.327293219034
1927,YMR037C,1998.0074259198439
1928,YLR144C,1441.475511868724
1929,YHR149C,1597.4008922096516
1930,YBR188C,0.0
1931,YGR206W,9397.73383044546
1932,YLR399C,25639.942596967125
1933,YNL161W,73.43564014052662
1934,YLR196W,26326.0122021069
1935,YGR143W,3085.6659356846712
1936,YOL141W,1968.6330999949625
1937,YAL035W,3620.958497698352
1938,YGR133W,2576.0914913466636
1939,YDL213C,8977.914919719351
1940,YLR268W,1531.2822267248578
1941,YNL237W,0.0
1942,YGR157W,1238.8259045556977
1943,YJR110W,795.8385430766958
1944,YAL003W,3705.498442213273
1945,YJR120W,0.0
1946,YML099C,1964.2398557314255
1947,YOR045W,504.22139008152254
1948,YNL178W,30237.630504447545
1949,YKL190W,17941.70775075785
1950,YNL272C,13457.260791068447
1951,YOL113W,2564.7100724808315
1952,YLR031W,782.5108830702973
1953,YLR286C,0.0
1954,YOR151C,75476.20606385518
1955,YOL015W,1185.7100790124543
1956,YMR147W,171.00464282778643
1957,YDL159W,2960.298929098005
1958,YLL040C,900.7696397090285
1959,YPR079W,1749.5040798628308
1960,YNR039C,1494.4349870897252
1961,YML111W,76.39121040722604
1962,YOR152C,55.793360167494356
1963,YOR278W,346.49316502064903
1964,YHR058C,46673.88858428313
1965,YPL037C,0.0
1966,YDR065W,3523.747410210405
1967,YBL098W,0.0
1968,YJL031C,5175.790808894289
1969,YPL218W,16411.348056749957
1970,YGL125W,96.7143932746922
1971,YML082W,12032.165770859528
1972,YLR372W,5782.073783256332
1973,YPR072W,13315.881767796396
1974,YML076C,1342.5753441027082
1975,YPL189W,6286.967498906926
1976,YKL162C,8585.882090361418
1977,YPL031C,13973.942221574389
1978,YNL330C,13258.874005287664
1979,YGR283C,81.16244309540562
1980,YHL020C,1422.0194068850253
1981,YDR036C,47.16165386188896
1982,YBR093C,1193.4727090616384
1983,YMR322C,0.0
1984,YJR065C,13252.95518251286
1985,YGR082W,9302.92935519951
1986,YDL036C,737.3711984798265
1987,YNL025C,4959.481648100003
1988,YHR068W,847.6635955807989
1989,YBR278W,6950.037598626837
1990,YGL035C,479.4795450217003
1991,YKL133C,1010.1459702503607
1992,YLR385C,4519.460506896247
1993,YDL191W,85.55713618239207
1994,YPL156C,0.0
1995,YEL007W,1067.3578809011208
1996,YOR346W,9852.784620368313
1997,YMR034C,666.2359528365904
1998,YGR005C,9891.8097350007
1999,YLR408C,914.8868806190131
2000,YJR149W,8487.028438623533
2001,YNL201C,10925.949754909092
2002,YPR169W,18774.988841378832
2003,YCL032W,1627.0686860595272
2004,YJR078W,4511.314728851081
2005,YNL119W,2866.4889438576156
2006,YJR013W,0.0
2007,YMR107W,5406.226651321832
2008,YER040W,5412.000277507015
2009,YBR223C,1271.6738473699677
2010,YNL206C,10783.74721455059
2011,YDL031W,14410.785170396166
2012,YOL138C,7927.632196512461
2013,YGL092W,2473.5025235636217
2014,YNR038W,2024.0811013359332
2015,YGR110W,420.3363008799478
2016,YDL002C,190.0817244693191
2017,YJL204C,4940.9883309564175
2018,YPL204W,25301.733218687958
2019,YGL096W,3615.0865935841052
2020,YMR073C,1355.2385381947443
2021,YBR142W,33527.60084206563
2022,YIL159W,6756.341962799578
2023,YOR116C,19031.508171960853
2024,YBR200W,4495.013400817769
2025,YOR243C,24862.1636985382
2026,YGR210C,9272.803922578678
2027,YBR165W,116.44689595214473
2028,YFL044C,1988.9229990691006
2029,YKR093W,0.0
2030,YJR014W,8344.491674452078
2031,YDL209C,21955.356539812256
2032,YOR122C,3336.033964340068
2033,YBL019W,5764.193765588549
2034,YGL144C,3073.300905194576
2035,YDL142C,4709.400288817419
2036,YDR347W,5996.056976190045
2037,YGR167W,761.9771047210985
2038,YMR066W,0.0
2039,YGR101W,2327.0261398857233
2040,YML016C,774.930433540817
2041,YEL026W,30098.67471379052
2042,YGL028C,0.0
2043,YDL235C,8222.111040264846
2044,YDR156W,22887.28908441864
2045,YML128C,685.4662657728007
2046,YCR016W,14463.102459696716
2047,YML041C,10827.79150661391
2048,YJL100W,1238.8805780869811
2049,YLR343W,907.0432714500479
2050,YMR198W,9724.131179630984
2051,YPL139C,19652.008110308685
2052,YNL264C,6081.776664901152
2053,YGR184C,2036.9768845078497
2054,YGL254W,8137.038324697179
2055,YGR103W,31349.63741764744
2056,YMR208W,3376.86436529748
2057,YJL121C,29804.891158647926
2058,YPL063W,1952.252256674286
2059,YGL020C,6768.658157565786
2060,YLR167W,16805.313521016033
2061,YDR247W,20.746874689805612
2062,YKL078W,6934.883115540551
2063,YGR244C,1439.5690984376988
2064,YKR061W,566.5078841306511
2065,YOR037W,251.37728274167281
2066,YGL031C,25696.531893291616
2067,YDR253C,0.0
2068,YGR234W,14019.963089711999
2069,YIL033C,13982.994047331085
2070,YHR060W,3776.7176172812856
2071,YBL045C,6228.587393330706
2072,YGR026W,1084.392010273101
2073,YOR004W,140.91222936881547
2074,YOL060C,724.8671351799293
2075,YCR042C,11313.19578509147
2076,YLR091W,5633.74074663045
2077,YGR129W,6294.240677881095
2078,YLR332W,441.1058227322927
2079,YBR221C,11449.348436888085
2080,YDR254W,15729.44775948808
2081,YOR056C,1945.9240070991727
2082,YLR023C,0.0
2083,YGR102C,1272.4971674429219
2084,YNL047C,633.8659838160482
2085,YPR032W,4405.666603362996
2086,YKL062W,529.2545593213773
2087,YLR451W,8914.089707230689
2088,YNL227C,6673.986431042581
2089,YNL288W,4608.12327834726
2090,YPR156C,887.499010181471
2091,YPL060W,2247.909975353145
2092,YDR507C,41620.98262486659
2093,YJL070C,0.0
2094,YDR418W,25299.858118863824
2095,YKL130C,6943.731047223368
2096,YDR488C,2621.7049564330337
2097,YGR091W,22183.103170732214
2098,YDL186W,2721.2592340148535
2099,YOL053W,17318.35680844102
2100,YNL321W,2561.407040587674
2101,YOL051W,10918.730020340434
2102,YLR173W,2229.9922253057152
2103,YPL175W,1078.7828781732287
2104,YGR258C,4153.350694090643
2105,YHR040W,6870.756306633501
2106,YOR292C,0.0
2107,YGR156W,7898.609925687717
2108,YER019W,67.64440638174406
2109,YGR295C,1982.6215531967741
2110,YDR061W,5243.759854655019
2111,YKR023W,16169.760913656013
2112,YHR052W,23302.917633422698
2113,YAL032C,12894.459927479946
2114,YFR012W,396.3154666700711
2115,YMR257C,2876.485768067395
2116,YMR100W,1173.2132591573375
2117,YLR227C,3252.0296521714595
2118,YML109W,3501.2511599313925
2119,YNR027W,1196.5275699244605
2120,YDL025C,1140.1726379767792
2121,YOR123C,7754.337666567319
2122,YBR249C,2347.2027180110153
2123,YLR038C,348.1324672056472
2124,YER076C,77.98593839255368
2125,YOR229W,172.35002119718078
2126,YDR232W,684.9825480828938
2127,YER112W,20263.312780465978
2128,YLL041C,2701.9773499231837
2129,YOR340C,8743.13675813766
2130,YGL094C,14956.6019358237
2131,YCR063W,2487.526991241036
2132,YIL066C,13498.208475065629
2133,YNL024C,10038.152635140063
2134,YML009C,3220.9412381250563
2135,YHR110W,1686.6218413108102
2136,YLR058C,392.94029137228415
2137,YLR207W,2352.5514150173894
2138,YLR213C,5654.8466033295645
2139,YIL097W,171.74568047635094
2140,YDR243C,16630.590870628814
2141,YJR088C,616.3127514116483
2142,YML038C,89.9515404686852
2143,YER006W,36940.43757900545
2144,YDL099W,902.9129764710157
2145,YFR007W,1107.8616098980103
2146,YGR033C,129.88970703880597
2147,YPR062W,23077.5126549302
2148,YKR046C,18912.86330950394
2149,YMR271C,305.65323257978116
2150,YML022W,14496.517191831914
2151,YPR048W,1884.8436867771313
2152,YKL142W,397.35037042761854
2153,YOR038C,9874.405062465295
2154,YMR192W,9606.407691697728
2155,YIL088C,808.7439734777239
2156,YLL021W,4758.683663243205
2157,YIR008C,12673.94421199039
2158,YNR004W,1715.8870653445028
2159,YOR306C,0.0
2160,YKL090W,2213.0404711231504
2161,YPL061W,165.9827052855924
2162,YHL048W,2025.2066668449438
2163,YOR371C,14240.589382467733
2164,YEL006W,30.72582133498131
2165,YHR197W,26451.827984334348
2166,YOL044W,3858.5178704247924
2167,YJL101C,7236.923801130192
2168,YFL030W,1820.1831151563683
2169,YDL086W,666.416843917651
2170,YKL219W,219.34278994043171
2171,YBR202W,3126.668234773627
2172,YKR026C,8059.96824620389
2173,YDR500C,1075.1055973233617
2174,YIL126W,7589.740823445242
2175,YAL034W-A,3170.2567194756425
2176,YER144C,599.9372239540492
2177,YDR263C,1360.4776466593137
2178,YMR124W,924.1496376278113
2179,YLR357W,13867.239419850504
2180,YNL298W,3148.77803137841
2181,YGL056C,4104.41686959289
2182,YLL045C,67728.4859730087
2183,YGR282C,4867.024601837468
2184,YDR520C,7013.037692662228
2185,YCR095C,12439.842361421723
2186,YEL023C,12921.72618943598
2187,YER024W,8386.929098469674
2188,YFR014C,2136.015339833785
2189,YGR275W,6350.187284569421
2190,YOR101W,387.4470600022133
2191,YMR055C,11629.600899152718
2192,YNL154C,2580.209517452407
2193,YHR096C,870.7783063934858
2194,YLR221C,27825.803671286907
2195,YHL032C,2213.7906134025366
2196,YGL185C,2440.3758654500643
2197,YPL093W,37379.64985147879
2198,YHL040C,76.30911848351349
2199,YDR050C,3875.4875858499913
2200,YBR072W,1237.8436367689148
2201,YDR172W,10427.814770505222
2202,YPR129W,12305.91267310691
2203,YOR244W,90.15382717695783
2204,YKL073W,0.0
2205,YCL063W,962.8190222758312
2206,YCL064C,105.12379960239801
2207,YNL221C,14969.509486788318
2208,YJL151C,498.2027540316308
2209,YBL054W,3082.6338743223228
2210,YDL064W,53.323056426602065
2211,YPR188C,2589.376675909358
2212,YOL008W,5268.476702785698
2213,YNL262W,25679.02756838345
2214,YJL130C,13487.420269825507
2215,YDL141W,827.4884977495404
2216,YNL003C,349.41638501695974
2217,YLR079W,288.91425377444426
2218,YOR328W,0.0
2219,YEL005C,18.418518556579194
2220,YNL122C,312.0750782395325
2221,YHR186C,13208.556320195717
2222,YKL151C,2050.882216318599
2223,YAL067C,140.7492268032891
2224,YNL155W,214.02978295071935
2225,YLL048C,1154.351439232372
2226,YOR185C,336.0019691589685
2227,YDR325W,2097.2215116822463
2228,YNR063W,1479.1629664908576
2229,YBR276C,11174.496941978818
2230,YDR387C,1006.2914357011629
2231,YOR176W,8684.615008083014
2232,YIL027C,72.09964350681125
2233,YAL027W,9327.248704221569
2234,YLR392C,1467.710474667481
2235,YKL127W,4770.54229971665
2236,YPL193W,717.7413298549761
2237,YNL011C,1128.2643929470564
2238,YGR052W,1563.7725016949712
2239,YLR075W,82986.95711005775
2240,YCR071C,1510.1717773503901
2241,YPR144C,50336.74496045887
2242,YIL002C,244.4700664777763
2243,YLL022C,9108.434337960678
2244,YDL076C,13397.104671940177
2245,YBR195C,5420.705070880458
2246,YHR029C,14537.884811557078
2247,YLR295C,12629.604681106603
2248,YCR044C,1510.9868771588997
2249,YNL027W,5970.269968896149
2250,YGL045W,6776.697257642408
2251,YLR257W,8137.586838318265
2252,YOR044W,119.70614206192572
2253,YBR060C,17810.20908784412
2254,YLR168C,0.0
2255,YMR232W,0.0
2256,YKL045W,309.2725988293443
2257,YMR102C,2645.412812983044
2258,YAL011W,12593.456927355235
2259,YBL042C,892.89409084031
2260,YDL097C,6425.400145714848
2261,YDR497C,97.43971352440803
2262,YPL088W,2550.79982289216
2263,YGR195W,1016.0691028931641
2264,YNL031C,0.0
2265,YMR184W,1866.4367839920524
2266,YPL083C,1379.0682070466826
2267,YPL127C,10555.38726062923
2268,YJL065C,0.0
2269,YOR159C,1377.1825672429263
2270,YDL211C,197.47656517081933
2271,YPL065W,532.3038449624
2272,YJR143C,9855.225331864658
2273,YDL053C,2689.586883523186
2274,YCL039W,5618.338143671121
2275,YDR144C,1164.7193997465915
2276,YIR014W,2106.0715513204323
2277,YEL015W,10064.908718097799
2278,YGR207C,3889.0506974454984
2279,YLR228C,4559.389689988603
2280,YGL051W,616.4686567561687
2281,YKL081W,6111.988594199329
2282,YGR188C,4829.227174024931
2283,YBR290W,881.4892583902221
2284,YDR275W,150.8327874921162
2285,YOR019W,816.6917013467055
2286,YLR319C,3256.829234286139
2287,YPL210C,327.00410713958365
2288,YDL045C,2857.3866472440727
2289,YMR243C,10289.604786551105
2290,YNL052W,1778.0989824275744
2291,YPL207W,3733.496104632165
2292,YDR043C,2866.4889438576156
2293,YLR195C,8788.722287847506
2294,YHR043C,5404.421997252998
2295,YNR014W,833.0237582474972
2296,YGL099W,5424.354378109218
2297,YLR047C,824.5883030653392
2298,YEL038W,1933.0949495095347
2299,YGL184C,10743.655707853504
2300,YDL161W,10478.497415427715
2301,YDL018C,3070.0828932181303
2302,YER141W,5352.471073487187
2303,YNL299W,2496.3384364861654
2304,YBL082C,1970.652713789174
2305,YLR234W,2818.964700958174
2306,YJL025W,602.9123722809643
2307,YER149C,8191.937955184117
2308,YER025W,9509.864098523387
2309,YNR049C,8273.480200318587
2310,YIL127C,7042.080480315866
2311,YAL030W,6205.453656491893
2312,YKL059C,9592.68952744034
2313,YPL216W,1704.1558426038973
2314,YKR041W,7135.6688989320655
2315,YER048C,9.534656374932705
2316,YLR455W,5750.551795587532
2317,YBR204C,300.0370205066577
2318,YGR261C,5985.384707955656
2319,YML037C,587.2052438046409
2320,YNL149C,8008.025856143964
2321,YPL055C,4169.5784302450575
2322,YDL190C,3607.1616226575347
2323,YJR017C,7665.553651713384
2324,YGL191W,215.37715869486635
2325,YDR179W-A,1852.4599493795233
2326,YDR012W,87550.09362282883
2327,YMR023C,4795.380123124063
2328,YCL050C,117.99176481765352
2329,YPL256C,85.64698629253874
2330,YGL151W,13818.335851766555
2331,YLR351C,2959.6278593499674
2332,YIR024C,2889.1984170736023
2333,YPL172C,2868.8618257515213
2334,YFR044C,6991.221929779113
2335,YGR168C,1085.4842264788551
2336,YBR225W,5332.217403053351
2337,YDL139C,11198.107670140627
2338,YJL200C,7527.333179499348
2339,YDL058W,26003.61566103737
2340,YLR205C,3713.7007254127534
2341,YOR217W,6917.302234832947
2342,YGL243W,3309.224980301239
2343,YGL251C,6617.411236408968
2344,YOR284W,0.0
2345,YNL238W,26.13940631798965
2346,YGR203W,0.0
2347,YGL231C,790.6512663441653
2348,YOL097C,8984.430136390774
2349,YCR101C,71.61254154974986
2350,YLR143W,12949.580658177081
2351,YHR048W,1055.173006685735
2352,YFL017W-A,59.941197327893654
2353,YLR120C,1101.5352006406986
2354,YPR078C,7131.974827840545
2355,YOR241W,2944.2257259042144
2356,YAL059W,2929.6519783167896
2357,YKL168C,7307.749060912654
2358,YHL014C,4228.98348069671
2359,YHR031C,6104.619061183114
2360,YKL011C,1592.4821440229357
2361,YDR468C,2418.8572933250116
2362,YBR167C,640.8128919057962
2363,YBR057C,220.8239413679564
2364,YNR044W,0.0
2365,YGL221C,2556.005683220244
2366,YLR323C,3170.5598810881834
2367,YPL169C,17180.22689388157
2368,YOL159C,630.7696617493447
2369,YHL013C,7999.1473566384175
2370,YML125C,9225.498960991434
2371,YER083C,6431.572076104592
2372,YBR087W,9307.11037040795
2373,YPL047W,0.0
2374,YDL124W,87.02632526608089
2375,YGR017W,55.016215495822
2376,YPR159W,11971.060245929311
2377,YOR239W,41292.4586010301
2378,YML067C,3483.6767321102648
2379,YDR430C,7624.703659863985
2380,YPR165W,3028.1615659094396
2381,YDL109C,1752.3610358817523
2382,YGR024C,704.0307536502505
2383,YLR014C,0.0
2384,YPL023C,11499.496851699127
2385,YHR195W,304.67651911033647
2386,YHR206W,4448.192714237151
2387,YPR153W,159.55229451399475
2388,YIL072W,7529.059893245153
2389,YBR208C,3992.018998834638
2390,YPR001W,50.91062129686689
2391,YJR139C,545.4111833267787
2392,YBR237W,1700.9789880886435
2393,YDL028C,1584.7154624099146
2394,YNL035C,2209.4267956738395
2395,YDL117W,2687.862415293459
2396,YDL215C,11901.245090852706
2397,YIL013C,901.8824604879474
2398,YPR176C,1678.1697188808696
2399,YMR087W,1545.7010748690714
2400,YMR142C,66880.58030780627
2401,YML023C,838.3098186770164
2402,YOR301W,5557.427423873606
2403,YOR305W,0.0
2404,YMR109W,18900.82554035884
2405,YCR005C,2009.7538901990445
2406,YMR133W,3030.388795613322
2407,YPL183C,10110.757140168897
2408,YDR260C,807.5428549481445
2409,YLR352W,1685.1606992480645
2410,YOR377W,400.9150347965225
2411,YPR011C,67.25917986504685
2412,YLR093C,628.652486735457
2413,YLR220W,660.4423602944418
2414,YKL193C,11513.14441394298
2415,YPR198W,2000.2486889598638
2416,YJL156C,142.4562354367659
2417,YML028W,9524.347713770241
2418,YER021W,13036.237081335215
2419,YGL246C,9378.515854704252
2420,YLR350W,409.31709177700856
2421,YJR053W,0.0
2422,YER095W,435.384899988429
2423,YER028C,2196.4569462902255
2424,YFL039C,79490.59041477415
2425,YCR087C-A,3177.447790985468
2426,YLR240W,2286.4593937407385
2427,YPR067W,11327.383583811345
2428,YMR145C,0.0
2429,YNL248C,4441.585384855348
2430,YGR147C,90.42753300564085
2431,YNL267W,4122.913452405909
2432,YNL320W,3429.9930670344183
2433,YMR223W,20.619070000431613
2434,YER071C,0.0
2435,YHR158C,7657.593556950851
2436,YOL032W,1617.414911183526
2437,YML110C,4787.240102653764
2438,YOR228C,1323.680338532662
2439,YPL235W,63677.68581736579
2440,YMR041C,200.1448834395806
2441,YGR094W,145.90652498375997
2442,YDR227W,7932.919757698842
2443,YDL017W,0.0
2444,YJL103C,5139.869841660312
2445,YPR152C,3970.167483780069
2446,YBR103W,687.5365118705826
2447,YDR244W,2466.817445194465
2448,YMR200W,0.0
2449,YJL161W,3515.999431303209
2450,YJR066W,5988.311977957696
2451,YGR083C,29281.016288709667
2452,YLR174W,3605.9844346333393
2453,YKL167C,7913.969298140454
2454,YDR080W,3515.1408940306933
2455,YOR246C,721.2864127484345
2456,YIL119C,1941.9224384050756
2457,YMR134W,809.4308590034208
2458,YNR061C,808.5083770338196
2459,YPL022W,4152.0381513426555
2460,YKR048C,9773.872218141669
2461,YKL116C,1334.8392519520005
2462,YKR083C,0.0
2463,YNL182C,14557.438688694527
2464,YER068W,4838.6722758038195
2465,YCR098C,747.3582782950135
2466,YOR349W,4869.547871060978
2467,YER177W,12989.016416090724
2468,YLR348C,51.766260095470926
2469,YMR035W,1316.1955181386809
2470,YPL220W,5006.619732209598
2471,YHR084W,656.3964133017478
2472,YKR001C,21688.206141961567
2473,YDL231C,856.6126679391946
2474,YPR110C,16658.181211375144
2475,YEL051W,8500.277845291463
2476,YIL128W,12021.633728975046
2477,YIL101C,1807.451713023905
2478,YOR183W,33.55937362503446
2479,YLR289W,2411.2768187547163
2480,YPR168W,13021.001018582008
2481,YPR094W,0.0
2482,YBL061C,2033.4451822817605
2483,YDR334W,12145.321767049967
2484,YNL312W,15382.328659936684
2485,YDL072C,4733.525806023806
2486,YOR093C,2015.3928555022874
2487,YGR111W,8589.117309206042
2488,YBR155W,11287.651110387846
2489,YCL067C,34.25161425720593
2490,YPL105C,192.708769658803
2491,YPL112C,1431.3384485404663
2492,YPL230W,694.1768043686745
2493,YNL104C,966.1575507058535
2494,YHR101C,3593.4587503030943
2495,YDR054C,8153.831706209729
2496,YJL080C,3741.1280575109276
2497,YCR084C,11020.538599707177
2498,YDL061C,2904.2379306438834
2499,YDR205W,0.0
2500,YLR065C,685.0916742451374
2501,YNL216W,7540.366827521459
2502,YKL157W,6278.645384104553
2503,YBR176W,366.7629801375461
2504,YJL013C,1072.8907025578246
2505,YLR166C,6042.378247028716
2506,YIL150C,3275.941024149964
2507,YKR053C,484.95919516699155
2508,YBR068C,1506.1928874777157
2509,YIL142W,6960.336777905598
2510,YGL021W,1724.397441157386
2511,YNR007C,3909.8722008283366
2512,YGL187C,4119.29156830134
2513,YOL155C,40.79641865569283
2514,YOR141C,6420.996555808288
2515,YBL057C,9632.48239895464
2516,YJL082W,366.85387706996625
2517,YMR246W,3033.4627617521405
2518,YDR316W,107.97277460796725
2519,YNL339C,794.4538009872931
2520,YDR111C,2279.1259751514535
2521,YMR263W,359.20436572594224
2522,YBR135W,6290.371168907293
2523,YOR052C,5164.311353843082
2524,YLR384C,12465.017084765379
2525,YMR234W,4985.802423687202
2526,YHL035C,347.56151051346063
2527,YDR186C,12333.215390774885
2528,YER163C,32.54872676950506
2529,YPL015C,0.0
2530,YCL045C,8657.776209724072
2531,YDR177W,5483.853606811966
2532,YOR384W,4822.134826810619
2533,YGL138C,131.76068659595887
2534,YAR050W,273.43429942113835
2535,YPL018W,5405.465806545255
2536,YDR224C,24736.596191312525
2537,YLL061W,2580.122363546635
2538,YBR146W,3063.5495742624134
2539,YMR006C,0.0
2540,YBL008W,2684.161525905925
2541,YHR072W,12968.60566729636
2542,YOL146W,0.0
2543,YDR322C-A,688.0377744329414
2544,YOR142W,4290.189711054381
2545,YPR058W,756.4106419063072
2546,YGL010W,501.9907043140704
2547,YDR126W,2831.3642422541375
2548,YOR163W,2541.35173197557
2549,YCR091W,2386.8420877047306
2550,YMR276W,567.6812900211908
2551,YLR127C,4545.53765834711
2552,YPL042C,13494.182182747454
2553,YDL057W,6703.329197078771
2554,YBR037C,90.11171639272294
2555,YMR260C,17242.501930760653
2556,YNL176C,1404.3526377675148
2557,YNL117W,2390.2740493208203
2558,YPR022C,4545.703935411888
2559,YLR307W,1385.70367444343
2560,YGR071C,6932.627207430789
2561,YBR081C,6425.154927505701
2562,YMR275C,454.11054452392654
2563,YLR299W,535.1023603914617
2564,YML003W,239.04973882631396
2565,YIR035C,8363.709372818475
2566,YPR041W,28311.383172896225
2567,YHL007C,547.9553028518629
2568,YDL128W,2998.4281217217913
2569,YJR158W,529.7721106913152
2570,YOR231W,659.6316101936716
2571,YML117W,10199.17825210023
2572,YDL153C,2176.8668741421207
2573,YDR332W,685.9062580179323
2574,YKL117W,16787.536719110416
2575,YNL081C,20.14783725072481
2576,YPR184W,2278.6976800501325
2577,YMR153W,5510.670788405913
2578,YJR036C,3441.219401358536
2579,YOR279C,9356.63207454114
2580,YFR050C,5853.630126303096
2581,YDL150W,3316.2504994008236
2582,YFR009W,25075.787287962692
2583,YLL035W,226.43175437542547
2584,YOL062C,3372.9648797712985
2585,YLR430W,15754.33569717343
2586,YGR159C,12817.725587943876
2587,YHR045W,3013.490083775341
2588,YOR059C,2498.1805439417435
2589,YLR050C,434.32823063103217
2590,YIL109C,2721.7626897949935
2591,YDR330W,51.71608824257559
2592,YHR001W,2899.0124741183417
2593,YMR053C,3334.467439947442
2594,YOR074C,14627.556002041525
2595,YGL128C,37228.62629922484
2596,YKL201C,5427.055391444124
2597,YOR016C,1574.3604768155913
2598,YJL061W,9814.91135140885
2599,YOR216C,6901.944124409621
2600,YER009W,2080.459281751834
2601,YLR134W,10663.583232107068
2602,YBR083W,1161.5779633086256
2603,YBR219C,1730.5034232402895
2604,YNL250W,5125.403490202596
2605,YOR249C,2127.899939472125
2606,YKL120W,262.33773286532164
2607,YBR061C,5332.185524275932
2608,YLR142W,1684.5904197208288
2609,YPL232W,1211.6371500977946
2610,YJR140C,5355.188282898516
2611,YJL193W,1180.3908074520543
2612,YPR119W,0.0
2613,YLR362W,1326.0691555087344
2614,YLR185W,4263.704779211924
2615,YMR162C,6482.4151119892285
2616,YPR085C,657.4381166196143
2617,YDR292C,1163.7907804426843
2618,YGR037C,0.0
2619,YDR127W,22232.3906148012
2620,YDL230W,1625.9765106235836
2621,YJL095W,656.1539515650227
2622,YBR074W,0.0
2623,YPR133C,14077.179865922259
2624,YJL052W,4788.1130838178315
2625,YHR165C,65834.55325061304
2626,YML114C,80.07098844162456
2627,YJL172W,1136.650626727966
2628,YOR147W,1271.1036353019972
2629,YGL037C,0.0
2630,YNL026W,2276.9267947564163
2631,YLR045C,2678.3601957712362
2632,YDL095W,7099.171731835296
2633,YDR441C,0.0
2634,YDR113C,0.0
2635,YBR114W,10685.190525676035
2636,YJL208C,2174.08663342864
2637,YMR008C,2324.9610877844743
2638,YMR209C,1573.967142779859
2639,YEL013W,452.0867352926825
2640,YGL105W,343.48385680569265
2641,YFL022C,4754.683433417123
2642,YML121W,3526.875179139604
2643,YOL024W,140.54596139534556
2644,YBL036C,1629.286053963414
2645,YOL017W,980.6898163908781
2646,YBL060W,5569.788629632475
2647,YGL078C,10806.084626679018
2648,YNL304W,644.1616848928159
2649,YDR090C,28.081169248216586
2650,YKR096W,6355.219695626114
2651,YGL006W,1240.8543671989273
2652,YBR161W,283.2824359128244
2653,YGR214W,13943.279343550716
2654,YLL012W,622.7735571301041
2655,YOR335C,1898.0126761780464
2656,YLR080W,658.4709229747091
2657,YBR171W,3373.555023828435
2658,YIR004W,4211.866821829714
2659,YEL050C,16032.663545267422
2660,YML005W,2005.0901728544418
2661,YBR094W,1721.6349294325798
2662,YBR203W,2317.452654324251
2663,YNL223W,2766.0751724863417
2664,YGR248W,9783.570234578216
2665,YDL046W,6283.463715287578
2666,YDR319C,1039.9679287108795
2667,YBR218C,7612.224639700189
2668,YPR037C,3895.452649046708
2669,YMR080C,3142.7357202944727
2670,YER034W,1226.0386270716606
2671,YML057W,2722.466857959088
2672,YBL069W,314.22688978149574
2673,YLR055C,35591.619644119564
2674,YIL009W,2802.7922950592497
2675,YBR302C,827.4590298855529
2676,YNL010W,5485.48005536428
2677,YFR006W,1946.6643406457474
2678,YDR487C,4567.468204088201
2679,YDR527W,8594.031426310707
2680,YNL220W,630.9868633285248
2681,YJR048W,8057.2539387582765
2682,YAR023C,363.0793228856452
2683,YFL048C,3643.048022578921
2684,YKL008C,8746.974218862335
2685,YNL033W,652.1172088374385
2686,YGR048W,6512.662707458098
2687,YJL044C,1343.54117306425
2688,YKL107W,3335.949609651328
2689,YDR070C,6089.233980482217
2690,YOR091W,9055.824022613162
2691,YOL042W,5406.196088884125
2692,YLR253W,508.6546992571319
2693,YDR121W,9785.323948300873
2694,YNL192W,4425.754305487319
2695,YHR063C,1154.7629745780412
2696,YBR056W,1854.5464075496755
2697,YGL171W,13867.672541198444
2698,YDR428C,1849.3094948614146
2699,YHL012W,299.26410344906606
2700,YGL025C,20454.51575952369
2701,YGL223C,1205.252302968297
2702,YCL001W-A,3821.494497657657
2703,YKL143W,12265.190141925674
2704,YMR206W,513.6174938664794
2705,YPL090C,46975.188060493245
2706,YGR227W,0.0
2707,YGR264C,977.6030544142928
2708,YFL040W,280.8171141621965
2709,YJR061W,5313.52869874892
2710,YJL012C,4163.8742200455
2711,YNR028W,4825.307794290751
2712,YLR088W,7776.7572568272035
2713,YDR206W,9681.512905943104
2714,YDR118W,4463.552688485885
2715,YJL001W,11156.549306369765
2716,YKL052C,7056.6146267220765
2717,YGL091C,159.27844424987754
2718,YIL079C,2408.0624170466012
2719,YNL088W,13525.424601743209
2720,YOR351C,0.0
2721,YFR016C,34.08850175892802
2722,YMR251W,1275.4282001855518
2723,YOR362C,3521.91491706541
2724,YOR288C,1707.2867059527725
2725,YAR008W,3443.264967688003
2726,YDR173C,589.8362783342806
2727,YJR003C,861.2534876370448
2728,YPR042C,15228.92159237205
2729,YER133W,41105.33143115494
2730,YLL033W,5783.442687082167
2731,YDR493W,4983.9331563850055
2732,YIR023W,3090.837428555576
2733,YFL016C,0.0
2734,YOR196C,0.0
2735,YDL021W,1494.7560427126766
2736,YJR076C,4505.856025656826
2737,YLR394W,1384.389130315091
2738,YBR222C,16783.960847998456
2739,YDR192C,1123.917208703484
2740,YCR061W,592.5934687111156
2741,YLR460C,1726.5697835712035
2742,YMR305C,823.3616722277338
2743,YDR262W,0.0
2744,YFR040W,5419.205798226599
2745,YJL166W,0.0
2746,YER008C,13935.503780449098
2747,YNL030W,26010.75593546978
2748,YHR207C,3776.703545277598
2749,YDR336W,197.02445716029314
2750,YDR191W,188.05825988159773
2751,YGR154C,3213.714349797009
2752,YOL064C,5677.1660811222755
2753,YML097C,1454.604565665098
2754,YLL023C,4698.068451508475
2755,YML042W,1761.3159374408597
2756,YML048W,2838.867269270641
2757,YLR435W,981.4185511349177
2758,YFL023W,4733.8530002109765
2759,YGL157W,4288.565368131859
2760,YBL033C,6378.644215542082
2761,YCL027W,271.49441110922703
2762,YHR187W,0.0
2763,YBR063C,76.48809621215851
2764,YCR020C,0.0
2765,YML010W,13852.134449782885
2766,YOR119C,1861.6047455862947
2767,YJL138C,7329.218927739047
2768,YNL066W,153.1948883182031
2769,YBR265W,4270.003812644054
2770,YLR094C,3264.4680430132753
2771,YDR518W,3065.363178713777
2772,YLR129W,33107.95420125867
2773,YPR020W,1835.8678884777175
2774,YDR478W,20475.899067575658
2775,YEL072W,603.2559024363892
2776,YHR184W,0.0
2777,YGR141W,177.3550899930282
2778,YCL051W,4153.301559367593
2779,YNL204C,1560.955386812194
2780,YGL030W,50400.60804238412
2781,YNL093W,2302.3314209262835
2782,YGR020C,8651.870508387918
2783,YLR305C,1177.0713260141808
2784,YER145C,273.9897513813504
2785,YDL115C,14523.462243509837
2786,YLR303W,375.97352928647393
2787,YBR284W,1670.4245645413203
2788,YOR014W,15285.775095958927
2789,YLR114C,2069.3599084095285
2790,YJL210W,735.3377891595542
2791,YKL072W,1662.4387132312695
2792,YJL117W,9432.26269396399
2793,YKL126W,10638.386439291118
2794,YLR427W,2624.738572432699
2795,YPL084W,827.3021637718343
2796,YNL100W,0.0
2797,YHL024W,1275.59501594032
2798,YLR413W,1104.205526024801
2799,YKL048C,7882.40958650138
2800,YKR056W,11583.094398164747
2801,YMR067C,9477.98543133816
2802,YLR327C,21498.181637807647
2803,YDR465C,2283.2047074195725
2804,YGL076C,58868.87797719117
2805,YKL023W,10968.537541965605
2806,YBR073W,4216.814297343954
2807,YDR452W,948.9932834436155
2808,YBR019C,745.4686409727533
2809,YML070W,8423.001786401306
2810,YNL071W,671.432156404035
2811,YCR037C,4729.071030402296
2812,YLR183C,8944.054679385947
2813,YGR116W,30515.151045740975
2814,YDR302W,0.0
2815,YPL227C,3950.4929627543625
2816,YPL249C,1353.7306104461027
2817,YHR049W,32004.03424041015
2818,YBL089W,6408.588177113135
2819,YBR251W,18380.444648180764
2820,YBR021W,1079.5807215885134
2821,YDL212W,42.16130175146717
2822,YNL049C,11565.81818344179
2823,YOR084W,0.0
2824,YKL055C,162.02779307223398
2825,YGL159W,954.2753541925003
2826,YCL017C,304.0467325335162
2827,YBR192W,1344.2624137751743
2828,YDR377W,8785.972330702036
2829,YKL040C,6247.892617793361
2830,YHL008C,931.8177438511722
2831,YAL047C,4957.067456599749
2832,YDR375C,1167.76940776745
2833,YPR030W,7311.588028826764
2834,YGL232W,442.7742996205114
2835,YBR272C,39841.18918538283
2836,YAL049C,601.913450655544
2837,YHR022C,3608.8324494036383
2838,YNL059C,10397.002430894028
2839,YIL019W,5138.36290827656
2840,YDR380W,1692.486830521997
2841,YEL035C,46.57636956359086
2842,YDR202C,1965.70789899318
2843,YNR040W,1224.9923167970537
2844,YNL275W,203.17452968002655
2845,YKL135C,8324.58270373765
2846,YNR067C,820.598009913287
2847,YDR091C,15649.374244766206
2848,YBR170C,6058.932435535319
2849,YEL030W,2323.079322762032
2850,YBR046C,8784.670453942801
2851,YLR179C,5972.336278943573
2852,YIL022W,3023.9156822699283
2853,YLR165C,1203.6605437855765
2854,YMR180C,3729.3697782739328
2855,YDR407C,9319.219267673177
2856,YJR015W,782.8895773578538
2857,YJL016W,4386.9585086242905
2858,YIL084C,14689.81000507344
2859,YHR122W,14375.478187792509
2860,YCR021C,3405.989555496921
2861,YKL173W,25552.768085751755
2862,YOR104W,81.58291632464069
2863,YNL294C,221.8012454817344
2864,YPR173C,2762.510870986605
2865,YOR237W,283.29737026768487
2866,YCL030C,1279.5793315696708
2867,YKL185W,3867.5958004510553
2868,YBL023C,3176.535149525948
2869,YOL132W,4383.502355067097
2870,YHR078W,3533.875788184935
2871,YDR044W,6460.936742975625
2872,YGL001C,630.7278304821003
2873,YBR162W-A,263.02866598989715
2874,YGL192W,329.65009357624837
2875,YPL043W,52696.96487352972
2876,YDR084C,3719.066151151918
2877,YPL141C,4221.440827897798
2878,YCR067C,4437.750466231159
2879,YIL010W,1976.6959147911828
2880,YDR279W,4849.942771926547
2881,YPL199C,5912.04658489602
2882,YFR019W,10900.8785245189
2883,YDL104C,3252.0795131329087
2884,YKR045C,2116.1527100944913
2885,YDR117C,1617.6802620534309
2886,YOL147C,4131.228951853593
2887,YNR068C,1387.0170594855927
2888,YMR139W,120.07514805587977
2889,YLR211C,63.50178005119625
2890,YJL066C,2949.9165328757463
2891,YLR064W,1333.2112539383147
2892,YBR008C,73.08130403859575
2893,YNL246W,0.0
2894,YBL001C,814.6264585004666
2895,YDR349C,4839.588927863327
2896,YJL046W,1063.185500273517
2897,YIL041W,5351.433440805067
2898,YER178W,5372.4675717844675
2899,YLR081W,6136.927772161774
2900,YLR092W,256.2212172502797
2901,YMR258C,7417.2457906672835
2902,YBR242W,4466.705836947611
2903,YGL253W,0.0
2904,YGR150C,586.209508164752
2905,YGR058W,4619.518406523703
2906,YIL076W,11957.911639127495
2907,YJR075W,1245.730012615645
2908,YLR032W,2253.070859844638
2909,YMR247C,12591.87386811582
2910,YDR390C,10085.886409738376
2911,YDR006C,7571.748063440344
2912,YDR178W,1002.1120780790275
2913,YJR021C,2309.2572451046804
2914,YMR214W,19137.007626819952
2915,YPL259C,10379.112474603178
2916,YLL028W,5118.147612011564
2917,YGR256W,7217.502656457537
2918,YIL151C,7746.736869373158
2919,YGL172W,4180.962190713685
2920,YOR171C,5758.80081409132
2921,YPL226W,5469.195340954535
2922,YLR193C,5329.765899741349
2923,YOR040W,5095.495078427629
2924,YDL156W,19977.896161428227
2925,YKL100C,2029.9058748134844
2926,YEL059C-A,0.0
2927,YBL014C,0.0
2928,YIL107C,7887.62030455095
2929,YOL124C,6344.637956518331
2930,YEL042W,143.9535744579622
2931,YDR346C,10024.007479806507
2932,YOL059W,26687.726895578377
2933,YKL161C,0.0
2934,YLR087C,841.8049609439239
2935,YDR035W,5069.6274498767825
2936,YER167W,4225.42293721161
2937,YHR164C,7379.286244882485
2938,YDR345C,9369.65729500493
2939,YLR106C,29016.194069656576
2940,YPR191W,8628.716707798623
2941,YER126C,11650.556628913284
2942,YOR136W,13247.711554411362
2943,YHL006C,441.47274974518655
2944,YIL016W,1292.8410957427354
2945,YER106W,0.0
2946,YKR076W,2050.956867834806
2947,YIL062C,15913.561960209123
2948,YMR146C,31711.502795617955
2949,YMR170C,7128.512980877891
2950,YBR115C,9175.492306528648
2951,YOL149W,51.72299262425424
2952,YGR140W,5540.035454612678
2953,YPR091C,2705.5425559452997
2954,YKR095W,15106.922978078841
2955,YHR179W,1837.5625881148019
2956,YGR191W,77.55923578565036
2957,YDR437W,147.99504802356782
2958,YBR082C,31096.168317096945
2959,YDR409W,9758.914999225182
2960,YPR183W,74.05273435423757
2961,YBR270C,2512.115519100357
2962,YPL234C,2145.0966805025023
2963,YNL177C,7311.563970796734
2964,YGL023C,880.9230906700444
2965,YJR009C,9176.02895772788
2966,YER143W,5165.407825151761
2967,YNL135C,176.91020557037206
2968,YHR077C,1181.0828844847285
2969,YNL051W,2533.4358310861826
2970,YDR075W,1752.27955615241
2971,YGL241W,3847.9759572723538
2972,YJL087C,4150.023211431753
2973,YBL080C,32.94894565603497
2974,YNR012W,100.89603506721856
2975,YDR300C,6123.578434148621
2976,YBL040C,4020.1292956899633
2977,YJR050W,641.026138309779
2978,YBR109C,9273.73937561709
2979,YHL042W,664.7459017134709
2980,YOR342C,234.95922412680108
2981,YPL120W,6339.2979741925865
2982,YLR367W,28855.350825516813
2983,YOR130C,812.4410875922122
2984,YLR433C,6432.157050218516
2985,YML119W,5626.04029280015
2986,YFR036W,9114.934903412619
2987,YNL068C,2438.9059492575416
2988,YLL003W,5505.110232225348
2989,YJL090C,3266.6521118653236
2990,YCL059C,42963.80208691248
2991,YNL111C,2424.7959362231913
2992,YBR138C,797.248859660452
2993,YDR283C,5615.185901335582
2994,YHR174W,26707.476714246135
2995,YPL153C,3526.3935486882187
2996,YMR173W,9622.88159795499
2997,YMR077C,204.78734982167504
2998,YLR186W,30820.716698860542
2999,YCL008C,2835.9120837799624
3000,YOR355W,8406.393462260543
3001,YLR314C,17505.2624389214
3002,YGR132C,5337.016924188332
3003,YCL018W,4461.303806314377
3004,YNL042W,1501.5906788786021
3005,YMR270C,2404.198456137892
3006,YGR013W,20744.788231377068
3007,YLR028C,18298.245483615756
3008,YNR071C,225.25879385145961
3009,YJL146W,138.74427801645274
3010,YML006C,2225.2904469804853
3011,YDL113C,4260.808143346262
3012,YGR276C,863.0907923319294
3013,YGL212W,6849.7610260449
3014,YPL104W,6391.3190177714305
3015,YOR034C,2709.8760914223067
3016,YMR156C,0.0
3017,YNL256W,3791.184465091969
3018,YDL169C,394.6685465806068
3019,YGR130C,2578.8636040433926
3020,YCR028C,1220.8657006938224
3021,YLR036C,906.9789568017477
3022,YBR268W,2523.8372431907137
3023,YLR346C,1105.3978024341618
3024,YOR057W,10559.390105018094
3025,YDL102W,4454.354798129243
3026,YIR031C,3943.76551670837
3027,YAL055W,982.2535917283477
3028,YKL020C,1064.666167075404
3029,YHR005C,995.1751540416216
3030,YDR505C,3268.433340705685
3031,YPL087W,3526.008377262232
3032,YKL121W,278.7458635674912
3033,YOR232W,16238.921242593646
3034,YMR261C,22781.74720294623
3035,YDR351W,1473.211403629504
3036,YML020W,645.4561358819072
3037,YJL192C,502.3439411085645
3038,YNL087W,6547.230402079264
3039,YCL016C,3130.382102900128
3040,YKR089C,4847.662521365889
3041,YER092W,486.2296397169753
3042,YDL179W,6399.687914290423
3043,YBR101C,11457.443459282054
3044,YGR235C,410.10659638669335
3045,YDL226C,15219.584166419896
3046,YDR182W,1714.1123896790996
3047,YGL061C,7850.376968652038
3048,YDL087C,6200.351627837051
3049,YHR188C,8433.87424076745
3050,YOR175C,755.0375093439178
3051,YNL148C,186.51249399428576
3052,YMR194W,17780.27190578142
3053,YLR018C,642.2007857957774
3054,YMR284W,3501.3513949633452
3055,YKL114C,503.4966224555433
3056,YMR203W,6540.471186658772
3057,YGR015C,0.0
3058,YGL170C,6241.649500550037
3059,YGL247W,1784.4194446527085
3060,YHR067W,3618.1981548411495
3061,YBL009W,977.1481369433665
3062,YDL045W-A,7770.3696894659215
3063,YNL123W,1960.8311043321107
3064,YPL040C,8005.359627729362
3065,YPL119C,2278.85823934102
3066,YJL197W,2078.1460750661577
3067,YDR001C,6078.769216737689
3068,YJL198W,0.0
3069,YBL091C-A,1871.8005386277866
3070,YOL019W,4963.194230987707
3071,YHL034C,2562.0696958522835
3072,YIL039W,0.0
3073,YJL078C,1495.8758905822626
3074,YLL055W,0.0
3075,YJR151C,0.0
3076,YML101C,2105.250285152283
3077,YBR210W,0.0
3078,YGL057C,4804.876035772528
3079,YGR067C,1772.5702617704228
3080,YKR069W,117.57424040425218
3081,YPL005W,1154.3158063156782
3082,YPL070W,6596.609081996684
3083,YHR204W,3645.866984389004
3084,YJL034W,42574.81018379804
3085,YOR219C,3518.417559015604
3086,YOL012C,19000.41621368088
3087,YML001W,7020.8506240059705
3088,YIL011W,1755.0362108786708
3089,YKR007W,4282.592304461088
3090,YIL035C,9724.911746531403
3091,YNL173C,4747.067364582626
3092,YPL224C,977.8820036063216
3093,Q0120,539.762525055548
3094,YCR088W,10452.854017382288
3095,YIL099W,0.0
3096,YPL260W,13540.58320100976
3097,YBR197C,2210.9533884548086
3098,YER134C,0.0
3099,YLR204W,503.8414823148954
3100,YNL282W,2852.3059309612927
3101,YPR023C,9687.031287920532
3102,YGL141W,102.66963746539854
3103,YGL183C,384.3657383756335
3104,YDR226W,0.0
3105,YMR165C,6525.636596417267
3106,YOL028C,1345.2690595285067
3107,YER172C,31211.488430006575
3108,YKR066C,2880.741338681325
3109,YDL248W,2389.185931998702
3110,YLR001C,1520.258976768867
3111,YCR004C,2475.8131156016466
3112,YJL111W,13269.998727667546
3113,YMR197C,7056.487392455386
3114,YPR113W,145.84985575941823
3115,YOR287C,5696.015867432361
3116,YAR014C,8007.344724843646
3117,YOR363C,429.0343066220195
3118,YKL092C,5876.572813145158
3119,YER129W,5203.51590162979
3120,YBR140C,5697.463486836937
3121,YPR056W,5476.616268648729
3122,YDR304C,5409.22614953366
3123,YJR142W,0.0
3124,YGR063C,0.0
3125,YEL034W,2307.6157825818273
3126,YIL034C,15413.080810652442
3127,YPR104C,3923.8809840159797
3128,YNL236W,16094.346876437014
3129,YLR244C,18029.691432582607
3130,YDR454C,0.0
3131,YFR032C-A,23446.064002293693
3132,YKL171W,1294.9428094513557
3133,YBR026C,3770.384352647846
3134,YLR251W,4024.254223044489
3135,YNL283C,4546.1091776009025
3136,YPR175W,6282.6556105343725
3137,YKL175W,0.0
3138,YLR273C,0.0
3139,YAL040C,34.959843017983744
3140,YML126C,475.0290516103393
3141,YJL038C,599.8372440000556
3142,YOR260W,15008.617376377299
3143,YPL163C,34.269979532455814
3144,YHR082C,4626.376591230984
3145,YPL106C,4995.0
3146,YPL095C,1746.571336311712
3147,YML064C,1775.991849127347
3148,YNL029C,786.2857468631644
3149,YDR139C,995.0999923630933
3150,YOL069W,2463.5535875685155
3151,YCR027C,1882.9970907900527
3152,YMR177W,801.9973236763686
3153,YDR022C,2226.03789685278
3154,YAL064C-A,1315.969319365116
3155,YER090W,1514.1497515186477
3156,YGL117W,629.9005572736395
3157,YCR105W,600.8012349936672
3158,YMR176W,12344.883871795832
3159,YDR103W,68.06833972219667
3160,YBR211C,3911.0485314130924
3161,YML115C,7912.174338585866
3162,YMR231W,2791.1828522328206
3163,YAL021C,3701.7110258273824
3164,YML049C,31517.52636161046
3165,YKL026C,124.3520310755808
3166,YGR200C,4696.33943661007
3167,YGL098W,5801.6659461845275
3168,YDR376W,2063.838763594194
3169,YGR008C,5497.023489523133
3170,YDR037W,300.7122531044005
3171,YLR027C,2795.4703387079057
3172,YMR181C,3340.015194391471
3173,YNL034W,0.0
3174,YDR320C,12972.725436289611
3175,YPR101W,14605.995676803297
3176,YDR322W,23639.10999566245
3177,YOR286W,38809.12867841236
3178,YOR297C,21.695548657103405
3179,YIR027C,779.817588454018
3180,YDL219W,31.631479952837065
3181,YDR011W,4497.268568735836
3182,YPL122C,8680.132331744495
3183,YEL061C,4830.2663365137205
3184,YPR051W,0.0
3185,YBR271W,0.0
3186,YMR158W,6807.80303431167
3187,YBR160W,14809.276021249161
3188,YOR001W,13723.113930619485
3189,YLR178C,13126.105826700272
3190,YLR373C,820.5305179677016
3191,YNL141W,1612.0451094970688
3192,YOR317W,5606.8586532834615
3193,YCL025C,5062.472980559282
3194,YIL140W,8330.57106929801
3195,YJL184W,10295.144006571203
3196,YNL215W,4748.89044732641
3197,YOL164W,564.3609198023619
3198,YLR250W,2926.547737654489
3199,YJR117W,5259.8821167238575
3200,YLR432W,16676.215040422834
3201,YHR003C,3055.227184628091
3202,YOL143C,680.4378915922842
3203,YLR320W,2966.8377003027053
3204,YIL045W,810.728875324663
3205,YLR438W,221.8857115192474
3206,YLR218C,6171.427046699949
3207,YDR265W,1143.9515155622198
3208,YLR417W,1394.799050421998
3209,YGR049W,2675.7708719489046
3210,YOR179C,0.0
3211,YER155C,19383.982956022395
3212,YPL212C,6832.891717996543
3213,YNL263C,1205.8761253535724
3214,YPL091W,8994.227681867935
3215,YLR082C,2122.174264594515
3216,YPL019C,1052.4231586486685
3217,YEL043W,8212.557351494877
3218,YER170W,298.3165373740889
3219,YOR311C,495.5048192966846
3220,YPL007C,7821.384656076542
3221,YDL006W,3285.083790156311
3222,YFR024C-A,9746.13274166229
3223,YPR016C,27556.10000988167
3224,YML107C,2932.8405207292876
3225,YDR264C,4323.098238814777
3226,YNL112W,23296.893764308465
3227,YLR117C,10457.723112501955
3228,YOR058C,14243.059154488692
3229,YGR138C,2147.324996877149
3230,YBL003C,7898.430726338001
3231,YNL265C,3609.473003950052
3232,YMR272C,1346.0846668782003
3233,YDL090C,1888.0142387394594
3234,YDR469W,20221.05240044886
3235,YJR099W,2301.671684262582
3236,YLR024C,4826.1040016219395
3237,YJL162C,1833.9486705539966
3238,YNR017W,477.8402225090603
3239,YHL004W,5314.513630982159
3240,YGR078C,5297.217121887847
3241,YLL031C,939.4221161410741
3242,YPL135W,75.57754340056563
3243,YMR116C,58336.489216602655
3244,YMR085W,1214.9042749786233
3245,YOR347C,5676.232978903727
3246,YNL274C,5009.445105349461
3247,YER165W,69167.13217596748
3248,YBR198C,19607.773957618367
3249,YPL168W,4377.195802471639
3250,YMR189W,4414.473737027142
3251,YNR022C,1133.6960434254431
3252,YNL293W,5218.094159250701
3253,YLR396C,5918.5798803329935
3254,YOR068C,283.55620428210085
3255,YGL163C,1733.7740887336126
3256,YIL026C,6103.960810888979
3257,YMR137C,16640.106621811745
3258,YLR344W,5542.213918695947
3259,YCR020C-A,0.0
3260,YKR077W,866.6457081011094
3261,YER109C,7173.611279193407
3262,YIL125W,957.4847466865166
3263,YOR148C,1611.8208512484184
3264,YPR193C,12392.035332702528
3265,YLR239C,2425.6892862989494
3266,YLR411W,271.25563574961507
3267,YGL014W,36898.52278292189
3268,YJL041W,31523.53047308747
3269,YLR292C,462.19042047624896
3270,YPL039W,1459.9456632454785
3271,YIL136W,4381.481387520653
3272,YIL152W,3829.0563686306587
3273,YDR119W,969.4998301085174
3274,YMR278W,6043.52007416096
3275,YMR079W,1105.6624202131638
3276,YIR007W,4171.905228790068
3277,YLL067C,438.9857908301758
3278,YDR267C,8502.119558988283
3279,YEL017W,10611.963111464112
3280,YGL219C,1015.8357883860407
3281,YPR182W,16258.940424144794
3282,YBR216C,9508.086301004441
3283,YPR010C,30544.216945289132
3284,YLL062C,317.1910080166243
3285,YNL040W,464.26795155030584
3286,YJL206C,4355.821324538141
3287,YOL065C,239.95166940163182
3288,YMR114C,16425.84743632845
3289,YHR132C,3381.671481693417
3290,YJL129C,12856.259723427469
3291,YIL166C,0.0
3292,YOR296W,11653.890838746742
3293,YJL024C,2353.0781528298235
3294,YGL050W,0.0
3295,YDL035C,4032.845699428743
3296,YJR130C,1542.2462887583233
3297,YOL022C,8159.057049386443
3298,YDR335W,13033.875648477528
3299,YLR335W,59365.21400119695
3300,YDL014W,38783.82775398015
3301,YOL127W,51954.48111854249
3302,YGR173W,12389.646304596537
3303,YPL174C,3760.860485118863
3304,YFR015C,6325.82537600254
3305,YHL038C,3879.378704416814
3306,YNL325C,6009.295736064008
3307,YDL101C,274.0921329293051
3308,YNL116W,314.9291718434544
3309,YFR053C,5577.130441065733
3310,YPL117C,12754.195711117542
3311,YBR098W,4043.2424508200934
3312,YNL208W,1808.4705194179357
3313,YJL209W,335.5370094908416
3314,YIL074C,276.39251083407714
3315,YOR348C,84.37472192901213
3316,YCL002C,4304.87012260961
3317,YBL006C,11935.72991559273
3318,YDR249C,799.496808980428
3319,YGL133W,21402.773301780187
3320,YER130C,737.0658832973251
3321,YKL203C,11763.508132853674
3322,YPR137W,25029.351522221874
3323,YGR148C,1620.6580777517986
3324,YLR057W,2646.175638249945
3325,YBR294W,2837.944211624781
3326,YGL022W,3891.029061957543
3327,YOR060C,562.2682972531916
3328,YMR140W,5973.995851915601
3329,YJR080C,894.2048140390973
3330,YPL239W,4546.274065647241
3331,YML063W,87682.14231337585
3332,YOL031C,9553.279005874278
3333,YDR434W,2393.590154505324
3334,YAR027W,2347.1213794639166
3335,YDL078C,16357.036027531864
3336,YOL095C,741.4685629441641
3337,YOR265W,373.21789628214606
3338,YCR077C,4250.718155830508
3339,YML035C,7175.524778785361
3340,YDR045C,2340.4938036087574
3341,YBR084W,16310.129529762617
3342,YOR154W,3106.088447067807
3343,YJR044C,221.45256083130647
3344,YDR289C,6671.647277275914
3345,YER004W,1734.337162760526
3346,YCR075C,3558.384653657596
3347,YCL026C-A,680.2507421189216
3348,YEL019C,664.2658858203165
3349,YDR276C,402.7185528475552
3350,YMR166C,827.5117445433752
3351,YMR104C,2590.8104519004587
3352,YJL063C,7261.273679820838
3353,YPL270W,323.9954198078224
3354,YBL011W,764.1986610889139
3355,YIL154C,6849.217016205791
3356,YGR009C,3642.4733008989356
3357,YNL061W,49821.46853887112
3358,YBL050W,9156.30117321615
3359,YOR390W,389.1768618700983
3360,YFR045W,194.93508782023727
3361,YDR062W,6052.958260842865
3362,YDL227C,5306.282593958036
3363,YBR252W,866.7288811109252
3364,YMR012W,16657.155299656115
3365,YNL133C,10634.548045067073
3366,YGL106W,1658.7575400028081
3367,YER107C,5985.878081898581
3368,YHR169W,8424.906235872662
3369,YHR210C,0.0
3370,YER015W,1742.1105539702198
3371,YLL007C,1156.1963591147194
3372,YMR004W,2904.25939538997
3373,YMR157C,1308.8957091084046
3374,YBL075C,2889.899094791557
3375,YJR132W,5854.101911103187
3376,YLR070C,1528.1087937641664
3377,YBL105C,8180.194275932873
3378,YDL065C,5378.85035836643
3379,YMR029C,5511.885844381214
3380,YER033C,1886.436328733296
3381,YGL178W,462.6482389086489
3382,YMR160W,1156.970921558942
3383,YCR011C,2783.223122597038
3384,YLR446W,1408.223807194046
3385,YPL217C,46357.01843145836
3386,YOL107W,1233.1548640455067
3387,YDR446W,7498.179731302414
3388,YHR098C,650.8030984237879
3389,YDR512C,4289.82153995439
3390,YOR081C,7172.134830781592
3391,YIL146C,926.2915052432132
3392,YKL204W,6183.605882836705
3393,YGR043C,7415.1017540675375
3394,YDR143C,3698.4928860106634
3395,YPR102C,15166.227809726613
3396,YPL109C,3941.945851220366
3397,YKL085W,517.6133300545351
3398,YGR126W,21764.40324425682
3399,YDR522C,272.2265745611595
3400,YCL047C,2538.4844316601643
3401,YOL026C,0.0
3402,YMR251W-A,3450.3151136563993
3403,YER049W,4926.641192444659
3404,YDR298C,7742.437430306146
3405,YDL232W,6522.332817642806
3406,YDR328C,38836.8299047615
3407,YER142C,955.6216922646353
3408,YPL020C,2337.295941393207
3409,YDL185W,28128.762920285866
3410,YDR471W,76094.3742639855
3411,YDR086C,801.0373790604315
3412,YOR077W,2838.50338062052
3413,YOL117W,9423.119464572084
3414,YLR237W,3139.106220220734
3415,YML018C,737.2382047296209
3416,YNL273W,6768.487402686584
3417,YDR513W,1207.3669726890107
3418,YLR467W,68.26090959338852
3419,YOR083W,1794.608996284933
3420,YGR158C,1611.707575085753
3421,YFL034W,1692.7101006373455
3422,YGR186W,17164.85691081168
3423,YPR088C,727.9431491787805
3424,YJR008W,1249.8157103591948
3425,YCR035C,4815.0974574092415
3426,YDL236W,1076.0477990660277
3427,YML096W,1081.0562712537367
3428,YBR215W,6846.043601513186
3429,YER162C,12764.108601314658
3430,YOR323C,3805.6122913618196
3431,YGL181W,3694.1970273523343
3432,YPL028W,5908.452188526901
3433,YER066W,690.6559419539109
3434,YPL014W,0.0
3435,YMR144W,3761.829460897483
3436,YOR080W,325.83992955791484
3437,YOR321W,2656.5131936847515
3438,YJL105W,42.07382444143242
3439,YKR071C,26237.073490061935
3440,YDL178W,39.73457752809103
3441,YDL091C,1125.3663466094267
3442,YAL060W,2798.112746788359
3443,YNL054W,7481.341444098777
3444,YOR039W,8737.887884275002
3445,YLR429W,23487.80759009689
3446,YBL103C,20385.267273057892
3447,YCL055W,2209.4267956738395
3448,YPR005C,2657.548711694892
3449,YCR057C,34438.54524862678
3450,YOL082W,6263.866917746377
3451,YIR029W,9087.207691311152
3452,YBR111C,562.4358435976728
3453,YOL158C,0.0
3454,YOR129C,2945.930475099518
3455,YKR019C,197.34424627096118
3456,YJL147C,2526.931943824589
3457,YOL006C,10622.2379858676
3458,YJR091C,3088.24374248615
3459,YHR201C,566.1100749892925
3460,YNR020C,0.0
3461,YGR016W,2379.465114327861
3462,YER032W,515.0592201411434
3463,YKL056C,1714.3236838388461
3464,YDL222C,712.5081731870422
3465,YGR224W,366.08417180297664
3466,YDR517W,15321.669496283803
3467,YOR157C,2036.6883956821496
3468,YMR199W,10964.578337674917
3469,YGR271W,12812.775570264615
3470,YJL212C,0.0
3471,YFR049W,1135.2285035257948
3472,YMR215W,8839.033773591802
3473,YER179W,2972.276276594187
3474,YMR310C,9114.867510823056
3475,YJL042W,10058.826315652348
3476,YGR153W,10824.682066766803
3477,YDR034C,4948.5756757882855
3478,YDR085C,2679.41693820865
3479,YBL026W,6694.744866298837
3480,YPR084W,10124.290739346514
3481,YER082C,10783.197392060501
3482,YHL030W,20555.691034390464
3483,YEL004W,429.03612958173386
3484,YPL126W,47299.40828779317
3485,YJL132W,1364.7901940152653
3486,YOL021C,12528.399394104108
3487,YLR039C,1689.2967605908043
3488,YHR064C,10720.476017212395
3489,YFL052W,706.0155058100121
3490,YJL213W,1575.3802006707433
3491,YLR262C,1099.8357976450325
3492,YNR046W,5321.911431319352
3493,YLR300W,658.3206273449806
3494,YOR226C,1822.853727270237
3495,YJR016C,482.96276395669867
3496,YHR051W,2584.309551866476
3497,YCR019W,2041.8477456313528
3498,YDL176W,7278.516220645973
3499,YKL188C,1063.2327013117977
3500,YJL085W,3794.7330079577423
3501,YJL128C,16734.406785518397
3502,YMR179W,1704.67629399345
3503,YNL195C,435.3778892619366
3504,YLR263W,1356.7613064706118
3505,YLR026C,5684.480705969859
3506,YGR112W,4284.60976344032
3507,YNL118C,14065.4520710693
3508,YLR019W,302.6249865229094
3509,YGR075C,152.4509036876944
3510,YBR236C,2800.828331642534
3511,YNL006W,6057.706088553744
3512,YJL053W,561.9162517007042
3513,YER079W,2690.1120268456893
3514,YMR252C,844.929803361715
3515,YKL146W,70.57017502968503
3516,YBR031W,65894.26699363203
3517,YML132W,7379.041749552752
3518,YIL023C,0.0
3519,YGR113W,11540.353355894693
3520,YDL145C,9984.18973914228
3521,YHR121W,9700.87442928773
3522,YOR160W,10431.483775230063
3523,YEL071W,8431.466639691911
3524,YGR174C,2510.233875265375
3525,YKL025C,198.81772397252993
3526,YJR111C,41.377715884858254
3527,YDR018C,780.4727121664428
3528,YMR211W,1550.9949337277671
3529,YGL009C,14874.607667309236
3530,YOR206W,20356.17175842938
3531,YPL131W,60539.32686777776
3532,YEL029C,902.0968975225003
3533,YJL149W,4976.2601979552965
3534,YBR130C,9588.78528700704
3535,YBR092C,97309.03391983623
3536,YDR364C,2228.770032225202
3537,YGR233C,21171.698849617816
3538,YIL036W,7878.496699405833
3539,YJL168C,824.4325263774648
3540,YBL095W,84.98569502591937
3541,YOR031W,834.7601725153763
3542,YHR154W,4176.808299509561
3543,YOR194C,2370.2495358676097
3544,YML083C,546.7695806786763
3545,YKL070W,5931.94628002795
3546,YPR148C,3366.483201202988
3547,YBL063W,5448.31207155966
3548,YOR047C,48.45411710562839
3549,YNL307C,6277.176698869918
3550,YJR045C,22469.917655554942
3551,YNL287W,17964.372491125796
3552,YNL297C,258.0581297882429
3553,YNR029C,2735.447156822594
3554,YGL107C,1716.6809259868248
3555,YDR268W,3922.4406496489933
3556,YJL047C,13497.22647630271
3557,YHR147C,5669.513407863928
3558,YER036C,8395.0701548199
3559,YNL318C,101.95068845119653
3560,YBL044W,0.0
3561,YER031C,3547.054868844713
3562,YGR237C,4032.4890472185134
3563,YPR116W,75.45571258495185
3564,YOR273C,445.9520725568675
3565,YOL108C,471.54095155209257
3566,YEL054C,1662.45480800332
3567,YNL245C,5426.991923181861
3568,YDR525W-A,1832.774316784137
3569,YDR368W,1284.8276169538553
3570,YPL237W,9335.87204210935
3571,YOR174W,15463.955980380102
3572,YDR415C,291.8840466316484
3573,YML036W,1755.6337008939413
3574,YLR119W,2080.6790848790233
3575,YKR084C,5044.859109628366
3576,YKL080W,5045.202230192723
3577,YAL023C,1791.6529500649447
3578,YGL136C,1780.6797446655046
3579,YDL012C,89.34418569280353
3580,YHR047C,18475.810672584365
3581,YCR099C,565.5225262479478
3582,YLR383W,6941.49787027306
3583,YDL119C,219.211202480785
3584,YHR167W,92.743276686642
3585,YLR145W,3173.4201348351185
3586,YJL216C,636.7369488880817
3587,YDR088C,14787.600555252578
3588,YPL049C,8758.713089948405
3589,YDR197W,620.2018654786358
3590,YML019W,259.64728877706625
3591,YJR060W,2408.5549560005243
3592,YMR052W,3685.6930663560483
3593,YDR038C,2711.3443871117943
3594,YKL208W,5443.134526469065
3595,YMR210W,9796.649826303183
3596,YDR436W,2245.759459927345
3597,YML103C,17825.788035809033
3598,YGL234W,3260.267760094777
3599,YNR058W,6089.137368608947
3600,YHR163W,3577.315030544922
3601,YDR389W,900.3748281108973
3602,YMR213W,23349.796397912774
3603,YPL263C,7141.716070186965
3604,YNR062C,3232.6613747383767
3605,YIR005W,0.0
3606,YEL020W-A,15555.483968569599
3607,YDR326C,2546.0284343065546
3608,YJL054W,278.92400047417516
3609,YGR229C,12910.820976820314
3610,YCL005W,11.61502062538612
3611,YGR044C,952.3041004847604
3612,YDR252W,46.16387601378275
3613,YOR386W,5469.257741613877
3614,YDR464W,6168.678976113144
3615,YHR011W,0.0
3616,YBR052C,2888.960277544581
3617,YLR172C,7935.792389821982
3618,YOL098C,17809.17741055054
3619,YDL164C,860.6008577319485
3620,YJR150C,4629.945568358765
3621,YOR086C,4985.580488838607
3622,YMR242C,51274.31452683084
3623,YER069W,4014.1908267666304
3624,YKL041W,5516.2247407159075
3625,YIL158W,4995.0
3626,YDR458C,1534.1872477201148
3627,YPR141C,4076.1389757277248
3628,YPR181C,13990.842752788127
3629,YLR141W,2013.368315172545
3630,YDR030C,4995.0
3631,YDR087C,23171.46431556471
3632,YMR185W,9727.390809205921
3633,YOL084W,271.73167047569615
3634,YCR012W,10117.864541468021
3635,YJL093C,1233.1549771594857
3636,YHL044W,620.5284661544356
3637,YOR291W,1284.9355722682938
3638,YER120W,23889.471264268297
3639,YLR121C,120.59871380282941
3640,YPR174C,689.6273706669267
3641,YJR094W-A,31727.92022569205
3642,YMR024W,15261.666383886835
3643,YNL157W,10582.149726190219
3644,YNL106C,15169.170058665142
3645,YDR033W,220.67271364663614
3646,YNL124W,7355.341397206402
3647,YDR020C,10735.769608349974
3648,YCR024C-A,57.624388344793324
3649,YGR192C,12657.776809984834
3650,YNL096C,25551.476160532005
3651,YGR127W,804.1947852042268
3652,YMR262W,10399.879640148692
3653,YML127W,8282.202702279386
3654,YAR007C,18709.410002192468
3655,YAL025C,2148.5251216832985
3656,YCL014W,11494.171073327567
3657,YKL098W,100.52720434393774
3658,YGR087C,1098.6641304795273
3659,YOR266W,681.8921771688707
3660,YIL014W,2385.1402219003994
3661,YKR036C,2185.811115033428
3662,YER013W,3302.053919435222
3663,YGR257C,431.90920610434426
3664,YNL098C,2455.497178395577
3665,YDR484W,4993.392519523474
3666,YDR371W,555.0145398652445
3667,YER037W,2188.030370324216
3668,YIR011C,4680.101114422839
3669,YOR304W,17489.42871765759
3670,YHR106W,203.9296702758234
3671,YML026C,3126.2936340648503
3672,YCR069W,1076.0933950067476
3673,YGR032W,2148.004345587123
3674,YNL094W,151.95951698769497
3675,YKR035W-A,3533.7393066906075
3676,YNL255C,8741.562756271835
3677,YLR170C,2585.7639108799412
3678,YJR122W,2692.136540887284
3679,YBR070C,260.8510184416921
3680,YMR020W,2962.2703968992873
3681,YML120C,4541.942105576383
3682,YKR018C,4132.246456697307
3683,YOR195W,8415.395989439143
3684,YOR204W,103700.99738147139
3685,YDR051C,9734.826897729246
3686,YOR388C,5525.031183843783
3687,YKL104C,63678.78112902357
3688,YLR375W,866.8334694847306
3689,YKL016C,4725.124661902794
3690,YPR135W,4439.733351426185
3691,YGR208W,10214.166331358003
3692,YMR159C,1226.01532867033
3693,YLR371W,16240.090211447981
3694,YOL163W,557.4875563802578
3695,YPR007C,1606.1102019387358
3696,YNL074C,5932.318222360945
3697,YDR069C,2547.245622879119
3698,YDR352W,5130.140471068699
3699,YKL002W,2284.9743668936853
3700,YBR267W,2451.8014344629614
3701,YFR043C,3383.558431838684
3702,YLR071C,19366.105331904622
3703,YBR162C,4226.382179687141
3704,YJR055W,491.9629269141158
3705,YHL016C,466.8348231749577
3706,YIL093C,7785.958413027317
3707,YNL086W,18.418518556579194
3708,YMR138W,0.0
3709,YDR421W,543.6415429582217
3710,YOR338W,230.0640026553558
3711,YGL005C,1897.0546497539838
3712,YPR063C,782.1794422404705
3713,YER039C,0.0
3714,YLR370C,8148.7344556284315
3715,YDR331W,0.0
3716,YBR288C,2308.7785386284945
3717,YDR404C,526.7653089310571
3718,YKL006C-A,58.37867234366824
3719,YBR213W,1121.3344984347295
3720,YKR075C,2365.135309163488
3721,YMR280C,7050.157862019042
3722,YPL099C,422.38637170184444
3723,YOR294W,24503.07154126461
3724,YBL018C,9.204861775593171
3725,YLR241W,742.1365775104084
3726,YJR138W,28667.046772622107
3727,YDL208W,18320.037043380857
3728,YBR076W,1557.226008588895
3729,YML014W,8444.918003897887
3730,YNL131W,896.3416342619331
3731,YJL134W,51.174105682147285
3732,YER086W,29101.25796108244
3733,YOL125W,9690.016655078543
3734,YJL073W,543.9021466882982
3735,YAL041W,9166.660354611982
3736,YOL029C,340.87757439756854
3737,YKR021W,426.16712919805354
3738,YDR083W,4631.921118767552
3739,YML032C,4227.022940838158
3740,YJL155C,4698.044315654838
3741,YMR061W,22335.58597066368
3742,YAL009W,1747.466477377974
3743,YER055C,1079.7420510515929
3744,YKL218C,4288.936508582907
3745,YFR028C,13391.666772731214
3746,YGR232W,10614.538555289872
3747,YDR216W,8455.919799303883
3748,YML060W,5480.941899776349
3749,YOR103C,1077.528777243253
3750,YMR267W,2064.262100298777
3751,YOR085W,5450.361034951183
3752,YJL062W,721.4209949828116
3753,YDR373W,626.7455966030548
3754,YFR029W,1706.9164116953104
3755,YHR041C,10012.564974459056
3756,YJL036W,6162.411020979203
3757,YGR042W,4126.220217131305
3758,YDL143W,34531.93050071421
3759,YFL008W,8098.045815392427
3760,YJL187C,2478.2141202977746
3761,YGR216C,403.1819836457697
3762,YNL284C,15447.139527284775
3763,YMR040W,357.83904297172506
3764,YER119C,356.8531431161147
3765,YPL166W,598.7843681033474
3766,YOR166C,1066.2568901949094
3767,YKL075C,11415.549862565855
3768,YBR007C,1524.2712052675754
3769,YLL018C,535.9591801758909
3770,YGR030C,1685.8815480532521
3771,YLR448W,66994.53355162025
3772,YER186C,6436.761771314464
3773,YLL005C,2341.199944356387
3774,YPL125W,1494.0456679278304
3775,YLR025W,20158.032070838988
3776,YOL148C,4297.707725116172
3777,YPL064C,368.9080056703991
3778,YIL117C,265.18965578749095
3779,YMR273C,30040.73639982321
3780,YHR073W,2793.2693628828847
3781,YGR142W,8333.101469583376
3782,YGR104C,1161.8696235400994
3783,YCL010C,26498.769470939496
3784,YOL070C,5454.705828335387
3785,YKR029C,4517.025613863229
3786,YDR236C,6235.985370685995
3787,YER078C,5464.529825014242
3788,YNR031C,8466.059530648221
3789,YBR269C,1211.0848153008299
3790,YJL074C,11425.44341163108
3791,YFR005C,335.09947963468903
3792,YEL066W,35.489766388965094
3793,YBL024W,5980.6616396902655
3794,YGL012W,39.1830475293096
3795,YMR171C,261.8122712823209
3796,YNL194C,1753.674311037994
3797,YER127W,12948.494107566305
3798,YHR108W,8524.480866785643
3799,YER011W,33.40538847841607
3800,YKL222C,7168.836677625283
3801,YMR289W,389.24926115542115
3802,YKR010C,2552.7668109277
3803,YIL161W,9729.106577524304
3804,YDR140W,0.0
3805,YER110C,78531.39310814122
3806,YJL207C,8716.1635114442
3807,YJL097W,283.5059304858169
3808,YBL022C,229.39455417621357
3809,YFR023W,7469.073872442695
3810,YNL084C,13942.96491219501
3811,YOR106W,298.77952003330694
3812,YGL040C,1746.8374271504083
3813,YLR420W,1839.7333067713614
3814,YGL003C,1615.9353343297823
3815,YGR010W,7899.599934171553
3816,YFL017C,110.06660061552238
3817,YGR189C,165.0238908252185
3818,YDR277C,5703.3169999327365
3819,YNL202W,1336.2157154581118
3820,YKR074W,4759.607133071378
3821,YKL084W,317.81636498041115
3822,YPR179C,5840.960181522213
3823,YDR477W,5682.488412889051
3824,YBL078C,168.88685828014022
3825,YBR295W,2166.8480349425613
3826,YGL226C-A,117.64547382222646
3827,YDL079C,1656.9226444298652
3828,YPL029W,499.67428666641786
3829,YLR056W,307.44451659049435
3830,YMR135C,2299.4550960438937
3831,YJL189W,8248.234114728268
3832,YML086C,2401.572047903778
3833,YNL134C,3095.744919602336
3834,YER057C,7020.755309830593
3835,YPL048W,10218.331765034614
3836,YAL014C,9122.510010368165
3837,YGL111W,13624.969112021787
3838,YLR191W,6202.217172086641
3839,YLL058W,144.43053658407905
3840,YLR298C,7513.687484878483
3841,YJL014W,0.0
3842,YFL055W,1638.9528682541393
3843,YJR062C,1458.6231464896211
3844,YHR143W,3431.084270863744
3845,YNL169C,3506.7811418978595
3846,YLR264W,5510.65843439045
3847,YER027C,10730.7805769729
3848,YKL017C,2068.1393729052807
3849,YPR139C,2843.3590910016055
3850,YMR313C,710.2425886567204
3851,YER023W,4343.459549084043
3852,YOR224C,17369.641161290645
3853,YFR010W,6060.758573366796
3854,YML100W,6478.989157108497
3855,YLR096W,960.5416162455988
3856,YBR080C,14270.614823982132
3857,YNL160W,12708.089809708952
3858,YLR412W,9040.34926623334
3859,YHR091C,5659.324053123784
3860,YIL071C,2552.1377967050685
3861,YBR125C,8732.32171062012
3862,YMR285C,1034.6731231616575
3863,YDL112W,6432.838579799685
3864,YAL043C,14469.47065535007
3865,YOR089C,5260.55851306915
3866,YGR038W,9312.21708449081
3867,YHR013C,4797.582636049522
3868,YAL061W,4857.367455136574
3869,YNR043W,3267.327627245761
3870,YDR132C,1793.1356078226418
3871,YGR019W,1502.6982715386716
3872,YKL154W,8018.60068919901
3873,YLR020C,415.51759553304487
3874,YOL016C,6422.43638562947
3875,YKL216W,11342.689706697945
3876,YGR099W,70.34589914015413
3877,YHL025W,13018.604802075815
3878,YAL031C,392.1067547014288
3879,YGL162W,4326.593735864247
3880,YGL019W,28352.319711094355
3881,YDR231C,383.2123146604395
3882,YAL065C,0.0
3883,YBR156C,9158.679426172881
3884,YDR358W,5572.476771277946
3885,YJR129C,6537.829337373041
3886,YGR178C,311.92048113201105
3887,YEL039C,7913.05843811399
3888,YKL103C,2328.952868580997
3889,YDL123W,144.83412181807543
3890,YDR175C,9509.13316124389
3891,YLR210W,5879.673774229311
3892,YKR022C,13074.0842537632
3893,YJL157C,3614.720086011966
3894,YGR201C,459.05909264523336
3895,YCL038C,5822.364776437986
3896,YDR489W,3870.604999429416
3897,YHL050C,0.0
3898,YMR075W,11925.866455114288
3899,YLR150W,7828.597373888303
3900,YMR172W,14209.78870622057
3901,YJR095W,34.51326001984124
3902,YDR466W,5370.3155580699995
3903,YGR221C,947.1648502683431
3904,YPR069C,4474.929800079111
3905,YMR132C,1797.7140870022572
3906,YDR240C,21337.157260183583
3907,YDR130C,876.691593820364
3908,YDR337W,21953.748287490882
3909,YJL011C,3627.5245661630506
3910,YJL008C,46524.91192454656
3911,YDR482C,1569.5723430537726
3912,YDR179C,547.915552406161
3913,YJL069C,7455.74007011302
3914,YLR267W,2301.617642534368
3915,YDL103C,8079.841238091897
3916,YIL047C,227.06491068832207
3917,YLR199C,5426.656708819046
3918,YGR014W,109.58755069312859
3919,YGL207W,3712.4239791602563
3920,YCR023C,1596.0895033310132
3921,YIL155C,184.8872873365198
3922,YLR336C,996.7025080293217
3923,YFL033C,8543.3863031229
3924,YLL027W,2076.558024666867
3925,YNL032W,7391.655510635114
3926,YGR074W,22386.114482890236
3927,YNL225C,5367.117929550076
3928,YGL011C,10286.578442856242
3929,YOR230W,618.0285842872674
3930,YNR030W,5878.643470505887
3931,YDL225W,10110.474413669952
3932,YPL179W,1137.684806887495
3933,YGR007W,247.02229089346616
3934,YBR145W,2017.4736556571288
3935,YML051W,4189.993042260811
3936,YDL120W,41236.68292006175
3937,YMR236W,21613.89911498419
3938,YKR039W,2844.7866656832625
3939,YLR192C,4391.087712389847
3940,YDR158W,6267.622952505785
3941,YJR047C,5557.925940366649
3942,YDR481C,5291.602538281221
3943,YKL060C,24818.40523118247
3944,YDR398W,3705.8882981738316
3945,YDR439W,2933.671654338187
3946,YNL138W,4750.053516555659
3947,YMR220W,109.915541959749
3948,YCL054W,12731.699544092504
3949,YGL147C,37178.055928617534
3950,YMR101C,2771.4847646243547
3951,YGL054C,1493.760631463501
3952,YGR171C,5107.188623097238
3953,YBR148W,7971.503630130288
3954,YHL001W,17799.864997024724
3955,YIR012W,1604.279280250301
3956,YOR070C,3821.6502381551254
3957,YIL114C,1212.4387149242646
3958,YHR142W,537.0787845867368
3959,YOR303W,815.3052577536645
3960,YGL216W,8584.07489016973
3961,YKL198C,1395.0264388273515
3962,YBR189W,12618.334557939263
3963,YIR032C,0.0
3964,YJL029C,689.2935063404723
3965,YDL147W,11762.838205721842
3966,YKR080W,2289.602891469249
3967,YNL233W,1951.8096459663848
3968,YGL123W,6520.582877382654
3969,YHR170W,1694.4086244160412
3970,YBR139W,2910.240920038322
3971,YPL154C,2202.4982873862596
3972,YKL003C,1898.2642531881131
3973,YNR055C,0.0
3974,YDR207C,6599.958016405923
3975,YKR052C,2966.4367681790286
3976,YDL005C,2267.448723103471
3977,YGR144W,3714.4206190097825
3978,YDL131W,11300.206064356062
3979,YDR492W,0.0
3980,YOR145C,32779.01192774078
3981,YGR274C,15574.151038084628
3982,YOR350C,1449.9927328802946
3983,YHR103W,1699.9990935880644
3984,YGL134W,719.1214363821862
3985,YLR369W,3045.0100376981127
3986,YJR074W,957.558286351066
3987,YOR313C,1132.6623710964857
3988,YKL093W,1398.7025653010267
3989,YMR255W,12558.088857976976
3990,YBR157C,2890.8671100475435
3991,YOR156C,6759.604257992479
3992,YOR269W,255.28858864119093
3993,YML056C,44390.34467693676
3994,YGR109C,318.8264164490934
3995,YKR106W,238.84421697771467
3996,YMR239C,7825.23489015716
3997,YIL177C,824.0561690460612
3998,YIR025W,1655.155360257589
3999,YLR359W,2255.442279152874
4000,YDL146W,5191.883891901434
4001,YJL140W,24091.833369601158
4002,YER080W,1216.0867088897194
4003,YMR218C,1224.0702659229837
4004,YNL270C,140.23363492919475
4005,YGL148W,2412.2382796097995
4006,YJR118C,2576.991742989597
4007,YIR010W,10304.600309142188
4008,YNL181W,1090.564765061604
4009,YGL203C,2943.000205806576
4010,YNR034W,4357.095627345398
4011,YLR137W,1291.3746947770474
4012,YLR281C,1190.761804067408
4013,YER016W,8064.165291995637
4014,YHR115C,7212.180158285631
4015,YBR067C,0.0
4016,YBL076C,7754.873900934206
4017,YDL210W,46.441883023200845
4018,YOR276W,12131.75050217083
4019,YHR137W,3135.9803462504074
4020,YKL179C,4934.010720850048
4021,YLR216C,2241.1626090839723
4022,YMR098C,3471.3455209329227
4023,YOR132W,3273.0667923365177
4024,YBR275C,6464.6432395677975
4025,YDL198C,919.0728774515685
4026,YMR090W,7518.10968275253
4027,YML058W,109.915541959749
4028,YDR392W,7974.447865473986
4029,YNL136W,5427.044618829616
4030,YPL033C,0.0
4031,YJR147W,10194.706103657225
4032,YOL033W,5187.356814246904
4033,YJL214W,720.9664018259826
4034,YJR010C-A,2785.292459842061
4035,YAL012W,59.317739667934234
4036,YMR019W,955.8876146599283
4037,YDL042C,5490.69384578907
4038,YCR060W,0.0
4039,YBR149W,2254.9959117224234
4040,YER093C-A,1654.2926482678556
4041,YDR403W,1304.4118437272361
4042,YDL069C,1871.4254482932372
4043,YPL150W,9232.99590414947
4044,YKL022C,18762.116259192328
4045,YMR099C,8507.503571252219
4046,YNL069C,14316.589084479237
4047,YPR114W,9115.429559758077
4048,YPR004C,5406.48833782429
4049,YNR011C,2043.8799713740343
4050,YJL106W,0.0
4051,YDR057W,180.71410297094172
4052,YLR110C,298.2102490495671
4053,YNL080C,2245.9228709826452
4054,YJL083W,5028.390706177918
4055,YAL048C,6494.93616016598
4056,YBR048W,141887.21720169138
4057,YDR472W,1099.2017743009967
4058,YKR086W,5634.132807590578
4059,YOL151W,813.3186712419187
4060,YKR091W,2330.9600183302255
4061,YPL257W,10150.143526342466
4062,YDR321W,1522.0750552559934
4063,YOR054C,160.3755865979223
4064,YOR073W,6946.427397971689
4065,YML017W,4793.007596150547
4066,YGR246C,297.93217584933
4067,YGL194C,5302.418991835911
4068,YFR046C,345.5499953381261
4069,YBR258C,0.0
4070,YDR013W,0.0
4071,YHR025W,462.6048709618634
4072,YMR136W,1243.8035953518536
4073,YNL224C,3689.016014417172
4074,YPR160W,3926.6210080471274
4075,YMR229C,21100.234252892686
4076,YGR123C,608.0856315583508
4077,YDL149W,1114.5484964118461
4078,YPR131C,0.0
4079,YGR179C,7960.37319547474
4080,YDR032C,6767.927709505739
4081,YJL056C,4806.534811085822
4082,YOR369C,795.5393220417664
4083,YIL098C,2102.89805217481
4084,YOR360C,1813.698289427709
4085,YDR063W,4324.677666425838
4086,YDR049W,6314.8701728956075
4087,YFR037C,22333.420890652265
4088,YDR388W,1781.6394593123862
4089,YNL185C,13226.95698038744
4090,YOL144W,18895.812640045897
4091,YPL157W,4000.010517697021
4092,YML031W,1725.1430107553401
4093,YJL023C,1308.7850962860743
4094,YDL089W,2071.4633967479936
4095,YPR145W,21418.709709885126
4096,YDR208W,1811.3499597733266
4097,YLR089C,9818.65201974719
4098,YKL067W,113.63019157847688
4099,YIL147C,1800.6390477463715
4100,YBR263W,34197.50952669882
4101,YGR220C,15017.116716703838
4102,YAR015W,3261.142239450057
4103,YKR004C,489.20195934644113
4104,YCR046C,4321.947185382294
4105,YLR431C,0.0
4106,YAR071W,3746.892979695788
4107,YHR105W,314.94689275000167
4108,YDR185C,1691.2792336850032
4109,YDR370C,674.1258759658309
4110,YNL113W,20874.845319435422
4111,YMR277W,3747.5829233579457
4112,YLR410W,5836.383902097805
4113,YGL070C,5095.829323991447
4114,YKR003W,9191.096229318538
4115,YDR310C,9669.725931315785
4116,YDL110C,21108.01104941705
4117,YGL255W,5056.8629330048325
4118,YJL006C,2779.346184270509
4119,YPL011C,22928.409892254112
4120,YER001W,2786.007845268239
4121,YDL108W,360.2085670442566
4122,YOR033C,8831.197392571596
4123,YDR295C,6954.427319869892
4124,YLL051C,602.3521799379972
4125,YGR286C,2037.9397992919573
4126,YPL170W,3082.0950724727013
4127,YDL083C,11905.203672348021
4128,YKR055W,703.7682549615381
4129,YDR082W,107.3074068455014
4130,YPR138C,59.83358116625576
4131,YLR097C,765.1657908883642
4132,YBL046W,80.67685322292607
4133,YMR268C,20042.379289473378
4134,YOR330C,5946.814244423682
4135,YJL174W,1791.1697667870662
4136,YLR007W,556.7314004371198
4137,YML054C,84.15283798171625
4138,YBR039W,7529.728241699492
4139,YKL206C,6612.449055882968
4140,YHR005C-A,9267.932260658443
4141,YBL090W,12286.29344823117
4142,YAL029C,8163.295040620516
4143,YJL003W,785.8998867898255
4144,YLR054C,3353.139367907706
4145,YGL195W,23470.90031250324
4146,YPR025C,13316.84853210734
4147,YNL336W,2585.9427813729867
4148,YJR103W,2144.1541517061473
4149,YHR094C,1539.575033613423
4150,YLR099C,2150.147629726822
4151,YDR495C,7946.955177521502
4152,YML118W,737.7128653005939
4153,YOR320C,312.743933085176
4154,YKL064W,3516.30441960768
4155,YER022W,7825.163653720949
4156,YAL002W,9615.673222356434
4157,YDR519W,4197.528786046588
4158,YGL086W,7784.509040232244
4159,YMR319C,25.576893546575874
4160,YEL052W,215.5197790785859
4161,YGR284C,841.9123579877122
4162,YPL248C,7995.2552170570625
4163,YER085C,1031.302065977212
4164,YJL033W,13541.805196900084
4165,YML027W,1591.577962168262
4166,YDR296W,8834.477568687224
4167,YJL037W,1713.4043750646977
4168,YDR237W,29510.725863197436
4169,YCL009C,10368.354158173423
4170,YLR116W,1915.754604056437
4171,YGL201C,6348.330045742882
4172,YDR363W-A,11658.374467040137
4173,YKR044W,808.9377270035249
4174,YOR061W,24544.43416978292
4175,YGL059W,1622.2038448031813
4176,YPR149W,3507.79518736371
4177,YBL112C,38.123843629485634
4178,YCR068W,1797.9637924023643
4179,YGL068W,6393.663611273916
4180,YOR165W,6923.623211142631
4181,YOR213C,2107.24779240335
4182,YFL009W,4942.174196725165
4183,YDL077C,3045.8019452894187
4184,YAL033W,348.9920587887515
4185,YOR022C,3107.723276734914
4186,YOR114W,5546.521577057439
4187,YPL180W,1655.2692939813146
4188,YPL159C,1894.521636394946
4189,YOL078W,8097.418427782636
4190,YNL209W,41107.55865486905
4191,YFL041W,419.7349435556864
4192,YBR279W,5893.36247336046
4193,YFL003C,1615.5330940251724
4194,YML025C,7453.985118431457
4195,YDR443C,23541.505049389987
4196,YOL027C,9400.11516898512
4197,YBR017C,16598.125958635745
4198,YDR479C,4268.63534894189
4199,YIL040W,0.0
4200,YMR312W,3840.2802947672344
4201,YLR439W,10848.260396362683
4202,YGL150C,16324.743688866853
4203,YMR294W,962.618840288766
4204,YML066C,7223.217245926577
4205,YNR019W,8893.117295053578
4206,YGR180C,2984.734520550631
4207,YDR115W,2688.2066269546235
4208,YKR058W,0.0
4209,YJR096W,24877.40148494417
4210,YEL024W,1738.2601131166793
4211,YEL021W,9240.08647394538
4212,YHR168W,1427.1433001508587
4213,YOL110W,682.2700481506351
4214,YLR133W,210.8598757274261
4215,YOL136C,348.1351669011321
4216,YGL240W,4243.906731243594
4217,YHR102W,1457.0273233114815
4218,YML013W,5975.548543970642
4219,YGL130W,3423.750371838308
4220,YDR480W,1449.442629637146
4221,YNL302C,8588.869522463558
4222,YHR159W,63.50178005119625
4223,YGR285C,11636.134059749278
4224,YDR359C,19290.62520602538
4225,YBL052C,3413.8504429080044
4226,YOR095C,4815.30568838659
4227,YLL013C,5657.163788820408
4228,YDR092W,61402.25204215238
4229,YAL010C,1044.2157583470607
4230,YPL211W,569.8825309486477
4231,YPL255W,2102.342356608653
4232,YER038C,5518.546036985815
4233,YDL207W,6131.247756793363
4234,YLR347C,46006.05222458096
4235,YER091C,1073.7186120790634
4236,YDL241W,0.0
4237,YKR009C,7521.700916556054
4238,YDR534C,6083.9140530178365
4239,YCR032W,3254.794449486683
4240,YDR026C,16482.073209998696
4241,YMR207C,4449.425122703259
4242,YNL309W,4786.40465828775
4243,YJL118W,4417.544415712383
4244,YNL222W,175.81218707552512
4245,YML061C,8086.313592723375
4246,YKL047W,2159.591296062689
4247,YLR130C,88.85181804708176
4248,YAL019W,3746.8368598183065
4249,YOR107W,983.5524583846621
4250,YIL056W,2636.383066233258
4251,YHR161C,3068.6546225828106
4252,YGR161C,22364.22242739402
4253,YOR207C,30821.867856330402
4254,YNR047W,0.0
4255,YMR143W,241.6808792172115
4256,YOR035C,13874.150277952918
4257,YKL205W,0.0
4258,YNL007C,523.3840262728226
4259,YMR167W,3537.3876836438626
4260,YAR002W,5953.735659172094
4261,YEL025C,10260.585970480997
4262,YLR108C,2211.968879106453
4263,YCR094W,1041.3066752948869
4264,YHR062C,1786.2242239922418
4265,YDR308C,22446.47366343514
4266,YKL024C,9944.739684558004
4267,YDL216C,2177.480315370904
4268,YMR205C,6726.825043506011
4269,YIL156W,3434.452671034653
4270,YML012W,17585.6775385535
4271,YOR023C,10797.984400922089
4272,YIR002C,7864.7047242809485
4273,YNL258C,313.65535398728406
4274,YPL149W,296.37108683960804
4275,YDR414C,1044.583531999349
4276,YOR025W,0.0
4277,YGR027C,2649.4195084454286
4278,YPL041C,1123.7016602026636
4279,YNL103W,858.5447072408045
4280,YGR118W,9059.43772761024
4281,YGR057C,102.86341858345158
4282,YDL030W,18471.453845795946
4283,YBR071W,175.54043034426704
4284,YGR215W,29273.652990702038
4285,YDL148C,24281.687010684844
4286,YDR444W,2712.2622512401226
4287,YDL138W,409.8054372200092
4288,YHR182W,2193.780211604317
4289,YCL024W,3670.44607738579
4290,YJR011C,1263.5344712114904
4291,YKL148C,1149.6359649243811
4292,YAL042W,11122.829480850522
4293,YNL189W,28560.318118498
4294,YBL047C,1890.3318500062271
4295,YJR073C,362.94004879122696
4296,YGR253C,1520.9369406965275
4297,YKR098C,2221.2088355307874
4298,YNL186W,3659.5571939994065
4299,YDR539W,0.0
4300,YDR416W,11045.426333120746
4301,YKL101W,8143.833784603137
4302,YDR449C,56245.73553247216
4303,YCR081W,14301.370643312253
4304,YJL126W,3287.795701200912
4305,YCL058C,4870.453627257676
4306,YJR160C,1035.8702991638108
4307,YOL101C,1153.7853362670473
4308,YOR254C,6707.730231832716
4309,YEL065W,2532.426286291168
4310,YDL010W,1468.3422149079431
4311,YMR119W,37.19019604774918
4312,YHR133C,3797.957638386661
4313,YOR007C,1818.217556089987
4314,YLR283W,2618.273376845683
4315,YMR323W,3432.083985934381
4316,YDR531W,288.70427078273013
4317,YMR127C,995.9903815413687
4318,YDL188C,7580.364822700521
4319,YKL082C,417.8181119592796
4320,YJL104W,75.61021571763595
4321,YKL009W,1525.5187938493002
4322,YOR063W,128609.34978798589
4323,YHR150W,66.21575400449132
4324,YDR463W,517.9470820077858
4325,YLR275W,23340.825464118854
4326,YLR436C,7556.665961229781
4327,YMR191W,89.4986424419502
4328,YAR035W,7090.982696822573
4329,YMR212C,5360.379061518427
4330,YBR291C,839.5662406782885
4331,YLR215C,6790.7228597539315
4332,YJL125C,5668.7929485970535
4333,YNL072W,1004.385124847589
4334,YOR127W,206.73740033868444
4335,YIL008W,491.8814985100801
4336,YPL151C,7347.271484354662
4337,YDR028C,36929.413566309566
4338,YLR426W,394.4946683439253
4339,YMR317W,0.0
4340,YOR161C,60.03793846196516
4341,YHR194W,2202.5110830340645
4342,YPR074C,1059.3595819695508
4343,YOR006C,5081.510073026794
4344,YLR321C,2923.640204606158
4345,YOR358W,929.6299259253725
4346,YHL021C,2268.537435022088
4347,YDR354W,605.2436081492062
4348,YCR010C,560.4383917327186
4349,YKL012W,13834.29650828929
4350,YDR181C,1508.383976301707
4351,YDR523C,33.55051934244693
4352,YPL188W,2033.7337618375145
4353,YPR109W,0.0
4354,YHR199C,239.55060087763317
4355,YDR514C,1670.3769295218456
4356,YER147C,5517.758359114491
4357,YBL015W,4001.9612900286397
4358,YJR112W,8285.879113240424
4359,YKL050C,1223.027199889541
4360,YKL212W,7355.131517621161
4361,YDR107C,5078.790710713316
4362,YML073C,63524.20500152296
4363,YNL137C,6163.654689449092
4364,YPL269W,1080.8713422953624
4365,YOL083W,10582.352555691521
4366,YPL024W,924.5995603028266
4367,YJR109C,3958.5051545694378
4368,YGL189C,2437.062134164554
4369,YDR166C,1929.1298156491982
4370,YHR138C,565.9552292847927
4371,YLR242C,560.073525821873
4372,YJL043W,87.00550468567856
4373,YPL146C,25444.149827430752
4374,YHR081W,1791.6261089823304
4375,YLR355C,6426.162434839455
4376,YOL052C,1595.3367545502208
4377,YJL143W,144.50587183394916
4378,YJL081C,28108.41741620686
4379,YHL026C,2349.7212886859293
4380,YDR017C,7137.577329748218
4381,YOR048C,18512.935413309882
4382,YHR071W,153.56960013125595
4383,YHR146W,1043.5646082983008
4384,YDL168W,9754.536274297534
4385,YDR198C,0.0
4386,YOR115C,1069.0891631985903
4387,YLR330W,1749.977911253618
4388,YMR315W,10924.542977084493
4389,YLR345W,11721.658448634162
4390,YDR394W,18781.235822242976
4391,YPR108W,12212.697895019468
4392,YMR112C,17211.588610368948
4393,YDL217C,1855.2964178834584
4394,YBR091C,193.31468941360174
4395,YOR212W,3592.0461985053366
4396,YBL059W,323.9119160051831
4397,YHR131C,3077.118156245982
4398,YGR187C,2996.3202480609084
4399,YOR293W,2031.2900124452442
4400,YMR283C,811.5896149781311
4401,YLR450W,1664.5787504507537
4402,YKL170W,601.1835859340265
4403,YGL039W,33.99705899851346
4404,YGR031W,0.0
4405,YJL185C,1571.5950750383747
4406,YMR017W,0.0
4407,YJR119C,2382.628625816753
4408,YDR301W,10951.914611516377
4409,YBL028C,2962.2703968992873
4410,YGR093W,5930.758800818859
4411,YKL010C,18566.268492224463
4412,YHR109W,3519.078064379273
4413,YOR153W,7687.829293660236
4414,YPR013C,0.0
4415,YDR223W,162.38844601501043
4416,YGR096W,967.1040950960318
4417,YPL054W,2338.876661935589
4418,YOR192C,783.9149983995087
4419,YPR118W,13525.267719940513
4420,YNL163C,4289.382753600845
4421,YPL231W,6697.4480130511765
4422,YFR038W,4804.092308540564
4423,YKR020W,1070.2684920115423
4424,YLR138W,3232.8037712076953
4425,YGL058W,20875.282505432053
4426,YLR016C,1511.4482984604358
4427,YLR363C,8364.668965398998
4428,YCL052C,0.0
4429,YPL206C,5961.824725268623
4430,YPR147C,0.0
4431,YML093W,9843.675874633489
4432,YOL109W,1991.0723295696744
4433,YPR043W,125.32314347459975
4434,YDL070W,4455.818405749284
4435,YMR290C,52392.085417961454
4436,YPR082C,2744.838368398815
4437,YGL060W,610.9352316354857
4438,YLR013W,0.0
4439,YIL120W,753.1000740516481
4440,YLR176C,5210.421246924279
4441,YCR100C,2576.8200327404306
4442,YLR466W,1285.671480496383
4443,YOL054W,11825.962046676941
4444,YMR316W,121.31442102575731
4445,YER158C,203.88052933454128
4446,YBL058W,5323.988988420604
4447,YBL085W,5032.390072816387
4448,YMR221C,0.0
4449,YNL286W,0.0
4450,YGL095C,5425.155240445739
4451,YER101C,1696.5897212065042
4452,YBR175W,10430.796398101424
4453,YJR077C,15795.049119447893
4454,YKL211C,18234.98129658863
4455,YOR071C,1313.6966313442192
4456,YBR243C,506.01098726196545
4457,YOR299W,3411.3649407378493
4458,YOL077C,32874.6657678487
4459,YLR139C,3575.5808206523543
4460,YDR076W,1315.969319365116
4461,YDL167C,9041.464294920426
4462,YEL046C,666.1160307053209
4463,YDL004W,4697.233631783916
4464,YLL056C,2633.8909114906746
4465,YGL110C,5325.591533933928
4466,YPL165C,4710.869522485611
4467,YOL057W,2898.607533068936
4468,YPR204W,259.3107123379629
4469,YMR054W,668.4669910999553
4470,YAL007C,5085.155561233245
4471,YOR270C,5795.639971096531
4472,YPR158W,133.00279551862317
4473,YLR301W,630.7632530654796
4474,YKL217W,675.2064465017072
4475,YJL116C,3358.260232579919
4476,YCR007C,4049.6571270073696
4477,YDR204W,1463.6557483462723
4478,YKL145W,30333.73138565685
4479,YCR026C,5326.917819247794
4480,YML071C,4693.872391021546
4481,YDR516C,1723.8083414053106
4482,YLR048W,77019.05609713514
4483,YOL002C,368.7179768791044
4484,YDR167W,18257.180496713663
4485,YPL213W,10375.97830120967
4486,YMR311C,25526.426291737782
4487,YFR030W,11126.52743082799
4488,YNL107W,12619.57698737208
4489,YPL219W,10216.660612632764
4490,YDR494W,14647.646481020907
4491,YNL190W,2317.4704737860725
4492,YOR090C,339.9102405044937
4493,YER064C,4194.992935964992
4494,YKR103W,1138.2384390761672
4495,YLR288C,418.81134640504985
4496,YDR312W,7053.15165371154
4497,YLR266C,0.0
4498,YGR002C,12400.980477667716
4499,YIL111W,4504.7454817204625
4500,YPR034W,12252.511770123912
4501,YBR120C,3704.4660542831602
4502,YOR315W,1155.876011304787
4503,YGL236C,2367.516160355205
4504,YHR061C,0.0
4505,YGR194C,750.1815740137437
4506,YPR097W,781.4933263629121
4507,YGL081W,766.1115683427661
4508,YKL033W,5874.500643023467
4509,YAL056W,1092.7005700848822
4510,YHR135C,1271.6453605462405
4511,YDR229W,0.0
4512,YCL042W,1305.0419698018372
4513,YHR012W,7206.278329896945
4514,YKL074C,3899.111890280786
4515,YCL028W,9080.826046370856
4516,YGR236C,519.3005975827755
4517,YAL005C,0.0
4518,YKL144C,3436.7350662837594
4519,YOR370C,11307.976848353845
4520,YBL104C,20600.747619070084
4521,YEL031W,6277.091577430754
4522,YGL029W,1480.5549403028028
4523,YPL032C,3841.936258101009
4524,YDR145W,16219.065647006828
4525,YER042W,6469.4299717305585
4526,YHR087W,1349.5547181686475
4527,YER030W,15731.947405836467
4528,YGL226W,395.3827063021964
4529,YPL017C,186.7746738791345
4530,YMR237W,1830.9144087181091
4531,YKL181W,5056.547634413539
4532,YJL039C,13567.644955266094
4533,YPL030W,2030.3849862629004
4534,YNR009W,6591.831735891647
4535,YKL021C,8198.462916997256
4536,YDR386W,8538.933910114367
4537,YOL007C,4074.0095913779337
4538,YPL118W,11956.434714384757
4539,YDR273W,170.0096219200289
4540,YLR418C,7911.397027986479
4541,YBR006W,2024.9544075525234
4542,YLL036C,16030.218299829383
4543,YMR113W,2014.2901118118489
4544,YHR028C,1677.7109101049025
4545,YML105C,8795.750706682496
4546,YDR541C,1762.4950408043683
4547,YOR075W,6414.836249675182
4548,YNR060W,2275.5472551522807
4549,YPL096W,2034.6584680366523
4550,YCL061C,549.7767553523045
4551,YPL258C,9071.146393055751
4552,YBR235W,95.36093518299135
4553,YIL131C,47.07703404393515
4554,YOR285W,35.08662833036877
4555,YBR058C,664.0480286893734
4556,YGL114W,1340.7936428810322
4557,YDR448W,8668.245117166205
4558,YML074C,4745.772545051471
4559,YPR134W,1794.2443992243905
4560,YPL264C,195.06776559192932
4561,YHR143W-A,15379.910093492581
4562,YDR125C,0.0
4563,YJL176C,18116.106894419783
4564,YKR011C,3823.6927181607384
4565,YKR063C,97.25757363034394
4566,YDR457W,17133.472794147736
4567,YBR088C,3287.8342455999896
4568,YNL280C,1403.5376688769559
4569,YOR131C,31975.813553660486
4570,YLR423C,1632.751770095956
4571,YIL123W,413.03472124739756
4572,YGR041W,2292.2171099246752
4573,YDR459C,91.24215223266496
4574,YOL090W,29685.240881733414
4575,YPL221W,2974.6996530019837
4576,YPR049C,5812.339061429524
4577,YDL001W,947.4241766270582
4578,YBR119W,4050.762902402184
4579,YEL063C,4831.945392590704
4580,YOR184W,13667.796993288219
4581,YFR052W,17934.295290073635
4582,YFL011W,98.52033865925775
4583,YDR381W,29839.699006176852
4584,YCL037C,8720.423754283009
4585,YJR141W,441.8537939668959
4586,YOL055C,1693.708429768856
4587,YNL075W,25317.989300784222
4588,YJR153W,4181.182963822889
4589,YML108W,3447.7736021213136
4590,YGL122C,5570.330845229182
4591,YPL155C,2686.30974408182
4592,YER072W,3853.416955910081
4593,YPL075W,101.2174403239873
4594,YPL178W,6516.879720993647
4595,YDR078C,0.0
4596,YPL215W,3580.6626140786707
4597,YPL057C,6146.167566196627
4598,YGR076C,3676.4137536711105
4599,YLL010C,2271.9727897088906
4600,YOR012W,61.634295615700196
4601,YLR223C,9731.412931925519
4602,YNL016W,22361.995840074294
4603,YER118C,2395.873248045235
4604,YGL044C,2698.581071672871
4605,YGL073W,2973.4378205629046
4606,YJL222W,15929.137618487357
4607,YGR100W,2674.128099541543
4608,YBL088C,12648.642790576147
4609,YDR372C,8924.71328374246
4610,YGR198W,922.6605016298522
4611,YLR258W,23136.878578027026
4612,YLR046C,4076.87677609873
4613,YJL180C,5075.563413134548
4614,YDR195W,13547.042991611832
4615,YFR022W,2280.580484484663
4616,YKL006W,18306.72808126636
4617,YIL075C,34774.430372209004
4618,YDR163W,74.56066740080344
4619,YBR159W,2365.483725278503
4620,YPL266W,12581.293684650476
4621,YDR282C,2421.0779883095197
4622,YHR181W,588.7240399795776
4623,YGL112C,52629.89649855355
4624,YJR123W,40493.898959527396
4625,YKL013C,142.3505014103426
4626,YJR063W,8137.803963747831
4627,YBL097W,17031.618965703983
4628,YPL108W,83.57835945744762
4629,YBR041W,354.5169668291092
4630,YKL108W,1051.7819229527724
4631,YGL066W,18757.341478794973
4632,YLL050C,184.16565035269846
4633,YGR217W,174.51535279489582
4634,YJR052W,4995.0
4635,YNL326C,4995.0
4636,YDL056W,4922.514248119721
4637,YJR068W,18119.964071440405
4638,YDL195W,12209.520780250454
4639,YDR162C,1556.9336913659597
4640,YHR127W,3106.5232219234767
4641,YBR180W,1364.6518803063268
4642,YNR021W,8454.644002042844
4643,YPL253C,5239.56548839274
4644,YGR055W,3507.673867773377
4645,YLR278C,1968.625893238681
4646,YML065W,18355.50650604404
4647,YIL149C,4736.132950926656
4648,YPL191C,3664.2751310995254
4649,YFL029C,3512.280379439119
4650,YPR086W,240.19569169051658
4651,YOL114C,1519.6480591000463
4652,YLR354C,0.0
4653,YDR486C,552.6747542072143
4654,YFR033C,3364.7726390302887
4655,YHR155W,1873.7937625815819
4656,YNR032C-A,12727.31852863108
4657,YGL173C,46945.513262073924
4658,YJL112W,2630.9532593715708
4659,YMR227C,13932.035008310155
4660,YLR407W,790.728863597302
4661,YOL093W,6874.346963690229
4662,YER018C,3555.1719612620827
4663,YDL243C,77.494635687326
4664,YJL186W,6685.4163853439795
4665,YDR170C,31954.788864930546
4666,YDR410C,1113.8717022290912
4667,YBR050C,1599.026772708542
4668,YOR210W,14057.421530149346
4669,YLL024C,6227.9045712957595
4670,YAR019C,257.1074946135944
4671,YNR074C,8253.718582950058
4672,YLL019C,3642.697676534002
4673,YFR004W,17724.649777828403
4674,YLL038C,6302.076490342789
4675,YOR251C,16052.791587810538
4676,YBR274W,5061.326539987117
4677,YML047C,386.0749281868692
4678,YFR026C,67.81480481321965
4679,YMR125W,44983.00120302525
4680,YOL080C,68.06756794624546
4681,YOR252W,2709.863421135976
4682,YGL252C,16799.0218648154
4683,YEL040W,1494.6569146775971
4684,YKR092C,15855.378980687497
4685,YER060W,209.8595053680033
4686,YGL115W,4760.942431885852
4687,YOR357C,69.48130080063568
4688,YNL126W,4156.345483994809
4689,YOL140W,2342.0626920662376
4690,YPL074W,6068.850820459726
4691,YDR365C,9019.450690178273
4692,YBR086C,1743.6314568662397
4693,YML002W,3708.7565815513353
4694,YLR312W-A,12741.63691998618
4695,YPL203W,6641.28127363149
4696,YDR399W,9083.796893578876
4697,YLR131C,5228.295023075415
4698,YGR263C,5742.463261503937
4699,YPR180W,6624.623523668322
4700,YJR007W,17303.244764584593
4701,YIL118W,798.3457642626576
4702,YML030W,630.2461356289582
4703,YOL034W,8476.797576022253
4704,YER096W,4068.271299974044
4705,YDR128W,1522.2200541178504
4706,YDR214W,17136.16751653986
4707,YGL215W,370.43728469241194
4708,YKL180W,42348.78354526141
4709,YDR016C,0.0
4710,YHR190W,168.80268428628332
4711,YHR009C,1116.9763095106205
4712,YKR002W,12999.239633942492
4713,YLR009W,13058.199756623879
4714,YER088C,176.80423654272835
4715,YER131W,5521.656530110308
4716,YDR538W,2429.420411652831
4717,YNL231C,2474.715817491974
4718,YHR156C,8700.425198429784
4719,YGR095C,4417.25916487568
4720,YNL128W,4355.495671033604
4721,YLR066W,1538.3991247404585
4722,YPL111W,2533.2632081567403
4723,YOR290C,20721.353818644046
4724,YOR255W,1744.8813902167576
4725,YPL128C,9751.87277774318
4726,YLR068W,2281.390250975116
4727,YKR101W,2916.6944889981414
4728,YDR124W,701.0974552431761
4729,YOR257W,4909.242765223712
4730,YDL160C,61116.49485401286
4731,YNR054C,19090.024951824824
4732,YCR015C,1247.8317929629086
4733,YMR288W,5310.397279759987
4734,YHR085W,58.13197391745898
4735,YLR105C,2950.6858900107713
4736,YDL088C,1166.7990337745648
4737,YFR042W,742.9108917555095
4738,YJR136C,5617.655286880377
4739,YER103W,1247.9709260632842
4740,YPL076W,422.0590714638006
4741,YMR235C,8439.543853654119
4742,YHL028W,313.507824434821
4743,YOR275C,3954.283971422367
4744,YGL208W,5022.1702746044275
4745,YNL188W,4657.0583425916475
4746,YDR429C,4023.656492254332
4747,YCR018C,0.0
4748,YDR306C,2683.8027151014157
4749,YHL029C,10905.038823653835
4750,YHR134W,3140.0103598460137
4751,YPL196W,2739.789418268245
4752,YJL139C,563.7883574768672
4753,YJR006W,0.0
4754,YOL139C,28306.37743375925
4755,YNL091W,5769.487835846365
4756,YGR280C,5551.529763952092
4757,YNR015W,2489.20334843749
4758,YIL124W,412.9180644047532
4759,YER104W,724.652197699985
4760,YIL148W,307.96596927187437
4761,YGL002W,1396.9996490527637
4762,YGL026C,124.14009386974367
4763,YBR033W,895.7544738592771
4764,YMR302C,10573.97397416313
4765,YLR398C,11972.904577255822
4766,YDL015C,9342.643992604337
4767,YPL243W,3446.3698799802733
4768,YBR128C,54.407540942154625
4769,YLR051C,1561.577455781145
4770,YKR024C,7902.482492169168
4771,YNL073W,6822.427228872358
4772,YNL239W,13547.118172304336
4773,YML007W,9196.586737391903
4774,YDR047W,57.08294036564174
4775,YIL046W,1602.8283031850283
4776,YKL214C,2163.420018638546
4777,YBR169C,7074.518272042082
4778,YLR125W,166.10859955956897
4779,YPL173W,13702.164100729975
4780,YNL070W,370.43728469241194
4781,YMR121C,11104.821440505819
4782,YDR027C,5174.487141402518
4783,YHR196W,15088.82840575853
4784,YKL088W,2897.163403263317
4785,YNR037C,2621.8680599773174
4786,YGL205W,9959.053016197531
4787,YDR093W,1970.1149407497883
4788,YML133C,1797.052549089162
4789,YCL040W,3879.0662318426703
4790,YLR403W,17.212877409269908
4791,YPR008W,2687.1766800126
4792,YOL013W-A,20.746874689805612
4793,YLR155C,0.0
4794,YOR253W,261.862289816426
4795,YOR010C,2034.8767852603346
4796,YFR017C,2466.517813452022
4797,YMR044W,22.795035806017978
4798,YOL129W,2073.6879648295026
4799,YLR337C,10877.897598871576
4800,YLR328W,82.4686968710825
4801,YGL093W,2894.9907940959456
4802,YKR054C,1030.6462431088642
4803,YHL031C,3891.868229886146
4804,YOR097C,118.66341909654278
4805,YGR086C,2392.934941429083
4806,YOR078W,28293.461790042078
4807,YBR207W,6571.468606940463
4808,YGR162W,4918.553157698072
4809,YNL277W,928.0049619346385
4810,YPR017C,0.0
4811,YNL251C,6015.253866353252
4812,YBR199W,16201.893611048496
4813,YPR107C,2425.631017388134
4814,YDR258C,3707.5175391655025
4815,YPL113C,2990.6540798262668
4816,YER041W,1001.6643098212311
4817,YGL063W,1757.78119864154
4818,YLR447C,13588.889953182435
4819,YPL046C,0.0
4820,YLR100W,548.3359594538902
4821,YDR496C,54276.70459504215
4822,YJR101W,436.31280573310465
4823,YOR308C,27162.39218270585
4824,YBR127C,4591.962717685705
4825,YOR187W,2045.0307017414473
4826,YER182W,712.9321691292788
4827,YLR180W,37645.30676889464
4828,YDR137W,4014.812663516884
4829,YDR201W,0.0
4830,YDR462W,550.2631982142443
4831,YCR073C,7911.714496467873
4832,YBR241C,724.3762494489762
4833,YOL076W,8980.079282835448
4834,YDR060W,17139.62078878812
4835,YDL129W,27.264894790134893
4836,YDR461W,4615.700032434137
4837,YDR200C,365.8340897101381
4838,YDR419W,4842.377474875904
4839,YOL036W,9784.452524606239
4840,YKR027W,1862.1320968131831
4841,YOL116W,2142.479435580577
4842,YCR076C,1676.4410233113867
4843,YOR178C,3522.3824893387578
4844,YKR006C,15065.568861129133
4845,YNR018W,2580.460043845411
4846,YBR150C,1512.7383161706439
4847,YJR059W,1461.0169179388745
4848,YLR162W,10495.690955761995
4849,YKL087C,2923.73437501511
4850,YFL013C,17924.970164503713
4851,YLR393W,246.15638033865133
4852,YDR176W,13661.526396563508
4853,YMR106C,4506.744594791327
4854,YMR084W,1902.3724526359158
4855,YLR262C-A,359.59314876248
4856,YPR095C,2033.686032167746
4857,YPL086C,53334.58236020692
4858,YAL016W,7179.921627395513
4859,YCR028C-A,6463.283465340275
4860,YDR280W,15390.675987885334
4861,YMR314W,16045.099538729371
4862,YPL158C,66.23229613892225
4863,YBR018C,439.7395514233489
4864,YHR119W,21583.463043609605
4865,YGR183C,510.9191378007866
4866,YNL108C,15713.725673313094
4867,YIL015W,18246.452126719076
4868,YDR242W,5078.513515217967
4869,YDR400W,11460.77735764287
4870,YDL202W,2420.720512449151
4871,YBR020W,2165.022819801768
4872,YOR110W,7638.183589477767
4873,YPR046W,515.3995761312208
4874,YGR062C,2458.5398445432734
4875,YDR002W,12430.665658017893
4876,YOR389W,1573.5996667521722
4877,YJR010W,33.994552960120636
4878,YJR097W,727.5147847474578
4879,YMR097C,136.3548651983198
4880,YDR378C,26807.738132329978
4881,YGR012W,3900.3860726515745
4882,YIR009W,137.0928646345217
4883,YBL074C,9929.666124479478
4884,YFL010C,29329.87524481306
4885,YPR155C,653.1715925996775
4886,YDR089W,3738.0233445506674
4887,YJL167W,3530.5140346741364
4888,YNL278W,1603.2860841736556
4889,YGL013C,6658.526187553181
4890,YIL064W,36.13421382553526
4891,YPL161C,2389.120257907452
4892,YGR061C,5971.443116692504
4893,YKL215C,11757.479965167997
4894,YOR208W,3125.290453727316
4895,YHL047C,1684.206484424971
4896,YJR135C,12519.752118036693
4897,YPR100W,10198.96096950974
4898,YGR245C,11213.102299705319
4899,YOR133W,74091.15699333718
4900,YER150W,0.0
4901,YJL163C,910.4100940335201
4902,YEL058W,1190.7320944398411
4903,YDR506C,1830.0972283090648
4904,YMR169C,215.72320393100978
4905,YGL120C,45854.15641491104
4906,YKL140W,5732.419115525079
4907,YHR183W,278.6015310629936
4908,YGL154C,4384.837032745187
4909,YER154W,545.4138932552864
4910,YFR018C,1495.9438838970646
4911,YDR105C,0.0
4912,YMR083W,3615.0462515573386
4913,YHR034C,2452.355673156469
4914,YPL027W,1545.708388401284
4915,YPR186C,2504.952389845335
4916,YBR085W,1564.4942073838954
4917,YPL012W,25121.880370213054
4918,YLR136C,42.36944208631863
4919,YGR134W,9514.187513891206
4920,YIL051C,509.9099858099474
4921,YJR107W,1561.8124101503051
4922,YLR425W,628.9333411475448
4923,YBL084C,20227.87580261008
4924,YKL095W,1691.6367696216987
4925,YGR136W,7298.637470347854
4926,YJR116W,0.0
4927,YGL200C,6475.467525660634
4928,YOL104C,400.56226586349476
4929,YMR014W,2728.9012804087806
4930,YPL067C,153.6806867464702
4931,YPL268W,2319.627287775535
4932,YOR327C,358.690678314368
4933,YOR337W,256.89055751734014
4934,YFR051C,5982.507298825302
4935,YPR060C,3042.072213812236
4936,YNL023C,5696.280467492712
4937,YDR533C,5258.452364890975
4938,YDL073W,2129.8213105922714
4939,YLR043C,1985.189381872589
4940,YGR199W,1005.1871249013816
4941,YOL011W,300.15903105228534
4942,YML062C,5426.740912446262
4943,YEL002C,3053.2871355777847
4944,YAL028W,1608.7020453396603
4945,YHL003C,3865.9523560562216
4946,YMR286W,1167.5510481617666
4947,YBR264C,1359.4945542587006
4948,YBR105C,13712.479863198432
4949,YDR067C,0.0
4950,YDL173W,28941.381405659515
4951,YLR059C,5493.714518943257
4952,YKL039W,1718.2522141564489
4953,YJL123C,29001.49405483739
4954,YML098W,1868.9906283108287
4955,YGR209C,6870.211857354108
4956,YPL082C,47328.945984932114
4957,YLR229C,0.0
4958,YNL218W,6628.105401407105
4959,YOR375C,8164.666272906295
4960,YLR035C,10533.326496591715
4961,YOR120W,7799.906482047044
4962,YOR341W,14702.084842705666
4963,YHR083W,941.6737923826602
4964,YHR018C,0.0
4965,YIL043C,11216.185177651163
4966,YCR014C,18631.717482346525
4967,YCR102C,3739.801411747686
4968,YGR088W,2571.4335496966296
4969,YGR254W,1962.0600451270075
4970,YDR361C,5708.614041834581
4971,YMR043W,2074.4622680155294
4972,YOR177C,2255.3383054801725
4973,YGR092W,13751.44032583219
4974,YLR175W,8436.623761712013
4975,YGR152C,0.0
4976,YDR039C,277.97786780645686
4977,YGL167C,3304.9034241115573
4978,YHR216W,52930.03263111121
4979,YGL048C,10388.701072749258
4980,YBR136W,26127.090113798906
4981,YKL042W,4501.538285336158
4982,YER169W,1084.2018204268409
4983,YDR141C,3306.539547466364
4984,YBL002W,4931.42658513059
4985,YMR074C,1025.3031111013713
4986,YLR200W,14508.617913004411
4987,YAL008W,2222.3383616553024
4988,YLR364W,3981.7208389560974
4989,YML052W,10545.581021797134
4990,YPL186C,486.0506714779501
4991,YHR008C,33.06278126817421
4992,YBR172C,5923.10622088444
4993,YLR265C,1352.122873036063
4994,YHR166C,6237.911644244889
4995,YNL147W,420.03615346877734
4996,YDR408C,2074.8938671750598
4997,YOR307C,4254.94160146608
4998,YOR032C,142.19183408861193
4999,YER093C,6311.9497747313035
5000,YJR090C,8196.490674172026
5001,YDR291W,5632.381053814192
5002,YMR001C,2260.104873845254
