index,protein,dc
0,YOR140W,15.332601491994351
1,YLR443W,2.7949630213531202
2,YBR011C,30.698841810592103
3,YDR502C,31.712937485192125
4,YDL182W,81.92890042329284
5,YPL143W,321.3320077303143
6,YCR017C,11.375459616957759
7,YLL011W,181.45865736341437
8,YLR084C,5.31914669414507
9,YPL133C,12.253869935422228
10,YFL005W,12.219569878412809
11,YPL176C,12.00031074166052
12,YDR150W,46.214593285857454
13,YJL102W,12.482450149349189
14,YLR149C,8.9546409373275
15,YJR032W,19.953785381641715
16,YBR229C,25.80164706682726
17,YPL202C,32.23307388743026
18,YBL031W,27.051101194336674
19,YCR093W,89.64226084541129
20,YJL002C,33.03719633912237
21,YMR111C,16.578666661763602
22,YIL031W,24.08844274066847
23,YCR092C,23.084671583829387
24,YCR065W,21.828543307561247
25,YBR055C,239.85294861305894
26,YMR028W,18.25070125646794
27,YPL081W,175.21605166192197
28,YJL122W,18.30702396365473
29,YMR015C,8.25794060843333
30,YJR084W,94.56755896535766
31,YER157W,48.87215825720909
32,YER137C,1.7292266660443
33,YOL081W,26.08119592821021
34,YER151C,22.703349704892858
35,YLR445W,24.43080624788066
36,YOR324C,14.87650032195975
37,YDL003W,44.26107181032392
38,YNL311C,11.451422564554399
39,YAR033W,5.51830210210934
40,YOR304C-A,100.36292453360471
41,YDR369C,23.18097423503949
42,YML123C,6.5050920779983095
43,YGL124C,18.778812869353853
44,YNL022C,7.29658506634507
45,YDR393W,11.43463135933818
46,YBL092W,277.7789787391009
47,YKL197C,21.926572792606507
48,YPL147W,12.52134229142528
49,YER065C,25.744634850031872
50,YOR066W,3.23079021849827
51,YHR117W,30.24999450541583
52,YOR367W,9.07523044797183
53,YMR299C,21.800323978731036
54,YDR146C,22.120308980609902
55,YBR010W,118.74479872666296
56,YNL158W,2.61635603573062
57,YKL134C,12.98975245364301
58,YPL110C,18.185255649210532
59,YNR008W,5.66479063548878
60,YDL085W,8.18711573484244
61,YDR530C,13.55377135510665
62,YBR154C,186.62425491898222
63,YDR255C,38.71634265091531
64,YPL167C,9.144699742705981
65,YGL153W,12.91737538428968
66,YHL022C,11.985931143665521
67,YMR031C,25.21647660227057
68,YNL292W,16.10472769642044
69,YKL178C,24.871182117637606
70,YPR194C,12.71803818030115
71,YAR003W,31.126339197207532
72,YGR277C,5.31226162169706
73,YML075C,12.34561751989687
74,YMR308C,77.65181062173065
75,YKL091C,27.990056317967486
76,YML106W,16.55815783414378
77,YBR254C,57.783024265218074
78,YMR228W,17.501763752024488
79,YDL204W,15.29157450589914
80,YKR037C,52.23540825591442
81,YDL126C,88.16034990937828
82,YML043C,23.25004447764517
83,YLR270W,28.89895095142154
84,YMR033W,161.1964995356938
85,YER168C,18.996889272963962
86,YHR107C,47.52572465572614
87,YOR201C,11.26670916419109
88,YBR065C,85.44649669434587
89,YER180C,18.12098395396474
90,YIL130W,34.27861266582427
91,YDL093W,10.83740800112974
92,YPL265W,15.02202650961775
93,YMR002W,38.49804378993113
94,YPR178W,209.34643730508947
95,YDL084W,88.07269905517771
96,YNR041C,13.267839263820377
97,YDL203C,36.42512734155089
98,YBR059C,36.65081992661274
99,YAL024C,16.86333982349494
100,YMR095C,18.244053102922706
101,YOL003C,19.789852499268232
102,YCR048W,1.22066349343512
103,YKL138C,53.742385188368814
104,YLR419W,24.69159966742798
105,YMR005W,84.47896334094258
106,YJR092W,37.454542742762435
107,YKL192C,47.45946049789456
108,YGL100W,65.37386124058115
109,YER128W,11.561428757215431
110,YDL048C,22.251361641951142
111,YDR435C,19.15716577143453
112,YHR033W,7.63022700068712
113,YNL232W,66.89474696478437
114,YPR089W,8.28481404024124
115,YER100W,6.238992420164131
116,YBR049C,52.708777379682644
117,YDL022W,13.209116229139298
118,YER146W,118.43281326766675
119,YER070W,46.23637089339663
120,YDR473C,179.39360950340551
121,YPR002W,5.67279350461318
122,YKL220C,21.6716737945776
123,YLR146C,20.00436714942116
124,YMR068W,10.78654385403321
125,YDL135C,22.29004914689075
126,YOR188W,11.64525369324163
127,YOR220W,33.564077891152635
128,YLR118C,10.972422896784199
129,YGL083W,7.32975926424878
130,YPL100W,3.07404043211589
131,YIL065C,10.390194766527499
132,YDR490C,23.090030888730393
133,YMR060C,9.75263039546841
134,YGL087C,107.14372402610068
135,YDR460W,47.05986556334983
136,YPR167C,17.85499051144511
137,YGL237C,54.04582863570806
138,YBR187W,3.7826467415375102
139,YOR298W,1.96985639804392
140,YIL129C,48.06866892090098
141,YIL083C,25.40975691870794
142,YGL080W,6.50376935128926
143,YNL062C,10.611664514637269
144,YHR162W,5.8432123360414705
145,YKR085C,186.13896559449233
146,YGR196C,33.27505322435766
147,YHR128W,30.813845024890334
148,YDR233C,19.988579439753003
149,YGR239C,5.8650374123338
150,YBR036C,15.679126469187718
151,YPL137C,37.819033176166144
152,YFR011C,27.10118664950445
153,YJL203W,143.21935125469997
154,YPL198W,492.86218720392134
155,YBL093C,91.25354969943491
156,YOL142W,118.12719206226377
157,YML102W,14.85623287325437
158,YIL162W,5.356921203841541
159,YKL028W,37.43524094980476
160,YMR056C,6.0417135042332095
161,YGL213C,14.112355856955139
162,YDR108W,112.60850872026336
163,YBL030C,32.976952797066076
164,YHR066W,39.42186802450873
165,YCR051W,93.83642183142263
166,YDL075W,365.6577243296385
167,YIL090W,30.07776452114905
168,YFL012W,12.113516407573629
169,YOL102C,9.654467470540531
170,YOR099W,7.72083025499216
171,YGR023W,5.58983782090512
172,YDR123C,24.711222659304173
173,YNR013C,7.93262253046212
174,YAL038W,41.30175789369865
175,YEL044W,5.09511026467626
176,YPL241C,3.49350827118197
177,YPL003W,10.758863306488399
178,YIL078W,35.55619446877921
179,YNR026C,4.62411298552879
180,YNR035C,48.43575767311855
181,YPR185W,24.386635980271063
182,YJL055W,15.668139888736082
183,YPR171W,77.66718571902854
184,YLL034C,167.43211697100213
185,YNL090W,16.238816217270077
186,YNL214W,8.86946458043363
187,YNL252C,159.42289464282467
188,YGL055W,32.10316062459667
189,YKL122C,51.203125632186776
190,YPR164W,16.17018533057993
191,YER002W,11.53021288230817
192,YOL111C,45.01749578262069
193,YIL055C,7.6988669910304095
194,YER075C,11.67706005326496
195,YGL211W,7.06648665322582
196,YER132C,17.76753829601744
197,YML034W,28.331247154197584
198,YBR053C,13.228049737904982
199,YHR020W,141.9041755974403
200,YMR131C,26.120470636340254
201,YCL034W,10.406430648566511
202,YGR177C,14.5562332416426
203,YEL062W,28.761335433525122
204,YDL125C,4.01435046511666
205,YIR019C,17.2061997509049
206,YLL026W,33.21225358542769
207,YGR262C,12.843821349589248
208,YEL033W,18.145859140585152
209,YLR034C,17.5435158432293
210,YJR121W,63.92969849907766
211,YBR133C,19.03957580705772
212,YLR197W,315.8470405175576
213,YIL042C,15.87955900980723
214,YGL190C,48.07651385590612
215,YOL152W,17.51139060899957
216,YBR158W,9.32928542174898
217,YNL125C,7.55116026149773
218,YER003C,4.28599785813474
219,YGR060W,20.295025508124546
220,YHR038W,6.03889866490666
221,YDR046C,9.3039244854494
222,YLR010C,47.21206146216255
223,YMR201C,7.75508400094908
224,YBR164C,29.296628274742122
225,YLR102C,51.35565526161501
226,YPR162C,44.58263576752404
227,YMR105C,38.602289881105825
228,YGL108C,12.629745457226958
229,YLR132C,7.47087059860284
230,YJR125C,24.257647635669127
231,YNL053W,0.0
232,YDR299W,176.89187906316226
233,YDL157C,20.4298124032359
234,YML124C,141.34018129779815
235,YBL013W,14.80253918351484
236,YAR031W,16.029004280572337
237,YHR099W,201.22636077163816
238,YCL056C,9.52155909740072
239,YAL051W,20.694533095101544
240,YGR128C,166.4221613600168
241,YJL225C,11.17165715479624
242,YMR264W,18.080427385590472
243,YMR163C,22.577417997265208
244,YJR102C,15.69695877640863
245,YLR067C,10.32214220776112
246,YJL171C,8.589606610276078
247,YJR058C,14.392793159268788
248,YLR098C,15.23835291452366
249,YNL012W,27.54563406172194
250,YJR064W,23.748402084066218
251,YCR047C,1.51378204164576
252,YBR025C,73.81053680640159
253,YLL046C,26.94369563518874
254,YPL002C,12.137190626674009
255,YLR386W,10.63778845394937
256,YLR086W,21.52431763536406
257,YCR034W,6.503003007392721
258,YEL064C,3.54725559088424
259,YGR084C,156.00205052178603
260,YFL034C-A,93.49833487999639
261,YMR118C,19.72639761073529
262,YBR255W,4.250173213019361
263,YBR122C,188.61634611487202
264,YGL043W,49.41584236605504
265,YLR103C,1.24551635821138
266,YPR073C,49.32090211097306
267,YAL064W-B,3.93201052379631
268,YPL262W,21.10662527970498
269,YLR421C,162.92805121540505
270,YPL236C,8.68618665965809
271,YDR427W,164.4634994107973
272,YBR238C,22.14706505090675
273,YLR422W,22.913975356131992
274,YKL063C,7.0616898575568
275,YNL187W,21.74025384582911
276,YDR367W,2.75782122598303
277,YPL072W,7.352212763547651
278,YDR456W,9.29059735628708
279,YDR190C,172.42463828417957
280,YOR191W,21.37577272868434
281,YJR031C,9.13622678926215
282,YMR178W,27.57657593408363
283,YLL060C,5.9007459700215605
284,YCL029C,8.16530068187159
285,YDR246W,39.83814320207045
286,YLR115W,88.84907306678728
287,YJL219W,3.50169259644881
288,YPR045C,29.767247020731286
289,YHR046C,16.38003710083397
290,YMR117C,21.11320397778938
291,YKL007W,60.08954271215712
292,YDR004W,32.73166378300345
293,YDL116W,46.668179305586285
294,YLR063W,24.54625006157019
295,YGR135W,113.24609542335628
296,YMR240C,169.27431999175673
297,YDR432W,44.71518462823757
298,YJL048C,11.70833083909299
299,YDR068W,80.187071662221
300,YBR248C,17.04560856325045
301,YLR187W,16.63412517510983
302,YDL183C,25.01447014531503
303,YJL196C,10.259490678311039
304,YOL162W,5.12545204802162
305,YLR090W,4.460822682656261
306,YJL026W,33.381692145582804
307,YMR021C,12.908141374126062
308,YHR097C,34.504296713133705
309,YNL110C,333.35372271206916
310,YPL021W,21.97192628814799
311,YMR196W,20.26633561145776
312,YOR372C,4.49915545039324
313,YBR282W,95.61814838137515
314,YBL017C,18.46125708547312
315,YHL009C,8.75541488018721
316,YOR125C,11.08704301038896
317,YHL023C,21.2704935476991
318,YMR032W,7.41563101689329
319,YOL123W,160.48756136299232
320,YLR409C,153.10074503972612
321,YFL002C,216.43531227106456
322,YHR042W,13.972163010619099
323,YDR161W,9.10227166945877
324,YDR235W,97.21611117274185
325,YNR045W,13.98107569294674
326,YIL157C,16.176569869980582
327,YHR177W,16.60518534375946
328,YDR405W,85.0072618729574
329,YGL116W,27.9089152825523
330,YHR198C,3.8565365301622103
331,YNL234W,29.716998105391
332,YJL158C,9.825274234968509
333,YMR155W,2.73303242693468
334,YKL176C,19.89630019071179
335,YDR362C,38.33188525875604
336,YGR241C,6.49791260187947
337,YOR155C,34.96372811451685
338,YBR257W,40.88245931622252
339,YOR262W,14.57040668740487
340,YAL018C,2.02790190184215
341,YNL259C,124.65158560615203
342,YLR381W,35.999330658018415
343,YKL035W,25.711297795443983
344,YER159C,15.12928271405942
345,YJR025C,31.104469792059113
346,YLR414C,2.8924491330536197
347,YPR066W,4.41194996842572
348,YLR397C,14.82328147901668
349,YDR315C,4.02944362312997
350,YML116W,7.61041361719985
351,YDR196C,16.83070033531843
352,YDL092W,33.77690905781129
353,YDR096W,23.399689919482316
354,YDL047W,71.92680565250608
355,YML008C,19.140869047645932
356,YJR100C,20.39955641870683
357,YMR303C,24.87116581518857
358,YMR078C,35.71053170838988
359,YDL233W,22.93597244705855
360,YIL009C-A,2.1134210765177
361,YPR189W,155.2066777200653
362,YJL178C,15.8700406033374
363,YBR137W,7.33947555650512
364,YEL022W,136.17184337072584
365,YAL022C,8.166173459820241
366,YJR137C,13.777507795476902
367,YNR066C,7.73928753899958
368,YGL140C,9.00349192209676
369,YDL107W,6.32666494869553
370,YNL213C,29.098589715783095
371,YER039C-A,16.782605935187902
372,YFR003C,108.38318638258204
373,YIL106W,24.131596358312184
374,YLR248W,16.37373185705363
375,YLR277C,100.59283987455022
376,YER089C,87.71764861786592
377,YOR144C,30.070909407601032
378,YGL103W,472.36628072745657
379,YCR038C,18.69544157035861
380,YBR112C,26.89029644979338
381,YBR214W,33.65047431960029
382,YNL322C,11.92601777066761
383,YLR441C,420.64959582549403
384,YKL152C,54.926689269532176
385,YKR062W,16.63912681286579
386,YOR062C,16.00482307738667
387,YDL205C,11.26730676613215
388,YKL046C,27.20515687735531
389,YOR223W,10.95107178937754
390,YPL069C,15.403658267490442
391,YEL055C,57.290284534966034
392,YJL145W,4.681733091048541
393,YPR105C,39.36372988873044
394,YER052C,11.70196921736046
395,YPL194W,12.155003442336701
396,YOR211C,19.16125747802255
397,YHR123W,7.682520195093249
398,YHR191C,63.43426320520789
399,YPR163C,10.9700355020336
400,YDR003W,16.36934004646459
401,YDR395W,26.845198028192748
402,YNL219C,26.52510973423931
403,YDL144C,14.638630753443742
404,YOR008C,17.25356227816241
405,YOL047C,15.176706426047609
406,YBR095C,61.270238113869354
407,YMR047C,43.10363717303283
408,YKL187C,16.089239993540538
409,YIL067C,3.98276856417321
410,YIR034C,21.970763939656
411,YIL061C,123.63719679781332
412,YPL097W,7.51554176802666
413,YDR348C,39.83991362799571
414,YDR314C,25.537008607016837
415,YNL175C,69.5542262090268
416,YDR073W,30.76721308696798
417,YDR303C,123.62784828988575
418,YDR540C,17.01379783954226
419,YBR040W,17.06531242004376
420,YOR065W,23.07678318412737
421,YDR212W,42.75299999081879
422,YDL166C,15.75857231862805
423,YMR027W,27.9353208939623
424,YBR004C,10.533478044572929
425,YPL201C,9.26929617090872
426,YKR090W,1.47718706930949
427,YOR209C,16.05900015938565
428,YDL193W,10.01017913658095
429,YGR252W,162.4689185931096
430,YER105C,13.610394014608783
431,YOR051C,14.32411390520198
432,YGR251W,12.250741637472409
433,YBR151W,30.18449991209891
434,YBL064C,86.83179143886709
435,YDR219C,6.96546352642344
436,YGL064C,46.0174708007744
437,YIL037C,17.028548597106543
438,YDR165W,17.551343770273405
439,YBR287W,9.86538454009935
440,YCR033W,39.39272054530942
441,YMR296C,28.210829531331306
442,YPR112C,71.46237130302747
443,YDR021W,20.810200408548834
444,YNL001W,17.73367414473921
445,YOL068C,7.59974896683687
446,YER007C-A,28.373270979467023
447,YKL029C,94.96593353640472
448,YDR324C,191.925054438314
449,YPR035W,29.75204416791273
450,YDR353W,30.539138993696884
451,YPL066W,24.105243141366614
452,YHR124W,27.552187022117515
453,YER063W,51.272491094734434
454,YKL184W,6.01559090870489
455,YFR031C-A,399.15545057130794
456,YEL018W,83.60526149448668
457,YPL101W,46.00020875174863
458,YFL024C,74.35203748008996
459,YKL113C,58.92091329001127
460,YOL137W,6.94576893915893
461,YML095C,30.151172560686824
462,YIL144W,30.263552362892646
463,YPR098C,4.9442019820519105
464,YAL058W,8.37076866819053
465,YIL138C,6.71795728534348
466,YPL209C,31.936700572503394
467,YFL025C,3.91851915709221
468,YBR283C,6.68254441477988
469,YER098W,11.580604866534792
470,YOL038W,133.43070898384838
471,YHR016C,79.29724133742674
472,YDR168W,13.190904123017681
473,YJL183W,45.85911938898028
474,YOR049C,3.97964396340583
475,YNL269W,4.41976472633832
476,YIL063C,17.41062294312445
477,YLR313C,1.99221153287804
478,YOR172W,8.72390978328526
479,YNL005C,190.5604560036907
480,YNL193W,4.4549591970011395
481,YFL049W,64.11857565286803
482,YBR152W,84.63309332428953
483,YAL017W,21.4589575972302
484,YKR025W,113.10321726916787
485,YDL033C,25.96404735735824
486,YGR163W,6.93650098201983
487,YOR354C,13.05117872860032
488,YIL077C,6.2304199193267005
489,YNR070W,1.53634672144348
490,YHR205W,19.50139104456925
491,YOR096W,513.7870646896764
492,YER043C,18.47674137531704
493,YKL038W,23.86470972274965
494,YHR192W,6.27261661682316
495,YBR185C,14.866609018878759
496,YJR039W,4.38245442095964
497,YLR406C,285.3147450386931
498,YHR017W,20.305210741653063
499,YDR147W,3.47889720707659
500,YGR250C,20.496163057870916
501,YKL182W,108.99218237896143
502,YLR272C,22.0817800039286
503,YEL041W,13.55675305473129
504,YNL009W,34.805174840627636
505,YBL020W,6.858333538591279
506,YPR111W,18.577932570106643
507,YLR005W,37.092103262310516
508,YPR187W,269.8054914674736
509,YIL153W,4.09252506598306
510,YNL314W,10.29844305170459
511,YDL140C,113.91173553421275
512,YGL244W,58.611042488970526
513,YGR278W,66.95647587633646
514,YLR147C,241.85408745397234
515,YKL089W,22.94911451716376
516,YMR193W,175.1512897826013
517,YJR041C,23.490680649221492
518,YOR137C,25.025368908264152
519,YMR202W,3.3736353507371097
520,YLR049C,11.15151424584662
521,YBR166C,13.577232256287463
522,YOR329C,25.305294171065384
523,YGR240C,63.287740369614205
524,YML079W,47.52609206226297
525,YDR499W,22.911354367962883
526,YPR081C,19.765480384413394
527,YDR475C,19.80619419432245
528,YDR420W,9.46467905698811
529,YMR266W,18.39776030379648
530,YPL078C,42.81781910930933
531,YNL290W,55.47380974027342
532,YKL164C,2.6909473221318896
533,YFR001W,156.9754062181182
534,YGR106C,23.20213154112535
535,YNR050C,21.815551664213395
536,YHR044C,9.50670037545675
537,YGL228W,34.22276866887146
538,YHR027C,136.31948400542714
539,YOR353C,25.63868564352218
540,YML055W,30.50157442112884
541,YER139C,14.498156553555372
542,YGR097W,38.646012545288585
543,YMR025W,32.77366460382341
544,YHR202W,9.603302449016741
545,YLR182W,36.70239480671949
546,YBR201W,5.53702920947591
547,YGR003W,11.35038655353048
548,YHR140W,2.61673126798793
549,YIR021W,26.686373772192063
550,YLR128W,6.874307821528561
551,YMR291W,10.11376775725645
552,YOL063C,7.47039599398364
553,YOR272W,291.72965313143663
554,YPR024W,29.31939350349868
555,YPL247C,2.39918287315395
556,YPL145C,24.680691757504526
557,YDR501W,23.03679587352198
558,YHR193C,21.367562428119705
559,YJR033C,62.93746472720844
560,YNL244C,52.40329856350445
561,YGR124W,38.850833079222966
562,YBL005W,22.4584462459295
563,YIR006C,34.00698542118924
564,YOR017W,10.46963629150129
565,YJL060W,1.99079653046856
566,YBR245C,145.70776385522737
567,YGR145W,184.31217213311552
568,YCR020W-B,71.94042273310491
569,YGR212W,22.354826470557406
570,YMR224C,19.967464548275693
571,YDR098C,174.07525842971765
572,YBR003W,17.4309868758314
573,YFL054C,7.0461167825297695
574,YJL194W,7.24042653058304
575,YBR281C,15.43888040615688
576,YDR171W,65.70552102962276
577,YNL260C,4.19240069319366
578,YDR120C,16.03483290451474
579,YJR144W,7.1770614274763105
580,YPL006W,9.06957422895738
581,YLR163C,21.761024803334934
582,YER087W,7.31194942351459
583,YGR081C,51.270410948090024
584,YHR112C,10.62525528503448
585,YKL119C,32.71896695028077
586,YDL008W,13.4792008480146
587,YPR052C,99.59514682895183
588,YLR148W,57.82020132086951
589,YBR001C,32.026328725160724
590,YJL115W,24.9196371146668
591,YGR056W,122.61782483308757
592,YJR022W,71.00629100178332
593,YGR181W,46.833476003854166
594,YKR088C,20.45717478381955
595,YNR024W,47.41064670048075
596,YLR341W,21.975858333382636
597,YDR288W,16.78203730270896
598,YPR083W,10.99778153262143
599,YMR064W,10.8475790808158
600,YKL112W,59.60603766102451
601,YPL244C,13.141466496831221
602,YGR222W,18.40978526348299
603,YLR188W,4.91254043608026
604,YGL186C,6.5543702084724895
605,YDL081C,174.24963810025432
606,YLR022C,28.513078036635413
607,YNL159C,25.119962124545673
608,YPL050C,37.388089266688404
609,YGL027C,22.55709689728494
610,YGR166W,36.98511370568809
611,YGR047C,61.65429882665585
612,YDL194W,2.93416970513108
613,YML078W,3.33812719301839
614,YOR190W,9.62446786673976
615,YDR333C,10.631349037828599
616,YDR155C,37.21115325180942
617,YGL075C,15.994682757921268
618,YAL020C,16.869534571883932
619,YDR109C,5.86510001984055
620,YOR111W,29.483600730547693
621,YFL026W,17.99789992055364
622,YGR108W,22.967758437325827
623,YFR041C,13.08677828156093
624,YPL085W,44.9073651042166
625,YGL263W,28.59131846412917
626,YER113C,5.67777303055307
627,YLR004C,4.93794479549914
628,YBR054W,9.52284236704295
629,YPL010W,43.45972577181457
630,YKL213C,45.621334098829
631,YPR054W,15.0550133728623
632,YDL121C,16.87892969973688
633,YML050W,6.4779221969947
634,YNL115C,14.508890679577531
635,YLR033W,107.2265435476772
636,YLR256W,15.63328530456678
637,YPR140W,12.00856933167019
638,YGL016W,41.368976776550134
639,YCR036W,8.88765426261303
640,YGL256W,9.620368355278458
641,YBR191W,234.24709453771356
642,YMR300C,25.12914190266484
643,YOL088C,9.89233649635312
644,YPR128C,10.10034271460193
645,YEL053C,18.03933418191508
646,YJR001W,8.37075738920096
647,YDL199C,22.7108915184469
648,YMR183C,94.86862693735056
649,YDL111C,69.6413262851442
650,YCR082W,6.01798971225623
651,YGR040W,8.7653627784464
652,YMR309C,203.32274878010847
653,YLR453C,14.220769675099799
654,YPR151C,4.10499903302377
655,YLR003C,44.51824443209962
656,YDR052C,26.27496025743376
657,YDR342C,19.03106788103908
658,YPL184C,24.568056745158625
659,YBR234C,27.074728082172673
660,YNL230C,21.63060939116296
661,YBR110W,13.65109415329867
662,YOL058W,1.27255802537768
663,YAL013W,68.86596993570278
664,YKL172W,238.40282349374348
665,YJR069C,68.97689193333203
666,YNL065W,16.5379655450753
667,YKL027W,12.3631549187565
668,YDR135C,6.8084029688895
669,YLL002W,12.78565390965644
670,YPR093C,30.03975911796633
671,YBR143C,39.06239365831245
672,YBR280C,26.857724495680962
673,YNL249C,24.48899594902398
674,YBR196C,37.309539583822726
675,YLR203C,5.69573433812407
676,YJR159W,21.41168786037599
677,YLR247C,5.38148593032139
678,YMR038C,52.00159449223115
679,YDL007W,147.24652078683076
680,YDL134C,39.95123639432015
681,YGR238C,32.69881452618449
682,YGL242C,154.22734360666655
683,YER148W,36.45217180301924
684,YDL019C,18.92201760326414
685,YGL206C,35.87680788960096
686,YMR188C,137.8875994467121
687,YLR152C,28.35499830869099
688,YJL091C,20.50334979957141
689,YPR127W,47.14526383090904
690,YBR220C,19.285768228985287
691,YLL043W,5.89224296057181
692,YOR198C,69.32295604834866
693,YKL106W,1.63681800903134
694,YNL056W,19.82691331438762
695,YHR039C,7.93357541910669
696,YKL163W,8.88922269620945
697,YMR233W,12.228367900135531
698,YOR134W,19.92242299939051
699,YNL039W,56.34654832301049
700,YDR272W,34.90239404384859
701,YPR065W,6.9333721801879395
702,YPL267W,7.10835012103271
703,YDL059C,7.1696860631227395
704,YJL072C,16.97090330376529
705,YPL051W,7.9978951522274
706,YFL001W,7.80668112468832
707,YNL085W,56.09090911233009
708,YOR018W,20.082466394784028
709,YBL021C,9.7641469760918
710,YGL090W,11.8468372433686
711,YNL079C,1.74375460420295
712,YKL132C,15.207360736750301
713,YNR056C,3.32304335033315
714,YNR023W,70.74032976750995
715,YNL151C,95.35107131573874
716,YNL121C,23.65706504835793
717,YLR249W,110.324388167803
718,YNL045W,28.698414940692405
719,YBR141C,9.40706610705394
720,YMR241W,29.422377058969587
721,YGL097W,28.151986136995365
722,YDR104C,15.034523837025912
723,YBR066C,12.89445135295713
724,YLL015W,8.60408875566084
725,YDR211W,68.44762774590208
726,YJR148W,68.9548136899658
727,YPR166C,30.053647724588924
728,YDL105W,42.03687996615086
729,YLR324W,7.533331273383141
730,YDL127W,30.23165490046267
731,YOL067C,27.879804342183547
732,YOR214C,3.2281695092462
733,YFL062W,22.710653692822905
734,YPL008W,23.832753823998583
735,YNL295W,5.09199578422005
736,YGL169W,10.721865466312398
737,YGR046W,23.636431191251912
738,YOL030W,21.56789135594746
739,YPL190C,138.033413380603
740,YKL186C,18.40195450090062
741,YKR068C,70.78660674159231
742,YBR005W,9.89647844336034
743,YJL027C,15.9730079953419
744,YOR168W,20.130089734661542
745,YIL092W,20.59436526284817
746,YBR147W,9.31720272449583
747,YOL010W,79.99134579230278
748,YER125W,50.95468899688295
749,YAL015C,11.45914368272946
750,YFL037W,64.80892417484894
751,YPR027C,2.68648276440335
752,YER005W,15.96011421690574
753,YOR234C,283.1012131390803
754,YLR304C,22.76125135392685
755,YLL054C,11.606369890861421
756,YNL315C,13.809528469160268
757,YAR042W,12.31947864939083
758,YPR117W,32.89273400710441
759,YDR498C,42.62928528400091
760,YKL155C,157.37827320899336
761,YPL038W,13.171018683292932
762,YGR231C,54.002350348348095
763,YMR253C,1.20938811843153
764,YOR310C,179.4320043261866
765,YER073W,7.5242886606741095
766,YML131W,14.72186576473287
767,YOR316C,3.85641872317056
768,YMR036C,10.45174795332597
769,YEL001C,8.18859174450237
770,YPL195W,34.54879900596879
771,YBR297W,9.93925888997068
772,YKL065C,15.12172571940927
773,YGR119C,36.36892984223064
774,YDR042C,18.51632898703357
775,YKR105C,8.54262307016034
776,YGL176C,2.84675579865503
777,YGL209W,27.60896988856489
778,YGL049C,136.26001977950517
779,YDL197C,12.59639811230152
780,YDR440W,23.264739686192247
781,YLR361C,8.16530068187159
782,YDL155W,38.45960459974295
783,YPR103W,133.58527238555527
784,YGL101W,5.588472308673349
785,YJR089W,14.974658271424799
786,YBR230C,5.89847145723258
787,YDR515W,15.839882673498717
788,YML094W,37.994670870407866
789,YJL084C,25.33283944017859
790,YPL016W,74.98457833461296
791,YOL122C,3.51586063433546
792,YPR125W,21.51471000223205
793,YDR218C,15.55217640069332
794,YIL096C,14.82430295098897
795,YGR288W,20.98563984313774
796,YMR096W,8.080118253119261
797,YGL071W,16.94192096938347
798,YLR326W,4.41921181609478
799,YER136W,36.27373008328137
800,YIR028W,7.90545639329225
801,YHR089C,155.96733653909163
802,YNL041C,38.581277600790266
803,YOR036W,19.43604976739278
804,YGR185C,28.170392070889772
805,YPL273W,10.338024470149861
806,YCL011C,228.69725868886275
807,YNL004W,70.7400770865876
808,YFL018C,40.95592738530221
809,YNL077W,29.90504961006202
810,YGL233W,40.063900323805115
811,YDL192W,14.879246712745518
812,YER094C,124.83444042306422
813,YLL004W,47.17639423005829
814,YGL202W,18.93290015286287
815,YFR025C,3.79614217613736
816,YKL069W,8.68721027170673
817,YDR257C,20.097980157904118
818,YJL177W,358.7539814054563
819,YOL120C,210.16641569027996
820,YPL246C,1.43191457958972
821,YNL153C,39.187971391194885
822,YGR080W,131.31790571611313
823,YNL313C,8.024087830548279
824,YBL004W,365.85412113477764
825,YNR010W,141.0542196101058
826,YLR083C,28.88888896777931
827,YGR090W,254.03139239835357
828,YPL271W,51.80727463369996
829,YLL018C-A,1.43191457958972
830,YJL124C,114.00247342088053
831,YIR038C,15.099446101244181
832,YMR187C,22.661628643147928
833,YNL329C,20.14316013954798
834,YBL079W,26.21040869702829
835,YGL077C,8.91100554969171
836,YLR378C,4.84640849760943
837,YKL195W,24.63977837251243
838,YNL317W,94.93142707168346
839,YPR036W,69.81251631861066
840,YIL134W,10.955792609462339
841,YOR094W,5.04496255558489
842,YDR383C,30.69736733471856
843,YCL057W,27.977359746549176
844,YCL066W,10.71109161456739
845,YDR251W,12.64436277803331
846,YPL053C,7.267320696443
847,YMR091C,94.41607051879134
848,YOR113W,2.90625235842022
849,YHR006W,19.6034366031
850,YNL172W,93.71103870127912
851,YPR057W,71.47779010298909
852,YGR155W,12.8723169935754
853,YGL143C,15.082072660878488
854,YOR117W,157.72274668310166
855,YGR218W,81.6233469509214
856,YFR048W,10.56519374727889
857,YKR082W,26.886669481593994
858,YLR074C,76.94696293004546
859,YLR368W,25.5960777041286
860,YDR152W,8.12560923494805
861,YPL148C,37.14688271602447
862,YLR356W,15.365136814614141
863,YHL015W,196.32870729538726
864,YPL036W,19.081951212984208
865,YAL001C,56.11793460051684
866,YPL208W,35.2337765880211
867,YFR035C,12.242848622154678
868,YDR159W,33.7960253938947
869,YPL094C,44.06975066938745
870,YDR221W,26.641986595525967
871,YAL034C,26.510309371252198
872,YBL102W,9.460475561228481
873,YJL133W,11.102956216819019
874,YJL089W,20.52628507434565
875,YDL051W,103.19194214023878
876,YOR026W,13.89420123108029
877,YOR098C,26.930458739828104
878,YDL132W,44.931371582840534
879,YMR304W,14.28313921489956
880,YJR040W,24.72539180707208
881,YGR131W,11.66308190886168
882,YDR307W,7.23049176812606
883,YDL063C,14.410326427178802
884,YMR282C,5.999736519503809
885,YDL130W,1.78531632047019
886,YMR063W,4.92253847489971
887,YLL032C,6.44133820404535
888,YPR161C,35.69794571196476
889,YDL154W,11.10238664228404
890,YML091C,48.63468853628315
891,YDL189W,24.828854176900247
892,YJL136C,54.425661757778876
893,YOR227W,27.541332759658417
894,YCR079W,12.20927809779603
895,YPL132W,8.93574851674066
896,YDL206W,11.06702810975036
897,YMR295C,167.72218529962362
898,YCR053W,13.654087646310382
899,YOR027W,8.13990302038326
900,YDR294C,12.83279812702977
901,YML081C-A,8.48302670938534
902,YOR319W,28.145025194119512
903,YDR058C,13.870309292820847
904,YPL059W,180.11492617587876
905,YIL143C,38.468359653619665
906,YKL189W,29.16393735806463
907,YGL174W,15.034498279501001
908,YPL183W-A,49.03056724548036
909,YDL080C,34.52522486759771
910,YKL194C,7.704418936576411
911,YNL279W,22.15093175745673
912,YPL138C,69.05026107745503
913,YLR310C,54.693068163497806
914,YER044C,9.629165968961809
915,YOR128C,35.76007572369338
916,YAL053W,14.01626005443088
917,YOR109W,13.282916037329148
918,YMR003W,8.51748544124866
919,YOR043W,29.61824758608513
920,YCR043C,18.2921537181255
921,YLR318W,39.096025142338526
922,YPL058C,1.71170835501409
923,YNL306W,150.83186948262866
924,YDR122W,26.215286594094767
925,YOR005C,17.73447150004377
926,YJR131W,14.949056088306559
927,YOL128C,11.585749517541249
928,YJR042W,39.9467425933973
929,YHR054C,18.222145481850077
930,YDR041W,145.01573884611005
931,YPR068C,16.90372255696912
932,YOR295W,13.60723599686573
933,YDR293C,32.90894908750932
934,YKL032C,10.531860166797008
935,YGR004W,19.255288019224672
936,YGR085C,487.72737368443217
937,YCR003W,117.35798530220379
938,YLR085C,42.71922403991103
939,YOL089C,15.982561881883939
940,YLR259C,112.59408769906105
941,YDL239C,8.86351810544665
942,YOR332W,53.35094697835932
943,YNL095C,14.98991233138823
944,YNL021W,10.57466339504054
945,YIL050W,10.158161361369642
946,YIL048W,31.65316266867732
947,YDR356W,21.6077049207767
948,YGL259W,19.78263024056444
949,YHR079C,24.959072841575566
950,YNL241C,23.065919077844125
951,YCR073W-A,14.692692405047081
952,YOR361C,110.64055642713235
953,YGL067W,22.59269160107386
954,YLR452C,25.46168079320396
955,YMR265C,2.8744742170837
956,YIR018W,12.02107723558423
957,YML104C,5.9932728219447
958,YDL224C,21.897282049582
959,YDR138W,44.23126891827841
960,YKL149C,17.91640035521462
961,YBL101C,15.675702378009952
962,YPL004C,39.622162761374334
963,YJR056C,13.145422716372698
964,YHR160C,32.28790858167657
965,YBR153W,10.73498901649397
966,YER161C,61.94225649124882
967,YOR087W,3.7430555947915805
968,YKR100C,10.60668283308475
969,YBR123C,47.57167759975845
970,YDL027C,23.23480125802121
971,YIL030C,21.062169725150817
972,YNL078W,20.966565434217955
973,YNL008C,20.46390218717502
974,YBR029C,26.500416866536494
975,YHL002W,26.338052874002916
976,YNL097C,73.75028225892154
977,YDL100C,23.113326291344382
978,YBR184W,8.18090124319861
979,YJR113C,160.84508986381735
980,YEL047C,28.2367223796809
981,YDR397C,33.41024455929606
982,YDR007W,24.28602942595565
983,YKL058W,11.923749105690849
984,YOR267C,23.397132397122803
985,YJR030C,7.70334966314758
986,YFL050C,4.0895944404557305
987,YMR175W,5.322617032361849
988,YDR406W,16.91213621545516
989,YGL129C,158.61876741150627
990,YDR402C,7.83742369458685
991,YGL164C,9.08939007192723
992,YBR043C,42.56539486602308
993,YJL096W,101.38560319874013
994,YMR115W,7.6983584890467505
995,YNL067W,26.2477383883406
996,YFL038C,76.29449790061341
997,YJR104C,5.620298113830151
998,YFR027W,7.512076041382441
999,YER007W,4.23084942070016
1000,YGL065C,6.568257384323309
1001,YEL060C,12.10569606386362
1002,YKL015W,16.904371488308087
1003,YDL024C,3.2594284849775
1004,YDR194C,58.01077038461483
1005,YPL162C,4.50437532304727
1006,YGR079W,23.600386103637643
1007,YPL068C,24.72329433744655
1008,YDL165W,13.370819961018508
1009,YLR052W,59.68778989882546
1010,YOL092W,12.24940009863293
1011,YDR285W,52.1477515187564
1012,YNL020C,22.185166079344192
1013,YLR233C,23.595800282263998
1014,YER184C,20.351143911844918
1015,YOR164C,27.17431024413566
1016,YOR138C,12.335998077117129
1017,YOR173W,13.69833850975514
1018,YFR013W,56.45646525519926
1019,YDL180W,2.80081589691912
1020,YBR078W,77.45282597429895
1021,YER174C,9.05171876666409
1022,YCR054C,21.45780897492728
1023,YOR067C,5.4409848115762
1024,YBL099W,39.160866426147756
1025,YOR189W,1.21331989096492
1026,YOL126C,9.71556001060509
1027,YLL008W,277.3125170986479
1028,YOR150W,170.7404228094732
1029,YMR062C,12.821953424936911
1030,YPL009C,60.59834476235245
1031,YIR001C,31.95410975260237
1032,YBR034C,8.779055456549589
1033,YJL058C,10.84431140091869
1034,YGR072W,22.850941587279575
1035,YMR161W,12.381074610640772
1036,YOR108W,18.56395623508144
1037,YNL327W,4.5947238325206206
1038,YBR193C,117.26262057728465
1039,YPL077C,19.238205118195
1040,YDL114W,14.33704859431482
1041,YER044C-A,21.29975047700894
1042,YNR002C,8.6029912565741
1043,YMR086W,27.486572423325583
1044,YNL242W,8.250223698397319
1045,YPR021C,12.68101582481376
1046,YBL041W,139.19360029928293
1047,YPL274W,4.78630069576881
1048,YCR052W,101.2157608299745
1049,YKR042W,15.452870645267328
1050,YDL130W-A,22.51375290118047
1051,YIL135C,15.372328142696709
1052,YMR287C,5.50772843736708
1053,YMR293C,20.3466076663115
1054,YDR228C,64.8130432096359
1055,YDR225W,39.10604366513011
1056,YNL063W,4.9903195482468705
1057,YEL003W,39.36518499278048
1058,YOL039W,127.14411536260984
1059,YIL094C,98.22837241592022
1060,YMR219W,55.61412551149436
1061,YMR256C,6.6151391553665
1062,YEL011W,43.87192473008055
1063,YOL009C,26.562120327032048
1064,YHR136C,6.154626199952229
1065,YGR260W,9.47567656236018
1066,YDR329C,4.04089190226794
1067,YKR104W,6.93206651659601
1068,YPL249C-A,435.3344911558988
1069,YHR113W,6.66192219514552
1070,YPL171C,27.255841411305333
1071,YKL150W,26.973785137301114
1072,YNL002C,286.30515518755215
1073,YIL017C,31.190784028091915
1074,YNR016C,44.91485660564881
1075,YPR196W,3.68710782393909
1076,YER077C,9.08466024022257
1077,YOR205C,12.657789029746729
1078,YDL171C,31.790506302273695
1079,YIL085C,20.800377175292724
1080,YDR309C,25.112409859979138
1081,YPL079W,61.389199801862205
1082,YMR030W,15.894145714727458
1083,YJR002W,245.83482780832622
1084,YDL240W,13.009858526319132
1085,YJL004C,5.76773109210632
1086,YBL051C,95.70078666743831
1087,YLR360W,26.13536131494314
1088,YGL161C,9.41753595387952
1089,YOR261C,163.94274049650627
1090,Q0115,14.08157482675858
1091,YPR031W,26.38623885338056
1092,YKL210W,34.460699077424394
1093,YGR149W,19.50896905413018
1094,YDR056C,22.84915939064029
1095,YIL095W,59.67415387116804
1096,YOR380W,10.51987404043221
1097,YOR280C,12.29600681455493
1098,YLR015W,41.229442576065416
1099,YLR212C,37.12917119768222
1100,YDR508C,4.37258733834722
1101,YKL160W,37.635891676764636
1102,YGR266W,19.00650147272999
1103,YDL067C,11.38889259077534
1104,YLR225C,18.527384006079497
1105,YJL141C,4.61905849263257
1106,YKR017C,4.7720773632144695
1107,YCL043C,10.91380627213651
1108,YHR200W,166.29588845432002
1109,YBR260C,17.09971956019629
1110,YHR175W,6.58037643818736
1111,YOR124C,21.22472338094125
1112,YDR222W,10.73974758902563
1113,YNL261W,32.74173794702418
1114,YGR021W,5.22837552593214
1115,YOR352W,26.92954136693593
1116,YMR301C,18.04158980774419
1117,YGL126W,3.14212872390769
1118,YPL164C,40.85150639607519
1119,YPL181W,106.38545324559098
1120,YIL115C,28.92745922111496
1121,YKL139W,28.31270892375149
1122,YJR145C,591.6190333910224
1123,YBR253W,164.6622457112115
1124,YOR118W,12.73515797608857
1125,YLR214W,11.001773002396481
1126,YMR259C,19.39812321309687
1127,YKL057C,57.22163436733764
1128,YNR036C,42.02799102353336
1129,YBR023C,16.66368523626051
1130,YLR382C,11.94961493251834
1131,YIL053W,1.90725782630164
1132,YBL007C,64.76447218082583
1133,YJL020C,14.24841164219105
1134,YOL066C,3.92527852402673
1135,YLR376C,2.9927346154636
1136,YER020W,8.55151396759695
1137,YEL057C,9.27721296686009
1138,YJR049C,17.30203301468631
1139,YDL200C,27.41726347615375
1140,YDL234C,11.321068317441599
1141,YNL168C,6.2905883298500695
1142,YML085C,88.54939537254333
1143,YJL068C,21.38813826076363
1144,YGR225W,17.935670283971962
1145,YBL034C,8.14734390781283
1146,YDL201W,33.259584892712084
1147,YHR080C,13.278342708718577
1148,YNL291C,16.466290163153143
1149,YOR368W,12.41492912511729
1150,YLR194C,2.55468421082676
1151,YKL019W,33.70257676917013
1152,YGR066C,6.86338807083154
1153,YLR219W,45.06373760003952
1154,YMR307W,18.292775864664183
1155,YMR297W,16.39852562509257
1156,YDL218W,6.21473201922327
1157,YDL098C,144.0471422539011
1158,YER067W,127.84628038740891
1159,YLR440C,39.11096313733797
1160,YER047C,16.41371317929973
1161,YHR023W,80.8247938896716
1162,YLR454W,31.305306606375993
1163,YDR266C,29.230771835967506
1164,YHL011C,13.733019316504368
1165,YBR296C,4.58747863456816
1166,YGR213C,11.23040603289715
1167,YOR021C,16.56196917437981
1168,YDL133W,16.02579009131108
1169,YDL214C,68.35075397551634
1170,YLL057C,10.94022765838948
1171,YML029W,19.2586232550097
1172,YOR334W,30.196212874886147
1173,YJL173C,71.2201562394689
1174,YNL152W,14.88978935805857
1175,YPL160W,16.52951467322644
1176,YOR069W,33.9256879618806
1177,YLR113W,29.01874630387355
1178,YBR244W,77.779368111657
1179,YDR077W,5.46175048352101
1180,YNL101W,16.46984923074942
1181,YBR177C,3.88050139528937
1182,YJR070C,50.59423850496255
1183,YCL001W,8.64931742476702
1184,YEL037C,77.12312862117687
1185,YCR009C,69.38488339850578
1186,YGL179C,16.896744901254472
1187,YAR029W,3.3632226206474
1188,YJL201W,15.70952712404771
1189,YNL064C,38.667921240126496
1190,YBL067C,24.89384238109739
1191,YLR260W,7.36985590240554
1192,YCR090C,10.24095451484984
1193,YER156C,13.7847947122137
1194,YMR130W,24.44643163188342
1195,YBL081W,26.27702578690533
1196,YMR076C,10.89741064134491
1197,YJR054W,16.837358750559932
1198,YPL242C,18.764222499188282
1199,YJL107C,20.421435325088265
1200,YER115C,12.4548557324567
1201,YBR231C,73.23950431838239
1202,YML059C,14.55507616261056
1203,YLR206W,2.88434962439403
1204,YLR274W,22.92278822202718
1205,YNL127W,36.409838885322685
1206,YKL079W,21.793563837852414
1207,YPR080W,123.82301406268401
1208,YMR217W,24.27259944155496
1209,YLR078C,16.68259435356776
1210,YPL116W,24.99125625715759
1211,YBR179C,12.315545946037489
1212,YLR181C,21.17458915507428
1213,YER185W,4.61761378309583
1214,YLR293C,27.319047318755
1215,YDL106C,21.281284526940098
1216,YDL066W,8.483300194365208
1217,YKL034W,16.14553815227248
1218,YFL004W,9.870437137498431
1219,YLR208W,55.71648774264041
1220,YOL145C,66.89421071865378
1221,YNR003C,118.90034962526367
1222,YOL023W,10.616574963933449
1223,YGR193C,36.584712800240226
1224,YNR052C,46.81731338899528
1225,YLR390W,18.49436008117954
1226,YGL113W,24.322193943472623
1227,YHL019C,31.825377197786388
1228,YDR338C,10.93926836098438
1229,YDR014W,26.25260330708915
1230,YER171W,35.86789624280871
1231,YOR092W,5.17749382735065
1232,YFL036W,16.992480838775
1233,YDR382W,286.0066383447035
1234,YGL156W,11.299870395789
1235,YHR001W-A,2.89685827535335
1236,YAR028W,9.93732757135269
1237,YCL048W,13.554360281576248
1238,YOR322C,11.90139002798735
1239,YNL207W,117.11497134258009
1240,YGL249W,15.064830728533378
1241,YNL268W,39.96815966014041
1242,YHR015W,17.05440355243967
1243,YOL071W,66.12898584308792
1244,YOL073C,4.55586019961416
1245,YML015C,90.91883485373215
1246,YFL051C,8.36179118185996
1247,YDR363W,11.274077259641441
1248,YNL144C,9.934368705741349
1249,YGR279C,18.540752503718807
1250,YJR067C,50.49373039075556
1251,YLR189C,48.50896062340391
1252,YOL018C,15.74457592732921
1253,YBL106C,3.91882292499718
1254,YBR030W,15.563386907633468
1255,YER081W,26.200606511521382
1256,YNL253W,33.71667952219176
1257,YML046W,168.49805018237936
1258,YGR122W,15.102128864927389
1259,YNL076W,28.97193354375707
1260,YIL116W,17.33593004357204
1261,YLR073C,11.07821219022928
1262,YDR536W,10.49404223261163
1263,YGL224C,13.612492060986218
1264,YHR004C,10.7607218229867
1265,YAL037W,9.9498520855779
1266,YER054C,45.929682183297516
1267,YOL043C,31.455765000715804
1268,YBL010C,7.91454774625452
1269,YML112W,11.60932124555728
1270,YBR126C,108.910514820248
1271,YPL233W,22.104095139535765
1272,YDL174C,12.527188277405141
1273,YPL245W,1.87473207593239
1274,YBR104W,17.79536215954352
1275,YGR120C,35.51149198628002
1276,YDL170W,18.02359686111134
1277,YIL057C,3.4579193609597505
1278,YIL089W,16.6436314286023
1279,YPR019W,21.67451011533296
1280,YKL054C,56.85135091219479
1281,YHR076W,11.20587135444786
1282,YLR312C,30.18081169036167
1283,YNL058C,6.68159510534867
1284,YBR108W,18.95067686450668
1285,YGL222C,8.62278201445226
1286,YGR170W,13.93505131596554
1287,YLR008C,15.57047490200301
1288,YOR158W,133.98110001091274
1289,YKR057W,4.365659747773201
1290,YDR074W,27.880776192931553
1291,YOL040C,259.8062538254381
1292,YGL008C,23.6555006087315
1293,YHR019C,9.105176726238192
1294,YGR205W,16.70157029596367
1295,YEL036C,52.74569572601836
1296,YJR043C,28.138150615239724
1297,YBL086C,30.571800243183628
1298,YAL063C,1.23208382770423
1299,YCL044C,18.140216502672192
1300,YKL183W,18.3410040269332
1301,YGL104C,6.71112282899831
1302,YMR088C,16.82574629695711
1303,YLR388W,83.62971887292247
1304,YIL110W,9.970261774224241
1305,YHR178W,21.577858995845748
1306,YPR018W,18.240882943273206
1307,YNL092W,18.688558366178363
1308,YHR118C,39.41464595046929
1309,YOR064C,14.177326872829822
1310,YKL196C,79.45939483786057
1311,YJR072C,47.21624997396595
1312,YER059W,26.979112620046028
1313,YMR126C,14.905009471095429
1314,YGR089W,26.236782078255338
1315,YPR029C,53.463344066842325
1316,YKL209C,9.08094015993883
1317,YGL160W,24.11352411966847
1318,YBR035C,158.50195515865923
1319,YJR005W,22.588361832291206
1320,YOR289W,5.65030109903253
1321,YGL180W,28.701901862358554
1322,YMR016C,12.36056261043431
1323,YCR002C,50.91449051171692
1324,YNL037C,17.59416076294531
1325,YDR261C,13.39342751308568
1326,YBR038W,9.0767574851518
1327,YOR271C,5.53237710040997
1328,YHR144C,7.819249038467721
1329,YDL040C,59.767172413314526
1330,YDL137W,32.431663148202695
1331,YJL148W,54.41673142315525
1332,YGL062W,23.7817517877117
1333,YML080W,4.68679992468946
1334,YDR297W,17.399124906287277
1335,YDR425W,7.7439952870693
1336,YLR069C,5.84478507800576
1337,YGR204W,10.7544228775172
1338,YJR134C,14.670886872999422
1339,YER164W,53.39058599732205
1340,YHR151C,2.15954004521085
1341,YHR120W,12.841415270096729
1342,YBL027W,328.8902240210637
1343,YFL045C,62.19561899443781
1344,YOR233W,24.370526397657112
1345,YBR246W,10.10124032381988
1346,YDL122W,11.407920168457132
1347,YHR104W,50.610620971520916
1348,YER061C,28.34979207302815
1349,YKL141W,4.683116267372339
1350,YGR202C,24.826575539389086
1351,YKR067W,27.67395263338635
1352,YJL010C,14.817705755615652
1353,YLR287C-A,264.5013756501377
1354,YMR093W,226.39239693694523
1355,YBL068W,8.678127686018911
1356,YNR069C,5.70205434445022
1357,YFR031C,32.891173952736324
1358,YIR033W,14.31464863724734
1359,YLR226W,24.77924199309677
1360,YBR117C,17.517214318480328
1361,YER056C-A,173.9258169663259
1362,YMR186W,57.628332347637645
1363,YCR066W,4.08218404062673
1364,YDR099W,46.57062411383036
1365,YGL197W,54.053893275883034
1366,YNR001C,6.01034597193357
1367,YLR442C,16.525722209593983
1368,YBL037W,31.74662780592559
1369,YMR226C,20.69070653848046
1370,YJR106W,13.6922811711412
1371,YKR060W,182.99649519827642
1372,YMR129W,20.61984729713581
1373,YOR112W,13.273073135909259
1374,YNL183C,3.1592679392313796
1375,YKL110C,16.12380445321935
1376,YML130C,11.9247124084387
1377,YER175C,3.94213665542974
1378,YOR250C,60.01259728779081
1379,YIR036C,13.273850699839048
1380,YOR326W,42.618285558194394
1381,YMR168C,3.7365667873780097
1382,YBR163W,5.38437321524417
1383,YDR510W,1.27208709556449
1384,YGR070W,8.97989339600133
1385,YGR255C,20.601588620311322
1386,YPL001W,49.33114868330291
1387,YOR046C,98.4442210174655
1388,YLR238W,12.455314572072561
1389,YPL013C,164.0055138547387
1390,YLR389C,20.89040637526709
1391,YKR008W,87.72176919046338
1392,YLR401C,18.056261887226484
1393,YMR010W,7.540376626870179
1394,YNL254C,26.63135699238141
1395,YNL180C,29.29374094158417
1396,YDR164C,12.43495689107089
1397,YML072C,103.8935659502032
1398,YBR286W,12.111797850746381
1399,YDR031W,3.02949243738347
1400,YNL014W,25.27788681575875
1401,YKR016W,22.20048651613731
1402,YJL005W,31.521146783265102
1403,YLL001W,9.0563546342628
1404,YBL072C,529.2263818686451
1405,YOL005C,138.3906556264646
1406,YMR269W,13.82730807419253
1407,YNL271C,26.088155664213637
1408,YHR059W,132.1656873262182
1409,YER176W,14.461573474761199
1410,YCR008W,6.0094022272044905
1411,YKL096W,31.131879911402216
1412,YNL102W,21.42002330242563
1413,YPL115C,30.194253592368415
1414,YHR026W,12.215501386833338
1415,YER111C,18.12521375743311
1416,YLR438C-A,40.9297783715545
1417,YIL091C,38.39495961055051
1418,YBR131W,27.44617160172544
1419,YGL210W,7.515628452381341
1420,YGL053W,5.606857125539889
1421,YPL240C,23.547455534249742
1422,YLR315W,47.34728942815831
1423,YIL108W,5.53772228950854
1424,YCR030C,42.7324232910219
1425,YMR058W,18.03116001842951
1426,YCR072C,94.68457115974509
1427,YHR086W,87.85352491123133
1428,YKR028W,23.5555878169349
1429,YDR374C,17.72356310577917
1430,YPR040W,19.636268460737572
1431,YNL243W,83.52332628961376
1432,YGL245W,58.31421738058031
1433,YHL033C,332.36417748459274
1434,YKL033W-A,69.46157560753213
1435,YLR153C,55.824640050368345
1436,YPL129W,152.65108638026908
1437,YJR124C,10.60581452348491
1438,YKL053C-A,24.51758904597505
1439,YKR081C,329.09845522539587
1440,YLR449W,207.1970038099495
1441,YLR353W,9.15188203299747
1442,YML004C,21.43851644685697
1443,YOR221C,5.6958738253701595
1444,YFL021W,21.696934431801807
1445,YLR333C,5.92527021603936
1446,YLR342W,153.2278215814381
1447,YGL131C,23.910590778160138
1448,YPR006C,5.35431385090588
1449,YJL049W,14.525890309162522
1450,YGR006W,2.6359610611629
1451,YBR259W,24.112426756552487
1452,YPR028W,3.06335224074034
1453,YER014W,14.04748505107364
1454,YMR048W,4.51919576138608
1455,YIL121W,10.04306823836205
1456,YDR131C,23.945088479186172
1457,YDR318W,53.93291788224084
1458,YER114C,114.86330390592188
1459,YMR013C,2.99819686710613
1460,YPL152W,34.42374303180335
1461,YIL145C,9.36909410257807
1462,YNL099C,16.87975244415381
1463,YOL045W,19.00438693511335
1464,YGL175C,23.60185581687029
1465,YOL100W,19.94518621859966
1466,YDR483W,19.32991710249889
1467,YKL018W,143.97234728543748
1468,YGL229C,21.626500813134356
1469,YDR323C,14.943173416595151
1470,YIR022W,27.397664613660503
1471,YPR055W,35.50851287930613
1472,YGL137W,89.24743900123701
1473,YMR049C,259.06188744317774
1474,YNL212W,34.788739355073595
1475,YIL038C,27.860614817946505
1476,YMR225C,61.485084238237945
1477,YBR042C,5.3055948690559
1478,YER050C,140.62270500205528
1479,YJL164C,17.47879203158248
1480,YKL124W,17.393569998546177
1481,YJL217W,24.73362639816753
1482,YIR017C,8.08238193371429
1483,YDR079W,10.1957800447454
1484,YMR149W,18.15708265219998
1485,YLR287C,3.53969591904848
1486,YOL013C,12.875237365664342
1487,YPR122W,5.75409431101544
1488,YKL129C,38.53956124071062
1489,YKL094W,9.41006421832847
1490,YNL044W,6.63738003287498
1491,YOL119C,3.9291163347454
1492,YBR044C,8.985954061426291
1493,YKR031C,28.091791026680514
1494,YMR190C,19.180953029023332
1495,YCR024C,10.895229349449501
1496,YDR453C,36.93860214528416
1497,YNR033W,23.36340858006217
1498,YBR228W,19.93573787300526
1499,YIL112W,41.42273101036026
1500,YPL103C,13.27460591675199
1501,YNL038W,7.767703805846491
1502,YGL158W,23.92822079697263
1503,YGL127C,93.45152420491526
1504,YBR106W,23.037306079090307
1505,YML088W,14.53886263092707
1506,YDR019C,27.744001014760254
1507,YLR209C,23.558017561094392
1508,YNL082W,14.474524581082532
1509,YDR366C,5.86549271904265
1510,YOR100C,3.7592837234134704
1511,YMR071C,12.59471708245464
1512,YBR015C,9.15827023488063
1513,YDL043C,140.1906255376993
1514,YER140W,17.538848518051687
1515,YNL132W,429.9345938012134
1516,YHR021C,25.636552337907812
1517,YIL105C,35.62347607369858
1518,YLR107W,14.37968281989259
1519,YGL196W,10.757799947702232
1520,YFL047W,26.633064360733904
1521,YOL061W,6.15910436890992
1522,YGL036W,15.98571015956217
1523,YIL021W,99.23113598466689
1524,YGR105W,10.07991895723338
1525,YML129C,7.79065731423945
1526,YGL225W,5.02445352577516
1527,YMR123W,14.31086834536147
1528,YJL181W,3.05616138680874
1529,YOL130W,12.948035417710562
1530,YLR309C,21.82323713593798
1531,YNL240C,4.69589279563594
1532,YKR072C,8.94588713680869
1533,YHR189W,5.19111704106551
1534,YGL084C,6.075247154217579
1535,YJL099W,28.313135709849387
1536,YNL083W,14.290641408819669
1537,YER074W,383.6558475031615
1538,YGR169C,19.96615454033151
1539,YDR183W,28.050020066704764
1540,YOL115W,73.67970592288819
1541,YJL137C,1.37631928896099
1542,YBR014C,9.66495154742088
1543,YGL142C,16.004757872963012
1544,YJR086W,20.470250124335777
1545,YNL281W,162.42716561625042
1546,YDL055C,35.79841605531776
1547,YGL017W,14.68129843932313
1548,YHR090C,68.31521441863681
1549,YJR046W,16.24606079153181
1550,YOR162C,33.65114830530963
1551,YJL190C,434.6858205390267
1552,YHR065C,21.29075953301152
1553,YHR116W,19.386807472870316
1554,YNL055C,49.413905433607894
1555,YDR071C,41.80587531279248
1556,YIL070C,76.58665021783585
1557,YBR047W,47.21206146216255
1558,YPL124W,8.28105527614279
1559,YNL257C,17.90667259879372
1560,YBR289W,95.23579983865665
1561,YBR107C,50.010949226348906
1562,YGL085W,6.745067792567061
1563,YBR121C,32.82626972548302
1564,YKL061W,28.41963154547084
1565,YLR395C,12.883414907924909
1566,YCR104W,6.290927280593101
1567,YGR287C,18.13145929675951
1568,YDR234W,8.68854708390575
1569,YJL098W,35.09624879801198
1570,YIL006W,24.663981586118453
1571,YIL133C,456.15017275175126
1572,YLR222C,153.17411730854064
1573,YJL057C,15.78819135476122
1574,YBR132C,15.945527908639262
1575,YIL068C,40.00098744115607
1576,YOR381W,8.64656616663753
1577,YDR081C,20.380102883534462
1578,YHR171W,3.2482924094379
1579,YOL133W,1.94017835840246
1580,YEL017C-A,10.12026069570635
1581,YMR026C,10.606326309066159
1582,YBL087C,212.70270449013628
1583,YHR088W,213.1883298194657
1584,YKL166C,2.50413715135129
1585,YLR072W,26.19463505368543
1586,YMR244C-A,16.17071976971017
1587,YER017C,26.337890133520755
1588,YJR019C,11.37481552346763
1589,YML077W,63.62525913464705
1590,YMR110C,15.158330800189031
1591,YJL165C,30.252866395015563
1592,YJL059W,13.50067529304383
1593,YLR095C,37.26920983209609
1594,YAR064W,3.9556840616735203
1595,YPL254W,114.75451648259168
1596,YOR256C,7.30352680466273
1597,YOR373W,22.61650597092151
1598,YGL155W,23.99967022401914
1599,YBL032W,36.01349093445363
1600,YLR276C,227.55704638389184
1601,YNR053C,158.62094738132276
1602,YKL207W,9.91900812525282
1603,YNL048W,26.14922413238467
1604,YGL145W,45.77262179957686
1605,YDR485C,61.512978265175654
1606,YHR007C,19.954326035821392
1607,YGR065C,28.214623923932965
1608,YDL029W,62.33350746249612
1609,YBL066C,14.05711967613017
1610,YHR002W,11.206435520765869
1611,YKL004W,6.6769395387099095
1612,YCR031C,367.4037261448483
1613,YBR079C,105.878278891383
1614,YKL105C,15.8828327838783
1615,YBR227C,13.25417790969858
1616,YGL257C,1.23993042830849
1617,YOR197W,6.57109006719582
1618,YOL004W,87.78430932093126
1619,YDR188W,92.52724518509088
1620,YMR089C,32.61751903987241
1621,YOR215C,4.00547421079011
1622,YJL050W,35.763918319762816
1623,YJL179W,48.015304801594795
1624,YHL039W,10.30698540645675
1625,YMR216C,23.831840855525623
1626,YLR177W,17.89758029856665
1627,YHR036W,16.623886574276
1628,YLR006C,22.356348251230372
1629,YDR129C,22.00528372502713
1630,YOL103W,15.7401939460771
1631,YML024W,209.2250175045083
1632,YDL082W,425.9235580713852
1633,YDL044C,12.136349752107389
1634,YHL027W,12.59870641277815
1635,YBL056W,9.3338846795864
1636,YHR208W,15.59522605763987
1637,YBR183W,18.504708743624782
1638,YMR318C,27.43159469263074
1639,YDR064W,548.8881048092574
1640,YNL164C,6.1817756279152505
1641,YLR387C,15.74739725126381
1642,YGR059W,11.55032772007212
1643,YDL013W,59.624134136935716
1644,YDR411C,9.413627213227048
1645,YPR033C,5.00601395903143
1646,YBL091C,23.88460270555124
1647,YOR008C-A,12.50630203745124
1648,YJL076W,68.68941942154201
1649,YNR006W,32.33303320764853
1650,YLR291C,77.3889301705129
1651,YBL039C,30.329869097426332
1652,YKL165C,6.43941405748276
1653,YKL014C,125.35867413105169
1654,YDR238C,50.15026826746073
1655,YER123W,14.05912629465058
1656,YDL237W,14.394386423321283
1657,YKL191W,18.2910725233225
1658,YKL221W,10.875924661585469
1659,YHR074W,11.534164096130429
1660,YFL007W,85.82869819661524
1661,YBR298C,19.034227993765377
1662,YGR268C,9.306393111997089
1663,YFR002W,31.941264804649048
1664,YNL305C,7.88875884156751
1665,YLR271W,17.837880017683137
1666,YOR181W,39.77562413771713
1667,YNL165W,14.385474268679442
1668,YOR259C,163.11187409301658
1669,YLR044C,74.43065225417017
1670,YDR005C,23.45475245556841
1671,YHR024C,21.09580406462008
1672,YLR297W,12.751373507574598
1673,YEL032W,27.316917057449913
1674,YGR211W,206.36053619465008
1675,YOR264W,18.56303766785255
1676,YBR024W,5.30100219086954
1677,YGR028W,17.8782276825866
1678,YJL030W,4.1267977190312
1679,YGR281W,35.73243797901527
1680,YGL082W,23.55146481746345
1681,YOR030W,9.63877711794926
1682,YNL196C,10.97600106192143
1683,YBR002C,10.33902417664992
1684,YBL055C,18.57173721788121
1685,YIL137C,21.538657148432822
1686,YKR038C,29.258222789394463
1687,YPL140C,9.61227386250663
1688,YBL035C,26.554923843432913
1689,YPL134C,7.592253503799349
1690,YDL052C,38.05444314768313
1691,YMR108W,1.49623654638634
1692,YDR116C,182.5935137130066
1693,YDL175C,118.62210661890055
1694,YER053C,9.57363578130283
1695,YOR374W,44.934145649997305
1696,YJR082C,57.876956219882004
1697,YER187W,1.41497834172977
1698,YOR245C,17.592609795356633
1699,YPL177C,12.36333492486368
1700,YLR243W,5.673048324596911
1701,YBR129C,11.200530181149752
1702,YBL038W,191.12222605215103
1703,YOL091W,28.382639902784742
1704,YDR023W,3.1242836883109897
1705,YNR048W,8.32894219884593
1706,YLR325C,280.50624518467555
1707,YDR284C,0.0
1708,YDL177C,9.33807247244184
1709,YGR270W,18.05719342440985
1710,YGR165W,148.5633453570909
1711,YMR154C,20.9448777941854
1712,YLR424W,161.45736856478612
1713,YNR075W,14.355900817865603
1714,YNL015W,11.632113829929041
1715,YDR189W,29.970382178390828
1716,YAL036C,103.77499124358734
1717,YDR313C,13.53057268060475
1718,YFL067W,6.71450937643613
1719,YBR102C,46.44360419508189
1720,YBR233W,12.319227505353949
1721,YDL181W,37.66798472649687
1722,YNL129W,33.223492417976786
1723,YLR404W,8.38871627445199
1724,YDR153C,12.545875194289229
1725,YDR350C,56.541908186650645
1726,YFR021W,15.939970320552199
1727,YJR105W,2.7099467473200898
1728,YJR035W,20.845326901259458
1729,YOL094C,54.36330808846613
1730,YMR152W,2.09868442361485
1731,YPR143W,61.360510587023555
1732,YOL087C,21.076845662725713
1733,YER166W,1.23982375104459
1734,YDR503C,17.80512656521358
1735,YNL323W,20.089556013150613
1736,YDR476C,12.325711295650398
1737,YHR148W,206.24385527593535
1738,YOL135C,121.78937048500602
1739,YPL225W,63.21722713277151
1740,YBR205W,10.35625671194049
1741,YFR008W,22.182534914481522
1742,YJR012C,4.38116985477354
1743,YDR174W,113.98987498416382
1744,YPR133W-A,13.3056851576626
1745,YGL238W,32.68200320167445
1746,YMR306W,13.628837663732831
1747,YMR148W,6.837276447948421
1748,YLR029C,526.0065858567626
1749,YAL039C,1.42914724546461
1750,YDL247W,15.638747603522152
1751,YKR064W,20.998643875167932
1752,YJR051W,6.76472704588598
1753,YBR069C,38.09071922654798
1754,YDR311W,36.14664389570809
1755,YGR077C,7.58786941006918
1756,YAR002C-A,38.734210052145954
1757,YKR030W,7.08245714117994
1758,YOL001W,20.58940586342358
1759,YMR072W,116.06574508463
1760,YDR160W,2.99967589683436
1761,YHR010W,372.78324180501653
1762,YER122C,29.748817399639037
1763,YFL028C,19.54379824699441
1764,YOR042W,171.54935926764034
1765,YDR100W,10.45771576584647
1766,YNL156C,1.24790918663672
1767,YKR065C,6.7868261776248495
1768,YOL056W,25.435148167368354
1769,YAL044C,1.1978726833991
1770,YPL107W,4.46760610646753
1771,YPR047W,22.960907397897312
1772,YJL035C,22.557071005822895
1773,YIL001W,23.47141897997959
1774,YKR050W,18.541142437119262
1775,YNL191W,23.296189329703925
1776,YBR299W,5.84588624224876
1777,YHR032W,28.355206217310737
1778,YBR250W,9.58851240901323
1779,YJL109C,207.9123178287515
1780,YKR014C,45.62422933664754
1781,YGR054W,154.44207996321614
1782,YDR379W,25.07644425888581
1783,YHR037W,12.62249949302235
1784,YEL012W,96.15845543175013
1785,YAL062W,25.6904471818312
1786,YMR128W,224.3835277104465
1787,YEL027W,4.06296057558085
1788,YEL056W,63.265493399858485
1789,YKL043W,6.83673902264087
1790,YDR529C,32.15225673899836
1791,YJL045W,10.25003900909747
1792,YLL006W,9.858982935167031
1793,YDR357C,26.76133007687916
1794,YGL139W,21.79296259722456
1795,YCL031C,60.826137949362206
1796,YNL301C,376.88174804708956
1797,YCL036W,20.86667018835643
1798,YOR336W,12.648431132886541
1799,YOL086C,118.46260618392057
1800,YJR085C,5.5255684380509305
1801,YIR003W,40.079212209658635
1802,YLL029W,14.090017708261078
1803,YKR070W,23.19775027236641
1804,YLR135W,5.86406796132994
1805,YKL077W,16.35486781884914
1806,YDL060W,134.4355665869816
1807,YAL068C,7.1022618688092
1808,YDR239C,16.08488225076633
1809,YGR175C,22.246575481367454
1810,YML068W,20.15485827384695
1811,YGL119W,9.346041325728478
1812,YJR098C,14.02369191271064
1813,YKL005C,24.801771317127876
1814,YML081W,14.62295993139977
1815,YJL131C,23.161393545828435
1816,YGL004C,19.30380885160546
1817,YER051W,4.31414831080875
1818,YPR003C,15.407590026603952
1819,YDR524C,6.419927342466931
1820,YFL046W,10.87205159297734
1821,YJR093C,97.30701606220816
1822,YMR092C,15.97585001473613
1823,YDR180W,13.07173529629811
1824,YDR217C,18.189572280589594
1825,YDR305C,5.26127967301397
1826,YMR230W,203.19057896812382
1827,YMR039C,3.96811763824633
1828,YOR143C,14.225012058073121
1829,YOR281C,58.74121488017479
1830,YHR092C,20.238408342469878
1831,YNL308C,132.81276187010798
1832,YDR148C,21.48948813106654
1833,YDL074C,11.57086492147189
1834,YPL045W,39.94872544827684
1835,YLR290C,8.176780530229632
1836,YPR115W,33.05530529584202
1837,YOR003W,8.86482667519806
1838,YNL247W,19.229576563583358
1839,YLR060W,23.900397467595635
1840,YHR069C,78.35382553216648
1841,YLR002C,210.3149300513246
1842,YBR247C,201.44379336221562
1843,YLR104W,12.7888196452106
1844,YAL054C,8.073626999174259
1845,YPR026W,4.4502927028531305
1846,YDR422C,41.854539634298206
1847,YLR246W,23.22684384250893
1848,YDR451C,25.01447014531503
1849,YHR114W,29.01893693013914
1850,YGR098C,24.28837609276686
1851,YAL026C,23.406472922901663
1852,YDR270W,21.46402069763566
1853,YJR126C,7.8825396369234
1854,YMR204C,8.59939530725561
1855,YHR172W,38.47993925196557
1856,YDR341C,42.809070190603606
1857,YCR106W,13.78011514084641
1858,YPL228W,29.30980018616599
1859,YKR099W,26.002412882366226
1860,YOR356W,12.051605659945439
1861,YPR075C,17.101451867236282
1862,YDR097C,36.02049644243295
1863,YJL094C,14.428564329255309
1864,YER029C,272.4879536344398
1865,YML087C,6.40549585706698
1866,YPR106W,1.47060527072761
1867,YNL166C,19.75743005049371
1868,YIL044C,1.93828966349104
1869,YGL227W,34.82627109101604
1870,YJL191W,159.98665186267962
1871,YPR154W,137.6218379114782
1872,YPL192C,7.443981761786089
1873,YBR273C,20.645510238098822
1874,YER012W,155.30046585562582
1875,YOR002W,24.337819444710828
1876,YPR190C,99.80010724181645
1877,YBR045C,18.426816808288773
1878,YOR076C,110.98767130693105
1879,YOL096C,13.59398105880112
1880,YIL103W,31.34742252026018
1881,YMR120C,9.03158151382606
1882,YKL174C,2.8499273339918103
1883,YLR380W,29.27981788510644
1884,YOR193W,8.73697873276972
1885,YDR423C,14.959138330359831
1886,YDR412W,30.760810994910187
1887,YGL079W,30.042116114767687
1888,YLL066C,17.87115221315864
1889,YIL005W,18.890362437746635
1890,YKR097W,42.900419076953256
1891,YPR070W,122.45523920020037
1892,YIL073C,36.73673339479913
1893,YLR340W,334.8161509136569
1894,YOL041C,274.4494564291811
1895,YJL051W,18.699322612249272
1896,YKR102W,16.63830788859021
1897,YJL154C,29.12420558725317
1898,YFL042C,23.974942763994054
1899,YPR071W,3.23412147987627
1900,YML069W,132.71215400938536
1901,YDL223C,5.97805232586866
1902,YDR248C,5.41322311292728
1903,YGR289C,6.688152486916611
1904,YCR089W,3.87452060182893
1905,YBR097W,30.268783174371563
1906,YJL092W,20.256768821698792
1907,YKR015C,31.81026734418574
1908,YDR511W,16.72750751046145
1909,YBR173C,94.71242233547517
1910,YKR079C,20.178357937710892
1911,YDL220C,15.771926293564881
1912,YDR245W,60.42531461695933
1913,YDR055W,7.97542465892757
1914,YOL049W,8.47871271220479
1915,YML092C,112.13662076025737
1916,YKR051W,10.52997649150928
1917,YNR051C,10.45944969001091
1918,YDR391C,1.45337053295
1919,YOL020W,19.02708349751491
1920,YER048W-A,5.7718768459685705
1921,YEL009C,9.51835162871662
1922,YDR317W,16.63470282244258
1923,YCR086W,19.9431201634703
1924,YOL072W,16.92938238152175
1925,YGL038C,8.74419902183846
1926,YDR101C,231.42477702829174
1927,YMR037C,15.15912774966285
1928,YLR144C,13.912422797326299
1929,YHR149C,10.13892180236942
1930,YBR188C,7.22926253255986
1931,YGR206W,38.008283252447505
1932,YLR399C,127.81725225941105
1933,YNL161W,2.4544743706156398
1934,YLR196W,127.12472005947645
1935,YGR143W,16.57896632947777
1936,YOL141W,16.77299402086517
1937,YAL035W,192.27498308795933
1938,YGR133W,16.991354338199304
1939,YDL213C,94.28415787512542
1940,YLR268W,31.564096399482295
1941,YNL237W,2.53654850832936
1942,YGR157W,10.77798688163373
1943,YJR110W,9.26780114168068
1944,YAL003W,44.81363435643596
1945,YJR120W,3.17860855922332
1946,YML099C,12.310826921390131
1947,YOR045W,4.71092652953376
1948,YNL178W,371.5076978331717
1949,YKL190W,86.24385831721527
1950,YNL272C,84.89688706803992
1951,YOL113W,20.08344331654461
1952,YLR031W,11.5906890261021
1953,YLR286C,1.77137405052505
1954,YOR151C,221.43860958117378
1955,YOL015W,8.42257219025338
1956,YMR147W,8.192849832861521
1957,YDL159W,8.589585901434171
1958,YLL040C,21.12379484740876
1959,YPR079W,11.30533439760502
1960,YNR039C,12.506967123595121
1961,YML111W,4.6730151274079805
1962,YOR152C,2.8376141656038403
1963,YOR278W,6.651949318182799
1964,YHR058C,213.03844316581285
1965,YPL037C,3.96717708603205
1966,YDR065W,21.89689178694291
1967,YBL098W,1.73460657979101
1968,YJL031C,10.30050515660876
1969,YPL218W,53.35287251502855
1970,YGL125W,6.85907878341538
1971,YML082W,43.07211787210181
1972,YLR372W,16.72626097521325
1973,YPR072W,38.23927063714042
1974,YML076C,14.349285024228951
1975,YPL189W,12.973531966842021
1976,YKL162C,41.94877306046902
1977,YPL031C,27.079306767540928
1978,YNL330C,76.46983301107565
1979,YGR283C,10.351589724913211
1980,YHL020C,18.204557575132988
1981,YDR036C,90.79883503126196
1982,YBR093C,10.74123241228644
1983,YMR322C,1.36435206566645
1984,YJR065C,57.969104356069096
1985,YGR082W,32.52291607917178
1986,YDL036C,6.315415604290981
1987,YNL025C,28.76114243483666
1988,YHR068W,38.59319208320097
1989,YBR278W,28.24569063207738
1990,YGL035C,8.1882360384037
1991,YKL133C,7.3297316747057595
1992,YLR385C,43.44258494779089
1993,YDL191W,7.45106355778654
1994,YPL156C,2.00219600400162
1995,YEL007W,14.17773504965976
1996,YOR346W,29.689190241441583
1997,YMR034C,11.117919556027122
1998,YGR005C,94.15090810279553
1999,YLR408C,30.70540827508642
2000,YJR149W,34.890580921237316
2001,YNL201C,44.38269143520689
2002,YPR169W,91.86008511226565
2003,YCL032W,17.74297374673477
2004,YJR078W,22.352693523814008
2005,YNL119W,20.550450276802277
2006,YJR013W,1.90784592791891
2007,YMR107W,23.120679733892167
2008,YER040W,20.46441256970826
2009,YBR223C,9.47135144475306
2010,YNL206C,29.11596987758875
2011,YDL031W,246.93116882531996
2012,YOL138C,18.860267321263716
2013,YGL092W,36.269674641831116
2014,YNR038W,14.96600752855755
2015,YGR110W,12.656339103426921
2016,YDL002C,56.271038738985
2017,YJL204C,23.986274973481127
2018,YPL204W,84.61421827358055
2019,YGL096W,21.80006816909909
2020,YMR073C,14.280324391062251
2021,YBR142W,270.55316021542336
2022,YIL159W,27.786224665632176
2023,YOR116C,134.39895418638488
2024,YBR200W,14.669881039019677
2025,YOR243C,97.23089648526951
2026,YGR210C,27.960260745243502
2027,YBR165W,6.33224289203727
2028,YFL044C,17.102152978475374
2029,YKR093W,4.1015684551542
2030,YJR014W,38.13374937281478
2031,YDL209C,136.06023906057058
2032,YOR122C,38.924260245339674
2033,YBL019W,32.54828033433032
2034,YGL144C,16.864063783538302
2035,YDL142C,18.574877706875238
2036,YDR347W,145.4142183373956
2037,YGR167W,16.23493623359017
2038,YMR066W,1.50129673830393
2039,YGR101W,16.53308552946169
2040,YML016C,14.80072520502647
2041,YEL026W,144.8651404849353
2042,YGL028C,1.88575345856601
2043,YDL235C,36.62386222757947
2044,YDR156W,119.69820236316691
2045,YML128C,11.50273901953069
2046,YCR016W,54.372108799556436
2047,YML041C,43.77500075101655
2048,YJL100W,12.358760255991191
2049,YLR343W,6.44388254103745
2050,YMR198W,44.37599646425207
2051,YPL139C,89.34717035978753
2052,YNL264C,23.5063270365632
2053,YGR184C,21.82100187714086
2054,YGL254W,32.544972158685184
2055,YGR103W,327.3352307129088
2056,YMR208W,20.766008077668157
2057,YJL121C,117.20102753306973
2058,YPL063W,18.668943570785196
2059,YGL020C,25.76243983205315
2060,YLR167W,166.12551256962482
2061,YDR247W,5.46179347025018
2062,YKL078W,33.848788018587264
2063,YGR244C,21.1912497620304
2064,YKR061W,7.52625249620643
2065,YOR037W,4.6375476977242
2066,YGL031C,282.9363181528441
2067,YDR253C,8.47702134167748
2068,YGR234W,38.029043569246255
2069,YIL033C,47.97150501159863
2070,YHR060W,31.36783880403384
2071,YBL045C,40.83292080211894
2072,YGR026W,13.203204355530062
2073,YOR004W,3.9600338990391704
2074,YOL060C,99.75558118199217
2075,YCR042C,37.68956207014925
2076,YLR091W,29.69402186506431
2077,YGR129W,29.778654965676395
2078,YLR332W,7.78225812827124
2079,YBR221C,44.107381524944934
2080,YDR254W,72.80732054002915
2081,YOR056C,40.48470163140086
2082,YLR023C,2.90622373293406
2083,YGR102C,14.864797000969439
2084,YNL047C,12.322450600468901
2085,YPR032W,22.31176018703526
2086,YKL062W,5.82178260981725
2087,YLR451W,59.45937891691552
2088,YNL227C,32.83626503962697
2089,YNL288W,38.96857060055964
2090,YPR156C,9.3378901020654
2091,YPL060W,11.987453355417491
2092,YDR507C,71.29257061074948
2093,YJL070C,4.58451190669918
2094,YDR418W,321.8777730055132
2095,YKL130C,46.88066973918836
2096,YDR488C,16.913531299113348
2097,YGR091W,202.7078914336206
2098,YDL186W,17.446191049317964
2099,YOL053W,66.92536639545177
2100,YNL321W,20.62344008012495
2101,YOL051W,129.47657033100256
2102,YLR173W,19.739220366718826
2103,YPL175W,9.66593002979738
2104,YGR258C,15.530727217880269
2105,YHR040W,11.800302987768411
2106,YOR292C,2.55799120701125
2107,YGR156W,115.92527764645592
2108,YER019W,4.713028066090979
2109,YGR295C,13.78311337814226
2110,YDR061W,13.38426625966756
2111,YKR023W,53.427433460344844
2112,YHR052W,275.901822437135
2113,YAL032C,105.58175016082497
2114,YFR012W,7.81830422361327
2115,YMR257C,18.0253015977713
2116,YMR100W,11.435941225328161
2117,YLR227C,10.1183456297499
2118,YML109W,30.475032174590144
2119,YNR027W,10.6464269566601
2120,YDL025C,9.96377131734495
2121,YOR123C,54.82905593842247
2122,YBR249C,15.57457180062058
2123,YLR038C,6.93146030625953
2124,YER076C,3.1565460447607503
2125,YOR229W,4.06972281464819
2126,YDR232W,16.88283245661135
2127,YER112W,137.34564839543722
2128,YLL041C,11.4697536250076
2129,YOR340C,85.57944557208133
2130,YGL094C,33.802986014514445
2131,YCR063W,82.30187221242367
2132,YIL066C,42.03544338149871
2133,YNL024C,32.72333700580363
2134,YML009C,133.53232334961993
2135,YHR110W,18.686808030574362
2136,YLR058C,8.49139866199854
2137,YLR207W,19.414142278574488
2138,YLR213C,22.72951200837176
2139,YIL097W,31.004662996204114
2140,YDR243C,54.694560485151946
2141,YJR088C,9.62523275981238
2142,YML038C,3.24518834893514
2143,YER006W,335.27865027193894
2144,YDL099W,16.15372280665568
2145,YFR007W,13.526989855046121
2146,YGR033C,6.0820117807948595
2147,YPR062W,166.09947077633885
2148,YKR046C,50.467284384188716
2149,YMR271C,9.18849519179091
2150,YML022W,40.63082867224965
2151,YPR048W,19.022884545261473
2152,YKL142W,14.87529401072302
2153,YOR038C,37.8806987959067
2154,YMR192W,46.80568644992012
2155,YIL088C,8.34057659741929
2156,YLL021W,29.308977371414375
2157,YIR008C,48.71196403725054
2158,YNR004W,16.79854948511475
2159,YOR306C,1.22304997896967
2160,YKL090W,18.99603216235722
2161,YPL061W,6.5514165666638995
2162,YHL048W,18.46618701881736
2163,YOR371C,29.618778115990455
2164,YEL006W,2.78913328079543
2165,YHR197W,224.55165531094397
2166,YOL044W,23.55796301603695
2167,YJL101C,20.053486297868275
2168,YFL030W,8.10314422332135
2169,YDL086W,12.11312618446597
2170,YKL219W,10.12516801289513
2171,YBR202W,17.558783864216462
2172,YKR026C,61.791407614801244
2173,YDR500C,17.815669485182248
2174,YIL126W,122.59460541900752
2175,YAL034W-A,24.898273485265346
2176,YER144C,9.50223471268861
2177,YDR263C,13.568775142565151
2178,YMR124W,12.710045020722951
2179,YLR357W,118.22022571547679
2180,YNL298W,17.7989695639416
2181,YGL056C,20.24000905220858
2182,YLL045C,600.536269074327
2183,YGR282C,56.38815305747679
2184,YDR520C,26.03644540680378
2185,YCR095C,41.15623569553253
2186,YEL023C,30.673862447300984
2187,YER024W,27.42851625786282
2188,YFR014C,20.354831593703988
2189,YGR275W,92.67312819257248
2190,YOR101W,13.07589228807125
2191,YMR055C,23.521479592351398
2192,YNL154C,23.83400165962069
2193,YHR096C,12.73019247839116
2194,YLR221C,134.86710001372464
2195,YHL032C,14.16359007063977
2196,YGL185C,18.98913109975861
2197,YPL093W,344.5628341925237
2198,YHL040C,5.3071095896144005
2199,YDR050C,29.35001874123631
2200,YBR072W,17.92805650350223
2201,YDR172W,49.08375683896513
2202,YPR129W,76.65369966450122
2203,YOR244W,56.03139465996665
2204,YKL073W,1.50023787273692
2205,YCL063W,10.85155414329615
2206,YCL064C,6.129302100274611
2207,YNL221C,52.059982609865806
2208,YJL151C,7.882631977582539
2209,YBL054W,22.028559109808658
2210,YDL064W,9.41533020376425
2211,YPR188C,22.297904344351448
2212,YOL008W,26.772761271263388
2213,YNL262W,58.45496529741356
2214,YJL130C,40.379789027054215
2215,YDL141W,13.67190814605399
2216,YNL003C,6.26381876755422
2217,YLR079W,18.56638600370035
2218,YOR328W,1.21653027895472
2219,YEL005C,27.24277039983302
2220,YNL122C,14.001406253967792
2221,YHR186C,33.684202544316065
2222,YKL151C,15.94235793834261
2223,YAL067C,4.20394714871997
2224,YNL155W,5.65218116747736
2225,YLL048C,10.84900755124271
2226,YOR185C,11.10362019933707
2227,YDR325W,12.79977898537168
2228,YNR063W,13.132708978342022
2229,YBR276C,33.02990225950878
2230,YDR387C,14.177349051160261
2231,YOR176W,38.45374804947457
2232,YIL027C,2.8943408927108303
2233,YAL027W,56.06552636970833
2234,YLR392C,16.74977599783966
2235,YKL127W,20.33032809508328
2236,YPL193W,7.24778753463519
2237,YNL011C,12.81820554382059
2238,YGR052W,12.957877653677379
2239,YLR075W,456.7400982209758
2240,YCR071C,170.9792636700268
2241,YPR144C,229.47447850871362
2242,YIL002C,11.312478019603871
2243,YLL022C,74.67756787760895
2244,YDL076C,66.94736176374647
2245,YBR195C,30.123203964421798
2246,YHR029C,140.6984644431464
2247,YLR295C,63.97689025793869
2248,YCR044C,11.93165297406717
2249,YNL027W,28.000895806700974
2250,YGL045W,36.07945370624764
2251,YLR257W,109.31846135304409
2252,YOR044W,4.12433946197027
2253,YBR060C,76.15543234969383
2254,YLR168C,2.1134210765177
2255,YMR232W,2.50411598544257
2256,YKL045W,16.12149632565081
2257,YMR102C,14.633941787504622
2258,YAL011W,64.2024802960301
2259,YBL042C,9.67595775863589
2260,YDL097C,145.60761767592865
2261,YDR497C,5.604592488353689
2262,YPL088W,20.92360580997708
2263,YGR195W,72.43889381449898
2264,YNL031C,11.19600535049454
2265,YMR184W,14.28366160507569
2266,YPL083C,18.11573438458306
2267,YPL127C,121.4257408445734
2268,YJL065C,10.53205033129699
2269,YOR159C,104.53999814213218
2270,YDL211C,5.36059935846843
2271,YPL065W,19.197547484623712
2272,YJR143C,39.37533597722475
2273,YDL053C,59.38745571533066
2274,YCL039W,21.906949546680494
2275,YDR144C,16.346495569672168
2276,YIR014W,14.35892036199311
2277,YEL015W,42.51457695600277
2278,YGR207C,26.640034088855792
2279,YLR228C,19.629058855174033
2280,YGL051W,11.401537101657501
2281,YKL081W,47.5347113885972
2282,YGR188C,26.26930091843814
2283,YBR290W,14.297295600096101
2284,YDR275W,8.281916349727299
2285,YOR019W,8.89838686230351
2286,YLR319C,17.530107282745302
2287,YPL210C,34.92307517740342
2288,YDL045C,19.340824387783993
2289,YMR243C,31.82088003632686
2290,YNL052W,24.00190376551499
2291,YPL207W,19.88158672894383
2292,YDR043C,19.829335680971028
2293,YLR195C,30.412126304014183
2294,YHR043C,24.989887547378675
2295,YNR014W,13.39760768323722
2296,YGL099W,87.71483060262288
2297,YLR047C,9.21312642369045
2298,YEL038W,14.15183712399923
2299,YGL184C,18.83927341938271
2300,YDL161W,35.25591032097952
2301,YDL018C,20.5831523234866
2302,YER141W,6.72947694083984
2303,YNL299W,14.393911385025202
2304,YBL082C,24.39709557299613
2305,YLR234W,16.00799651697531
2306,YJL025W,14.60375857287899
2307,YER149C,30.365236890843416
2308,YER025W,94.01306431810457
2309,YNR049C,50.21623676504258
2310,YIL127C,49.56702891131617
2311,YAL030W,12.15227060662752
2312,YKL059C,89.1087838060926
2313,YPL216W,14.218557578236961
2314,YKR041W,57.167027300990775
2315,YER048C,2.6402544958199696
2316,YLR455W,19.145107535324914
2317,YBR204C,5.94256192118181
2318,YGR261C,46.05931131590884
2319,YML037C,10.01352896177688
2320,YNL149C,31.08831628145887
2321,YPL055C,23.54524983655525
2322,YDL190C,21.183611995448363
2323,YJR017C,64.72317973656176
2324,YGL191W,7.2548637770871505
2325,YDR179W-A,16.864183555886846
2326,YDR012W,448.60423947864797
2327,YMR023C,38.01457703334259
2328,YCL050C,7.308119422656899
2329,YPL256C,11.720338675631709
2330,YGL151W,148.7463183616922
2331,YLR351C,13.91941372535519
2332,YIR024C,16.70168646866089
2333,YPL172C,17.653009642673393
2334,YFR044C,34.148894284152846
2335,YGR168C,8.388171197290571
2336,YBR225W,21.560133977452736
2337,YDL139C,22.994249876519692
2338,YJL200C,18.84810793115621
2339,YDL058W,46.47419868298594
2340,YLR205C,20.93921712434068
2341,YOR217W,35.15364083582904
2342,YGL243W,26.165984647084493
2343,YGL251C,27.65155147996753
2344,YOR284W,1.642820172285
2345,YNL238W,6.127152820872721
2346,YGR203W,1.85742681158915
2347,YGL231C,10.31908975897477
2348,YOL097C,38.916929836315944
2349,YCR101C,4.4599666667200495
2350,YLR143W,29.071409391284543
2351,YHR048W,8.42715350865182
2352,YFL017W-A,38.46050164900012
2353,YLR120C,11.7382084131815
2354,YPR078C,19.206590818737478
2355,YOR241W,20.31907099040528
2356,YAL059W,28.178302898871163
2357,YKL168C,23.826801151990033
2358,YHL014C,23.44288701536589
2359,YHR031C,11.924337063627009
2360,YKL011C,13.17913772293237
2361,YDR468C,17.89777922669664
2362,YBR167C,24.06988842992302
2363,YBR057C,8.15337799659195
2364,YNR044W,1.81264037194421
2365,YGL221C,19.012408160586162
2366,YLR323C,17.80785235360953
2367,YPL169C,58.78844900333048
2368,YOL159C,9.70166519152781
2369,YHL013C,46.67994171913623
2370,YML125C,29.973554611534404
2371,YER083C,25.818839338512664
2372,YBR087W,42.93682757389231
2373,YPL047W,35.05082600011949
2374,YDL124W,6.944679979783421
2375,YGR017W,5.29878182612092
2376,YPR159W,28.66195160759153
2377,YOR239W,159.58976821338354
2378,YML067C,29.64420379592751
2379,YDR430C,34.418172438259504
2380,YPR165W,16.266294760157
2381,YDL109C,12.752108790023719
2382,YGR024C,9.369307410038619
2383,YLR014C,0.0
2384,YPL023C,37.028637330093424
2385,YHR195W,6.06271133856068
2386,YHR206W,7.638688989736821
2387,YPR153W,6.530693674094691
2388,YIL072W,32.27075123191001
2389,YBR208C,16.26756815849923
2390,YPR001W,2.96753238785465
2391,YJR139C,9.4840923488068
2392,YBR237W,15.789311841379359
2393,YDL028C,18.474619547653937
2394,YNL035C,24.208132345598816
2395,YDL117W,13.63514163267085
2396,YDL215C,37.070673309696375
2397,YIL013C,12.512052402611008
2398,YPR176C,13.82377542815956
2399,YMR087W,11.992484025465911
2400,YMR142C,379.11842723402225
2401,YML023C,20.783064898368437
2402,YOR301W,22.683645258923395
2403,YOR305W,2.84152995918505
2404,YMR109W,65.04145735628762
2405,YCR005C,13.152449517293931
2406,YMR133W,12.45547452158762
2407,YPL183C,23.824918839762198
2408,YDR260C,37.38228023749738
2409,YLR352W,9.92168345354634
2410,YOR377W,7.08313462747812
2411,YPR011C,4.40804610854819
2412,YLR093C,8.60226928086801
2413,YLR220W,7.076367843266699
2414,YKL193C,55.01580727258695
2415,YPR198W,6.96993877032901
2416,YJL156C,3.69202969719961
2417,YML028W,31.0853229714971
2418,YER021W,181.38069992294473
2419,YGL246C,32.70395154776457
2420,YLR350W,8.03345412407726
2421,YJR053W,2.82986710823954
2422,YER095W,6.69174247836693
2423,YER028C,18.22258121527754
2424,YFL039C,213.9281336929215
2425,YCR087C-A,40.93725540545065
2426,YLR240W,31.107953278201123
2427,YPR067W,126.4902178964331
2428,YMR145C,1.21677096389124
2429,YNL248C,96.3506556481455
2430,YGR147C,3.1300774359571
2431,YNL267W,22.640846040015653
2432,YNL320W,22.140030278544632
2433,YMR223W,64.55155468762993
2434,YER071C,10.765982239385522
2435,YHR158C,35.420957082962545
2436,YOL032W,20.54870453909785
2437,YML110C,17.18030357620099
2438,YOR228C,11.838878031334511
2439,YPL235W,171.08722628002232
2440,YMR041C,7.747192728285089
2441,YGR094W,4.732357730724271
2442,YDR227W,31.04511123417211
2443,YDL017W,2.1188207380932
2444,YJL103C,6.04931067808703
2445,YPR152C,16.84091397569863
2446,YBR103W,30.890179871634864
2447,YDR244W,17.063125506609722
2448,YMR200W,1.70109161363363
2449,YJL161W,7.314625556101929
2450,YJR066W,15.917489219585441
2451,YGR083C,95.38138265559205
2452,YLR174W,16.353043090592763
2453,YKL167C,155.51017086756917
2454,YDR080W,39.4771708171552
2455,YOR246C,7.90623761370278
2456,YIL119C,17.263096936401723
2457,YMR134W,10.69409441035093
2458,YNR061C,9.343027048016
2459,YPL022W,27.240294626091224
2460,YKR048C,63.4900101964676
2461,YKL116C,16.377546299637658
2462,YKR083C,17.56217470638598
2463,YNL182C,133.77225343097382
2464,YER068W,30.872587702809547
2465,YCR098C,15.554789681581331
2466,YOR349W,23.264270276363995
2467,YER177W,52.5832718053485
2468,YLR348C,3.18542816082595
2469,YMR035W,18.450246892734008
2470,YPL220W,258.61518299251816
2471,YHR084W,16.116425759936618
2472,YKR001C,133.6121282090046
2473,YDL231C,10.66416979768451
2474,YPR110C,145.05209873315678
2475,YEL051W,99.33396876542339
2476,YIL128W,38.284858138385175
2477,YIL101C,14.797315907181979
2478,YOR183W,9.034107893482691
2479,YLR289W,29.61700029406841
2480,YPR168W,131.12134211112806
2481,YPR094W,1.29180236657677
2482,YBL061C,11.8710183452152
2483,YDR334W,80.18451737117462
2484,YNL312W,68.54191963647474
2485,YDL072C,16.70040920110347
2486,YOR093C,14.72473154671395
2487,YGR111W,25.95836190947637
2488,YBR155W,32.704228956777825
2489,YCL067C,5.45600325883739
2490,YPL105C,6.3963673496204
2491,YPL112C,13.89410889934765
2492,YPL230W,5.972990971080081
2493,YNL104C,11.081567976640521
2494,YHR101C,13.90732347389996
2495,YDR054C,50.32793890570787
2496,YJL080C,34.75354712530254
2497,YCR084C,63.04821173239366
2498,YDL061C,90.10048587468015
2499,YDR205W,1.48139141225223
2500,YLR065C,11.389450595512663
2501,YNL216W,29.811914755079144
2502,YKL157W,28.13296742791425
2503,YBR176W,10.470618545112309
2504,YJL013C,7.62740125322905
2505,YLR166C,49.40826417377866
2506,YIL150C,19.18848342295288
2507,YKR053C,10.60444759614385
2508,YBR068C,14.552710235985993
2509,YIL142W,44.90399927230474
2510,YGL021W,9.2157260251113
2511,YNR007C,23.631551299052923
2512,YGL187C,25.860532206497492
2513,YOL155C,2.92077673582774
2514,YOR141C,69.9172454552737
2515,YBL057C,32.59959822183796
2516,YJL082W,8.62904242572119
2517,YMR246W,18.582279950407482
2518,YDR316W,3.28900380711262
2519,YNL339C,14.264649503455942
2520,YDR111C,13.909617169883811
2521,YMR263W,51.2735851746138
2522,YBR135W,31.097379061858557
2523,YOR052C,23.188658749698067
2524,YLR384C,50.89827317836414
2525,YMR234W,32.3064018062693
2526,YHL035C,9.1775434079333
2527,YDR186C,35.36468233610122
2528,YER163C,2.79966783183468
2529,YPL015C,5.69390382509383
2530,YCL045C,31.42439141000083
2531,YDR177W,36.601448746669426
2532,YOR384W,18.901898738995726
2533,YGL138C,8.68721027170673
2534,YAR050W,7.109159534468019
2535,YPL018W,46.141102979165204
2536,YDR224C,122.1140079862755
2537,YLL061W,18.140803001516943
2538,YBR146W,150.16178612596687
2539,YMR006C,5.39949220162131
2540,YBL008W,20.7222083663987
2541,YHR072W,41.57328561349926
2542,YOL146W,10.13717244836314
2543,YDR322C-A,11.53541600908961
2544,YOR142W,37.37978018907567
2545,YPR058W,16.324551883151802
2546,YGL010W,8.634633357953089
2547,YDR126W,15.59053466500969
2548,YOR163W,19.77370256808357
2549,YCR091W,12.48432380747164
2550,YMR276W,40.056230012216496
2551,YLR127C,53.13218668994249
2552,YPL042C,133.49224195257844
2553,YDL057W,32.82257532963759
2554,YBR037C,3.21644643590943
2555,YMR260C,123.20518168458639
2556,YNL176C,12.779629143397091
2557,YNL117W,16.59062493271546
2558,YPR022C,23.655873553398944
2559,YLR307W,14.032606910906019
2560,YGR071C,35.19959385751954
2561,YBR081C,119.67219792494784
2562,YMR275C,8.53970660996049
2563,YLR299W,11.162660556653199
2564,YML003W,10.61388570030966
2565,YIR035C,17.1779843168028
2566,YPR041W,132.76735360025393
2567,YHL007C,12.40446218655887
2568,YDL128W,14.53389986790915
2569,YJR158W,10.206655600976339
2570,YOR231W,5.48689838420059
2571,YML117W,34.53444203322579
2572,YDL153C,21.561451354290014
2573,YDR332W,9.809269914010441
2574,YKL117W,119.91079524333954
2575,YNL081C,100.48319660701196
2576,YPR184W,19.778289129392853
2577,YMR153W,23.884134189980717
2578,YJR036C,19.871762759329524
2579,YOR279C,46.45035104633391
2580,YFR050C,119.2812737416561
2581,YDL150W,99.03753942435787
2582,YFR009W,95.17644112973231
2583,YLL035W,11.61777373353353
2584,YOL062C,25.251424965560233
2585,YLR430W,58.2949287755371
2586,YGR159C,72.19895828017886
2587,YHR045W,27.454788719987903
2588,YOR059C,16.34650535519227
2589,YLR050C,8.62899662576119
2590,YIL109C,29.52888169027396
2591,YDR330W,2.57723628054808
2592,YHR001W,24.02005123700834
2593,YMR053C,13.30516278440815
2594,YOR074C,45.52717752160227
2595,YGL128C,162.52615834160108
2596,YKL201C,24.719024246647308
2597,YOR016C,22.52049328962778
2598,YJL061W,47.49419545912628
2599,YOR216C,22.1584363234586
2600,YER009W,33.78273018696994
2601,YLR134W,35.47407376371268
2602,YBR083W,19.70362853993188
2603,YBR219C,16.30284631763919
2604,YNL250W,22.796465183682862
2605,YOR249C,42.918457408377165
2606,YKL120W,5.0143141369389
2607,YBR061C,12.668588035289108
2608,YLR142W,12.71149764183178
2609,YPL232W,8.71711606512805
2610,YJR140C,29.31821999953063
2611,YJL193W,16.60312906125937
2612,YPR119W,3.3478006090853603
2613,YLR362W,18.179700909594132
2614,YLR185W,74.71855996609817
2615,YMR162C,22.025202109478062
2616,YPR085C,7.9194911474153695
2617,YDR292C,12.89116871617033
2618,YGR037C,1.38528094357536
2619,YDR127W,80.37870988572826
2620,YDL230W,11.804590446329149
2621,YJL095W,11.85164671406442
2622,YBR074W,1.26428049013837
2623,YPR133C,40.22399941632231
2624,YJL052W,33.40051019549061
2625,YHR165C,313.3162749552646
2626,YML114C,19.936670037791508
2627,YJL172W,12.30246796993244
2628,YOR147W,14.721747826150912
2629,YGL037C,1.31705661907276
2630,YNL026W,13.36337687224412
2631,YLR045C,18.52220640975039
2632,YDL095W,26.733929486374958
2633,YDR441C,1.4043179749692
2634,YDR113C,2.12147490455041
2635,YBR114W,35.037148294358516
2636,YJL208C,21.262699370203418
2637,YMR008C,23.799510366265146
2638,YMR209C,13.582400585528822
2639,YEL013W,15.36036510210136
2640,YGL105W,16.422731717292223
2641,YFL022C,40.04614696921019
2642,YML121W,18.91804677547403
2643,YOL024W,6.15834233423749
2644,YBL036C,16.69562347330826
2645,YOL017W,12.527518086451341
2646,YBL060W,24.48717219634827
2647,YGL078C,48.64763833667828
2648,YNL304W,10.83397273333166
2649,YDR090C,2.65791872878975
2650,YKR096W,32.4410222281627
2651,YGL006W,14.536189301383219
2652,YBR161W,4.54657979680771
2653,YGR214W,82.12290200918227
2654,YLL012W,10.027708754663509
2655,YOR335C,20.780552510696662
2656,YLR080W,14.56166092921436
2657,YBR171W,31.744542937504335
2658,YIR004W,34.356167713643245
2659,YEL050C,65.68990903870797
2660,YML005W,16.26748365686963
2661,YBR094W,17.352589983461677
2662,YBR203W,17.06527585112986
2663,YNL223W,14.411222838839599
2664,YGR248W,26.349433452990834
2665,YDL046W,13.468870125815759
2666,YDR319C,7.885024584448571
2667,YBR218C,36.20046101196605
2668,YPR037C,22.352464305826317
2669,YMR080C,14.834654749764969
2670,YER034W,13.61977818504184
2671,YML057W,22.342736391970153
2672,YBL069W,9.478594671475909
2673,YLR055C,143.7776473671725
2674,YIL009W,21.834476075675028
2675,YBR302C,9.96256788363498
2676,YNL010W,30.11288223004995
2677,YFR006W,16.303751439206362
2678,YDR487C,26.17700994894006
2679,YDR527W,44.96388697370448
2680,YNL220W,6.51555243651477
2681,YJR048W,17.36537428184761
2682,YAR023C,10.229201733115968
2683,YFL048C,24.95499255810574
2684,YKL008C,37.73397819183276
2685,YNL033W,7.27036402439258
2686,YGR048W,47.84935314505836
2687,YJL044C,13.797127789069059
2688,YKL107W,21.961564300490572
2689,YDR070C,24.25738002711686
2690,YOR091W,33.67735442751643
2691,YOL042W,15.94091048463534
2692,YLR253W,7.3010737676002195
2693,YDR121W,47.548138859103055
2694,YNL192W,15.076419582457081
2695,YHR063C,15.17543710350915
2696,YBR056W,11.60365685572127
2697,YGL171W,87.42623432735131
2698,YDR428C,8.126147718514602
2699,YHL012W,9.64921069332023
2700,YGL025C,146.84216257288276
2701,YGL223C,39.613717366781344
2702,YCL001W-A,33.44373365195624
2703,YKL143W,73.066756246674
2704,YMR206W,7.88788645996609
2705,YPL090C,325.2988412339668
2706,YGR227W,1.52203041190016
2707,YGR264C,25.06233664246396
2708,YFL040W,10.18661150160992
2709,YJR061W,25.036773169649916
2710,YJL012C,28.692425921036758
2711,YNR028W,29.230256799259305
2712,YLR088W,28.971770003143934
2713,YDR206W,39.516975596302444
2714,YDR118W,46.88587853375827
2715,YJL001W,115.76958489474957
2716,YKL052C,39.43342125518224
2717,YGL091C,8.07920036787206
2718,YIL079C,19.887775776973857
2719,YNL088W,61.179612048175684
2720,YOR351C,3.9372010526940597
2721,YFR016C,6.7775487718152805
2722,YMR251W,10.38511331517689
2723,YOR362C,95.20949612510616
2724,YOR288C,18.14795877139692
2725,YAR008W,23.02075798303564
2726,YDR173C,11.861867213195419
2727,YJR003C,10.77629939742754
2728,YPR042C,70.40761830267958
2729,YER133W,149.57632287084488
2730,YLL033W,26.79062155448865
2731,YDR493W,15.81785499414725
2732,YIR023W,21.225001206888454
2733,YFL016C,7.767133731858171
2734,YOR196C,1.29625199606131
2735,YDL021W,12.83589381823332
2736,YJR076C,40.49872485676415
2737,YLR394W,17.18868113370572
2738,YBR222C,64.68759098506307
2739,YDR192C,8.73900480209791
2740,YCR061W,5.9394673255523
2741,YLR460C,17.51147653036414
2742,YMR305C,16.29592100113887
2743,YDR262W,1.24080562919545
2744,YFR040W,13.40863567656921
2745,YJL166W,1.73363538304813
2746,YER008C,58.76479446253289
2747,YNL030W,107.12829394902228
2748,YHR207C,25.996043730130097
2749,YDR336W,6.962942090523761
2750,YDR191W,10.345683362491561
2751,YGR154C,21.21425573838503
2752,YOL064C,30.07357396501769
2753,YML097C,15.550163757553241
2754,YLL023C,29.377576373864205
2755,YML042W,15.54121692758044
2756,YML048W,18.67032542173672
2757,YLR435W,15.67525618670663
2758,YFL023W,25.78104378501999
2759,YGL157W,17.500146358716492
2760,YBL033C,37.479806649657085
2761,YCL027W,6.875989432591
2762,YHR187W,20.3020593866054
2763,YBR063C,3.74567534125533
2764,YCR020C,1.69799842115678
2765,YML010W,93.50664031495445
2766,YOR119C,15.77759626514337
2767,YJL138C,55.24983370933868
2768,YNL066W,10.82082173297761
2769,YBR265W,22.293896656363863
2770,YLR094C,20.84344696031889
2771,YDR518W,33.32494538822649
2772,YLR129W,195.04163921003578
2773,YPR020W,15.21787374810173
2774,YDR478W,55.60446902313745
2775,YEL072W,9.453088456117072
2776,YHR184W,2.9528589281219304
2777,YGR141W,6.62677392160556
2778,YCL051W,18.15744971660057
2779,YNL204C,12.090920321493087
2780,YGL030W,506.8765908077993
2781,YNL093W,13.702126807785863
2782,YGR020C,79.59838309831312
2783,YLR305C,11.23426557356236
2784,YER145C,6.7824830576739
2785,YDL115C,95.07929270266321
2786,YLR303W,9.43264409101079
2787,YBR284W,16.155664956621827
2788,YOR014W,44.31770311266521
2789,YLR114C,14.900794052312738
2790,YJL210W,7.64781097939381
2791,YKL072W,10.53431766750359
2792,YJL117W,35.374213798034106
2793,YKL126W,42.56180014627013
2794,YLR427W,13.19015067104466
2795,YPL084W,9.8759184983368
2796,YNL100W,1.70566442745824
2797,YHL024W,7.30831536849829
2798,YLR413W,18.27625136017431
2799,YKL048C,26.84812312058024
2800,YKR056W,19.831043057767555
2801,YMR067C,46.45953144204452
2802,YLR327C,40.74636031209655
2803,YDR465C,13.92001949081048
2804,YGL076C,436.7205519709746
2805,YKL023W,53.93118391336181
2806,YBR073W,20.51304738818272
2807,YDR452W,8.35661633976555
2808,YBR019C,13.241832508211429
2809,YML070W,37.620601695268064
2810,YNL071W,17.46167650134161
2811,YCR037C,20.29809657021441
2812,YLR183C,26.641432553923853
2813,YGR116W,79.05433884867287
2814,YDR302W,3.54438262839242
2815,YPL227C,13.34221095662433
2816,YPL249C,22.72522650638522
2817,YHR049W,199.97319403749154
2818,YBL089W,29.001131084511094
2819,YBR251W,159.534553174773
2820,YBR021W,10.01422407662937
2821,YDL212W,46.41687670467688
2822,YNL049C,34.84271800658306
2823,YOR084W,1.32078995700954
2824,YKL055C,11.132806723007231
2825,YGL159W,9.427599545246299
2826,YCL017C,8.64274726172357
2827,YBR192W,14.808201900428719
2828,YDR377W,55.68716723556192
2829,YKL040C,43.483518567606005
2830,YHL008C,13.25480352262895
2831,YAL047C,21.362479444316797
2832,YDR375C,9.80497406894629
2833,YPR030W,25.62351716435578
2834,YGL232W,13.16773507032745
2835,YBR272C,116.82215483816226
2836,YAL049C,9.623262012795589
2837,YHR022C,18.97170552300144
2838,YNL059C,73.90642209923968
2839,YIL019W,50.636110887001536
2840,YDR380W,14.21406254866697
2841,YEL035C,3.58267504957998
2842,YDR202C,27.238835486701948
2843,YNR040W,19.25940147954442
2844,YNL275W,4.45190806121221
2845,YKL135C,53.04044146465248
2846,YNR067C,11.966504554947342
2847,YDR091C,68.37785616582204
2848,YBR170C,42.78565968294516
2849,YEL030W,23.796547598770932
2850,YBR046C,17.049422619195468
2851,YLR179C,77.9696591216948
2852,YIL022W,20.080871411386028
2853,YLR165C,13.540076074686938
2854,YMR180C,20.24758086214642
2855,YDR407C,58.03551096169456
2856,YJR015W,11.45789866146694
2857,YJL016W,13.404596250388922
2858,YIL084C,97.42128823192674
2859,YHR122W,46.957774999516516
2860,YCR021C,17.041593980964223
2861,YKL173W,271.32253276936
2862,YOR104W,3.8658637766471298
2863,YNL294C,6.281527157722341
2864,YPR173C,30.351455941613423
2865,YOR237W,5.68985305991775
2866,YCL030C,12.50212088811544
2867,YKL185W,21.25647507201111
2868,YBL023C,17.36051059734243
2869,YOL132W,23.784065366545608
2870,YHR078W,20.70504126391262
2871,YDR044W,32.950546107369355
2872,YGL001C,11.96227837249057
2873,YBR162W-A,6.37373255175804
2874,YGL192W,5.80140407509654
2875,YPL043W,252.41123482675033
2876,YDR084C,17.47917423033262
2877,YPL141C,20.650240443461207
2878,YCR067C,13.84932654437709
2879,YIL010W,17.487923443813493
2880,YDR279W,24.34339294193457
2881,YPL199C,12.15230800311872
2882,YFR019W,23.13345841667001
2883,YDL104C,5.868953196235161
2884,YKR045C,43.13379360212096
2885,YDR117C,12.73731662850981
2886,YOL147C,20.96532020872726
2887,YNR068C,15.86281773169288
2888,YMR139W,7.596520005518041
2889,YLR211C,9.97977820824861
2890,YJL066C,20.92807896029416
2891,YLR064W,6.485410346918351
2892,YBR008C,3.5588316837972203
2893,YNL246W,4.55453462230853
2894,YBL001C,12.188605145625688
2895,YDR349C,20.99056078526642
2896,YJL046W,10.75715385756957
2897,YIL041W,23.913577224499907
2898,YER178W,33.81531424869287
2899,YLR081W,13.120373872547512
2900,YLR092W,2.90885539800428
2901,YMR258C,19.0938940977274
2902,YBR242W,7.6494107565596
2903,YGL253W,1.93850143477194
2904,YGR150C,8.43578911801783
2905,YGR058W,20.82018409141596
2906,YIL076W,68.36053322813191
2907,YJR075W,29.204872786501994
2908,YLR032W,17.623745926453402
2909,YMR247C,25.665544057720094
2910,YDR390C,33.50841439516425
2911,YDR006C,22.713984362755653
2912,YDR178W,11.15504214680071
2913,YJR021C,19.03858589699732
2914,YMR214W,39.855682385377655
2915,YPL259C,57.89170819767596
2916,YLL028W,54.948265639686184
2917,YGR256W,22.56674843064116
2918,YIL151C,17.06670028572189
2919,YGL172W,37.78705041603466
2920,YOR171C,21.42223309413989
2921,YPL226W,25.877903780171085
2922,YLR193C,10.041359468564831
2923,YOR040W,23.727300011253842
2924,YDL156W,49.35108495107413
2925,YKL100C,14.18770605833732
2926,YEL059C-A,1.74451888244517
2927,YBL014C,6.59763514400178
2928,YIL107C,28.097243386448
2929,YOL124C,14.69594881007511
2930,YEL042W,6.08218386173364
2931,YDR346C,101.81900559865721
2932,YOL059W,86.94618864840379
2933,YKL161C,1.26786196988824
2934,YLR087C,14.71092729383497
2935,YDR035W,24.65464308036425
2936,YER167W,19.43955381553928
2937,YHR164C,37.07959145242089
2938,YDR345C,38.75082659403494
2939,YLR106C,151.4849416456289
2940,YPR191W,41.18438535343573
2941,YER126C,152.22770837603986
2942,YOR136W,47.68714028531144
2943,YHL006C,15.975621511550683
2944,YIL016W,23.58369146134782
2945,YER106W,1.26846285248888
2946,YKR076W,15.44579002441623
2947,YIL062C,111.22998717922182
2948,YMR146C,135.14156110198041
2949,YMR170C,39.33770057674758
2950,YBR115C,43.60369770949212
2951,YOL149W,12.45828462734681
2952,YGR140W,27.503737266163057
2953,YPR091C,16.081624310197558
2954,YKR095W,39.461414385060664
2955,YHR179W,19.576966382059197
2956,YGR191W,10.32807451672555
2957,YDR437W,5.4315554152842
2958,YBR082C,171.06112983069576
2959,YDR409W,38.0269470362868
2960,YPR183W,2.6877583649414403
2961,YBR270C,17.163366450217048
2962,YPL234C,21.023281937276217
2963,YNL177C,70.58980136373766
2964,YGL023C,9.758886117642849
2965,YJR009C,24.236306792191538
2966,YER143W,25.330215609765556
2967,YNL135C,8.54564327959557
2968,YHR077C,14.85673892607359
2969,YNL051W,36.23488295199528
2970,YDR075W,22.183114488512338
2971,YGL241W,42.1293523690388
2972,YJL087C,20.743164375823763
2973,YBL080C,6.5755981697680195
2974,YNR012W,3.26783140912598
2975,YDR300C,24.087279501561973
2976,YBL040C,18.24652833654288
2977,YJR050W,58.938642775273685
2978,YBR109C,80.08971033843157
2979,YHL042W,6.20918031796191
2980,YOR342C,6.896134212331839
2981,YPL120W,27.34791059351766
2982,YLR367W,330.38142211021704
2983,YOR130C,10.4151341049804
2984,YLR433C,22.605990401433907
2985,YML119W,12.39226662291592
2986,YFR036W,74.75053041642546
2987,YNL068C,16.96030783589056
2988,YLL003W,21.35570392747722
2989,YJL090C,21.971301428692996
2990,YCL059C,217.2538549771983
2991,YNL111C,15.46230840844259
2992,YBR138C,11.476103846785822
2993,YDR283C,23.632417519931604
2994,YHR174W,70.29611654125709
2995,YPL153C,21.82097649488146
2996,YMR173W,88.74213712167142
2997,YMR077C,11.223922210325913
2998,YLR186W,247.43062324624645
2999,YCL008C,31.05492758585691
3000,YOR355W,21.85600995802247
3001,YLR314C,51.704738389099
3002,YGR132C,48.752702657848914
3003,YCL018W,20.08026811514474
3004,YNL042W,11.6745949589427
3005,YMR270C,17.57239865986573
3006,YGR013W,159.51764711874364
3007,YLR028C,81.89798458999545
3008,YNR071C,5.2205996593287
3009,YJL146W,7.77056507521394
3010,YML006C,15.52026704120588
3011,YDL113C,22.2719602115933
3012,YGR276C,10.54586551420557
3013,YGL212W,29.174633077182577
3014,YPL104W,21.411150675928933
3015,YOR034C,15.452525356863552
3016,YMR156C,3.02307121319648
3017,YNL256W,13.92247885006824
3018,YDL169C,8.52698709135645
3019,YGR130C,23.205610137698983
3020,YCR028C,10.5408825706686
3021,YLR036C,10.4848649904142
3022,YBR268W,120.00771262451728
3023,YLR346C,18.69697496660444
3024,YOR057W,22.545489980953523
3025,YDL102W,26.41061745375646
3026,YIR031C,25.49342390789479
3027,YAL055W,9.5689201828306
3028,YKL020C,11.3497367071548
3029,YHR005C,17.99649271933125
3030,YDR505C,21.9525983790636
3031,YPL087W,18.8724966379986
3032,YKL121W,5.6240886041288
3033,YOR232W,107.89096065722127
3034,YMR261C,94.46028246640545
3035,YDR351W,11.11606375658044
3036,YML020W,9.25592117714213
3037,YJL192C,3.38467070293652
3038,YNL087W,30.078642552738682
3039,YCL016C,20.4754698639558
3040,YKR089C,8.96714216390985
3041,YER092W,48.42360953289389
3042,YDL179W,33.40901200286588
3043,YBR101C,37.888376147048774
3044,YGR235C,6.28383190022448
3045,YDL226C,56.665313191618374
3046,YDR182W,10.809523763266071
3047,YGL061C,44.977453385182535
3048,YDL087C,125.44371141933782
3049,YHR188C,24.248960032873946
3050,YOR175C,15.310733030186062
3051,YNL148C,7.446912321238369
3052,YMR194W,393.50857170950326
3053,YLR018C,9.59328140908943
3054,YMR284W,22.62962552113914
3055,YKL114C,12.055220325868778
3056,YMR203W,20.62676002302934
3057,YGR015C,2.14451329931466
3058,YGL170C,26.33568967116515
3059,YGL247W,18.155385134096267
3060,YHR067W,50.11510011231156
3061,YBL009W,13.196850168063989
3062,YDL045W-A,105.30127575374125
3063,YNL123W,17.91910302925273
3064,YPL040C,10.24840222434028
3065,YPL119C,13.93017459992545
3066,YJL197W,13.11193597196412
3067,YDR001C,31.81792110357712
3068,YJL198W,5.8159419591212504
3069,YBL091C-A,15.820556699304941
3070,YOL019W,38.845497223101
3071,YHL034C,181.72908271823945
3072,YIL039W,1.19469661821003
3073,YJL078C,13.069819328711013
3074,YLL055W,3.54438262839242
3075,YJR151C,3.19796021302696
3076,YML101C,14.19547610366851
3077,YBR210W,3.78861899785402
3078,YGL057C,31.541141253055258
3079,YGR067C,21.3000990690643
3080,YKR069W,7.255800369067321
3081,YPL005W,10.790769947290448
3082,YPL070W,20.266211440590503
3083,YHR204W,15.93165567617254
3084,YJL034W,65.01854070031071
3085,YOR219C,19.95740433753259
3086,YOL012C,113.42154194082873
3087,YML001W,28.60682893174309
3088,YIL011W,5.0149863504204495
3089,YKR007W,17.81567420141584
3090,YIL035C,79.46702550986124
3091,YNL173C,45.794578315252274
3092,YPL224C,15.312803485974719
3093,Q0120,9.67640067210706
3094,YCR088W,74.1805358671803
3095,YIL099W,1.23208382770423
3096,YPL260W,52.872806542919925
3097,YBR197C,22.209835931457054
3098,YER134C,1.2977342545795
3099,YLR204W,4.5211394434570495
3100,YNL282W,23.887408683480288
3101,YPR023C,100.28748239706128
3102,YGL141W,6.96454631099231
3103,YGL183C,6.3332479068312
3104,YDR226W,1.66361902677347
3105,YMR165C,20.492017870784046
3106,YOL028C,12.10068486408579
3107,YER172C,264.8559678596851
3108,YKR066C,13.49305767121794
3109,YDL248W,14.519965213059018
3110,YLR001C,13.284101536033292
3111,YCR004C,27.47298347516378
3112,YJL111W,53.38559124221579
3113,YMR197C,35.18909458530847
3114,YPR113W,5.56666403562223
3115,YOR287C,25.69372160829033
3116,YAR014C,45.01877319026732
3117,YOR363C,13.308746046147052
3118,YKL092C,24.47037782424575
3119,YER129W,32.378557895720355
3120,YBR140C,20.34432833668026
3121,YPR056W,37.486955228263355
3122,YDR304C,29.38831594941877
3123,YJR142W,2.34629446599382
3124,YGR063C,52.130045735705046
3125,YEL034W,36.33872833495072
3126,YIL034C,63.36427354100446
3127,YPR104C,21.671928034419103
3128,YNL236W,156.09275054492622
3129,YLR244C,56.6186672515636
3130,YDR454C,1.35922274388878
3131,YFR032C-A,320.53191761821944
3132,YKL171W,13.53210250816392
3133,YBR026C,19.683515100881127
3134,YLR251W,18.93061527289385
3135,YNL283C,19.54189170816499
3136,YPR175W,35.40798071598524
3137,YKL175W,1.39781574418475
3138,YLR273C,3.15896288599411
3139,YAL040C,5.79550741782483
3140,YML126C,19.531021768985312
3141,YJL038C,9.17461808042168
3142,YOR260W,66.5093119642718
3143,YPL163C,8.77736919329117
3144,YHR082C,29.456836270791793
3145,YPL106C,6.2981623648315805
3146,YPL095C,16.932591301134952
3147,YML064C,6.19446101723838
3148,YNL029C,10.49325736951405
3149,YDR139C,12.391922197544039
3150,YOL069W,25.68254901765242
3151,YCR027C,10.51670236391035
3152,YMR177W,12.37761628256273
3153,YDR022C,19.08931876042685
3154,YAL064C-A,21.86848856461688
3155,YER090W,20.55447155528765
3156,YGL117W,12.34628738162016
3157,YCR105W,7.90566047128943
3158,YMR176W,35.11996883604148
3159,YDR103W,2.93153518289619
3160,YBR211C,51.90608308776326
3161,YML115C,37.69097015505487
3162,YMR231W,42.11068526762973
3163,YAL021C,42.03685418342543
3164,YML049C,250.2139337765849
3165,YKL026C,5.80374905591856
3166,YGR200C,38.79289404268743
3167,YGL098W,39.04272464453997
3168,YDR376W,16.908283866311983
3169,YGR008C,67.38800648486873
3170,YDR037W,6.107332082288661
3171,YLR027C,23.16517624159461
3172,YMR181C,18.41267113678996
3173,YNL034W,2.21127941761917
3174,YDR320C,65.49316611993906
3175,YPR101W,147.60844880699915
3176,YDR322W,175.59733834679335
3177,YOR286W,249.42923287900882
3178,YOR297C,4.127855816036011
3179,YIR027C,9.601078356523729
3180,YDL219W,3.08143490049419
3181,YDR011W,18.39183627501085
3182,YPL122C,33.52217518535474
3183,YEL061C,20.181211815850748
3184,YPR051W,7.98600201590883
3185,YBR271W,1.33491969003969
3186,YMR158W,139.1275351811681
3187,YBR160W,43.546348248758584
3188,YOR001W,92.8175980573876
3189,YLR178C,94.80833525101727
3190,YLR373C,13.2056505988149
3191,YNL141W,16.66513668101301
3192,YOR317W,23.251909103423493
3193,YCL025C,24.490964743364234
3194,YIL140W,21.18343899787971
3195,YJL184W,104.98803374225437
3196,YNL215W,47.182287030775406
3197,YOL164W,8.86260869173308
3198,YLR250W,22.55910935493221
3199,YJR117W,23.24945859272725
3200,YLR432W,170.91100980591992
3201,YHR003C,25.598554296118515
3202,YOL143C,6.34336504177858
3203,YLR320W,21.754755878505872
3204,YIL045W,12.198963027442812
3205,YLR438W,5.88344143428112
3206,YLR218C,28.16892074918519
3207,YDR265W,13.716998884386488
3208,YLR417W,24.751372855766924
3209,YGR049W,12.170826228791759
3210,YOR179C,25.507929112562
3211,YER155C,78.54282488015173
3212,YPL212C,22.24406181280291
3213,YNL263C,11.94233095892428
3214,YPL091W,58.92326521763833
3215,YLR082C,15.54665687543713
3216,YPL019C,14.49196605720216
3217,YEL043W,22.54089093585574
3218,YER170W,9.05899003526942
3219,YOR311C,4.78215439572775
3220,YPL007C,63.52475356993933
3221,YDL006W,20.871065043822803
3222,YFR024C-A,49.3826314493649
3223,YPR016C,273.1892289346628
3224,YML107C,20.904740363199277
3225,YDR264C,24.095313914369083
3226,YNL112W,148.48407796453935
3227,YLR117C,159.3862337736104
3228,YOR058C,42.5586943561407
3229,YGR138C,16.81116031053857
3230,YBL003C,95.40587251247463
3231,YNL265C,17.849877752282943
3232,YMR272C,10.19276774600612
3233,YDL090C,14.19039548332683
3234,YDR469W,74.05460854747594
3235,YJR099W,13.401822716738467
3236,YLR024C,19.78557798294609
3237,YJL162C,17.93808114383755
3238,YNR017W,6.17115421572904
3239,YHL004W,155.79721287258278
3240,YGR078C,37.82538609367756
3241,YLL031C,10.836758182739619
3242,YPL135W,4.45201438436584
3243,YMR116C,214.80240962768204
3244,YMR085W,11.943031020871318
3245,YOR347C,20.53093687963475
3246,YNL274C,42.391494997099535
3247,YER165W,188.45769389966554
3248,YBR198C,153.51304728203127
3249,YPL168W,21.758377057013952
3250,YMR189W,16.308177958629653
3251,YNR022C,71.4825212794064
3252,YNL293W,23.957534267996337
3253,YLR396C,48.95111392702809
3254,YOR068C,6.41630378467433
3255,YGL163C,16.521662917169877
3256,YIL026C,29.717283738041644
3257,YMR137C,50.775004911479485
3258,YLR344W,142.42246949315975
3259,YCR020C-A,7.5169085021141
3260,YKR077W,8.007478418801501
3261,YER109C,27.378944407396038
3262,YIL125W,19.49372534151891
3263,YOR148C,13.296414891167412
3264,YPR193C,37.52422594280284
3265,YLR239C,18.63840258712867
3266,YLR411W,3.1179000536369
3267,YGL014W,264.3962284317963
3268,YJL041W,101.17324411359455
3269,YLR292C,19.66115638725309
3270,YPL039W,10.62848040890204
3271,YIL136W,19.13252091969427
3272,YIL152W,39.141808112374626
3273,YDR119W,8.286283855181939
3274,YMR278W,27.940418043851285
3275,YMR079W,16.012846313837198
3276,YIR007W,10.134544314505302
3277,YLL067C,9.13616815132819
3278,YDR267C,39.344586489010226
3279,YEL017W,35.452725766875716
3280,YGL219C,14.732725915089318
3281,YPR182W,115.99963894773089
3282,YBR216C,24.042072329840835
3283,YPR010C,139.08356804279714
3284,YLL062C,4.25963797334372
3285,YNL040W,4.25601878949442
3286,YJL206C,18.89808687577858
3287,YOL065C,7.21947639387836
3288,YMR114C,40.252812875882725
3289,YHR132C,14.56743562093186
3290,YJL129C,36.96228488721581
3291,YIL166C,1.18756336996737
3292,YOR296W,24.26733923983457
3293,YJL024C,21.23856542349123
3294,YGL050W,1.59331333712557
3295,YDL035C,21.092558476376134
3296,YJR130C,17.13028749774218
3297,YOL022C,31.04155258244591
3298,YDR335W,45.040608046333844
3299,YLR335W,188.99604095977978
3300,YDL014W,501.69040398085053
3301,YOL127W,579.5853920970137
3302,YGR173W,51.62433716862109
3303,YPL174C,18.61826340904811
3304,YFR015C,26.341273484778036
3305,YHL038C,24.844069117099206
3306,YNL325C,30.946131551484758
3307,YDL101C,6.93165426238769
3308,YNL116W,4.69441892305034
3309,YFR053C,34.8209913037293
3310,YPL117C,49.1605227417611
3311,YBR098W,22.959466007930782
3312,YNL208W,22.79383120179452
3313,YJL209W,4.23674800453215
3314,YIL074C,9.51254017072508
3315,YOR348C,5.12014251717323
3316,YCL002C,22.825277305905832
3317,YBL006C,60.07207656840313
3318,YDR249C,18.28016193038976
3319,YGL133W,92.18013132425502
3320,YER130C,7.270415743359201
3321,YKL203C,26.466279669089992
3322,YPR137W,175.14160013014867
3323,YGR148C,26.26729046398168
3324,YLR057W,17.52440964420584
3325,YBR294W,17.913269723630098
3326,YGL022W,27.392683601856895
3327,YOR060C,9.70328357391063
3328,YMR140W,28.82546840547189
3329,YJR080C,8.49392374628277
3330,YPL239W,42.48518961933567
3331,YML063W,464.04649540708476
3332,YOL031C,22.15068094175967
3333,YDR434W,16.84225407096611
3334,YAR027W,11.53417780113499
3335,YDL078C,40.83363197008126
3336,YOL095C,8.37859585656161
3337,YOR265W,19.218496960124302
3338,YCR077C,111.14201203928698
3339,YML035C,20.014729196120488
3340,YDR045C,94.24368031465606
3341,YBR084W,97.15450301608972
3342,YOR154W,20.73903440672617
3343,YJR044C,7.44043553520356
3344,YDR289C,31.02785864849578
3345,YER004W,14.107066377714839
3346,YCR075C,20.630480705041247
3347,YCL026C-A,8.21439075165789
3348,YEL019C,20.20596097199136
3349,YDR276C,7.46684035314275
3350,YMR166C,10.62558256068303
3351,YMR104C,18.42052632822466
3352,YJL063C,182.42115742464696
3353,YPL270W,7.28828782809377
3354,YBL011W,10.40970066093119
3355,YIL154C,37.2350134134181
3356,YGR009C,20.956509510736844
3357,YNL061W,342.7213673642795
3358,YBL050W,48.6681886713106
3359,YOR390W,11.084259108758559
3360,YFR045W,4.67382713534688
3361,YDR062W,25.114089518407667
3362,YDL227C,23.74658408351618
3363,YBR252W,9.730935329430341
3364,YMR012W,110.84498862824285
3365,YNL133C,44.37527003662701
3366,YGL106W,58.092160471602746
3367,YER107C,34.69144539422266
3368,YHR169W,54.36773058108906
3369,YHR210C,4.5509574006452596
3370,YER015W,14.515233118010329
3371,YLL007C,15.7353999373276
3372,YMR004W,17.006626643705193
3373,YMR157C,14.79208474427056
3374,YBL075C,22.07870426401518
3375,YJR132W,23.37572555046638
3376,YLR070C,13.237763983332211
3377,YBL105C,29.623671220991152
3378,YDL065C,38.87729413176515
3379,YMR029C,14.926645376802933
3380,YER033C,17.318195238459438
3381,YGL178W,8.64752293270823
3382,YMR160W,14.016785759975868
3383,YCR011C,26.037384793811803
3384,YLR446W,12.033741463617261
3385,YPL217C,245.62659826206166
3386,YOL107W,13.817309427424279
3387,YDR446W,24.593790786218065
3388,YHR098C,16.91644040864517
3389,YDR512C,17.82649892822101
3390,YOR081C,23.113437322871494
3391,YIL146C,22.38399209151798
3392,YKL204W,62.0500232693033
3393,YGR043C,25.23997962781181
3394,YDR143C,14.700887843606564
3395,YPR102C,136.97750599740536
3396,YPL109C,10.954533499207878
3397,YKL085W,9.06376360077859
3398,YGR126W,156.13243601992951
3399,YDR522C,6.4492758209336
3400,YCL047C,17.893461604923463
3401,YOL026C,3.36779231036272
3402,YMR251W-A,11.311116910783351
3403,YER049W,22.97581321017795
3404,YDR298C,58.38118705544233
3405,YDL232W,32.92987399393922
3406,YDR328C,80.43684109664986
3407,YER142C,9.62260743002093
3408,YPL020C,20.645389636061
3409,YDL185W,87.9754067322448
3410,YDR471W,548.9489620854418
3411,YDR086C,8.73536777429147
3412,YOR077W,12.802710274304888
3413,YOL117W,42.25037742959314
3414,YLR237W,18.73080242149131
3415,YML018C,10.63785387047366
3416,YNL273W,19.85956402796699
3417,YDR513W,12.373987929883908
3418,YLR467W,4.37953368997876
3419,YOR083W,15.12700378169087
3420,YGR158C,74.72721203555103
3421,YFL034W,23.43288941910528
3422,YGR186W,119.8271771833894
3423,YPR088C,32.174204174488494
3424,YJR008W,14.0592021744486
3425,YCR035C,83.70448833669079
3426,YDL236W,14.993113395752493
3427,YML096W,15.853641279911491
3428,YBR215W,36.18377177136429
3429,YER162C,35.32762277181383
3430,YOR323C,25.422696633033848
3431,YGL181W,24.515840087964875
3432,YPL028W,44.28187131659594
3433,YER066W,11.081902108462298
3434,YPL014W,2.1134210765177
3435,YMR144W,19.783714197480695
3436,YOR080W,9.15968227819403
3437,YOR321W,19.21989239338969
3438,YJL105W,3.41244265210837
3439,YKR071C,119.54282059745888
3440,YDL178W,5.45789632391886
3441,YDL091C,11.23394080495075
3442,YAL060W,16.87149761568222
3443,YNL054W,25.12352103821677
3444,YOR039W,70.37597131296272
3445,YLR429W,105.13287980461486
3446,YBL103C,46.11219054658293
3447,YCL055W,24.208132345598816
3448,YPR005C,18.23106941345455
3449,YCR057C,210.4243946207026
3450,YOL082W,25.764986278554208
3451,YIR029W,39.229433802944996
3452,YBR111C,11.371470243694601
3453,YOL158C,2.94960034669827
3454,YOR129C,17.16612583409972
3455,YKR019C,7.25579275103792
3456,YJL147C,12.046438027002251
3457,YOL006C,34.12855590383773
3458,YJR091C,24.671925550435056
3459,YHR201C,8.12638763892203
3460,YNR020C,3.48929355446914
3461,YGR016W,15.89876318915992
3462,YER032W,11.08839616291322
3463,YKL056C,21.108726737051832
3464,YDL222C,8.616096094596092
3465,YGR224W,6.29858914016629
3466,YDR517W,30.17757740730805
3467,YOR157C,103.38301836649855
3468,YMR199W,19.13621652999518
3469,YGR271W,38.44679556754765
3470,YJL212C,6.17556150489374
3471,YFR049W,20.584412015579332
3472,YMR215W,30.994075168244617
3473,YER179W,25.550555443530044
3474,YMR310C,38.899607177839655
3475,YJL042W,37.164041857203635
3476,YGR153W,56.654314657996025
3477,YDR034C,24.89849692698814
3478,YDR085C,23.71748156529397
3479,YBL026W,138.5017989650098
3480,YPR084W,52.63812370817952
3481,YER082C,204.41437102537924
3482,YHL030W,144.05257553185183
3483,YEL004W,11.43370503383529
3484,YPL126W,248.5043347170351
3485,YJL132W,11.183830055920291
3486,YOL021C,93.36592990203508
3487,YLR039C,11.752070463812931
3488,YHR064C,68.24066391168951
3489,YFL052W,14.977574150876078
3490,YJL213W,20.574846746036638
3491,YLR262C,10.75835474323358
3492,YNR046W,12.06942316754435
3493,YLR300W,8.15859536294356
3494,YOR226C,20.220105147792562
3495,YJR016C,6.02290586853443
3496,YHR051W,27.23974491072614
3497,YCR019W,18.68026462519722
3498,YDL176W,40.074919818108256
3499,YKL188C,11.5784463911855
3500,YJL085W,36.4535407801791
3501,YJL128C,61.947343142004534
3502,YMR179W,17.00731069105022
3503,YNL195C,5.39294242832047
3504,YLR263W,12.07472134196977
3505,YLR026C,40.97474067049218
3506,YGR112W,21.37743846763692
3507,YNL118C,44.60914902558869
3508,YLR019W,8.42045935511918
3509,YGR075C,67.64194654307401
3510,YBR236C,18.46027353393797
3511,YNL006W,16.30074514988011
3512,YJL053W,22.080161055683902
3513,YER079W,16.88720167853917
3514,YMR252C,7.63312143507265
3515,YKL146W,4.19315463196086
3516,YBR031W,433.5988239208126
3517,YML132W,34.25260743027427
3518,YIL023C,2.9400021760133503
3519,YGR113W,40.97358674571587
3520,YDL145C,54.97749926681431
3521,YHR121W,30.23283580938651
3522,YOR160W,37.41292701044959
3523,YEL071W,33.079514929389
3524,YGR174C,4.17447012823277
3525,YKL025C,9.482732171592719
3526,YJR111C,3.43465136786164
3527,YDR018C,7.031221666162351
3528,YMR211W,12.502735790391009
3529,YGL009C,66.22839678067342
3530,YOR206W,257.75358568606055
3531,YPL131W,476.8445162679802
3532,YEL029C,11.047025498858758
3533,YJL149W,27.946036795398285
3534,YBR130C,50.23466025267982
3535,YBR092C,338.13972279578826
3536,YDR364C,73.33931316551056
3537,YGR233C,49.58708991914307
3538,YIL036W,44.31462950873519
3539,YJL168C,10.22995502300337
3540,YBL095W,3.88633374325614
3541,YOR031W,8.143059815715269
3542,YHR154W,26.64876094841234
3543,YOR194C,14.206372187351402
3544,YML083C,14.505291699600553
3545,YKL070W,24.11009414126892
3546,YPR148C,22.252259717390558
3547,YBL063W,24.636043367973294
3548,YOR047C,2.60093781783111
3549,YNL307C,18.843898341045747
3550,YJR045C,56.443960591205226
3551,YNL287W,93.62261589681829
3552,YNL297C,9.91073616028164
3553,YNR029C,15.391836883976941
3554,YGL107C,16.22240088372387
3555,YDR268W,18.12020448985974
3556,YJL047C,38.699580932394
3557,YHR147C,172.69434638509753
3558,YER036C,41.24358160022374
3559,YNL318C,5.30846816803969
3560,YBL044W,4.46811191668337
3561,YER031C,26.08903541104728
3562,YGR237C,23.55977615649301
3563,YPR116W,4.3278496094153205
3564,YOR273C,25.2662881817561
3565,YOL108C,3.72701011249797
3566,YEL054C,118.13461031312436
3567,YNL245C,9.83746746656592
3568,YDR525W-A,13.747086244697549
3569,YDR368W,11.92806685124533
3570,YPL237W,91.69351594755825
3571,YOR174W,147.70088130645212
3572,YDR415C,11.48534267149166
3573,YML036W,22.04953738502821
3574,YLR119W,35.332858439261415
3575,YKR084C,105.1387574320571
3576,YKL080W,36.27864982790503
3577,YAL023C,10.06457667244487
3578,YGL136C,13.657058394964121
3579,YDL012C,6.06024818571293
3580,YHR047C,44.44354103291578
3581,YCR099C,12.40698662317746
3582,YLR383W,30.7126603482802
3583,YDL119C,6.3779286359678595
3584,YHR167W,30.635538191341368
3585,YLR145W,13.367259164895861
3586,YJL216C,5.75523893512821
3587,YDR088C,47.47790257324738
3588,YPL049C,38.93991351332506
3589,YDR197W,10.810465387562548
3590,YML019W,7.0631354460344005
3591,YJR060W,44.66864780013459
3592,YMR052W,20.83896636454095
3593,YDR038C,17.00017717055844
3594,YKL208W,15.216711799484258
3595,YMR210W,31.789732231456743
3596,YDR436W,16.33799908867363
3597,YML103C,34.12236852341335
3598,YGL234W,17.775329840300728
3599,YNR058W,32.54259914066641
3600,YHR163W,21.963066244443098
3601,YDR389W,11.43486715954865
3602,YMR213W,125.38510890036656
3603,YPL263C,27.310597711127187
3604,YNR062C,22.52085100623455
3605,YIR005W,1.32538734250103
3606,YEL020W-A,43.57416373421894
3607,YDR326C,68.93185821238269
3608,YJL054W,10.34820723095525
3609,YGR229C,171.09763393566695
3610,YCL005W,2.82502411679147
3611,YGR044C,9.28193487474665
3612,YDR252W,5.189344333174301
3613,YOR386W,11.771696586565248
3614,YDR464W,32.731025512611566
3615,YHR011W,1.23993042830849
3616,YBR052C,19.49979320662914
3617,YLR172C,30.79426574546839
3618,YOL098C,33.40976222967609
3619,YDL164C,13.8514519733661
3620,YJR150C,22.3424684377846
3621,YOR086C,30.18254072598578
3622,YMR242C,520.5927397424892
3623,YER069W,11.469574683752239
3624,YKL041W,39.01988923472447
3625,YIL158W,6.78588420575018
3626,YDR458C,16.45692386879202
3627,YPR141C,22.979319604772147
3628,YPR181C,52.449886885549446
3629,YLR141W,15.356480397864523
3630,YDR030C,5.9064513588357395
3631,YDR087C,188.7017815555333
3632,YMR185W,47.280310906803884
3633,YOL084W,4.5149618332758
3634,YCR012W,59.957789746217074
3635,YJL093C,14.37641964122807
3636,YHL044W,11.192516047750528
3637,YOR291W,7.439290232151279
3638,YER120W,75.3402752626156
3639,YLR121C,7.312663372684801
3640,YPR174C,9.079074997434
3641,YJR094W-A,222.50533418740324
3642,YMR024W,146.29358909367429
3643,YNL157W,49.05274191186129
3644,YNL106C,62.20391317882971
3645,YDR033W,5.79314646574724
3646,YNL124W,31.71925049001084
3647,YDR020C,35.32687263975064
3648,YCR024C-A,2.9529443460096
3649,YGR192C,41.13517786778895
3650,YNL096C,341.70548779163414
3651,YGR127W,3.28355747817198
3652,YMR262W,19.786382087049162
3653,YML127W,89.74579478663604
3654,YAR007C,69.13158110862753
3655,YAL025C,25.51467057580832
3656,YCL014W,61.48684972235436
3657,YKL098W,7.4501006741359905
3658,YGR087C,15.9079910718804
3659,YOR266W,8.39963075385169
3660,YIL014W,14.83333017760544
3661,YKR036C,16.22770878241494
3662,YER013W,21.562520591513255
3663,YGR257C,8.73218105471236
3664,YNL098C,12.03914473397175
3665,YDR484W,26.14576614496928
3666,YDR371W,8.26942693665424
3667,YER037W,10.42328295207911
3668,YIR011C,12.188734304326532
3669,YOR304W,94.69548027012672
3670,YHR106W,10.71354311717448
3671,YML026C,61.69639658314079
3672,YCR069W,8.71031420146066
3673,YGR032W,13.02492071994895
3674,YNL094W,4.75366294490124
3675,YKR035W-A,26.331363592703582
3676,YNL255C,52.53550783759633
3677,YLR170C,41.55088529997327
3678,YJR122W,16.43186318966272
3679,YBR070C,4.35836173643171
3680,YMR020W,48.88116954536775
3681,YML120C,28.8037457613135
3682,YKR018C,22.85871961012718
3683,YOR195W,26.910880103850136
3684,YOR204W,361.27025991815884
3685,YDR051C,19.41741784195881
3686,YOR388C,20.134751113084366
3687,YKL104C,149.8416443873674
3688,YLR375W,14.193108507963831
3689,YKL016C,43.79771337514857
3690,YPR135W,19.585054775172537
3691,YGR208W,25.270805023228057
3692,YMR159C,10.52305871707543
3693,YLR371W,51.43737875190216
3694,YOL163W,12.17269082575748
3695,YPR007C,15.25941927872964
3696,YNL074C,18.12358974099348
3697,YDR069C,9.33652988643963
3698,YDR352W,7.87898565805877
3699,YKL002W,24.581899879820437
3700,YBR267W,26.347864593535483
3701,YFR043C,27.886490896754896
3702,YLR071C,140.37557715332377
3703,YBR162C,29.454327175486856
3704,YJR055W,8.10061459742422
3705,YHL016C,8.93808359675988
3706,YIL093C,156.8384864576827
3707,YNL086W,26.602904012324792
3708,YMR138W,2.31186328491696
3709,YDR421W,5.67657805029619
3710,YOR338W,7.7560068798751605
3711,YGL005C,38.14856692833908
3712,YPR063C,8.214970102183809
3713,YER039C,1.2513692070749
3714,YLR370C,54.10119647948717
3715,YDR331W,2.17734870473379
3716,YBR288C,24.95919154885106
3717,YDR404C,79.28811401953412
3718,YKL006C-A,2.99535507890692
3719,YBR213W,13.16109799081889
3720,YKR075C,7.20712522244626
3721,YMR280C,27.6258326694726
3722,YPL099C,8.65145831529655
3723,YOR294W,183.30087514376217
3724,YBL018C,24.83646900602055
3725,YLR241W,7.859066092797429
3726,YJR138W,61.07874997429865
3727,YDL208W,154.80068406551675
3728,YBR076W,11.879289656889192
3729,YML014W,31.03982160240897
3730,YNL131W,17.648358642268423
3731,YJL134W,5.0519431704972195
3732,YER086W,107.96247049018685
3733,YOL125W,15.791292666996
3734,YJL073W,7.05319616003999
3735,YAL041W,26.01739643044963
3736,YOL029C,8.0835631221881
3737,YKR021W,10.4555728252977
3738,YDR083W,24.293824535465504
3739,YML032C,33.21834108652442
3740,YJL155C,25.9388220821463
3741,YMR061W,90.35064819873443
3742,YAL009W,13.68917301852089
3743,YER055C,15.064023780163883
3744,YKL218C,20.33673945857237
3745,YFR028C,48.144811974750276
3746,YGR232W,118.02026377535259
3747,YDR216W,34.78424491408652
3748,YML060W,28.75568264433668
3749,YOR103C,12.672805742400648
3750,YMR267W,18.21061291628369
3751,YOR085W,33.71469926722436
3752,YJL062W,8.3473001224661
3753,YDR373W,12.103826819046741
3754,YFR029W,11.681570637794499
3755,YHR041C,141.16922303918662
3756,YJL036W,17.899806131380064
3757,YGR042W,23.347993420857787
3758,YDL143W,108.0047380024591
3759,YFL008W,29.15435205380525
3760,YJL187C,13.071187764927043
3761,YGR216C,6.45520450023337
3762,YNL284C,80.74804602331848
3763,YMR040W,12.783961275756397
3764,YER119C,9.281409480080512
3765,YPL166W,19.22028183829102
3766,YOR166C,10.145643382451691
3767,YKL075C,43.383905150629424
3768,YBR007C,15.369205826867644
3769,YLL018C,12.181812747102992
3770,YGR030C,24.00681049937332
3771,YLR448W,459.3109002678195
3772,YER186C,16.529784968941538
3773,YLL005C,16.70538477395505
3774,YPL125W,13.6126343655008
3775,YLR025W,123.93044201691868
3776,YOL148C,95.08789285542294
3777,YPL064C,11.4766361084114
3778,YIL117C,6.54529006756204
3779,YMR273C,69.7204800668986
3780,YHR073W,16.22136679557897
3781,YGR142W,21.375315084887102
3782,YGR104C,111.55507047639401
3783,YCL010C,126.96946714075887
3784,YOL070C,29.01915144163187
3785,YKR029C,37.32851977998343
3786,YDR236C,17.4447519069793
3787,YER078C,19.56850878245955
3788,YNR031C,27.750893622785895
3789,YBR269C,11.16700339793327
3790,YJL074C,36.54809621076188
3791,YFR005C,11.26800022260806
3792,YEL066W,7.26935388494511
3793,YBL024W,18.3679735906983
3794,YGL012W,5.62704659424004
3795,YMR171C,6.3317898073915
3796,YNL194C,15.9601604483971
3797,YER127W,46.905107698833746
3798,YHR108W,32.251890825992746
3799,YER011W,2.64947876615168
3800,YKL222C,19.756283412188587
3801,YMR289W,6.185601679652651
3802,YKR010C,16.801189421866308
3803,YIL161W,43.592719519188364
3804,YDR140W,2.03443202003536
3805,YER110C,153.61841773948007
3806,YJL207C,24.482132898748993
3807,YJL097W,6.614834650098751
3808,YBL022C,5.29599865307344
3809,YFR023W,20.856826863395938
3810,YNL084C,60.47226001083629
3811,YOR106W,5.0461312278513795
3812,YGL040C,16.32209371193495
3813,YLR420W,13.22648282346557
3814,YGL003C,18.204227270629932
3815,YGR010W,19.68607960055974
3816,YFL017C,28.494688933303216
3817,YGR189C,10.3893648126519
3818,YDR277C,16.77006160256288
3819,YNL202W,9.651704206384991
3820,YKR074W,36.057342627117016
3821,YKL084W,9.080573452400479
3822,YPR179C,29.206375203639038
3823,YDR477W,54.39935981170468
3824,YBL078C,7.61935479123469
3825,YBR295W,15.0772094093824
3826,YGL226C-A,5.466699695772689
3827,YDL079C,12.36917437612781
3828,YPL029W,8.48166789839495
3829,YLR056W,8.93688095017629
3830,YMR135C,36.5028123483024
3831,YJL189W,127.13269267969804
3832,YML086C,12.963667937753682
3833,YNL134C,22.513639257311453
3834,YER057C,92.16188599046498
3835,YPL048W,51.87179473551836
3836,YAL014C,63.02363526687981
3837,YGL111W,191.25097956956057
3838,YLR191W,21.761917789002457
3839,YLL058W,4.32961016085981
3840,YLR298C,97.03278348366398
3841,YJL014W,2.31186328491696
3842,YFL055W,13.65655180248525
3843,YJR062C,11.18664192384278
3844,YHR143W,15.527669956073632
3845,YNL169C,22.467282725948913
3846,YLR264W,67.55152139033497
3847,YER027C,67.35249168228044
3848,YKL017C,27.27087242709249
3849,YPR139C,38.66529150789566
3850,YMR313C,7.824891311891319
3851,YER023W,31.59631350073447
3852,YOR224C,183.17473894662407
3853,YFR010W,117.85457876650804
3854,YML100W,76.29240907312584
3855,YLR096W,14.994340158196641
3856,YBR080C,86.99596226745997
3857,YNL160W,128.30200527328424
3858,YLR412W,33.90849515778381
3859,YHR091C,23.12836074876985
3860,YIL071C,37.85715574819837
3861,YBR125C,32.324461404726996
3862,YMR285C,8.714735295636789
3863,YDL112W,30.03355956242173
3864,YAL043C,88.26507572844645
3865,YOR089C,19.98090364210416
3866,YGR038W,25.663744129361188
3867,YHR013C,29.440190295316437
3868,YAL061W,18.6389344075984
3869,YNR043W,23.52120150800287
3870,YDR132C,15.02999769972634
3871,YGR019W,17.814544247532652
3872,YKL154W,22.35233603810283
3873,YLR020C,8.59910382304722
3874,YOL016C,32.86547480872545
3875,YKL216W,45.97224813469486
3876,YGR099W,3.3347059872875597
3877,YHL025W,80.77705319906978
3878,YAL031C,4.6715293160442695
3879,YGL162W,13.585268608465148
3880,YGL019W,108.79705907725052
3881,YDR231C,10.11056224550183
3882,YAL065C,3.51088528773142
3883,YBR156C,29.992980939824104
3884,YDR358W,25.167875496288648
3885,YJR129C,33.928201506778926
3886,YGR178C,11.010809852037491
3887,YEL039C,28.910785582958745
3888,YKL103C,12.314680475965302
3889,YDL123W,4.44621464057464
3890,YDR175C,151.6690727371007
3891,YLR210W,21.718589521959583
3892,YKR022C,52.979251333834334
3893,YJL157C,22.25940518230497
3894,YGR201C,7.161019843842709
3895,YCL038C,24.297346141109248
3896,YDR489W,22.33883245528464
3897,YHL050C,4.78462105281359
3898,YMR075W,69.82488775765894
3899,YLR150W,229.8601795380934
3900,YMR172W,51.87585727200469
3901,YJR095W,3.35688074591524
3902,YDR466W,24.82149102316605
3903,YGR221C,11.499964999837989
3904,YPR069C,34.98391256397979
3905,YMR132C,12.535918036653422
3906,YDR240C,123.3476042324113
3907,YDR130C,13.59009243225212
3908,YDR337W,160.85447538463197
3909,YJL011C,101.85476663151586
3910,YJL008C,92.54416639918
3911,YDR482C,11.32607069315238
3912,YDR179C,27.9299517780358
3913,YJL069C,77.31209625454204
3914,YLR267W,14.98187544372927
3915,YDL103C,39.44976710735305
3916,YIL047C,5.8501748062883
3917,YLR199C,62.02019020075413
3918,YGR014W,4.34762437975692
3919,YGL207W,65.08389013431906
3920,YCR023C,13.89420849020695
3921,YIL155C,4.799876135394831
3922,YLR336C,15.731310122155348
3923,YFL033C,32.2527821012706
3924,YLL027W,17.990170747253952
3925,YNL032W,36.628619060467834
3926,YGR074W,208.3158502597086
3927,YNL225C,24.528596973286852
3928,YGL011C,118.79124658945665
3929,YOR230W,25.308036969131013
3930,YNR030W,25.776295384244843
3931,YDL225W,42.2538749606003
3932,YPL179W,13.159938818388062
3933,YGR007W,8.597434978272162
3934,YBR145W,16.470721453657212
3935,YML051W,20.62362911692469
3936,YDL120W,294.10571509042404
3937,YMR236W,141.2964091843363
3938,YKR039W,29.86719477170346
3939,YLR192C,70.86390107222836
3940,YDR158W,22.242599524784634
3941,YJR047C,43.92856556958897
3942,YDR481C,10.34476676679232
3943,YKL060C,91.03219018731191
3944,YDR398W,42.44557582781474
3945,YDR439W,16.83028011555613
3946,YNL138W,29.84161274405216
3947,YMR220W,10.52461019075072
3948,YCL054W,183.8750381268173
3949,YGL147C,436.4439233059432
3950,YMR101C,21.17906193301182
3951,YGL054C,17.189467101373598
3952,YGR171C,23.10512953397633
3953,YBR148W,33.206575159980076
3954,YHL001W,313.6540698291779
3955,YIR012W,9.02475411945777
3956,YOR070C,21.563197856530355
3957,YIL114C,8.45132468548373
3958,YHR142W,12.64236212505386
3959,YOR303W,15.092776982829761
3960,YGL216W,32.38897920723485
3961,YKL198C,12.064452624483708
3962,YBR189W,405.80751501827393
3963,YIR032C,1.71170835501409
3964,YJL029C,21.40097354937166
3965,YDL147W,161.78050782735332
3966,YKR080W,16.27569848910251
3967,YNL233W,18.06594588354127
3968,YGL123W,216.762492971026
3969,YHR170W,24.551560217724052
3970,YBR139W,20.17327482233369
3971,YPL154C,22.30161436147803
3972,YKL003C,64.11517315234339
3973,YNR055C,1.52935853901981
3974,YDR207C,35.88539029410983
3975,YKR052C,17.062440912909523
3976,YDL005C,100.73011178970751
3977,YGR144W,22.4820056343101
3978,YDL131W,60.53882397579973
3979,YDR492W,3.67321810069956
3980,YOR145C,181.88345303173134
3981,YGR274C,116.45861205656824
3982,YOR350C,18.33883924016644
3983,YHR103W,13.78006407489671
3984,YGL134W,12.11905907898641
3985,YLR369W,17.415011482575142
3986,YJR074W,17.24492623399884
3987,YOR313C,14.456984597731292
3988,YKL093W,15.053830243795689
3989,YMR255W,64.36225358227149
3990,YBR157C,38.08732039407721
3991,YOR156C,48.6175422540541
3992,YOR269W,6.36054165377657
3993,YML056C,203.8787581002064
3994,YGR109C,7.96546011783976
3995,YKR106W,9.713740328681709
3996,YMR239C,24.023645246622223
3997,YIL177C,6.86600235165948
3998,YIR025W,49.31025557336324
3999,YLR359W,20.847595088445946
4000,YDL146W,13.91166010460671
4001,YJL140W,122.94587018754252
4002,YER080W,17.678011337255512
4003,YMR218C,42.91571151608171
4004,YNL270C,6.00005654811853
4005,YGL148W,19.674535653488917
4006,YJR118C,17.797722298076412
4007,YIR010W,32.361680603986215
4008,YNL181W,13.1037102265402
4009,YGL203C,16.130872564406328
4010,YNR034W,16.52074858930707
4011,YLR137W,13.57366877887044
4012,YLR281C,14.172635724329899
4013,YER016W,30.49827157158633
4014,YHR115C,21.895757779047468
4015,YBR067C,1.6804122641173
4016,YBL076C,39.27982555781548
4017,YDL210W,3.61447435600589
4018,YOR276W,68.51524215349914
4019,YHR137W,14.05919282272678
4020,YKL179C,27.441473175753185
4021,YLR216C,22.02304308672106
4022,YMR098C,72.72347244022819
4023,YOR132W,30.14797501597182
4024,YBR275C,22.17609523933763
4025,YDL198C,11.055249077239509
4026,YMR090W,21.358668003975747
4027,YML058W,10.52461019075072
4028,YDR392W,84.69414236842017
4029,YNL136W,61.78994568227676
4030,YPL033C,4.29145940212268
4031,YJR147W,11.48517718239513
4032,YOL033W,11.700527014530639
4033,YJL214W,15.603471909579168
4034,YJR010C-A,27.506567573984324
4035,YAL012W,3.57605958753696
4036,YMR019W,11.331827845654821
4037,YDL042C,29.80765113968362
4038,YCR060W,8.41168396739548
4039,YBR149W,23.520360537670513
4040,YER093C-A,17.117401037305477
4041,YDR403W,14.027281348174899
4042,YDL069C,14.099758201195709
4043,YPL150W,36.0837199712587
4044,YKL022C,67.04643732333707
4045,YMR099C,32.90472115030278
4046,YNL069C,386.0816866772165
4047,YPR114W,28.534269753580432
4048,YPR004C,35.10061170437625
4049,YNR011C,21.2752551879244
4050,YJL106W,3.78861899785402
4051,YDR057W,6.201552317264521
4052,YLR110C,4.3155658923869105
4053,YNL080C,15.879323839627531
4054,YJL083W,17.27039667102783
4055,YAL048C,51.19719194964483
4056,YBR048W,629.34246122331
4057,YDR472W,49.77273441086341
4058,YKR086W,22.5324026896683
4059,YOL151W,16.61443344808042
4060,YKR091W,16.980704074650458
4061,YPL257W,21.420817651513097
4062,YDR321W,11.46870793628137
4063,YOR054C,7.2076820526841505
4064,YOR073W,25.750968797616597
4065,YML017W,29.423842775252048
4066,YGR246C,6.07131985678772
4067,YGL194C,29.14814566280691
4068,YFR046C,13.99192676515518
4069,YBR258C,24.879588767528542
4070,YDR013W,9.06981650570429
4071,YHR025W,7.12157534690359
4072,YMR136W,15.611652212240237
4073,YNL224C,24.768032090621222
4074,YPR160W,19.51262643685761
4075,YMR229C,268.73144123932866
4076,YGR123C,14.57727828570123
4077,YDL149W,11.89970882483906
4078,YPR131C,4.13929467724897
4079,YGR179C,56.17944353626286
4080,YDR032C,51.11419150639804
4081,YJL056C,30.69685466370963
4082,YOR369C,30.95700576116572
4083,YIL098C,21.61402110675366
4084,YOR360C,22.218164156265516
4085,YDR063W,26.526396979138735
4086,YDR049W,36.78525282300042
4087,YFR037C,151.67091018834793
4088,YDR388W,32.05782610335341
4089,YNL185C,136.20276336656232
4090,YOL144W,63.714830961856734
4091,YPL157W,24.378298360782622
4092,YML031W,13.78904208651344
4093,YJL023C,15.249505615869861
4094,YDL089W,15.47186996305362
4095,YPR145W,48.98847439006047
4096,YDR208W,13.001081749114698
4097,YLR089C,33.601446725369435
4098,YKL067W,5.67378388119791
4099,YIL147C,12.826460723560299
4100,YBR263W,123.61329339773725
4101,YGR220C,183.2144092419416
4102,YAR015W,16.714169379502188
4103,YKR004C,7.985553020281801
4104,YCR046C,182.41329387762153
4105,YLR431C,1.52674370306982
4106,YAR071W,23.629189463904382
4107,YHR105W,4.87496275502459
4108,YDR185C,13.52346057997551
4109,YDR370C,8.6827804559849
4110,YNL113W,170.05476291756548
4111,YMR277W,18.888980555756834
4112,YLR410W,19.147705354601577
4113,YGL070C,85.83533814414494
4114,YKR003W,21.13254994086976
4115,YDR310C,32.6418522112703
4116,YDL110C,194.4107025872053
4117,YGL255W,8.87110055538362
4118,YJL006C,22.394563752909775
4119,YPL011C,124.48501022880446
4120,YER001W,15.776454643347721
4121,YDL108W,15.00652704219227
4122,YOR033C,29.87990225359884
4123,YDR295C,30.197467126601424
4124,YLL051C,10.0229165569377
4125,YGR286C,10.600388176345458
4126,YPL170W,24.289080652516812
4127,YDL083C,381.36822444986063
4128,YKR055W,10.68032358691451
4129,YDR082W,5.44300583602599
4130,YPR138C,3.48252610081449
4131,YLR097C,13.38589325292608
4132,YBL046W,17.51892346272487
4133,YMR268C,132.52557697855872
4134,YOR330C,21.19067888041547
4135,YJL174W,12.47430746702586
4136,YLR007W,12.11198784028532
4137,YML054C,4.69309793221423
4138,YBR039W,43.180494226700134
4139,YKL206C,51.497528570360764
4140,YHR005C-A,72.74503512004286
4141,YBL090W,170.62257216694147
4142,YAL029C,54.47784332355437
4143,YJL003W,9.95477100892112
4144,YLR054C,16.353699997301838
4145,YGL195W,94.93655127193679
4146,YPR025C,40.48082881027553
4147,YNL336W,14.78395656734235
4148,YJR103W,20.491305404910875
4149,YHR094C,12.865283877585842
4150,YLR099C,15.64328397713419
4151,YDR495C,22.978697802781625
4152,YML118W,10.693497781866178
4153,YOR320C,5.73110792831129
4154,YKL064W,30.62160912394539
4155,YER022W,132.64939225098374
4156,YAL002W,49.054710653211956
4157,YDR519W,22.3103798260781
4158,YGL086W,17.56623912564398
4159,YMR319C,3.44141720305507
4160,YEL052W,5.2887729013013605
4161,YGR284C,7.615147356282069
4162,YPL248C,34.27972048519691
4163,YER085C,8.527010557861
4164,YJL033W,85.2526071284878
4165,YML027W,14.09060550692357
4166,YDR296W,184.35882337578178
4167,YJL037W,13.321531404333031
4168,YDR237W,183.00106179520677
4169,YCL009C,37.61727852081985
4170,YLR116W,23.960756163862268
4171,YGL201C,32.0171514645884
4172,YDR363W-A,133.02516550584693
4173,YKR044W,13.4122800244264
4174,YOR061W,101.4847237300758
4175,YGL059W,9.56350288077576
4176,YPR149W,19.580147072067263
4177,YBL112C,5.62661619440267
4178,YCR068W,16.16528309112395
4179,YGL068W,79.54520267178805
4180,YOR165W,20.606338367089467
4181,YOR213C,13.778440218323059
4182,YFL009W,21.3442964968644
4183,YDL077C,38.271175340288444
4184,YAL033W,30.234585053213028
4185,YOR022C,10.72655197095474
4186,YOR114W,11.22928853094432
4187,YPL180W,17.028010087666576
4188,YPL159C,15.990614017087902
4189,YOL078W,22.985031711261104
4190,YNL209W,70.74722771513416
4191,YFL041W,8.34607840437284
4192,YBR279W,60.64873567379417
4193,YFL003C,10.344232799259732
4194,YML025C,188.57942634087792
4195,YDR443C,149.35215035658186
4196,YOL027C,27.540960241938723
4197,YBR017C,76.82788600121673
4198,YDR479C,15.932731097551418
4199,YIL040W,2.66461808560144
4200,YMR312W,22.6221213508509
4201,YLR439W,156.34599328117466
4202,YGL150C,84.40242840756892
4203,YMR294W,11.805155309414971
4204,YML066C,21.377661231333253
4205,YNR019W,41.97583424628588
4206,YGR180C,59.66528542733137
4207,YDR115W,108.6106726349805
4208,YKR058W,3.2116609399449096
4209,YJR096W,62.661510713809704
4210,YEL024W,14.22757791404306
4211,YEL021W,40.89858747307566
4212,YHR168W,8.71198446716415
4213,YOL110W,11.98062093929748
4214,YLR133W,7.985543422902359
4215,YOL136C,5.6512096735832
4216,YGL240W,52.358228097013914
4217,YHR102W,15.488487393956262
4218,YML013W,36.18856998550339
4219,YGL130W,20.925143506160982
4220,YDR480W,12.36389458011366
4221,YNL302C,163.7123630755333
4222,YHR159W,9.97977820824861
4223,YGR285C,66.59674770017811
4224,YDR359C,93.36381071140383
4225,YBL052C,22.137466643494786
4226,YOR095C,25.432135785352802
4227,YLL013C,20.88219120769347
4228,YDR092W,210.552099938217
4229,YAL010C,14.31441420528497
4230,YPL211W,213.87532460227794
4231,YPL255W,13.71455037435936
4232,YER038C,32.30927255360547
4233,YDL207W,32.03484276574288
4234,YLR347C,107.08229405319867
4235,YER091C,18.438764392574083
4236,YDL241W,1.2169239097912
4237,YKR009C,16.11236122299164
4238,YDR534C,20.09261922461268
4239,YCR032W,17.785467652253
4240,YDR026C,40.72369544026708
4241,YMR207C,19.275638086894347
4242,YNL309W,12.88942681599569
4243,YJL118W,31.340294828805394
4244,YNL222W,63.7975212197731
4245,YML061C,21.504329144823117
4246,YKL047W,14.634244895294561
4247,YLR130C,4.3684883880836995
4248,YAL019W,20.573515804198202
4249,YOR107W,13.01126623078757
4250,YIL056W,21.058346086569827
4251,YHR161C,18.11934764716987
4252,YGR161C,57.45039207035197
4253,YOR207C,122.03343230938911
4254,YNR047W,5.57400357095057
4255,YMR143W,31.445007242379493
4256,YOR035C,37.32161407153605
4257,YKL205W,1.25761834811073
4258,YNL007C,8.36170268372861
4259,YMR167W,27.479556187504706
4260,YAR002W,47.451446258983815
4261,YEL025C,25.776115385444776
4262,YLR108C,22.958426576727554
4263,YCR094W,16.353719784719907
4264,YHR062C,37.15491810234927
4265,YDR308C,147.92148979884544
4266,YKL024C,44.55333496915164
4267,YDL216C,36.888987163052626
4268,YMR205C,30.04499216553108
4269,YIL156W,22.169870365026636
4270,YML012W,67.28784210292763
4271,YOR023C,38.93603529928888
4272,YIR002C,38.785636493585116
4273,YNL258C,35.73590455338991
4274,YPL149W,8.75623265550847
4275,YDR414C,11.360589196510269
4276,YOR025W,1.48793840851542
4277,YGR027C,144.55003037653154
4278,YPL041C,8.11063588943893
4279,YNL103W,8.27152183499728
4280,YGR118W,245.7347228872094
4281,YGR057C,5.95770578717211
4282,YDL030W,209.23190076021285
4283,YBR071W,11.77467042121214
4284,YGR215W,180.61954856147213
4285,YDL148C,207.16924277984793
4286,YDR444W,17.893417033287292
4287,YDL138W,9.90122808314548
4288,YHR182W,22.65519275817201
4289,YCL024W,25.59141234355582
4290,YJR011C,14.774301255018829
4291,YKL148C,10.29566027695503
4292,YAL042W,38.878590146962054
4293,YNL189W,138.56209568395627
4294,YBL047C,31.731151765586702
4295,YJR073C,6.09362784757536
4296,YGR253C,95.40660936046847
4297,YKR098C,16.03767007031331
4298,YNL186W,23.837980432257122
4299,YDR539W,1.42983821098895
4300,YDR416W,136.96341765541092
4301,YKL101W,26.942919691809706
4302,YDR449C,235.78579731080964
4303,YCR081W,118.59730758134963
4304,YJL126W,17.91294229533557
4305,YCL058C,20.535602610930063
4306,YJR160C,9.37420767959588
4307,YOL101C,14.67677817672197
4308,YOR254C,42.08331706129567
4309,YEL065W,26.41781077066613
4310,YDL010W,13.49013522114801
4311,YMR119W,5.909305683277431
4312,YHR133C,12.26732906982862
4313,YOR007C,15.140129215913221
4314,YLR283W,23.25090551421991
4315,YMR323W,18.0501995352492
4316,YDR531W,7.86066238032514
4317,YMR127C,14.51655596718329
4318,YDL188C,48.483607828977505
4319,YKL082C,4.2672170807187
4320,YJL104W,5.66977870935603
4321,YKL009W,224.23294462059627
4322,YOR063W,724.725775143728
4323,YHR150W,3.97058819253195
4324,YDR463W,9.18509423836018
4325,YLR275W,248.15908058821975
4326,YLR436C,30.921875194305972
4327,YMR191W,78.63925993657487
4328,YAR035W,15.240414281731649
4329,YMR212C,15.27582807741768
4330,YBR291C,8.56720944385921
4331,YLR215C,24.562039593499325
4332,YJL125C,27.252490862024132
4333,YNL072W,15.503031414053122
4334,YOR127W,4.60983839304685
4335,YIL008W,31.82855237195173
4336,YPL151C,138.01391545968696
4337,YDR028C,126.50078357004398
4338,YLR426W,8.088845269586221
4339,YMR317W,1.72915128300297
4340,YOR161C,5.157841257382319
4341,YHR194W,21.466613581615512
4342,YPR074C,13.32536251003319
4343,YOR006C,21.724795889261248
4344,YLR321C,81.80136720831581
4345,YOR358W,20.968146366113967
4346,YHL021C,16.9528280317391
4347,YDR354W,9.67692846541419
4348,YCR010C,6.04510141187553
4349,YKL012W,121.36925514755794
4350,YDR181C,15.327803436972681
4351,YDR523C,6.92121371344782
4352,YPL188W,11.291777333963688
4353,YPR109W,3.68710782393909
4354,YHR199C,5.5050770057398
4355,YDR514C,19.063357006217004
4356,YER147C,23.333459197662258
4357,YBL015W,25.044432698009427
4358,YJR112W,38.52099957713536
4359,YKL050C,11.06006959385207
4360,YKL212W,29.693027783655047
4361,YDR107C,21.115227477385197
4362,YML073C,479.755148316632
4363,YNL137C,143.89231388112515
4364,YPL269W,15.706477734373617
4365,YOL083W,34.70557064034097
4366,YPL024W,11.85079038101231
4367,YJR109C,31.21975958534623
4368,YGL189C,90.73306040943972
4369,YDR166C,40.25282662127956
4370,YHR138C,8.59504498575561
4371,YLR242C,9.281623772629459
4372,YJL043W,4.8035873250301
4373,YPL146C,168.81034052499876
4374,YHR081W,61.90767682836551
4375,YLR355C,30.3275305701518
4376,YOL052C,17.53070859952447
4377,YJL143W,3.15575950916858
4378,YJL081C,168.0812782020657
4379,YHL026C,12.15242689785368
4380,YDR017C,22.61244449328022
4381,YOR048C,45.81033728617544
4382,YHR071W,7.849387046032261
4383,YHR146W,13.59796770469297
4384,YDL168W,36.18044308246459
4385,YDR198C,2.19249412420135
4386,YOR115C,44.82401591418727
4387,YLR330W,28.745653076285954
4388,YMR315W,43.287959801495944
4389,YLR345W,68.2886056150072
4390,YDR394W,166.4816467251739
4391,YPR108W,155.07139515782399
4392,YMR112C,147.59341769229874
4393,YDL217C,14.318089111362278
4394,YBR091C,6.5962615108874
4395,YOR212W,24.495657488523133
4396,YBL059W,5.97158639031119
4397,YHR131C,25.778585465138026
4398,YGR187C,27.88690711156634
4399,YOR293W,21.8577137820862
4400,YMR283C,9.612736895869439
4401,YLR450W,11.292296575611331
4402,YKL170W,9.574152226113721
4403,YGL039W,4.15272467396929
4404,YGR031W,1.40307654187145
4405,YJL185C,12.56577777213587
4406,YMR017W,3.55025394646053
4407,YJR119C,14.912473831153783
4408,YDR301W,88.47025769528587
4409,YBL028C,48.88116954536775
4410,YGR093W,13.72299088536836
4411,YKL010C,32.556243080137506
4412,YHR109W,22.597546635012712
4413,YOR153W,36.512782818186956
4414,YPR013C,4.1863390821975806
4415,YDR223W,8.681765675023211
4416,YGR096W,12.77766544146053
4417,YPL054W,19.652222247656038
4418,YOR192C,19.567337787589143
4419,YPR118W,35.349780896156865
4420,YNL163C,33.951185993500644
4421,YPL231W,31.690028237885983
4422,YFR038W,9.48967472963605
4423,YKR020W,19.17058739802483
4424,YLR138W,18.746601064199787
4425,YGL058W,95.38700605291977
4426,YLR016C,14.07239059971315
4427,YLR363C,24.98295657767878
4428,YCL052C,2.62624867198966
4429,YPL206C,22.011031978166514
4430,YPR147C,1.65408009005341
4431,YML093W,68.66875213213538
4432,YOL109W,12.517418073562292
4433,YPR043W,13.588039271325849
4434,YDL070W,17.661120022460324
4435,YMR290C,479.60915888998954
4436,YPR082C,174.12487726064603
4437,YGL060W,6.33668304112615
4438,YLR013W,3.877338040887
4439,YIL120W,11.63765376061116
4440,YLR176C,29.26157665091887
4441,YCR100C,14.85490623746424
4442,YLR466W,21.553347957690008
4443,YOL054W,63.949257507892085
4444,YMR316W,3.49210977781448
4445,YER158C,6.20790857743951
4446,YBL058W,24.99877809697729
4447,YBL085W,24.79595454972371
4448,YMR221C,1.38051075587796
4449,YNL286W,5.4060402144179
4450,YGL095C,34.32561293350995
4451,YER101C,10.34871076398054
4452,YBR175W,46.93088898653902
4453,YJR077C,64.89881015558277
4454,YKL211C,62.80703339961579
4455,YOR071C,16.03665191659994
4456,YBR243C,4.290060682610861
4457,YOR299W,22.96236110159549
4458,YOL077C,364.37227019604745
4459,YLR139C,21.904009922621675
4460,YDR076W,21.86848856461688
4461,YDL167C,31.250951106861454
4462,YEL046C,7.3317243688389295
4463,YDL004W,33.82326138905876
4464,YLL056C,13.857337012444223
4465,YGL110C,31.56770178639727
4466,YPL165C,19.668356174456108
4467,YOL057W,20.21585313258297
4468,YPR204W,8.006098562627871
4469,YMR054W,10.810774736633
4470,YAL007C,30.61737901155466
4471,YOR270C,38.76573987541098
4472,YPR158W,3.9959607297493296
4473,YLR301W,11.36376385713201
4474,YKL217W,7.950422657694721
4475,YJL116C,18.891029975374853
4476,YCR007C,26.69486528082538
4477,YDR204W,24.51308566226266
4478,YKL145W,180.7607023805798
4479,YCR026C,29.35782360025867
4480,YML071C,49.944426751765555
4481,YDR516C,17.451714479838632
4482,YLR048W,121.43617314344849
4483,YOL002C,9.151007235717351
4484,YDR167W,139.0837281776361
4485,YPL213W,177.07042666184617
4486,YMR311C,208.80517307261482
4487,YFR030W,26.086446381312527
4488,YNL107W,99.87456045308072
4489,YPL219W,20.32614555670566
4490,YDR494W,134.67953971229386
4491,YNL190W,15.61775286066095
4492,YOR090C,10.39891651698812
4493,YER064C,18.98210657588622
4494,YKR103W,12.577852130419952
4495,YLR288C,9.0925280922032
4496,YDR312W,26.43420845682616
4497,YLR266C,1.49653199349775
4498,YGR002C,95.36920462764198
4499,YIL111W,26.63553160792254
4500,YPR034W,126.74159734795997
4501,YBR120C,27.17795773685211
4502,YOR315W,14.46218720890796
4503,YGL236C,13.00365552284212
4504,YHR061C,0.0
4505,YGR194C,10.10782738189727
4506,YPR097W,7.0361842530209495
4507,YGL081W,12.080533068486341
4508,YKL033W,22.212730879014707
4509,YAL056W,11.15908535020554
4510,YHR135C,16.89713805077132
4511,YDR229W,3.2594284849775
4512,YCL042W,10.94249433230852
4513,YHR012W,42.485849535646224
4514,YKL074C,42.527013489699804
4515,YCL028W,30.520585351395205
4516,YGR236C,12.06700409967236
4517,YAL005C,1.38560055936861
4518,YKL144C,80.31652290142824
4519,YOR370C,35.328743265635566
4520,YBL104C,69.74941440837567
4521,YEL031W,20.37947813484538
4522,YGL029W,15.895328324583298
4523,YPL032C,26.476194519048832
4524,YDR145W,144.29258276176643
4525,YER042W,43.99218069671486
4526,YHR087W,6.8886255858575
4527,YER030W,128.80958756452762
4528,YGL226W,8.28993054750653
4529,YPL017C,5.744981705658099
4530,YMR237W,25.85411228145689
4531,YKL181W,28.29713237792659
4532,YJL039C,31.15601494327379
4533,YPL030W,14.361250660356609
4534,YNR009W,18.04167316885716
4535,YKL021C,12.62452099001211
4536,YDR386W,25.996898346456142
4537,YOL007C,13.164436740692011
4538,YPL118W,160.67619958404885
4539,YDR273W,6.44531669902538
4540,YLR418C,45.87780720042167
4541,YBR006W,13.33184509970382
4542,YLL036C,156.15042019458176
4543,YMR113W,16.9929363113576
4544,YHR028C,10.721226824355261
4545,YML105C,53.37315349852293
4546,YDR541C,13.174467936731132
4547,YOR075W,44.99589164917205
4548,YNR060W,18.40511170160706
4549,YPL096W,15.64297807014413
4550,YCL061C,7.86400120355489
4551,YPL258C,42.56417991999555
4552,YBR235W,4.230466312852879
4553,YIL131C,2.93096836372285
4554,YOR285W,6.2957373340484
4555,YBR058C,9.99984820778597
4556,YGL114W,8.69394267401232
4557,YDR448W,156.48941725679808
4558,YML074C,64.4552075817657
4559,YPR134W,13.695553449861599
4560,YPL264C,6.142914644238569
4561,YHR143W-A,133.4062849262641
4562,YDR125C,1.82939937207855
4563,YJL176C,100.95639090485435
4564,YKR011C,17.75102555508855
4565,YKR063C,4.07012773673903
4566,YDR457W,45.35375102863322
4567,YBR088C,31.319764436240288
4568,YNL280C,14.04708495260431
4569,YOR131C,96.52177232799608
4570,YLR423C,24.47636313560036
4571,YIL123W,12.94790693895808
4572,YGR041W,9.08816196587822
4573,YDR459C,7.49402691020042
4574,YOL090W,93.931952988831
4575,YPL221W,13.65723232306386
4576,YPR049C,25.98750823863366
4577,YDL001W,10.2389532519445
4578,YBR119W,113.20180883801928
4579,YEL063C,12.783085280498598
4580,YOR184W,49.62353324813317
4581,YFR052W,162.2903087559717
4582,YFL011W,4.753744582067069
4583,YDR381W,100.90467543267818
4584,YCL037C,168.64516773116426
4585,YJR141W,9.21810164110934
4586,YOL055C,7.62696062056182
4587,YNL075W,117.47641327515989
4588,YJR153W,17.05189874910015
4589,YML108W,4.5112914636154695
4590,YGL122C,29.11413269225743
4591,YPL155C,18.00700233426608
4592,YER072W,18.02098599801917
4593,YPL075W,5.40270443413594
4594,YPL178W,100.57518356375562
4595,YDR078C,1.72836699269262
4596,YPL215W,21.54393082410981
4597,YPL057C,31.440759454114378
4598,YGR076C,132.41245494499995
4599,YLL010C,28.946416966491572
4600,YOR012W,3.2827243510568502
4601,YLR223C,33.41104806036331
4602,YNL016W,124.77666590544096
4603,YER118C,14.813425429565978
4604,YGL044C,25.86103029169127
4605,YGL073W,18.932775277923128
4606,YJL222W,35.11681295372228
4607,YGR100W,16.981261859043162
4608,YBL088C,30.0061597909989
4609,YDR372C,23.398560526451917
4610,YGR198W,14.07186606438634
4611,YLR258W,38.77762265833054
4612,YLR046C,34.44653728694443
4613,YJL180C,14.19574353736439
4614,YDR195W,106.20696553294093
4615,YFR022W,17.625708678155004
4616,YKL006W,188.30676256257482
4617,YIL075C,200.53442391578795
4618,YDR163W,3.54428317797568
4619,YBR159W,15.31077968077133
4620,YPL266W,153.37930126638807
4621,YDR282C,14.574858662676188
4622,YHR181W,5.56640194142814
4623,YGL112C,205.8578389167573
4624,YJR123W,460.1779318401379
4625,YKL013C,28.79190724882798
4626,YJR063W,77.3503737117735
4627,YBL097W,45.399098184091855
4628,YPL108W,4.89569738959233
4629,YBR041W,5.455856537668311
4630,YKL108W,10.989708055202982
4631,YGL066W,131.10080371111812
4632,YLL050C,6.3222411423124
4633,YGR217W,5.754159890775741
4634,YJR052W,5.33250592652456
4635,YNL326C,3.3728589398366102
4636,YDL056W,20.781687208460006
4637,YJR068W,47.92228072369078
4638,YDL195W,32.003393677850774
4639,YDR162C,15.80265697487277
4640,YHR127W,19.11596458915485
4641,YBR180W,9.32894786808515
4642,YNR021W,19.109930683717042
4643,YPL253C,27.984111887577487
4644,YGR055W,12.27586550266147
4645,YLR278C,11.04607163082306
4646,YML065W,71.10122684543892
4647,YIL149C,25.949226373459574
4648,YPL191C,14.98728169604435
4649,YFL029C,18.58868469859128
4650,YPR086W,8.85691419309861
4651,YOL114C,16.437893740727368
4652,YLR354C,2.32870020955283
4653,YDR486C,11.46233724161986
4654,YFR033C,15.48428350525291
4655,YHR155W,21.277821284077792
4656,YNR032C-A,40.12210856333301
4657,YGL173C,245.91767569704436
4658,YJL112W,18.71689491389897
4659,YMR227C,90.40055688685428
4660,YLR407W,15.193041789463571
4661,YOL093W,23.27449456334572
4662,YER018C,31.062664140985834
4663,YDL243C,5.48035285237096
4664,YJL186W,30.6226454504619
4665,YDR170C,83.92878432810663
4666,YDR410C,8.121552645834
4667,YBR050C,16.140297428055007
4668,YOR210W,190.7335203224348
4669,YLL024C,12.731130654457088
4670,YAR019C,6.6213199748885305
4671,YNR074C,24.08302698350058
4672,YLL019C,22.58137893170275
4673,YFR004W,165.94698820777532
4674,YLL038C,16.65882593359361
4675,YOR251C,50.655711310108785
4676,YBR274W,27.732175929013607
4677,YML047C,6.05393762283712
4678,YFR026C,5.27784565056584
4679,YMR125W,246.14076615045897
4680,YOL080C,2.91997165458253
4681,YOR252W,21.673076904232843
4682,YGL252C,41.17536692365455
4683,YEL040W,12.91429866593321
4684,YKR092C,50.60850456207649
4685,YER060W,7.75791630368888
4686,YGL115W,52.468247489658935
4687,YOR357C,4.10533800967896
4688,YNL126W,31.515086545163765
4689,YOL140W,18.254472070341155
4690,YPL074W,12.37006046932563
4691,YDR365C,98.61924511945307
4692,YBR086C,20.194142380007538
4693,YML002W,20.245387558680704
4694,YLR312W-A,134.19219228628546
4695,YPL203W,20.462293950641058
4696,YDR399W,46.98037074793403
4697,YLR131C,21.448304847121463
4698,YGR263C,27.591416889219907
4699,YPR180W,61.333678589725274
4700,YJR007W,91.93815001075235
4701,YIL118W,10.277647189255768
4702,YML030W,8.764260886239251
4703,YOL034W,35.65177405786374
4704,YER096W,21.29346307343017
4705,YDR128W,17.73754064396903
4706,YDR214W,57.00219660222384
4707,YGL215W,6.13401998419406
4708,YKL180W,426.14601167214465
4709,YDR016C,21.15386051847204
4710,YHR190W,6.343524781544129
4711,YHR009C,10.56121568306296
4712,YKR002W,86.490890667618
4713,YLR009W,46.85619038730141
4714,YER088C,5.710030413201951
4715,YER131W,125.03787721740315
4716,YDR538W,10.53914877229968
4717,YNL231C,18.413033905291172
4718,YHR156C,58.71594916714878
4719,YGR095C,73.36277942056338
4720,YNL128W,28.00285727238847
4721,YLR066W,22.94455335415612
4722,YPL111W,26.20069360458252
4723,YOR290C,101.57391608411174
4724,YOR255W,14.041220009046631
4725,YPL128C,41.11331955039418
4726,YLR068W,17.30458724619154
4727,YKR101W,15.433561017746452
4728,YDR124W,12.03388091338584
4729,YOR257W,25.63750728033081
4730,YDL160C,155.269968182375
4731,YNR054C,70.11078315785585
4732,YCR015C,8.89372383754037
4733,YMR288W,188.1140878558235
4734,YHR085W,69.21957779403353
4735,YLR105C,25.085426723573313
4736,YDL088C,11.20970378343836
4737,YFR042W,10.00234737797947
4738,YJR136C,23.94711318371835
4739,YER103W,15.11351172105482
4740,YPL076W,6.48250667218249
4741,YMR235C,34.32671496518742
4742,YHL028W,9.54982390710398
4743,YOR275C,30.804305555119377
4744,YGL208W,42.57049731135252
4745,YNL188W,20.822301442009163
4746,YDR429C,62.294954805969915
4747,YCR018C,3.55106420732987
4748,YDR306C,18.50907632897851
4749,YHL029C,40.50524322523615
4750,YHR134W,29.31850313782947
4751,YPL196W,18.47435586724421
4752,YJL139C,8.72781110302727
4753,YJR006W,9.04696095363864
4754,YOL139C,137.91512448507962
4755,YNL091W,20.682006355414806
4756,YGR280C,49.01694548775317
4757,YNR015W,13.844162778940271
4758,YIL124W,6.596392907492561
4759,YER104W,14.159946160196931
4760,YIL148W,15.885240741521251
4761,YGL002W,14.917985739148312
4762,YGL026C,4.93682491155496
4763,YBR033W,11.05852715214315
4764,YMR302C,20.09717435794929
4765,YLR398C,49.675204000357716
4766,YDL015C,43.69479969778494
4767,YPL243W,37.46707144324372
4768,YBR128C,6.44412133908307
4769,YLR051C,13.94347776785524
4770,YKR024C,29.001957517472757
4771,YNL073W,19.626423651232923
4772,YNL239W,48.017958528847295
4773,YML007W,137.72700686026707
4774,YDR047W,6.31070912010458
4775,YIL046W,17.858348386816328
4776,YKL214C,33.51407613860687
4777,YBR169C,25.5785620166128
4778,YLR125W,7.01250819543359
4779,YPL173W,135.48090623077675
4780,YNL070W,6.54502460412043
4781,YMR121C,36.59833963473034
4782,YDR027C,31.45617428270392
4783,YHR196W,155.09274270359637
4784,YKL088W,26.397820743630472
4785,YNR037C,104.1921543504992
4786,YGL205W,38.28114560220207
4787,YDR093W,14.21229928425086
4788,YML133C,16.788816398279376
4789,YCL040W,24.89479115100595
4790,YLR403W,5.2139077404382395
4791,YPR008W,18.159440669289342
4792,YOL013W-A,5.46179347025018
4793,YLR155C,3.28796343474449
4794,YOR253W,9.44393714474871
4795,YOR010C,10.270776777050441
4796,YFR017C,19.73652255869462
4797,YMR044W,6.288925645892139
4798,YOL129W,13.76030890402447
4799,YLR337C,46.335718884583635
4800,YLR328W,6.48643724485641
4801,YGL093W,11.709139346949721
4802,YKR054C,13.19935269842463
4803,YHL031C,29.440947710826364
4804,YOR097C,5.28406724726179
4805,YGR086C,35.56546459316945
4806,YOR078W,114.64752918012483
4807,YBR207W,31.02766939984099
4808,YGR162W,108.84340772357112
4809,YNL277W,11.192801981039931
4810,YPR017C,2.59652935559116
4811,YNL251C,60.23677398414038
4812,YBR199W,60.08235937416791
4813,YPR107C,76.98610584949343
4814,YDR258C,20.06316457348594
4815,YPL113C,19.833295328454764
4816,YER041W,4.86600617252204
4817,YGL063W,17.79530726273165
4818,YLR447C,61.76456904042237
4819,YPL046C,3.62524248419117
4820,YLR100W,10.51314852882228
4821,YDR496C,349.6981175828163
4822,YJR101W,145.49757332037035
4823,YOR308C,182.33755271145293
4824,YBR127C,44.80979824519966
4825,YOR187W,14.14476782955719
4826,YER182W,8.74392661017975
4827,YLR180W,128.07857668788506
4828,YDR137W,13.099372941273181
4829,YDR201W,22.8085513839135
4830,YDR462W,110.93862645965555
4831,YCR073C,34.93900121586301
4832,YBR241C,6.0025186990978305
4833,YOL076W,25.33753633045625
4834,YDR060W,261.270819059632
4835,YDL129W,5.22837552593214
4836,YDR461W,24.174309966682838
4837,YDR200C,9.73285062157434
4838,YDR419W,27.708604998122393
4839,YOL036W,32.079544763541385
4840,YKR027W,22.438496505500712
4841,YOL116W,13.38500689146408
4842,YCR076C,98.22042946058887
4843,YOR178C,25.05543855239061
4844,YKR006C,193.9448181962453
4845,YNR018W,12.335755949142051
4846,YBR150C,14.867122421647538
4847,YJR059W,8.120587670933439
4848,YLR162W,24.220583567810017
4849,YKL087C,12.27320966887917
4850,YFL013C,73.94354178042968
4851,YLR393W,3.12879089199708
4852,YDR176W,107.77590669428567
4853,YMR106C,36.751774366663234
4854,YMR084W,12.441189664302408
4855,YLR262C-A,11.281862675146952
4856,YPR095C,14.248749711266708
4857,YPL086C,102.19084217700092
4858,YAL016W,46.33253143341915
4859,YCR028C-A,40.50224484367858
4860,YDR280W,89.21379532455617
4861,YMR314W,175.9721825199915
4862,YPL158C,2.5942982862741504
4863,YBR018C,13.19753081749473
4864,YHR119W,68.09807146847682
4865,YGR183C,7.82320323905652
4866,YNL108C,45.30397993685454
4867,YIL015W,90.73443831994061
4868,YDR242W,49.27879743226987
4869,YDR400W,40.818198627696255
4870,YDL202W,59.08547481163664
4871,YBR020W,25.787229846678066
4872,YOR110W,43.691572917930664
4873,YPR046W,20.852775934480228
4874,YGR062C,11.793851442185899
4875,YDR002W,104.72761462210464
4876,YOR389W,15.399776294302708
4877,YJR010W,3.06258566613079
4878,YJR097W,8.06016307149474
4879,YMR097C,8.02667790320027
4880,YDR378C,169.7896423019636
4881,YGR012W,23.43678262902636
4882,YIR009W,68.44207157349031
4883,YBL074C,70.4730322888098
4884,YFL010C,249.08766858945748
4885,YPR155C,9.85649463425427
4886,YDR089W,19.740336699420485
4887,YJL167W,28.61413643285165
4888,YNL278W,10.87698496870465
4889,YGL013C,39.04371935055436
4890,YIL064W,5.35776729328275
4891,YPL161C,19.23454560497386
4892,YGR061C,30.891826290128524
4893,YKL215C,15.24077715053987
4894,YOR208W,18.98523579178119
4895,YHL047C,11.228229732130801
4896,YJR135C,66.02247984179351
4897,YPR100W,99.07599181652535
4898,YGR245C,147.70617406899885
4899,YOR133W,129.03398630955627
4900,YER150W,1.90553699474555
4901,YJL163C,9.126515365712649
4902,YEL058W,15.739863464125591
4903,YDR506C,14.27646308368348
4904,YMR169C,7.79514486260836
4905,YGL120C,285.2069144051728
4906,YKL140W,16.212150267379098
4907,YHR183W,7.900553773736419
4908,YGL154C,22.431964623913984
4909,YER154W,5.200365196223361
4910,YFR018C,12.154034382041901
4911,YDR105C,1.83822465500769
4912,YMR083W,26.863229628426993
4913,YHR034C,22.960590546977777
4914,YPL027W,25.78951565737126
4915,YPR186C,10.475081647057301
4916,YBR085W,13.28972061095099
4917,YPL012W,348.5975428394461
4918,YLR136C,6.28909423461905
4919,YGR134W,42.20131872603864
4920,YIL051C,12.21421338242141
4921,YJR107W,11.654630568391092
4922,YLR425W,15.7779723879622
4923,YBL084C,64.61532507722323
4924,YKL095W,12.99792699144846
4925,YGR136W,50.51141858701172
4926,YJR116W,3.87107760939023
4927,YGL200C,41.6870067347229
4928,YOL104C,7.854461983165379
4929,YMR014W,13.23303877397234
4930,YPL067C,7.17677142832908
4931,YPL268W,12.596641079245728
4932,YOR327C,10.38944874870408
4933,YOR337W,5.749637477132841
4934,YFR051C,53.01282108422587
4935,YPR060C,16.5451139901983
4936,YNL023C,25.620737251673923
4937,YDR533C,27.349502669683787
4938,YDL073W,13.472181500670052
4939,YLR043C,17.104850353168338
4940,YGR199W,9.97057507276229
4941,YOL011W,8.26810803222221
4942,YML062C,54.63013134531116
4943,YEL002C,29.609497824219844
4944,YAL028W,14.94157458267562
4945,YHL003C,23.994451246225697
4946,YMR286W,133.87058351983598
4947,YBR264C,10.167197284602569
4948,YBR105C,43.946724608900034
4949,YDR067C,4.80778624585189
4950,YDL173W,65.57079337823656
4951,YLR059C,23.85619694080653
4952,YKL039W,14.618989138233388
4953,YJL123C,159.3766291948663
4954,YML098W,60.81697601682481
4955,YGR209C,17.145798403010648
4956,YPL082C,158.58674258249422
4957,YLR229C,6.03551805081336
4958,YNL218W,27.346306391272375
4959,YOR375C,32.39374815789049
4960,YLR035C,39.051646105500105
4961,YOR120W,15.52072237406798
4962,YOR341W,85.66011348846781
4963,YHR083W,9.66384448587895
4964,YHR018C,3.71650676510714
4965,YIL043C,30.90134876615459
4966,YCR014C,99.03948421407121
4967,YCR102C,23.7932457524237
4968,YGR088W,15.11628172842634
4969,YGR254W,14.923851873621722
4970,YDR361C,74.39875696136866
4971,YMR043W,17.56341367448084
4972,YOR177C,16.949931847855638
4973,YGR092W,45.958557360000114
4974,YLR175W,201.20424031260671
4975,YGR152C,1.29377139919663
4976,YDR039C,6.0191957473879905
4977,YGL167C,17.01948094139082
4978,YHR216W,195.8489387239024
4979,YGL048C,143.2613186386225
4980,YBR136W,53.37504997801015
4981,YKL042W,23.164368399135757
4982,YER169W,10.71719666354225
4983,YDR141C,19.788543624042358
4984,YBL002W,69.4889680970915
4985,YMR074C,42.83836549791657
4986,YLR200W,83.0782044303409
4987,YAL008W,19.855006595245282
4988,YLR364W,40.484524798069984
4989,YML052W,28.09816528984929
4990,YPL186C,2.8782446430132698
4991,YHR008C,2.63749386645737
4992,YBR172C,25.008962856710284
4993,YLR265C,11.28884785549126
4994,YHR166C,59.75597661191431
4995,YNL147W,106.90842408822382
4996,YDR408C,16.07953353946447
4997,YOR307C,15.6754538238422
4998,YOR032C,6.11444010808531
4999,YER093C,32.83669640375553
5000,YJR090C,27.474904754210893
5001,YDR291W,19.17474023648592
5002,YMR001C,14.9883902438579
