index,protein,ec
0,YOR140W,1.1121808967281449e-05
1,YLR443W,3.223144192254929e-06
2,YBR011C,0.0008903059925051053
3,YDR502C,0.0002015359845106257
4,YDL182W,0.004053387448634195
5,YPL143W,0.07947848209363828
6,YCR017C,7.0453698597542155e-06
7,YLL011W,0.025707328599438906
8,YLR084C,0.0006036615482895749
9,YPL133C,4.7159243164613445e-05
10,YFL005W,0.0003553808068013544
11,YPL176C,1.2460515815073935e-05
12,YDR150W,0.0004454438354965859
13,YJL102W,1.9646380443446465e-05
14,YLR149C,1.3639960432317938e-05
15,YJR032W,2.0859606256309618e-05
16,YBR229C,0.00010034637708985326
17,YPL202C,0.0003640828046859704
18,YBL031W,0.00016753219435855068
19,YCR093W,0.00032919940098076743
20,YJL002C,0.0001716294831523116
21,YMR111C,8.697349289065578e-06
22,YIL031W,0.0005273534971518342
23,YCR092C,1.991067557844898e-05
24,YCR065W,4.237368662741723e-05
25,YBR055C,0.002468106706307036
26,YMR028W,2.714570047747469e-05
27,YPL081W,0.039309191845154835
28,YJL122W,0.0001526889769331744
29,YMR015C,6.3498131363191315e-06
30,YJR084W,0.0007361288919768563
31,YER157W,2.888001048260528e-05
32,YER137C,1.0087073363848207e-06
33,YOL081W,8.245721336380395e-05
34,YER151C,0.0012325077972566618
35,YLR445W,0.00020990385450804543
36,YOR324C,8.573668739237804e-05
37,YDL003W,0.0018474047411753025
38,YNL311C,6.943484128459264e-06
39,YAR033W,5.539809513426782e-06
40,YOR304C-A,0.00039338748677973775
41,YDR369C,0.0004090885749668565
42,YML123C,1.6048689786512942e-05
43,YGL124C,1.9116809588507966e-05
44,YNL022C,6.489783221330981e-06
45,YDR393W,0.0006132017014800254
46,YBL092W,0.08053815275165739
47,YKL197C,0.0005709176594840956
48,YPL147W,1.0593424674703001e-05
49,YER065C,0.0005115378106450701
50,YOR066W,5.706469215927645e-07
51,YHR117W,0.006061217611981335
52,YOR367W,3.1870433344375396e-05
53,YMR299C,0.00011294991011529525
54,YDR146C,4.473682678744164e-05
55,YBR010W,0.012605169266744473
56,YNL158W,1.0824011922902239e-06
57,YKL134C,0.00040722361043097575
58,YPL110C,7.609074652817185e-05
59,YNR008W,6.271431827055868e-06
60,YDL085W,0.00031470386778818387
61,YDR530C,0.00038897192533734326
62,YBR154C,0.0007404439956754217
63,YDR255C,6.488541707668467e-05
64,YPL167C,2.1926937480436425e-06
65,YGL153W,1.8239340376434794e-05
66,YHL022C,1.2619275562120824e-06
67,YMR031C,0.00011259480124422592
68,YNL292W,2.6778501874900616e-05
69,YKL178C,4.326733038553039e-05
70,YPR194C,7.320531705203618e-05
71,YAR003W,0.0003909384668054512
72,YGR277C,1.2992812800485814e-06
73,YML075C,5.795397105411969e-05
74,YMR308C,0.002974039317605574
75,YKL091C,1.8645204289377686e-05
76,YML106W,2.3750810765461398e-05
77,YBR254C,0.0008673000522601787
78,YMR228W,1.4073963672698596e-05
79,YDL204W,0.00043291230981729013
80,YKR037C,0.00012793945145821533
81,YDL126C,0.0006005495782570094
82,YML043C,0.0005278436457926245
83,YLR270W,0.00019547594606791118
84,YMR033W,0.0019262710004018463
85,YER168C,0.0002542323241866783
86,YHR107C,0.0005145184887159698
87,YOR201C,6.348841960397675e-05
88,YBR065C,0.0007065089597160973
89,YER180C,1.3059299345353047e-05
90,YIL130W,0.0005481002555522845
91,YDL093W,4.894522147726218e-05
92,YPL265W,0.0008453730690274032
93,YMR002W,0.0003296531477973441
94,YPR178W,0.0014938397289267207
95,YDL084W,0.0008975497220311792
96,YNR041C,1.781461481936116e-05
97,YDL203C,0.0002316013489765125
98,YBR059C,0.0018681585300502075
99,YAL024C,3.4212938878455025e-06
100,YMR095C,3.604219174767816e-05
101,YOL003C,5.141738811142025e-06
102,YCR048W,1.3215806263681754e-05
103,YKL138C,0.00012179222761365622
104,YLR419W,0.0017364081231344862
105,YMR005W,0.0005082919531469463
106,YJR092W,0.00018659941673006793
107,YKL192C,0.0002712984441078498
108,YGL100W,0.00027181124937972835
109,YER128W,1.6452385558911635e-06
110,YDL048C,0.00024846700418836254
111,YDR435C,8.089840699984141e-06
112,YHR033W,1.7833719574689602e-05
113,YNL232W,0.0003128951544919611
114,YPR089W,1.7130887204685437e-05
115,YER100W,1.2634800217821275e-05
116,YBR049C,0.001119182514640414
117,YDL022W,2.155668113765517e-05
118,YER146W,0.0009452521361041304
119,YER070W,0.0008041961601882979
120,YDR473C,0.0009952174567751959
121,YPR002W,1.2747160443881626e-06
122,YKL220C,7.47431749703232e-05
123,YLR146C,2.077297216614112e-05
124,YMR068W,2.1470953906358182e-05
125,YDL135C,3.202199863741237e-05
126,YOR188W,0.0021148448288379035
127,YOR220W,0.0002016405296120536
128,YLR118C,1.870435754324658e-06
129,YGL083W,1.531903067404042e-05
130,YPL100W,6.588245318037945e-08
131,YIL065C,5.805785487603875e-06
132,YDR490C,3.5848418703139075e-05
133,YMR060C,1.118708860042483e-06
134,YGL087C,0.0004170410633761736
135,YDR460W,0.00012157765859598671
136,YPR167C,0.0016379006435984231
137,YGL237C,0.0007508876445973336
138,YBR187W,3.944970802970094e-06
139,YOR298W,1.331119957373121e-07
140,YIL129C,0.001344328251268177
141,YIL083C,0.00017993616991129752
142,YGL080W,0.0001274160757805318
143,YNL062C,7.89454382702621e-06
144,YHR162W,2.473294008823931e-06
145,YKR085C,0.0016565214622179924
146,YGR196C,0.0007231425993127043
147,YHR128W,7.620855353168991e-05
148,YDR233C,5.5646658057377675e-05
149,YGR239C,0.0003214115267081374
150,YBR036C,0.0001941807583748205
151,YPL137C,0.00015911287477598778
152,YFR011C,3.9887118688627746e-05
153,YJL203W,0.0010821102092842478
154,YPL198W,0.11846972580835183
155,YBL093C,0.00048034929519903777
156,YOL142W,0.0010653726840067902
157,YML102W,9.152330253226414e-06
158,YIL162W,4.1743147124173133e-07
159,YKL028W,0.0007170793300211718
160,YMR056C,3.2192358884027993e-07
161,YGL213C,0.0005925309436373045
162,YDR108W,0.00022001246906501627
163,YBL030C,0.0022042099771129786
164,YHR066W,0.003099677109521312
165,YCR051W,0.0003188555669454033
166,YDL075W,0.10356301954478576
167,YIL090W,0.0008613674367319309
168,YFL012W,0.00042214920355722606
169,YOL102C,3.0101821477503383e-05
170,YOR099W,1.7356896097002493e-05
171,YGR023W,1.335585999299733e-05
172,YDR123C,6.402835602191882e-05
173,YNR013C,0.0002822874274745642
174,YAL038W,0.00011987607508063182
175,YEL044W,0.00041603071927641644
176,YPL241C,6.252531706121358e-07
177,YPL003W,3.8954911236078654e-07
178,YIL078W,0.0006137114346862065
179,YNR026C,3.4522250929635054e-05
180,YNR035C,0.0005149204439341722
181,YPR185W,3.7163145406516014e-05
182,YJL055W,1.064591674916868e-05
183,YPR171W,0.004276482929810007
184,YLL034C,0.03511778461227619
185,YNL090W,1.5664088744275978e-06
186,YNL214W,2.395570570642185e-05
187,YNL252C,0.001796979055422527
188,YGL055W,0.001332184135544807
189,YKL122C,0.001107122049431006
190,YPR164W,6.214746625950339e-06
191,YER002W,0.00025052595239253753
192,YOL111C,0.0005451048271004718
193,YIL055C,2.681151536083497e-05
194,YER075C,5.253158416246637e-06
195,YGL211W,1.3949550774131143e-05
196,YER132C,2.9851071674942886e-05
197,YML034W,0.00069082120608384
198,YBR053C,8.567334571159747e-06
199,YHR020W,0.0027181681694844148
200,YMR131C,0.00013314176176090257
201,YCL034W,2.253782594515856e-06
202,YGR177C,2.117936170814445e-05
203,YEL062W,5.497961614290006e-05
204,YDL125C,1.6225053868648618e-05
205,YIR019C,1.1173195747912882e-05
206,YLL026W,0.0002519288517840659
207,YGR262C,4.516909620776665e-06
208,YEL033W,0.00026243664448034735
209,YLR034C,0.00022436047398608782
210,YJR121W,0.0001612913928901235
211,YBR133C,3.69759374044263e-05
212,YLR197W,0.05430816327608226
213,YIL042C,8.415642480966708e-06
214,YGL190C,0.00033858989051344644
215,YOL152W,0.000253042580613178
216,YBR158W,0.00012705568522426356
217,YNL125C,0.0007573413330709159
218,YER003C,1.841216730485436e-05
219,YGR060W,5.956303642625052e-06
220,YHR038W,2.693360924553593e-06
221,YDR046C,5.798259397204585e-06
222,YLR010C,0.001563432966421997
223,YMR201C,3.818683853497099e-06
224,YBR164C,7.276895752076895e-05
225,YLR102C,6.678162969567516e-05
226,YPR162C,0.004023565261293947
227,YMR105C,9.219715123169641e-05
228,YGL108C,0.00020619315131544178
229,YLR132C,2.16286284685525e-05
230,YJR125C,0.0017683398517018964
231,YNL053W,0.0
232,YDR299W,0.02996947587943043
233,YDL157C,0.00012970686057675802
234,YML124C,0.0029155541770459407
235,YBL013W,6.563035991619651e-06
236,YAR031W,3.146024719759122e-05
237,YHR099W,0.002274930689695492
238,YCL056C,0.00015629846791254638
239,YAL051W,0.0015124935640657051
240,YGR128C,0.018159141887972734
241,YJL225C,1.003220876180528e-05
242,YMR264W,0.0006290402967284741
243,YMR163C,0.0014794130677806261
244,YJR102C,1.2933021186768934e-05
245,YLR067C,0.0008964208663734106
246,YJL171C,6.772102871591193e-06
247,YJR058C,1.422674997388181e-05
248,YLR098C,2.0042070670692228e-05
249,YNL012W,6.169276024808605e-05
250,YJR064W,4.896933528690202e-05
251,YCR047C,0.00013737937471657382
252,YBR025C,0.0006180327391169845
253,YLL046C,2.440120222454052e-05
254,YPL002C,4.242758481544368e-06
255,YLR386W,1.2476134641187368e-05
256,YLR086W,1.0946465903649814e-05
257,YCR034W,5.335930275174728e-05
258,YEL064C,3.5961044134837943e-06
259,YGR084C,0.0012259540670450896
260,YFL034C-A,0.019752406268340225
261,YMR118C,0.0001644166295183571
262,YBR255W,1.9241293878785874e-06
263,YBR122C,0.00198768323904729
264,YGL043W,0.00012870934425166628
265,YLR103C,3.638892873927718e-06
266,YPR073C,8.384152125242122e-05
267,YAL064W-B,2.128214235262495e-07
268,YPL262W,3.52936873733636e-05
269,YLR421C,0.0007456564428554043
270,YPL236C,4.803918038857534e-07
271,YDR427W,0.0007438681555647649
272,YBR238C,0.0008878300857528185
273,YLR422W,0.000743951010342438
274,YKL063C,7.133091780263527e-07
275,YNL187W,1.0737952190448702e-05
276,YDR367W,5.546410854464491e-08
277,YPL072W,3.265753032232433e-05
278,YDR456W,7.773894825225658e-06
279,YDR190C,0.0010795838976509246
280,YOR191W,0.0010650874692062896
281,YJR031C,7.9576324919032e-06
282,YMR178W,4.915371494301083e-05
283,YLL060C,7.07091765926384e-06
284,YCL029C,3.823521738185574e-07
285,YDR246W,3.168716765808463e-05
286,YLR115W,0.0053437132456421845
287,YJL219W,2.892151661928109e-06
288,YPR045C,0.00013520380179099243
289,YHR046C,8.505862786320762e-06
290,YMR117C,8.909775906843042e-06
291,YKL007W,0.00018734961948937813
292,YDR004W,0.00021691430598083514
293,YDL116W,2.7768277614330672e-05
294,YLR063W,4.177761016143987e-05
295,YGR135W,0.0002407032178338066
296,YMR240C,0.0012164530159556699
297,YDR432W,0.0019356275397493861
298,YJL048C,4.722406124340598e-06
299,YDR068W,0.0005279576400189915
300,YBR248C,5.754843841153352e-06
301,YLR187W,0.0008976978123076085
302,YDL183C,0.0003125875973647521
303,YJL196C,2.3865007868339476e-06
304,YOL162W,7.016639350533834e-06
305,YLR090W,2.532619225051062e-05
306,YJL026W,4.947390770669308e-05
307,YMR021C,2.093267563350834e-05
308,YHR097C,0.0017794779090082905
309,YNL110C,0.054408035109181595
310,YPL021W,1.423667751841664e-05
311,YMR196W,0.00010265769040125681
312,YOR372C,9.185111885841054e-08
313,YBR282W,0.0005306030750007988
314,YBL017C,0.0001448231933185863
315,YHL009C,3.8308984407314065e-06
316,YOR125C,2.100501677148362e-05
317,YHL023C,2.396612954737271e-05
318,YMR032W,4.771387059093421e-06
319,YOL123W,0.0014546817449763378
320,YLR409C,0.0176191577023643
321,YFL002C,0.042182931327182954
322,YHR042W,3.5107196905849435e-05
323,YDR161W,0.0005441379335234645
324,YDR235W,0.0006183106959757077
325,YNR045W,2.144474839976491e-05
326,YIL157C,6.862652337947763e-06
327,YHR177W,0.0003424195808732448
328,YDR405W,0.0006416725595966776
329,YGL116W,7.082680171324752e-05
330,YHR198C,1.3743764714917463e-06
331,YNL234W,0.00016814348690296613
332,YJL158C,4.962219933420991e-06
333,YMR155W,9.530470385144419e-08
334,YKL176C,3.8338542637800624e-05
335,YDR362C,9.731754564551527e-05
336,YGR241C,4.774798941237097e-05
337,YOR155C,0.00020916547920807815
338,YBR257W,1.3984548118145705e-05
339,YOR262W,0.0005675883778687449
340,YAL018C,5.6896238371413635e-06
341,YNL259C,0.00043705925279465387
342,YLR381W,0.0006928281561611203
343,YKL035W,0.0014431785920226991
344,YER159C,0.00021008175976327078
345,YJR025C,0.0003640701745726509
346,YLR414C,1.4283386303954868e-06
347,YPR066W,5.845766561815882e-09
348,YLR397C,6.59136847354864e-06
349,YDR315C,4.859181401904743e-07
350,YML116W,1.1423512569369633e-06
351,YDR196C,0.0011320081420870948
352,YDL092W,0.00041381311714834584
353,YDR096W,2.2111339565799164e-05
354,YDL047W,0.0010217436023383182
355,YML008C,0.0004006201581132471
356,YJR100C,0.0003515532506975742
357,YMR303C,3.489908610786764e-05
358,YMR078C,6.666861872821679e-05
359,YDL233W,3.945912284456813e-05
360,YIL009C-A,4.2742313630058e-06
361,YPR189W,0.019746861430827194
362,YJL178C,0.00010901987387388074
363,YBR137W,3.826706707942213e-06
364,YEL022W,0.002870482079516893
365,YAL022C,6.4422022076669935e-06
366,YJR137C,5.4547731204037795e-06
367,YNR066C,2.512940873483851e-05
368,YGL140C,2.1876099764046825e-05
369,YDL107W,1.887966165408905e-06
370,YNL213C,0.0005283631467109044
371,YER039C-A,0.0006495735922469821
372,YFR003C,0.0037824090972360656
373,YIL106W,2.340607751601901e-05
374,YLR248W,1.626614529833964e-05
375,YLR277C,0.006512957224385879
376,YER089C,0.00018794207191986348
377,YOR144C,5.94935689644917e-05
378,YGL103W,0.12299801530333658
379,YCR038C,0.00018773222277630052
380,YBR112C,1.0307640981788332e-05
381,YBR214W,0.00031621271441544863
382,YNL322C,8.907145833827613e-07
383,YLR441C,0.10254109727628576
384,YKL152C,0.000837404491942501
385,YKR062W,5.7669695598446525e-05
386,YOR062C,1.8774566314365848e-05
387,YDL205C,7.278390847197072e-07
388,YKL046C,0.0012633801793715646
389,YOR223W,3.5437689479676246e-06
390,YPL069C,0.00010676665499307406
391,YEL055C,0.0032695722897600676
392,YJL145W,8.300015059988547e-06
393,YPR105C,0.00023780891044364677
394,YER052C,0.0002175553673871464
395,YPL194W,2.887749850238389e-06
396,YOR211C,0.00015681786651090964
397,YHR123W,0.0006751879170947556
398,YHR191C,0.00010555645949843471
399,YPR163C,0.0005329004389483267
400,YDR003W,1.4041470673121492e-05
401,YDR395W,0.0017122159432439304
402,YNL219C,0.0010047696694928405
403,YDL144C,5.015675570354069e-05
404,YOR008C,5.6688055003935004e-05
405,YOL047C,0.0009071209807945289
406,YBR095C,0.0002811296930298062
407,YMR047C,3.7180199576131574e-05
408,YKL187C,3.384093828663891e-05
409,YIL067C,1.1498978599248931e-07
410,YIR034C,9.813117527732825e-05
411,YIL061C,0.0010119955505327287
412,YPL097W,1.7163387698675112e-07
413,YDR348C,0.00031299173200540533
414,YDR314C,0.00295142638787456
415,YNL175C,0.012432134281029579
416,YDR073W,0.0006769782574007277
417,YDR303C,0.001143334032031754
418,YDR540C,3.865518305519538e-06
419,YBR040W,9.353897450331435e-05
420,YOR065W,1.1064469371611373e-05
421,YDR212W,0.0006022406551721664
422,YDL166C,0.0008766579090351997
423,YMR027W,7.40009336181959e-05
424,YBR004C,7.97480425885537e-06
425,YPL201C,6.957138156385997e-06
426,YKR090W,1.1089056315862352e-06
427,YOR209C,3.772615714958061e-05
428,YDL193W,0.00022766307891874417
429,YGR252W,0.0014690603023879971
430,YER105C,8.949851118811148e-06
431,YOR051C,8.980377693512683e-06
432,YGR251W,0.00017906112125081196
433,YBR151W,0.00035269710643395997
434,YBL064C,0.0007051757000597228
435,YDR219C,1.999187485097322e-05
436,YGL064C,0.003132182591429157
437,YIL037C,0.0001376027835726751
438,YDR165W,1.578639984116036e-05
439,YBR287W,0.0005342491754008627
440,YCR033W,0.00018651238355920364
441,YMR296C,8.600836172576789e-05
442,YPR112C,0.0086517623255908
443,YDR021W,0.0025645062826930133
444,YNL001W,1.2914107661550384e-05
445,YOL068C,2.3310593007731613e-05
446,YER007C-A,0.0029183229274689945
447,YKL029C,0.0021311771639697255
448,YDR324C,0.020993389485682495
449,YPR035W,0.0001255013871328013
450,YDR353W,5.956281585640185e-05
451,YPL066W,7.151626394091933e-05
452,YHR124W,2.330282014806816e-05
453,YER063W,0.00016294029460832432
454,YKL184W,3.182982254352724e-06
455,YFR031C-A,0.11075551919981717
456,YEL018W,0.00016258600284404959
457,YPL101W,0.0010354284154060105
458,YFL024C,0.00031874025585298455
459,YKL113C,0.0010850657611162107
460,YOL137W,7.806276228102472e-07
461,YML095C,0.00020541394701205243
462,YIL144W,3.5606747192366e-05
463,YPR098C,3.168515928131103e-06
464,YAL058W,1.9564302058873307e-05
465,YIL138C,1.956798624648454e-05
466,YPL209C,5.972751621159901e-05
467,YFL025C,8.410727984609736e-05
468,YBR283C,0.0004903456001110103
469,YER098W,4.055866024474685e-06
470,YOL038W,0.0005209484072517349
471,YHR016C,0.0024213268220715212
472,YDR168W,8.234757752267468e-05
473,YJL183W,0.00029589578984030575
474,YOR049C,1.451843791841642e-06
475,YNL269W,2.1934142715701568e-06
476,YIL063C,4.894956854544307e-05
477,YLR313C,1.6992341080371082e-08
478,YOR172W,1.6322246658797848e-06
479,YNL005C,0.00868794394982607
480,YNL193W,6.165123082917824e-07
481,YFL049W,0.00025027699308687165
482,YBR152W,0.0005865305411144793
483,YAL017W,6.001009926977305e-05
484,YKR025W,0.004004940836856151
485,YDL033C,8.066975418840411e-05
486,YGR163W,4.039756319089597e-06
487,YOR354C,4.3481750412886086e-05
488,YIL077C,0.0002242334031649798
489,YNR070W,2.0433168242675987e-08
490,YHR205W,0.00043567985818265245
491,YOR096W,0.12052269841751138
492,YER043C,5.2800103462411696e-05
493,YKL038W,0.0006038512494220752
494,YHR192W,8.632196458232188e-06
495,YBR185C,0.00023843530357867704
496,YJR039W,1.8695651829971064e-09
497,YLR406C,0.0745482398584866
498,YHR017W,4.530060617757248e-05
499,YDR147W,9.250550218256952e-08
500,YGR250C,0.0003797657663413587
501,YKL182W,0.002034111412478882
502,YLR272C,3.2537798591869164e-06
503,YEL041W,2.6994229001395323e-05
504,YNL009W,9.438180705470245e-05
505,YBL020W,1.7526926107997694e-06
506,YPR111W,1.0153482201615869e-05
507,YLR005W,0.00017644268380146442
508,YPR187W,0.0014331102247962895
509,YIL153W,6.503773337793567e-06
510,YNL314W,1.587254195879559e-05
511,YDL140C,0.0008045384607177926
512,YGL244W,0.0004733752602056232
513,YGR278W,0.0007881142513432712
514,YLR147C,0.0019031744432312205
515,YKL089W,0.0012176198420726571
516,YMR193W,0.0012928423748937061
517,YJR041C,0.0004309663956683259
518,YOR137C,2.104977600070549e-05
519,YMR202W,0.00024113352266202684
520,YLR049C,7.916018416301949e-07
521,YBR166C,2.1470612646696395e-06
522,YOR329C,5.322328410651424e-05
523,YGR240C,0.0003947101337736711
524,YML079W,0.00011879254688875393
525,YDR499W,3.1834066010221046e-05
526,YPR081C,0.00010062220224921764
527,YDR475C,6.399001819427543e-05
528,YDR420W,9.67976575882581e-06
529,YMR266W,0.0003630974539824495
530,YPL078C,1.1433888411305306e-05
531,YNL290W,0.0014204751519813462
532,YKL164C,4.602497107383903e-06
533,YFR001W,0.03411953146018218
534,YGR106C,3.3947454736035216e-05
535,YNR050C,0.00024594323927180895
536,YHR044C,8.293997416140882e-06
537,YGL228W,0.00011512791944438717
538,YHR027C,0.0008550838577502334
539,YOR353C,0.00017391964657270724
540,YML055W,0.0008575143905271601
541,YER139C,4.838063168296642e-05
542,YGR097W,0.0010259062893957541
543,YMR025W,2.1229698447678182e-05
544,YHR202W,3.860062204954545e-05
545,YLR182W,5.385547705407152e-05
546,YBR201W,3.143585753638347e-05
547,YGR003W,4.2389303765084504e-06
548,YHR140W,0.00030242396617739077
549,YIR021W,2.9519955357598698e-05
550,YLR128W,6.16742388435577e-07
551,YMR291W,2.1490715281411774e-05
552,YOL063C,1.0800001319853555e-06
553,YOR272W,0.05512007916179961
554,YPR024W,6.729968056311771e-05
555,YPL247C,4.884241444976826e-10
556,YPL145C,0.0002863311420603713
557,YDR501W,0.0003787074183280335
558,YHR193C,0.0034784193025979636
559,YJR033C,0.00010947563149152963
560,YNL244C,0.004743654538949895
561,YGR124W,8.793808973190203e-05
562,YBL005W,1.8853350181269775e-05
563,YIR006C,0.00010596062437061597
564,YOR017W,9.819818011653704e-06
565,YJL060W,3.04179132493676e-06
566,YBR245C,0.002058950728755299
567,YGR145W,0.026908466529953275
568,YCR020W-B,0.00014116259699211946
569,YGR212W,2.1010662610563654e-05
570,YMR224C,1.025298020266927e-05
571,YDR098C,0.0006999967565505763
572,YBR003W,1.3618365375848413e-05
573,YFL054C,7.906659393932828e-06
574,YJL194W,1.4093614650063951e-05
575,YBR281C,1.528360384473654e-05
576,YDR171W,0.0004010413544023644
577,YNL260C,7.92780642979624e-06
578,YDR120C,1.7866607471191054e-05
579,YJR144W,6.87013944187213e-06
580,YPL006W,0.0007332945618258095
581,YLR163C,0.0005330758253539004
582,YER087W,0.00014751191543988816
583,YGR081C,0.005307583487817348
584,YHR112C,7.177111320137147e-06
585,YKL119C,3.9895767881761666e-05
586,YDL008W,1.2439239624710425e-05
587,YPR052C,0.026323093901440508
588,YLR148W,0.00020502049502552197
589,YBR001C,0.00026778963679360113
590,YJL115W,6.561059770794484e-05
591,YGR056W,0.00036289225185415566
592,YJR022W,0.00036759980137838604
593,YGR181W,0.0001516133750152248
594,YKR088C,4.0058414711429065e-05
595,YNR024W,8.876953648327462e-05
596,YLR341W,0.0007943064665360719
597,YDR288W,1.1480692610122568e-05
598,YPR083W,1.930372100973072e-05
599,YMR064W,3.488140590022933e-05
600,YKL112W,0.0007962370786275757
601,YPL244C,1.4397562488432548e-06
602,YGR222W,5.087923570851613e-05
603,YLR188W,2.1001229557229394e-05
604,YGL186C,5.397941075974611e-05
605,YDL081C,0.026315615513473813
606,YLR022C,0.00235267150485899
607,YNL159C,0.0028562128662637065
608,YPL050C,0.0002549690722642785
609,YGL027C,0.0012554021821665517
610,YGR166W,2.9848440842851735e-05
611,YGR047C,0.00026144794008958153
612,YDL194W,5.758497063995019e-07
613,YML078W,7.231953932856319e-07
614,YOR190W,6.126383931843737e-06
615,YDR333C,8.342992370686228e-06
616,YDR155C,2.2373209135316352e-05
617,YGL075C,2.4507719747248042e-05
618,YAL020C,5.224636300792864e-06
619,YDR109C,9.125999993490619e-08
620,YOR111W,0.00031233777582349176
621,YFL026W,4.676895675260984e-05
622,YGR108W,0.0008489859167748434
623,YFR041C,0.0001612839376686187
624,YPL085W,0.00027706960720202506
625,YGL263W,9.136173236385762e-05
626,YER113C,5.020204400092962e-06
627,YLR004C,3.3810437588895443e-06
628,YBR054W,7.936862361343132e-06
629,YPL010W,0.0008816662418383715
630,YKL213C,0.00011307089620621067
631,YPR054W,7.355075300353158e-05
632,YDL121C,1.7794507864154617e-05
633,YML050W,1.1181044495141262e-06
634,YNL115C,7.944430249816274e-06
635,YLR033W,0.0003697290057050952
636,YLR256W,1.9869219259261347e-05
637,YPR140W,0.00030968957591240987
638,YGL016W,0.000236328285208427
639,YCR036W,6.790006006108158e-06
640,YGL256W,4.943324311955926e-06
641,YBR191W,0.07209723825642357
642,YMR300C,4.730832201195563e-05
643,YOL088C,2.4126451037304554e-05
644,YPR128C,3.253601948227755e-05
645,YEL053C,1.459120482966027e-05
646,YJR001W,3.810361561232996e-06
647,YDL199C,9.459396370271099e-06
648,YMR183C,0.00040219673411322226
649,YDL111C,0.0008277451315605806
650,YCR082W,2.1319088217570863e-05
651,YGR040W,6.912404218427435e-05
652,YMR309C,0.01793984601239105
653,YLR453C,2.7538954317694245e-05
654,YPR151C,4.6179087399050995e-06
655,YLR003C,0.0055970850304406525
656,YDR052C,2.7742446091524332e-05
657,YDR342C,0.0016441337003184901
658,YPL184C,0.00012563060375226425
659,YBR234C,2.3548821083727375e-05
660,YNL230C,0.0010232457241494783
661,YBR110W,5.340488576336257e-06
662,YOL058W,2.2896050133713735e-05
663,YAL013W,0.00013230180524010938
664,YKL172W,0.048307387271566554
665,YJR069C,0.0002811787824441601
666,YNL065W,0.0001522358441162073
667,YKL027W,1.6028606497203448e-06
668,YDR135C,6.626718111317998e-06
669,YLL002W,1.3800051789465027e-05
670,YPR093C,0.00045361973837516797
671,YBR143C,0.0025909303700981635
672,YBR280C,5.079803116368201e-05
673,YNL249C,0.00018369386857107129
674,YBR196C,0.00034537729581298333
675,YLR203C,2.0994575973442574e-05
676,YJR159W,2.270457753458582e-05
677,YLR247C,1.2857066314181567e-06
678,YMR038C,0.00014049147330084718
679,YDL007W,0.0004151614690668302
680,YDL134C,6.261998759222868e-05
681,YGR238C,4.7139805062358395e-05
682,YGL242C,0.0008343213805135169
683,YER148W,0.0008236308338375912
684,YDL019C,4.781649149140202e-05
685,YGL206C,0.0005121687172428799
686,YMR188C,0.0011569758833290457
687,YLR152C,2.5109482803317067e-05
688,YJL091C,2.6611672103356744e-05
689,YPR127W,6.003759854053117e-05
690,YBR220C,0.0008489685992122039
691,YLL043W,3.0166631667290067e-05
692,YOR198C,0.019411577626872928
693,YKL106W,3.814129275512528e-05
694,YNL056W,2.7556039889661275e-06
695,YHR039C,8.800920939223204e-06
696,YKL163W,1.463556486004347e-06
697,YMR233W,0.00012018814525961344
698,YOR134W,0.0005575004346638272
699,YNL039W,0.0002531535458154706
700,YDR272W,0.000492574169068615
701,YPR065W,1.9884748182407096e-05
702,YPL267W,1.2796121425147143e-05
703,YDL059C,2.0677259516942163e-07
704,YJL072C,0.0006526553448338631
705,YPL051W,7.116734156379706e-06
706,YFL001W,1.0639215352832398e-05
707,YNL085W,0.0005536799486667049
708,YOR018W,1.3294227967623393e-05
709,YBL021C,1.4839268522530677e-05
710,YGL090W,4.536580379033299e-05
711,YNL079C,3.5641852586696462e-06
712,YKL132C,3.167836102393025e-06
713,YNR056C,2.4945665730151183e-06
714,YNR023W,0.0008054682588786589
715,YNL151C,0.0007637870173530648
716,YNL121C,5.948511725272763e-05
717,YLR249W,0.0026761886065660005
718,YNL045W,0.0001859083607486597
719,YBR141C,5.949368295382813e-06
720,YMR241W,0.00031151412442907044
721,YGL097W,4.3714252936244874e-05
722,YDR104C,9.238874273558241e-06
723,YBR066C,8.811407211572954e-06
724,YLL015W,1.1061040996421859e-05
725,YDR211W,0.0011639338556979867
726,YJR148W,0.00021833017342542813
727,YPR166C,0.0003004124096612451
728,YDL105W,6.400508753250817e-05
729,YLR324W,7.923073437333828e-07
730,YDL127W,5.1014096607254636e-05
731,YOL067C,0.00011466053309918042
732,YOR214C,2.7004101292338094e-05
733,YFL062W,7.773316568906507e-06
734,YPL008W,1.5572082552558637e-05
735,YNL295W,1.4217469971412798e-06
736,YGL169W,1.5166164273763578e-05
737,YGR046W,6.577348354550569e-05
738,YOL030W,6.620321974026749e-05
739,YPL190C,0.0034253122825052148
740,YKL186C,1.0378265578923492e-05
741,YKR068C,0.0005198798873891946
742,YBR005W,3.73306320936775e-05
743,YJL027C,1.626091569110034e-05
744,YOR168W,2.0626667912297876e-05
745,YIL092W,4.096847814003619e-06
746,YBR147W,1.9701694901563233e-05
747,YOL010W,0.01190065156977985
748,YER125W,7.992851460129276e-05
749,YAL015C,1.5779762202340783e-05
750,YFL037W,0.0006737043989809013
751,YPR027C,9.168725052249064e-07
752,YER005W,5.078147683927993e-05
753,YOR234C,0.0725119285957048
754,YLR304C,8.713290857381825e-05
755,YLL054C,1.0812556742838852e-05
756,YNL315C,1.9810242281105282e-05
757,YAR042W,3.589899065540261e-06
758,YPR117W,0.00015211655874312332
759,YDR498C,0.0001351250310375314
760,YKL155C,0.0014886067122592437
761,YPL038W,0.00016300360353327565
762,YGR231C,0.004667326609144319
763,YMR253C,3.356866569388618e-06
764,YOR310C,0.024277879006534588
765,YER073W,1.3640403854425018e-05
766,YML131W,0.0007515166060079222
767,YOR316C,2.9896248356894815e-07
768,YMR036C,5.2691678644064516e-05
769,YEL001C,0.00042290227320706186
770,YPL195W,4.7809125258754225e-05
771,YBR297W,1.4019187259215855e-05
772,YKL065C,0.0019255478581587488
773,YGR119C,0.0002886632841813007
774,YDR042C,0.0001923001238392113
775,YKR105C,4.787107156256891e-06
776,YGL176C,3.661987434218593e-08
777,YGL209W,1.1529767312329471e-05
778,YGL049C,0.012558892866392474
779,YDL197C,2.9736721362858246e-06
780,YDR440W,0.00026879900699009455
781,YLR361C,3.823521738185574e-07
782,YDL155W,1.496989408322415e-05
783,YPR103W,0.0001495257080534458
784,YGL101W,2.3502903111344053e-05
785,YJR089W,6.104376283005181e-06
786,YBR230C,5.959168804600505e-08
787,YDR515W,0.00027561537505160885
788,YML094W,1.3963491716143375e-05
789,YJL084C,0.00024575356179239963
790,YPL016W,0.001218255382961267
791,YOL122C,0.0009297544931401058
792,YPR125W,0.0003020541123648287
793,YDR218C,1.2971165178361049e-05
794,YIL096C,1.2371111497716884e-05
795,YGR288W,0.0003195449854022633
796,YMR096W,0.00021603361017698953
797,YGL071W,0.0002937011444329121
798,YLR326W,0.00016135116666221526
799,YER136W,3.7996789670443896e-05
800,YIR028W,5.118455436888102e-06
801,YHR089C,0.03595625345847847
802,YNL041C,1.2918804632531975e-05
803,YOR036W,3.8923321880289864e-05
804,YGR185C,8.943301906315661e-05
805,YPL273W,5.805067677239589e-05
806,YCL011C,0.03478515682327331
807,YNL004W,0.004264443729199014
808,YFL018C,5.549956327470091e-05
809,YNL077W,0.0004713311540549824
810,YGL233W,8.006655345491096e-05
811,YDL192W,3.321856098801187e-05
812,YER094C,0.00014309964858982924
813,YLL004W,0.0037709813213928356
814,YGL202W,3.5110724164470835e-05
815,YFR025C,2.0511785237645278e-06
816,YKL069W,3.6249517193581818e-06
817,YDR257C,1.8436642327857527e-05
818,YJL177W,0.09994695596539736
819,YOL120C,0.06128837183591648
820,YPL246C,1.159193358530042e-45
821,YNL153C,1.0916950291451871e-05
822,YGR080W,0.0004329974167482361
823,YNL313C,1.257865535881499e-05
824,YBL004W,0.04638657310016915
825,YNR010W,0.002063698105764159
826,YLR083C,0.00024060805634772432
827,YGR090W,0.04304335929889957
828,YPL271W,2.7159042588279998e-05
829,YLL018C-A,7.68227069617057e-46
830,YJL124C,0.0010060354902412011
831,YIR038C,1.540705854509086e-05
832,YMR187C,1.0702676696062556e-05
833,YNL329C,1.620944815585399e-05
834,YBL079W,9.278824944782351e-05
835,YGL077C,2.678143262102554e-05
836,YLR378C,0.00014870238645554938
837,YKL195W,4.2328489743772695e-05
838,YNL317W,0.005381389424188118
839,YPR036W,0.001248184155018516
840,YIL134W,0.00018320365958308265
841,YOR094W,5.2405120189022555e-06
842,YDR383C,1.070150601356607e-05
843,YCL057W,0.0007360188978970641
844,YCL066W,4.086973435268915e-06
845,YDR251W,0.000102870784800093
846,YPL053C,0.0003155121833588697
847,YMR091C,0.0005492380104286505
848,YOR113W,5.388729419961374e-07
849,YHR006W,1.764792004710871e-05
850,YNL172W,0.00036630429198206696
851,YPR057W,0.0006841327831071349
852,YGR155W,4.372923575924005e-05
853,YGL143C,1.6693227880651463e-05
854,YOR117W,0.000678556228816189
855,YGR218W,0.0004368455007783148
856,YFR048W,1.54688484013592e-05
857,YKR082W,0.0005620342351128354
858,YLR074C,0.016879488494000654
859,YLR368W,4.9991878316735175e-05
860,YDR152W,2.4366379158139462e-05
861,YPL148C,0.00010084845301058855
862,YLR356W,1.750177720590225e-05
863,YHL015W,0.05788710227426414
864,YPL036W,0.00015524830027013474
865,YAL001C,0.00041764356259152316
866,YPL208W,0.0005910879064795716
867,YFR035C,6.381366563420355e-06
868,YDR159W,5.973222593044633e-05
869,YPL094C,0.0030308763044079026
870,YDR221W,0.0005591328915163063
871,YAL034C,0.0006979401899493182
872,YBL102W,0.00017223191912685854
873,YJL133W,9.404286240479748e-06
874,YJL089W,2.1894388655673644e-05
875,YDL051W,0.008011301442207677
876,YOR026W,1.4550320072347627e-05
877,YOR098C,0.0009207813641214488
878,YDL132W,6.139838654718753e-05
879,YMR304W,0.000670622682425468
880,YJR040W,0.0004672596661643078
881,YGR131W,0.00014029684993588427
882,YDR307W,0.000862569776811244
883,YDL063C,2.1913229809935887e-06
884,YMR282C,1.2279011812290972e-05
885,YDL130W,0.00025620159946262934
886,YMR063W,0.00047293315478963844
887,YLL032C,7.67108052164433e-07
888,YPR161C,0.00033205239204068567
889,YDL154W,5.6201755240238894e-06
890,YML091C,0.0004741541293460608
891,YDL189W,1.8652327072121777e-05
892,YJL136C,0.0008020802948442645
893,YOR227W,0.0003313370530263521
894,YCR079W,0.00027809088442362097
895,YPL132W,1.2905350750994925e-06
896,YDL206W,4.673308216158554e-05
897,YMR295C,0.0009532945509293191
898,YCR053W,3.161637163361707e-05
899,YOR027W,3.0290582821460797e-06
900,YDR294C,0.0003747617031325919
901,YML081C-A,7.652668209586508e-05
902,YOR319W,0.00014805857404326137
903,YDR058C,2.701521138543512e-06
904,YPL059W,0.0008897432396127748
905,YIL143C,0.0006446273322231709
906,YKL189W,3.584996678227777e-05
907,YGL174W,5.701120532463413e-05
908,YPL183W-A,0.00034849271937849405
909,YDL080C,0.0017355485470504173
910,YKL194C,0.0004937599522259296
911,YNL279W,0.0004316041693121224
912,YPL138C,0.003826478481550739
913,YLR310C,0.0019014073702260433
914,YER044C,1.3796561148355787e-05
915,YOR128C,4.5576829707102345e-05
916,YAL053W,0.0001237709135891268
917,YOR109W,3.070428759760456e-05
918,YMR003W,9.553889811576053e-06
919,YOR043W,2.7368410486208815e-05
920,YCR043C,4.905385316892921e-05
921,YLR318W,0.0005098322859017097
922,YPL058C,2.734828558575849e-07
923,YNL306W,0.0013314855364645753
924,YDR122W,0.0008551122414918565
925,YOR005C,7.233506766054823e-06
926,YJR131W,0.00013813677087554032
927,YOL128C,1.2562052183808714e-05
928,YJR042W,2.786252073736459e-05
929,YHR054C,1.7994552493634632e-06
930,YDR041W,0.0014352694183902366
931,YPR068C,0.00100867506745819
932,YOR295W,0.00017283201214769053
933,YDR293C,0.0012905252131553428
934,YKL032C,6.483177276615836e-05
935,YGR004W,0.00012492836787553711
936,YGR085C,0.12638458127676205
937,YCR003W,0.0006454752971733789
938,YLR085C,7.341163147465438e-05
939,YOL089C,1.1050877596458094e-05
940,YLR259C,0.006851357198450256
941,YDL239C,1.795853934337528e-05
942,YOR332W,0.00032854066646621836
943,YNL095C,0.00013239607621726054
944,YNL021W,3.688055461288929e-06
945,YIL050W,9.08932316086369e-06
946,YIL048W,0.0004145924399343094
947,YDR356W,0.00027652552912201114
948,YGL259W,8.916009813642602e-06
949,YHR079C,0.0003854972075664355
950,YNL241C,1.974424406274398e-05
951,YCR073W-A,8.362447686412667e-05
952,YOR361C,0.011290776851412837
953,YGL067W,0.00024341097489183675
954,YLR452C,0.000347817427700156
955,YMR265C,8.232089268384905e-07
956,YIR018W,0.0004176299008721792
957,YML104C,2.1815099871964933e-05
958,YDL224C,3.666976077168134e-05
959,YDR138W,0.0008940044608817241
960,YKL149C,1.8529879764477142e-06
961,YBL101C,9.946891801114614e-06
962,YPL004C,0.0006745536070343457
963,YJR056C,6.479793051380951e-06
964,YHR160C,7.167481544638943e-05
965,YBR153W,0.0003627960746484322
966,YER161C,0.0015151152815703745
967,YOR087W,1.1261497210787602e-05
968,YKR100C,2.2391994741659242e-05
969,YBR123C,6.168600261946604e-05
970,YDL027C,0.0001759137718376187
971,YIL030C,4.4431499233115367e-05
972,YNL078W,3.8536702060065165e-05
973,YNL008C,0.0016671227129152785
974,YBR029C,0.00024560982111869375
975,YHL002W,2.487198115689618e-05
976,YNL097C,0.0011428376946837405
977,YDL100C,2.8114872068648216e-05
978,YBR184W,0.0004547201361283124
979,YJR113C,0.0012951264071847705
980,YEL047C,4.833445447218849e-05
981,YDR397C,4.255663921197525e-05
982,YDR007W,0.00027697260860831105
983,YKL058W,2.9003673655515873e-06
984,YOR267C,0.00020962221059783387
985,YJR030C,1.0432180071134991e-05
986,YFL050C,1.654276958021633e-06
987,YMR175W,2.0212330953065197e-06
988,YDR406W,3.1265052008402284e-05
989,YGL129C,0.00128972853243218
990,YDR402C,4.1759757958103653e-07
991,YGL164C,0.00036683868882753286
992,YBR043C,0.00040098369478898225
993,YJL096W,0.0003752021734407538
994,YMR115W,5.448255302357261e-05
995,YNL067W,0.01033773364486877
996,YFL038C,0.0008245768796617043
997,YJR104C,2.1428020977252935e-06
998,YFR027W,0.00013146701882528304
999,YER007W,3.031335629375418e-06
1000,YGL065C,1.0405718657878391e-05
1001,YEL060C,3.2546630236856534e-05
1002,YKL015W,9.27217502667312e-06
1003,YDL024C,3.11705473928713e-06
1004,YDR194C,0.010649143528374046
1005,YPL162C,0.0007881200152023963
1006,YGR079W,0.00016508693195041097
1007,YPL068C,5.922124406262357e-05
1008,YDL165W,0.0001087926799568382
1009,YLR052W,8.408796834943064e-05
1010,YOL092W,2.2288743712984125e-05
1011,YDR285W,0.0005698628403045001
1012,YNL020C,4.50181945100681e-05
1013,YLR233C,1.3292955384211287e-05
1014,YER184C,0.0003004967823918846
1015,YOR164C,3.2821244723592095e-05
1016,YOR138C,2.491685872535042e-06
1017,YOR173W,2.34452591423419e-05
1018,YFR013W,0.00019177961948694066
1019,YDL180W,6.350762689378186e-07
1020,YBR078W,0.0005320203857517202
1021,YER174C,2.717853236160351e-06
1022,YCR054C,1.7033129101456336e-05
1023,YOR067C,0.00023153346104377176
1024,YBL099W,5.4293699362510886e-05
1025,YOR189W,4.3525328874453185e-07
1026,YOL126C,9.325396180953938e-06
1027,YLL008W,0.0578632078767658
1028,YOR150W,0.0017805171496362293
1029,YMR062C,8.092336684691325e-06
1030,YPL009C,0.0053874171862665155
1031,YIR001C,0.0016853584063500839
1032,YBR034C,1.9057390071817864e-05
1033,YJL058C,2.248155541339282e-05
1034,YGR072W,4.3957640513659146e-05
1035,YMR161W,5.827473490364666e-05
1036,YOR108W,3.287136235025672e-05
1037,YNL327W,8.255653744810622e-06
1038,YBR193C,0.001116319924352641
1039,YPL077C,2.734104166355054e-05
1040,YDL114W,0.0003671047459378062
1041,YER044C-A,3.9742037737592314e-05
1042,YNR002C,0.00022108924036472354
1043,YMR086W,0.00043986065466126306
1044,YNL242W,1.3496616164694939e-05
1045,YPR021C,8.91572430800007e-06
1046,YBL041W,0.0001853203340311613
1047,YPL274W,5.829673634411281e-06
1048,YCR052W,0.0003356180519798105
1049,YKR042W,0.00017698128029849377
1050,YDL130W-A,8.846915072892283e-05
1051,YIL135C,1.882804731315805e-05
1052,YMR287C,0.00019803308759978354
1053,YMR293C,0.00014676121948416435
1054,YDR228C,0.0036018001658443396
1055,YDR225W,0.0009451040805892213
1056,YNL063W,1.5842744657946866e-06
1057,YEL003W,1.7358569344521925e-05
1058,YOL039W,0.042193763388207614
1059,YIL094C,0.0020714973604932644
1060,YMR219W,0.0014816014590847255
1061,YMR256C,1.1566435540711403e-06
1062,YEL011W,6.737468158471152e-05
1063,YOL009C,0.00045991834423537395
1064,YHR136C,5.11204567362107e-07
1065,YGR260W,5.142483778149569e-05
1066,YDR329C,1.953191403465021e-06
1067,YKR104W,1.778797662055491e-05
1068,YPL249C-A,0.11045994579660308
1069,YHR113W,0.0001230182869311543
1070,YPL171C,1.9117126647977963e-05
1071,YKL150W,0.0003504240082090006
1072,YNL002C,0.06514892933049231
1073,YIL017C,5.0114652166891564e-05
1074,YNR016C,0.00025419220317202904
1075,YPR196W,3.137435966591297e-08
1076,YER077C,0.0005602533176979187
1077,YOR205C,5.5267421556622934e-05
1078,YDL171C,0.0025536226242970734
1079,YIL085C,9.176756256481501e-05
1080,YDR309C,3.149797578579003e-05
1081,YPL079W,0.005932763318575385
1082,YMR030W,2.3188290922899092e-05
1083,YJR002W,0.03440455455043549
1084,YDL240W,5.392044622281307e-05
1085,YJL004C,4.5265893287941746e-05
1086,YBL051C,0.001476123809249552
1087,YLR360W,0.00024240852924563744
1088,YGL161C,0.0001358071096678931
1089,YOR261C,0.0008026327701372502
1090,Q0115,1.6180545093375555e-05
1091,YPR031W,1.1067312148715314e-05
1092,YKL210W,0.00016675943031846984
1093,YGR149W,0.000654510484709469
1094,YDR056C,0.0002663807776234234
1095,YIL095W,0.010817981474026976
1096,YOR380W,1.8008690583140398e-06
1097,YOR280C,3.4416174171068346e-05
1098,YLR015W,0.00043137382004114207
1099,YLR212C,6.490063275677884e-05
1100,YDR508C,5.694105772354282e-06
1101,YKL160W,0.001067781930453914
1102,YGR266W,0.0005775376305063288
1103,YDL067C,1.31215668900854e-06
1104,YLR225C,0.000749081812900741
1105,YJL141C,5.985637361240025e-08
1106,YKR017C,3.3203722034718507e-07
1107,YCL043C,2.3795365535969604e-07
1108,YHR200W,0.0009235595569019525
1109,YBR260C,0.001413419505924643
1110,YHR175W,5.630633794476594e-05
1111,YOR124C,4.6964746103416746e-05
1112,YDR222W,1.4931849621232615e-06
1113,YNL261W,0.00042796419487320934
1114,YGR021W,0.00021856722678767054
1115,YOR352W,4.466322028284403e-05
1116,YMR301C,4.9142384145218454e-05
1117,YGL126W,6.2077359964394394e-06
1118,YPL164C,0.00015645779530642506
1119,YPL181W,0.00044162136192284164
1120,YIL115C,9.461082756221006e-05
1121,YKL139W,0.0009166918052832798
1122,YJR145C,0.11334920072925195
1123,YBR253W,0.0023089602543428993
1124,YOR118W,1.4152168316187291e-05
1125,YLR214W,1.7935382438796323e-05
1126,YMR259C,0.0003196682139987539
1127,YKL057C,4.1932940041856407e-05
1128,YNR036C,0.00018763849354409463
1129,YBR023C,3.815812856768547e-05
1130,YLR382C,7.200202085567295e-06
1131,YIL053W,1.2437226311994698e-06
1132,YBL007C,0.0028892873467036002
1133,YJL020C,2.99619976025578e-05
1134,YOL066C,0.0001375150541530385
1135,YLR376C,3.2587475784645165e-06
1136,YER020W,1.169937026899754e-05
1137,YEL057C,2.948206583589451e-06
1138,YJR049C,1.5022648970752567e-05
1139,YDL200C,3.634469017087737e-05
1140,YDL234C,6.780399393444933e-05
1141,YNL168C,5.149966887752266e-06
1142,YML085C,0.0007502300339132903
1143,YJL068C,6.673852926504086e-06
1144,YGR225W,4.469371234558662e-05
1145,YBL034C,0.0004568146821214496
1146,YDL201W,0.00036083070942537925
1147,YHR080C,0.0001289073630963618
1148,YNL291C,2.7427630451634637e-05
1149,YOR368W,2.5802295539952542e-06
1150,YLR194C,1.2227464007353675e-05
1151,YKL019W,7.273876376222723e-05
1152,YGR066C,6.191077327554822e-06
1153,YLR219W,5.543791842745871e-05
1154,YMR307W,1.4809577698075275e-05
1155,YMR297W,1.562370960710573e-05
1156,YDL218W,2.7472675177665446e-05
1157,YDL098C,0.0009542784340604658
1158,YER067W,0.0005137573964498461
1159,YLR440C,1.7517297057141057e-05
1160,YER047C,2.3345255641349707e-05
1161,YHR023W,0.00010653072817422866
1162,YLR454W,3.9896282895988684e-05
1163,YDR266C,0.00039375994025904384
1164,YHL011C,0.00012618938868820014
1165,YBR296C,8.386791404249841e-08
1166,YGR213C,1.4748900993649789e-05
1167,YOR021C,0.000572571925248844
1168,YDL133W,1.2819121307927125e-05
1169,YDL214C,0.0004686732962754349
1170,YLL057C,9.801113526673538e-07
1171,YML029W,0.00010706842253937176
1172,YOR334W,5.1938126204427005e-05
1173,YJL173C,0.00044197707684258473
1174,YNL152W,3.1711877970395965e-05
1175,YPL160W,0.0001486858196429838
1176,YOR069W,5.503750106699039e-05
1177,YLR113W,1.6372591797546262e-05
1178,YBR244W,0.0006467689154855804
1179,YDR077W,1.7509284348263124e-05
1180,YNL101W,0.0011322196491156894
1181,YBR177C,2.500468052696722e-05
1182,YJR070C,0.00013145430144261193
1183,YCL001W,1.1102618374897018e-05
1184,YEL037C,0.00029347933199128144
1185,YCR009C,0.0018005661490198147
1186,YGL179C,3.0022645701583508e-05
1187,YAR029W,6.048729034840367e-06
1188,YJL201W,1.0548476596424208e-05
1189,YNL064C,9.543595740673348e-05
1190,YBL067C,5.2878004716942776e-05
1191,YLR260W,4.5651798637510525e-06
1192,YCR090C,2.2448346445879667e-05
1193,YER156C,2.1029049860945242e-05
1194,YMR130W,1.3611704857581116e-05
1195,YBL081W,8.393088764146886e-05
1196,YMR076C,0.00019160413482270753
1197,YJR054W,2.679166994295893e-06
1198,YPL242C,2.1529299651118026e-05
1199,YJL107C,0.001042777527768299
1200,YER115C,1.929956893758206e-05
1201,YBR231C,0.00012786299684804635
1202,YML059C,6.234006837205201e-06
1203,YLR206W,3.662119431331902e-07
1204,YLR274W,3.309686238871282e-05
1205,YNL127W,0.0003480545075043012
1206,YKL079W,2.1693654037935437e-05
1207,YPR080W,0.003691786534161178
1208,YMR217W,0.0002458299935171923
1209,YLR078C,2.4749371718298076e-05
1210,YPL116W,6.053351419927153e-05
1211,YBR179C,5.318382223522873e-06
1212,YLR181C,0.00016071772607750937
1213,YER185W,2.8192061622810283e-07
1214,YLR293C,2.8693804898429728e-05
1215,YDL106C,0.0005897240919794188
1216,YDL066W,2.450065522597959e-05
1217,YKL034W,0.00016191596590825203
1218,YFL004W,1.673070764106864e-05
1219,YLR208W,8.630369209921724e-05
1220,YOL145C,0.0005022982286757654
1221,YNR003C,0.0009976489712793368
1222,YOL023W,2.061061586071285e-06
1223,YGR193C,0.0002622858327975166
1224,YNR052C,0.0003426225047712143
1225,YLR390W,1.1831654288245783e-05
1226,YGL113W,0.00016794081956698044
1227,YHL019C,0.0003268780179221345
1228,YDR338C,1.2026982092038504e-05
1229,YDR014W,0.00012688330726848772
1230,YER171W,0.00016454743803188585
1231,YOR092W,1.0803449931171494e-06
1232,YFL036W,8.12609404354177e-05
1233,YDR382W,0.08716647291063107
1234,YGL156W,2.7034167135374943e-05
1235,YHR001W-A,8.459367350537762e-08
1236,YAR028W,8.168061224362889e-06
1237,YCL048W,1.4139222857393056e-06
1238,YOR322C,1.732711491327386e-05
1239,YNL207W,0.0110029612383505
1240,YGL249W,2.7721756527459772e-05
1241,YNL268W,2.9730090907101252e-05
1242,YHR015W,0.0011814219884094526
1243,YOL071W,0.0007071507481644855
1244,YOL073C,5.808853794413843e-07
1245,YML015C,0.0002862541868527925
1246,YFL051C,1.133041339900812e-05
1247,YDR363W,0.0001468050874680201
1248,YNL144C,1.0043818627083388e-05
1249,YGR279C,4.116948976943491e-05
1250,YJR067C,0.000555996044703376
1251,YLR189C,0.0004884625675354432
1252,YOL018C,2.0653833465084618e-05
1253,YBL106C,2.488126240455787e-07
1254,YBR030W,7.07380536132138e-05
1255,YER081W,2.5190498699561547e-05
1256,YNL253W,0.000577885517467691
1257,YML046W,0.001244153215001458
1258,YGR122W,1.8106521399525332e-06
1259,YNL076W,5.812990905342981e-05
1260,YIL116W,1.508000963527591e-05
1261,YLR073C,6.293162857254606e-06
1262,YDR536W,1.8144558566655616e-06
1263,YGL224C,4.839194572009104e-06
1264,YHR004C,1.072986472820277e-05
1265,YAL037W,2.689965572188744e-05
1266,YER054C,0.008052285927017068
1267,YOL043C,0.0009819925145889091
1268,YBL010C,1.470895519307675e-06
1269,YML112W,1.7554347202621354e-05
1270,YBR126C,0.001638930271301662
1271,YPL233W,8.981339605635437e-06
1272,YDL174C,2.311064546325867e-05
1273,YPL245W,2.063018798442299e-07
1274,YBR104W,7.654491504183308e-05
1275,YGR120C,1.7694581445645582e-05
1276,YDL170W,1.0928755181396329e-05
1277,YIL057C,3.30381701730489e-07
1278,YIL089W,2.537438464880658e-05
1279,YPR019W,6.261827826269165e-05
1280,YKL054C,0.0003499455167772746
1281,YHR076W,1.2942182463570943e-05
1282,YLR312C,7.878632496316422e-05
1283,YNL058C,2.012963069720805e-05
1284,YBR108W,2.7805293842155447e-05
1285,YGL222C,0.0006834469358623947
1286,YGR170W,0.00028053523848214207
1287,YLR008C,1.4594741732139072e-05
1288,YOR158W,0.0010159514336159883
1289,YKR057W,0.00063002117015694
1290,YDR074W,8.456574399245613e-05
1291,YOL040C,0.07808752460108706
1292,YGL008C,0.0018222294313639594
1293,YHR019C,0.0006048388218145951
1294,YGR205W,8.294930493354029e-05
1295,YEL036C,0.0025452221931199282
1296,YJR043C,0.00014716826615882316
1297,YBL086C,1.0511704868696242e-05
1298,YAL063C,6.450276827415496e-08
1299,YCL044C,0.0001804083824504331
1300,YKL183W,2.331887857640614e-05
1301,YGL104C,5.678531922110165e-06
1302,YMR088C,0.0012286916400676283
1303,YLR388W,0.014360650776914619
1304,YIL110W,2.4130728911886478e-05
1305,YHR178W,2.507877483274017e-05
1306,YPR018W,4.640112252486078e-06
1307,YNL092W,2.782083875343866e-05
1308,YHR118C,0.0008658516486868514
1309,YOR064C,1.522672324313381e-06
1310,YKL196C,5.248537931245303e-05
1311,YJR072C,0.0004766814342001033
1312,YER059W,1.9212225844023267e-05
1313,YMR126C,5.771152660582734e-05
1314,YGR089W,4.357554745873332e-05
1315,YPR029C,0.0065352015990716855
1316,YKL209C,2.8735509363611377e-05
1317,YGL160W,0.00015066918682634818
1318,YBR035C,0.0009989137548472825
1319,YJR005W,2.9769359251755093e-05
1320,YOR289W,2.9301828118751264e-06
1321,YGL180W,4.785224234302191e-05
1322,YMR016C,6.748508577511765e-06
1323,YCR002C,0.0003627136144350711
1324,YNL037C,0.00012687701314125798
1325,YDR261C,3.189393260179271e-06
1326,YBR038W,0.0006796977201279515
1327,YOR271C,7.300414623423137e-06
1328,YHR144C,0.0001518362483135256
1329,YDL040C,0.011173201739025253
1330,YDL137W,0.002362486388018282
1331,YJL148W,0.0003764784984862722
1332,YGL062W,5.921579700578566e-06
1333,YML080W,9.26061169539111e-06
1334,YDR297W,1.858241222154024e-06
1335,YDR425W,8.270734736899872e-06
1336,YLR069C,1.362891724423509e-06
1337,YGR204W,0.0029440006190763735
1338,YJR134C,6.683732412780918e-05
1339,YER164W,0.0015635597718919743
1340,YHR151C,3.582051174043801e-08
1341,YHR120W,9.231499316049541e-06
1342,YBL027W,0.08944396579096077
1343,YFL045C,0.001499873540434985
1344,YOR233W,3.999279126628198e-05
1345,YBR246W,2.653680409541629e-05
1346,YDL122W,3.0938847700165225e-05
1347,YHR104W,5.5580802549666344e-05
1348,YER061C,0.0005540797387240112
1349,YKL141W,1.0737830798727988e-06
1350,YGR202C,8.134879303773567e-05
1351,YKR067W,0.0007513443352217405
1352,YJL010C,3.545357141068463e-06
1353,YLR287C-A,0.08089495876064148
1354,YMR093W,0.02811790278619425
1355,YBL068W,3.203601167099874e-05
1356,YNR069C,3.3182604354636563e-06
1357,YFR031C,1.4770664645319048e-05
1358,YIR033W,0.00012394778723115948
1359,YLR226W,6.555608128117913e-05
1360,YBR117C,6.094256914502661e-05
1361,YER056C-A,0.041447714531930725
1362,YMR186W,0.000200269748342505
1363,YCR066W,7.022500834114572e-06
1364,YDR099W,8.457650709261846e-05
1365,YGL197W,0.00023991911824908986
1366,YNR001C,9.38727919933572e-06
1367,YLR442C,1.743016009421729e-05
1368,YBL037W,0.001095190816582074
1369,YMR226C,4.0671724212605945e-05
1370,YJR106W,2.7537010244226207e-05
1371,YKR060W,0.02233722242177159
1372,YMR129W,0.003917371226999649
1373,YOR112W,8.374637457791771e-06
1374,YNL183C,1.0767306764654799e-08
1375,YKL110C,1.5280943900072994e-05
1376,YML130C,0.00017165498754947658
1377,YER175C,1.2468915355216382e-07
1378,YOR250C,0.0009121004440782421
1379,YIR036C,7.117108408445721e-06
1380,YOR326W,0.0001515981677814591
1381,YMR168C,2.4191134031629186e-06
1382,YBR163W,1.2681754063135907e-05
1383,YDR510W,1.5037466358669064e-06
1384,YGR070W,1.695104313275331e-05
1385,YGR255C,0.00037130254954398953
1386,YPL001W,0.0005510659634908263
1387,YOR046C,0.0006166654451134553
1388,YLR238W,0.0003732143571733813
1389,YPL013C,0.0018625854855490607
1390,YLR389C,8.324521965571812e-06
1391,YKR008W,0.00026496959844566476
1392,YLR401C,2.9330230324551588e-05
1393,YMR010W,4.0235923917571745e-06
1394,YNL254C,2.6444854751256542e-05
1395,YNL180C,5.481380820188282e-05
1396,YDR164C,0.0004506663812034171
1397,YML072C,0.005405628903013269
1398,YBR286W,0.00026452027230884146
1399,YDR031W,6.956854108155009e-06
1400,YNL014W,9.591563252829101e-05
1401,YKR016W,7.024316255981573e-05
1402,YJL005W,0.0003171323366511945
1403,YLL001W,9.333362589000884e-06
1404,YBL072C,0.11131365372855102
1405,YOL005C,0.0010374073407050785
1406,YMR269W,2.030921190669769e-05
1407,YNL271C,0.00024150351211331528
1408,YHR059W,0.0015205016978667783
1409,YER176W,0.00038633071524919445
1410,YCR008W,1.0349344382041087e-05
1411,YKL096W,6.881683113304876e-05
1412,YNL102W,4.620753387088876e-06
1413,YPL115C,8.382511140590275e-05
1414,YHR026W,7.99207748525088e-06
1415,YER111C,4.349588976591788e-05
1416,YLR438C-A,0.00040083759259213153
1417,YIL091C,6.996877623904131e-05
1418,YBR131W,0.00042452377855192063
1419,YGL210W,4.7265944246219077e-07
1420,YGL053W,1.8924231600371778e-06
1421,YPL240C,3.0007036663718308e-05
1422,YLR315W,2.1193579474785622e-05
1423,YIL108W,4.003259186228323e-07
1424,YCR030C,0.0004721914716425832
1425,YMR058W,0.00010836866140924105
1426,YCR072C,0.01642082774366521
1427,YHR086W,0.0008173894386961742
1428,YKR028W,0.0014761593620215034
1429,YDR374C,6.35739699853336e-06
1430,YPR040W,1.6301966793397162e-05
1431,YNL243W,0.0007805078358931729
1432,YGL245W,0.00038795116979960595
1433,YHL033C,0.09356054280315915
1434,YKL033W-A,0.0001338007021966154
1435,YLR153C,0.0018192789921614042
1436,YPL129W,0.0004974219814894478
1437,YJR124C,0.00040145798435943736
1438,YKL053C-A,2.135147421790308e-05
1439,YKR081C,0.07833917748741512
1440,YLR449W,0.041144317622485986
1441,YLR353W,2.0922713617641264e-05
1442,YML004C,0.00011999935378746036
1443,YOR221C,3.522257934208404e-05
1444,YFL021W,1.7273772549693358e-05
1445,YLR333C,0.0011715960742379734
1446,YLR342W,0.017571841055244126
1447,YGL131C,1.8701452421406453e-05
1448,YPR006C,1.1650886655237907e-06
1449,YJL049W,0.00016848213482220902
1450,YGR006W,5.302668799798498e-07
1451,YBR259W,1.1617453786313174e-05
1452,YPR028W,3.5370666793111393e-06
1453,YER014W,0.00031652742295360767
1454,YMR048W,5.321355935556129e-07
1455,YIL121W,5.888804564759525e-06
1456,YDR131C,0.00013316914069021955
1457,YDR318W,2.4035143534390126e-05
1458,YER114C,0.0010078627145186625
1459,YMR013C,1.0078476440485326e-06
1460,YPL152W,0.000656042828510944
1461,YIL145C,3.9451733810234635e-05
1462,YNL099C,3.8340463641386924e-06
1463,YOL045W,1.9952014317460864e-05
1464,YGL175C,0.0002796816263428135
1465,YOL100W,1.7838269887374924e-05
1466,YDR483W,0.000131726732077775
1467,YKL018W,0.012778918637300083
1468,YGL229C,2.6807784392854556e-05
1469,YDR323C,0.00039010283249048494
1470,YIR022W,2.7412276471810094e-05
1471,YPR055W,7.629312833564647e-05
1472,YGL137W,0.0010558618577728367
1473,YMR049C,0.0502986981479832
1474,YNL212W,0.00020033498952146055
1475,YIL038C,0.0011398141506369845
1476,YMR225C,0.0006216919933858908
1477,YBR042C,8.383300836967897e-07
1478,YER050C,0.000581904926764009
1479,YJL164C,5.8488690115148695e-05
1480,YKL124W,0.00019802764359571598
1481,YJL217W,0.0005697896627084417
1482,YIR017C,5.023090173890903e-06
1483,YDR079W,2.536419292018579e-05
1484,YMR149W,0.0006068877553520226
1485,YLR287C,0.00104288751383553
1486,YOL013C,0.0008306369125812486
1487,YPR122W,5.38298120742385e-06
1488,YKL129C,0.0001290792233380584
1489,YKL094W,8.028554106890481e-06
1490,YNL044W,8.042124031235553e-05
1491,YOL119C,0.0005144393322102047
1492,YBR044C,1.623135349185548e-05
1493,YKR031C,8.674134109431279e-05
1494,YMR190C,6.347445833820496e-06
1495,YCR024C,5.964090526502146e-06
1496,YDR453C,2.7560924739294573e-05
1497,YNR033W,0.00027504872192220394
1498,YBR228W,5.9486494483730186e-05
1499,YIL112W,0.0004365591961633454
1500,YPL103C,7.001921048658745e-06
1501,YNL038W,1.5372297774478047e-05
1502,YGL158W,2.93328661613861e-05
1503,YGL127C,0.0004921467443338284
1504,YBR106W,3.59391671169365e-05
1505,YML088W,0.0002121865206455448
1506,YDR019C,0.00013095696051259296
1507,YLR209C,8.178665949597437e-06
1508,YNL082W,3.7500187791054418e-06
1509,YDR366C,2.828029045978989e-06
1510,YOR100C,1.529631606333694e-07
1511,YMR071C,6.340831082230021e-06
1512,YBR015C,2.9190715822632097e-06
1513,YDL043C,0.0010171742201979291
1514,YER140W,0.000935071943516942
1515,YNL132W,0.09229360196507685
1516,YHR021C,0.0025131499450908967
1517,YIL105C,0.0007483973958709989
1518,YLR107W,0.00048416461424152687
1519,YGL196W,1.1352242553415731e-05
1520,YFL047W,1.5619821626249805e-05
1521,YOL061W,1.1121928960554115e-05
1522,YGL036W,9.20968643081565e-06
1523,YIL021W,0.00022962482573710036
1524,YGR105W,0.0009789998238565654
1525,YML129C,0.00023649444330074666
1526,YGL225W,1.0553847538811504e-05
1527,YMR123W,5.0390402180367624e-06
1528,YJL181W,1.4689642544135663e-06
1529,YOL130W,3.545027614482649e-05
1530,YLR309C,0.0020900128784217924
1531,YNL240C,2.1688454982093853e-05
1532,YKR072C,7.5942213851536e-07
1533,YHR189W,1.2352805997900443e-07
1534,YGL084C,9.733896105393066e-07
1535,YJL099W,0.00024741053906711505
1536,YNL083W,1.9807313352046116e-06
1537,YER074W,0.10507428378327549
1538,YGR169C,0.00012639420434429696
1539,YDR183W,3.381790998511863e-05
1540,YOL115W,0.000965427187266554
1541,YJL137C,4.7073056261834994e-07
1542,YBR014C,7.1899469479553165e-06
1543,YGL142C,3.275600152894708e-05
1544,YJR086W,6.195784004911637e-05
1545,YNL281W,0.0008753631156413034
1546,YDL055C,0.0011589503834140828
1547,YGL017W,1.1524498446581198e-05
1548,YHR090C,0.00018222147749936485
1549,YJR046W,1.8260711832485766e-05
1550,YOR162C,2.366762151394134e-05
1551,YJL190C,0.10207954885993918
1552,YHR065C,0.001256910445960853
1553,YHR116W,0.0002644928596333922
1554,YNL055C,0.00479511941610853
1555,YDR071C,0.00040796048819317064
1556,YIL070C,0.0005523740284198882
1557,YBR047W,0.001563432966421997
1558,YPL124W,2.200443242413208e-06
1559,YNL257C,4.246828463992845e-05
1560,YBR289W,0.001145452795879395
1561,YBR107C,1.124314383934022e-05
1562,YGL085W,6.789330741378565e-06
1563,YBR121C,7.391326793612814e-05
1564,YKL061W,2.1253604913317688e-06
1565,YLR395C,0.0003444364188453448
1566,YCR104W,3.8212342075893054e-06
1567,YGR287C,9.815845522883659e-05
1568,YDR234W,0.0002734520461234826
1569,YJL098W,0.00014809780264198066
1570,YIL006W,3.0075112313040882e-05
1571,YIL133C,0.12073929087518327
1572,YLR222C,0.01624721044569653
1573,YJL057C,3.947603449309024e-05
1574,YBR132C,4.038073106268434e-05
1575,YIL068C,8.440391251235012e-05
1576,YOR381W,6.352953787666872e-06
1577,YDR081C,3.7697723735825544e-05
1578,YHR171W,0.0005179857849936686
1579,YOL133W,4.051524972321525e-07
1580,YEL017C-A,3.1316768900415222e-06
1581,YMR026C,6.912726356897262e-06
1582,YBL087C,0.045262859202481916
1583,YHR088W,0.045315981181941696
1584,YKL166C,4.426776413738593e-07
1585,YLR072W,0.001989776418144032
1586,YMR244C-A,0.0002597947213602572
1587,YER017C,8.205023409188065e-05
1588,YJR019C,0.0002173593205459223
1589,YML077W,5.6909380534073436e-05
1590,YMR110C,0.00018045382226981944
1591,YJL165C,0.00015089389921710608
1592,YJL059W,1.6333880096807946e-05
1593,YLR095C,0.00016720863461087577
1594,YAR064W,2.1095899104518048e-05
1595,YPL254W,0.00039322614415430453
1596,YOR256C,1.753264811924144e-06
1597,YOR373W,2.4737355747122875e-05
1598,YGL155W,5.5488426080668084e-05
1599,YBL032W,0.0038651144922696203
1600,YLR276C,0.049320335433776265
1601,YNR053C,0.031821759503322
1602,YKL207W,2.5552994664558917e-05
1603,YNL048W,0.0020555757042936594
1604,YGL145W,3.064724078033396e-05
1605,YDR485C,9.692183472956391e-05
1606,YHR007C,7.038285571380935e-05
1607,YGR065C,0.00015472405210325473
1608,YDL029W,0.0001945876257887437
1609,YBL066C,7.494812389079466e-06
1610,YHR002W,1.000275505206976e-05
1611,YKL004W,1.141612801238822e-06
1612,YCR031C,0.1013156633204091
1613,YBR079C,0.013724224491772874
1614,YKL105C,1.8262976805755885e-05
1615,YBR227C,0.00030071540498658714
1616,YGL257C,4.490872508551997e-05
1617,YOR197W,9.534731265052733e-06
1618,YOL004W,0.0003224855051384385
1619,YDR188W,0.0004047443293808782
1620,YMR089C,0.0008445426554940374
1621,YOR215C,6.532675451299396e-06
1622,YJL050W,0.0013927241265006575
1623,YJL179W,3.361668747399701e-05
1624,YHL039W,0.00020928325550808287
1625,YMR216C,0.00023835712491352727
1626,YLR177W,0.0002570934820853984
1627,YHR036W,7.891564611377462e-06
1628,YLR006C,3.479775711111896e-05
1629,YDR129C,7.863968574577816e-05
1630,YOL103W,2.6112965020165435e-05
1631,YML024W,0.04433617037347025
1632,YDL082W,0.11543632159401301
1633,YDL044C,9.409645287590552e-05
1634,YHL027W,1.145297625259754e-05
1635,YBL056W,7.2366942508397965e-06
1636,YHR208W,7.338891848456942e-05
1637,YBR183W,1.691387057652087e-05
1638,YMR318C,2.6765614890260137e-05
1639,YDR064W,0.11756578619067966
1640,YNL164C,7.644928944360133e-06
1641,YLR387C,5.498222999097008e-05
1642,YGR059W,2.3645614986881927e-06
1643,YDL013W,0.0001499092798418962
1644,YDR411C,2.2069029959620212e-05
1645,YPR033C,2.1199982992166765e-05
1646,YBL091C,0.0008092334615404749
1647,YOR008C-A,1.629806354873116e-05
1648,YJL076W,0.0011001447275030937
1649,YNR006W,2.0244600953108156e-05
1650,YLR291C,0.0006931070800612713
1651,YBL039C,0.0009429488520130833
1652,YKL165C,1.6380150989320083e-06
1653,YKL014C,0.021590845923073976
1654,YDR238C,0.00041936770740278644
1655,YER123W,7.836221418146512e-05
1656,YDL237W,0.0004430930070892693
1657,YKL191W,5.751895216752985e-05
1658,YKL221W,1.543768182467836e-05
1659,YHR074W,2.728749051792553e-05
1660,YFL007W,8.406615710390382e-05
1661,YBR298C,1.949230870004622e-05
1662,YGR268C,2.9241780568394633e-06
1663,YFR002W,0.00020777211683770181
1664,YNL305C,7.722070668451811e-07
1665,YLR271W,8.304922969014537e-06
1666,YOR181W,6.997757273113622e-05
1667,YNL165W,5.973644291204751e-06
1668,YOR259C,0.0010308796013511802
1669,YLR044C,0.0019770705404781137
1670,YDR005C,9.535827011423006e-05
1671,YHR024C,0.0002459959471247095
1672,YLR297W,1.1356102168693218e-05
1673,YEL032W,0.00019474789343549797
1674,YGR211W,0.0010330917769312067
1675,YOR264W,1.812212084618357e-05
1676,YBR024W,3.21280929013736e-05
1677,YGR028W,0.001094401460224935
1678,YJL030W,7.744312681947082e-08
1679,YGR281W,0.005144292467431758
1680,YGL082W,7.055858667625606e-06
1681,YOR030W,5.742110250922446e-06
1682,YNL196C,9.901354080785185e-05
1683,YBR002C,2.2454226092633434e-05
1684,YBL055C,0.001025311342857526
1685,YIL137C,2.028143112571797e-05
1686,YKR038C,1.6376759792814226e-05
1687,YPL140C,4.478468878757112e-06
1688,YBL035C,1.830582252270465e-05
1689,YPL134C,4.7881295830784245e-06
1690,YDL052C,0.0005718611911852881
1691,YMR108W,6.322522377178068e-06
1692,YDR116C,0.001609803087052053
1693,YDL175C,0.0038005394416452754
1694,YER053C,1.3419472410336711e-05
1695,YOR374W,0.000348072096667239
1696,YJR082C,6.176858760580646e-05
1697,YER187W,9.24267378355142e-09
1698,YOR245C,3.6319231569151925e-05
1699,YPL177C,2.0955759869488598e-07
1700,YLR243W,5.416411577951476e-07
1701,YBR129C,1.9558892976457798e-05
1702,YBL038W,0.0022001370914909377
1703,YOL091W,3.29093823584715e-05
1704,YDR023W,3.141578570190114e-05
1705,YNR048W,1.793110750686735e-05
1706,YLR325C,0.06425199703805277
1707,YDR284C,0.0
1708,YDL177C,0.00014473442987634656
1709,YGR270W,2.7997251777737394e-06
1710,YGR165W,0.0005966352499003925
1711,YMR154C,0.0007149932418845598
1712,YLR424W,0.0018603136285291928
1713,YNR075W,4.803160582550915e-06
1714,YNL015W,0.0004725695679660187
1715,YDR189W,2.6994897331153812e-05
1716,YAL036C,0.01884377655329095
1717,YDR313C,2.833324581880615e-05
1718,YFL067W,1.9620632341776136e-06
1719,YBR102C,8.296606574968767e-05
1720,YBR233W,0.0002842106002639266
1721,YDL181W,0.000925509505199272
1722,YNL129W,4.4227075610468063e-05
1723,YLR404W,0.0007006345538705508
1724,YDR153C,0.0006994130749319443
1725,YDR350C,0.005002162089160027
1726,YFR021W,0.0004155435960169759
1727,YJR105W,5.065283009953503e-07
1728,YJR035W,2.596868182253267e-05
1729,YOL094C,0.0008386939886934854
1730,YMR152W,3.931800231042735e-08
1731,YPR143W,0.0049901630428927
1732,YOL087C,4.0931407738904616e-05
1733,YER166W,1.5077787096572016e-08
1734,YDR503C,1.3065872262032808e-05
1735,YNL323W,0.00013445972084213264
1736,YDR476C,9.686472233644123e-06
1737,YHR148W,0.0284928710161977
1738,YOL135C,0.001418323944742899
1739,YPL225W,0.00032584351307605287
1740,YBR205W,0.0009514279103490862
1741,YFR008W,2.0595100335847478e-05
1742,YJR012C,2.5006028703228808e-06
1743,YDR174W,0.025045858913884476
1744,YPR133W-A,0.0002890949709040216
1745,YGL238W,0.0012233645558470854
1746,YMR306W,0.0008379722099530123
1747,YMR148W,1.753151881681812e-05
1748,YLR029C,0.12774996622578771
1749,YAL039C,7.281676461203057e-08
1750,YDL247W,0.00023665347675188287
1751,YKR064W,3.129466335812573e-05
1752,YJR051W,7.046560993609905e-06
1753,YBR069C,5.800498139702702e-05
1754,YDR311W,6.345005361733737e-05
1755,YGR077C,1.8574424447004747e-05
1756,YAR002C-A,0.00047817794705539324
1757,YKR030W,8.002552103053461e-06
1758,YOL001W,1.2952777469463389e-05
1759,YMR072W,0.008898309174279936
1760,YDR160W,1.1801631287346656e-06
1761,YHR010W,0.0876283577429491
1762,YER122C,0.00011573587282453928
1763,YFL028C,3.414322693898622e-05
1764,YOR042W,0.001147222587442192
1765,YDR100W,1.440920922575912e-05
1766,YNL156C,3.657713479791449e-07
1767,YKR065C,6.649072018831714e-06
1768,YOL056W,0.0001945108698066239
1769,YAL044C,1.2751559605718578e-06
1770,YPL107W,0.00014263639318609238
1771,YPR047W,1.0147965677782398e-05
1772,YJL035C,0.00011375074542758497
1773,YIL001W,8.167446209167232e-06
1774,YKR050W,0.00047232110124833377
1775,YNL191W,4.41807770623049e-06
1776,YBR299W,0.0001435261968517668
1777,YHR032W,0.0004834617198872714
1778,YBR250W,3.2885381326884756e-05
1779,YJL109C,0.0211327085169101
1780,YKR014C,7.41377121898336e-05
1781,YGR054W,0.02668328703407046
1782,YDR379W,2.9215404320062054e-05
1783,YHR037W,1.6242996116528348e-05
1784,YEL012W,0.002865404533977872
1785,YAL062W,1.9139699040925986e-05
1786,YMR128W,0.03350238581958188
1787,YEL027W,1.3164854715728445e-06
1788,YEL056W,0.0007959945549561812
1789,YKL043W,3.317834509621419e-05
1790,YDR529C,3.1528769968811454e-05
1791,YJL045W,8.98638148549784e-08
1792,YLL006W,1.6758441667187047e-05
1793,YDR357C,2.0602887919830733e-06
1794,YGL139W,0.00013176724045768848
1795,YCL031C,0.008723159366425684
1796,YNL301C,0.10263532576633089
1797,YCL036W,0.00019656397095126657
1798,YOR336W,1.8398983572657903e-05
1799,YOL086C,0.00031116647188603473
1800,YJR085C,1.6913827202932883e-05
1801,YIR003W,2.2511850281460433e-05
1802,YLL029W,0.00030965663347084994
1803,YKR070W,2.1686344611849323e-05
1804,YLR135W,1.8106695284314547e-06
1805,YKL077W,0.002166682137364338
1806,YDL060W,0.024229171905619306
1807,YAL068C,0.00016664408797642896
1808,YDR239C,5.682547744968009e-06
1809,YGR175C,0.00010275748977066315
1810,YML068W,9.164843953989501e-05
1811,YGL119W,9.071453575636441e-06
1812,YJR098C,0.00012127189122768329
1813,YKL005C,3.738276582119411e-05
1814,YML081W,2.6005546444484933e-05
1815,YJL131C,0.0004585199654958363
1816,YGL004C,0.0004843959270998327
1817,YER051W,3.548506019099629e-06
1818,YPR003C,5.0866823131989616e-05
1819,YDR524C,6.9188403578719886e-06
1820,YFL046W,1.1855770152484164e-05
1821,YJR093C,0.0016124684674583597
1822,YMR092C,2.93815224743624e-06
1823,YDR180W,5.409119874934557e-05
1824,YDR217C,0.00010624662944909533
1825,YDR305C,0.0004548508539685674
1826,YMR230W,0.044976174181043285
1827,YMR039C,1.0976776967158524e-05
1828,YOR143C,0.00020595423855373533
1829,YOR281C,0.0001376164097205322
1830,YHR092C,3.7736009785563973e-05
1831,YNL308C,0.026691902741818666
1832,YDR148C,0.0007246944936856917
1833,YDL074C,0.0004065303256371951
1834,YPL045W,2.118286887986822e-05
1835,YLR290C,4.082197128098115e-06
1836,YPR115W,0.0003002422236850286
1837,YOR003W,0.0007058153180925004
1838,YNL247W,0.00011599117799745329
1839,YLR060W,1.1304591983912234e-05
1840,YHR069C,0.00048439341937198225
1841,YLR002C,0.04934665082169487
1842,YBR247C,0.0301431581849335
1843,YLR104W,0.0005555988667249647
1844,YAL054C,2.156727221291036e-05
1845,YPR026W,2.194883542170248e-07
1846,YDR422C,0.0001097552529688146
1847,YLR246W,1.159101632817111e-05
1848,YDR451C,0.0003125875973647521
1849,YHR114W,6.41089817973228e-05
1850,YGR098C,0.0005446049737671478
1851,YAL026C,0.00016583924793519666
1852,YDR270W,0.00010163086246726552
1853,YJR126C,2.8306137664196267e-06
1854,YMR204C,3.858851760298269e-06
1855,YHR172W,4.2325348950278475e-05
1856,YDR341C,4.124439069201865e-05
1857,YCR106W,3.273918003403561e-05
1858,YPL228W,3.917415044905532e-05
1859,YKR099W,4.766432137900517e-05
1860,YOR356W,7.611948417692979e-05
1861,YPR075C,8.269020150576529e-05
1862,YDR097C,5.5779334492866364e-05
1863,YJL094C,4.612884840998987e-06
1864,YER029C,0.002331743779656665
1865,YML087C,6.56360521390212e-06
1866,YPR106W,3.667695767065706e-06
1867,YNL166C,0.0005345162983767433
1868,YIL044C,9.731288766219963e-06
1869,YGL227W,5.0406466004317706e-05
1870,YJL191W,0.0412591388931461
1871,YPR154W,0.0007889979458201971
1872,YPL192C,2.6619417113062203e-06
1873,YBR273C,2.4107290064930593e-05
1874,YER012W,0.00022776652596182193
1875,YOR002W,2.54231198547552e-05
1876,YPR190C,0.0006473601880718421
1877,YBR045C,0.0003750232442258515
1878,YOR076C,0.0006504782128332051
1879,YOL096C,1.1978005033425772e-05
1880,YIL103W,0.0009607972903760184
1881,YMR120C,8.662893004766204e-06
1882,YKL174C,1.1586374616700859e-07
1883,YLR380W,0.00023743109505677804
1884,YOR193W,0.0008040045512501634
1885,YDR423C,6.290073617928181e-05
1886,YDR412W,0.0007548857416052813
1887,YGL079W,2.4832426795702104e-06
1888,YLL066C,0.0017541662591375985
1889,YIL005W,9.772501505061499e-06
1890,YKR097W,0.0012424312961146083
1891,YPR070W,0.0006742035466785419
1892,YIL073C,0.002258306490060541
1893,YLR340W,0.08662694888505502
1894,YOL041C,0.06839985475356372
1895,YJL051W,1.803240658238378e-05
1896,YKR102W,6.208383133558457e-05
1897,YJL154C,0.0006948058655692908
1898,YFL042C,0.0009489101655144182
1899,YPR071W,1.1777902781488608e-05
1900,YML069W,0.0020526466003246823
1901,YDL223C,4.8232134808964264e-06
1902,YDR248C,1.3175143305937453e-06
1903,YGR289C,8.721409984801662e-07
1904,YCR089W,3.2658798172121397e-06
1905,YBR097W,3.685019118161752e-05
1906,YJL092W,0.00017444120815722584
1907,YKR015C,6.0496052811462646e-05
1908,YDR511W,2.881679418947465e-05
1909,YBR173C,0.0001504078785622192
1910,YKR079C,1.1422557349987858e-05
1911,YDL220C,8.296203997991325e-06
1912,YDR245W,0.0018590567923961944
1913,YDR055W,0.000510358027371054
1914,YOL049W,4.353167319505515e-06
1915,YML092C,0.0005946349317971534
1916,YKR051W,2.6396225150491154e-06
1917,YNR051C,0.0012213560373677086
1918,YDR391C,1.0636920810335404e-07
1919,YOL020W,1.854502834926796e-05
1920,YER048W-A,7.203385725949135e-07
1921,YEL009C,1.452017555879395e-05
1922,YDR317W,3.396017797398386e-05
1923,YCR086W,0.002142427693752916
1924,YOL072W,1.4328195065152281e-05
1925,YGL038C,4.68281975437474e-06
1926,YDR101C,0.04722580481199454
1927,YMR037C,1.8441589132955622e-06
1928,YLR144C,9.709166463274358e-06
1929,YHR149C,0.0006521599469303209
1930,YBR188C,2.0740254200794886e-05
1931,YGR206W,0.0003018468254368743
1932,YLR399C,0.00268823374760046
1933,YNL161W,8.330416529439281e-06
1934,YLR196W,0.02012172889500206
1935,YGR143W,3.379375535485719e-05
1936,YOL141W,1.7577279026661817e-05
1937,YAL035W,0.0497222214715649
1938,YGR133W,8.676972370502197e-05
1939,YDL213C,0.016886945272088928
1940,YLR268W,8.050925449655547e-06
1941,YNL237W,9.233266798795238e-08
1942,YGR157W,5.250775244792095e-06
1943,YJR110W,8.062070516978375e-06
1944,YAL003W,0.0003668752856049083
1945,YJR120W,3.063034012044479e-07
1946,YML099C,0.0012773876931188753
1947,YOR045W,6.537125900136992e-05
1948,YNL178W,0.09863181072737358
1949,YKL190W,0.0003051551565097693
1950,YNL272C,0.0031724235716503245
1951,YOL113W,2.9038669127087735e-05
1952,YLR031W,3.706921034894569e-05
1953,YLR286C,6.200374177025251e-08
1954,YOR151C,0.0033098676107717624
1955,YOL015W,6.862894189963653e-06
1956,YMR147W,2.3872993073357458e-06
1957,YDL159W,4.888310300511952e-05
1958,YLL040C,0.0007671073221696952
1959,YPR079W,5.534333569981108e-06
1960,YNR039C,0.00021297977672874284
1961,YML111W,7.872611580265596e-07
1962,YOR152C,9.368532703090165e-07
1963,YOR278W,6.31156806431129e-06
1964,YHR058C,0.0018712018056482786
1965,YPL037C,4.6933391605696404e-05
1966,YDR065W,8.961454104835817e-06
1967,YBL098W,4.701411375630325e-08
1968,YJL031C,8.18136371204631e-06
1969,YPL218W,0.0004846674434404251
1970,YGL125W,2.783865123371173e-06
1971,YML082W,4.1654741317681724e-05
1972,YLR372W,0.0017294913261499394
1973,YPR072W,0.0007639650092283587
1974,YML076C,7.766838045408546e-05
1975,YPL189W,0.0004675603385075956
1976,YKL162C,9.207187342157101e-05
1977,YPL031C,7.927422092709015e-06
1978,YNL330C,0.0008590155221542664
1979,YGR283C,0.0004089984615189916
1980,YHL020C,0.000145029787956048
1981,YDR036C,0.0008844918095139935
1982,YBR093C,2.019554636388031e-06
1983,YMR322C,3.7159496147341323e-07
1984,YJR065C,9.334436766996059e-05
1985,YGR082W,7.868411960907196e-05
1986,YDL036C,1.1563165589851453e-05
1987,YNL025C,0.00014045810333012572
1988,YHR068W,0.00014102685626165673
1989,YBR278W,0.0021100862494139033
1990,YGL035C,8.205645066316108e-06
1991,YKL133C,3.578423813388729e-06
1992,YLR385C,8.054965810488794e-05
1993,YDL191W,0.001849567225554923
1994,YPL156C,7.475497642559247e-07
1995,YEL007W,0.00015607671524179125
1996,YOR346W,2.642429598799758e-05
1997,YMR034C,4.575488722735745e-05
1998,YGR005C,0.0002156551807973215
1999,YLR408C,4.422396628643369e-05
2000,YJR149W,0.0003285814318200203
2001,YNL201C,0.00046725661317713096
2002,YPR169W,0.006029132308672377
2003,YCL032W,7.16996962279397e-05
2004,YJR078W,0.00016042273484304158
2005,YNL119W,0.0009017524551940032
2006,YJR013W,3.3701584976312725e-07
2007,YMR107W,3.611442842306513e-05
2008,YER040W,9.278352464013263e-05
2009,YBR223C,0.0005529987255690452
2010,YNL206C,0.0009972282242853934
2011,YDL031W,0.05507983998124699
2012,YOL138C,0.00038130878776703337
2013,YGL092W,1.7396200753597395e-05
2014,YNR038W,0.00027807798394646126
2015,YGR110W,2.5383642443295983e-06
2016,YDL002C,8.907048213803045e-05
2017,YJL204C,0.0005664847602834085
2018,YPL204W,0.0095183169747909
2019,YGL096W,1.0824702007775085e-05
2020,YMR073C,8.80722367067576e-06
2021,YBR142W,0.06677198026956109
2022,YIL159W,2.0714998800778086e-05
2023,YOR116C,0.0007825085568799416
2024,YBR200W,0.0004899048449990208
2025,YOR243C,0.0009900747082257006
2026,YGR210C,0.0003613653142931543
2027,YBR165W,4.1355160115662265e-05
2028,YFL044C,0.0001235572193107272
2029,YKR093W,3.3578443112903898e-06
2030,YJR014W,0.0008565959767915176
2031,YDL209C,0.0016810100260321148
2032,YOR122C,0.00020010407679461157
2033,YBL019W,7.423318459846502e-05
2034,YGL144C,1.8911076949127882e-05
2035,YDL142C,0.00036068732643728784
2036,YDR347W,0.0012597876316158888
2037,YGR167W,1.527650476389899e-05
2038,YMR066W,5.572747116579976e-08
2039,YGR101W,0.00011180428368224
2040,YML016C,2.3244955673999965e-05
2041,YEL026W,0.029001136144579973
2042,YGL028C,8.780824971614233e-06
2043,YDL235C,5.175301121458796e-05
2044,YDR156W,0.0007621834628864204
2045,YML128C,1.1221331744151218e-05
2046,YCR016W,0.004951269913403877
2047,YML041C,0.00024730317831059913
2048,YJL100W,1.4164487364337813e-05
2049,YLR343W,2.1140899235720647e-05
2050,YMR198W,0.0009702370626901934
2051,YPL139C,0.00025597438825543807
2052,YNL264C,2.222124913886738e-05
2053,YGR184C,0.00011614248756145804
2054,YGL254W,0.0003894577100026041
2055,YGR103W,0.06214973465460839
2056,YMR208W,4.252248822049614e-05
2057,YJL121C,0.0006116197530957427
2058,YPL063W,0.000501624117685117
2059,YGL020C,7.035463732991071e-05
2060,YLR167W,0.03295337212916487
2061,YDR247W,0.00047579978272000996
2062,YKL078W,6.661414597126091e-05
2063,YGR244C,5.8286728462293766e-05
2064,YKR061W,0.00014964203479662515
2065,YOR037W,1.0933992598403149e-06
2066,YGL031C,0.07661449193601644
2067,YDR253C,4.16801808398669e-05
2068,YGR234W,5.757611091701195e-05
2069,YIL033C,0.00042918788321813614
2070,YHR060W,0.000118885669245214
2071,YBL045C,2.749377385466023e-05
2072,YGR026W,0.0008766580516071681
2073,YOR004W,8.994265233866451e-07
2074,YOL060C,0.0004588273841005927
2075,YCR042C,6.317940263315693e-05
2076,YLR091W,0.0003028958996980178
2077,YGR129W,6.317984965077207e-05
2078,YLR332W,8.506792642075685e-06
2079,YBR221C,0.00010681868000323954
2080,YDR254W,6.768980397534018e-05
2081,YOR056C,0.007522301873955372
2082,YLR023C,1.0235769497650969e-06
2083,YGR102C,0.00047433618827843
2084,YNL047C,1.5857701157651532e-05
2085,YPR032W,1.3297408377025228e-05
2086,YKL062W,7.689642432368771e-07
2087,YLR451W,7.645664725989347e-05
2088,YNL227C,0.0017523314628500918
2089,YNL288W,0.0005355833131316984
2090,YPR156C,3.765250681637337e-05
2091,YPL060W,7.221371074805955e-06
2092,YDR507C,0.0043550203528786215
2093,YJL070C,2.3345033122082657e-07
2094,YDR418W,0.09275687958113693
2095,YKL130C,0.0005827996721216799
2096,YDR488C,0.00017992242229317846
2097,YGR091W,0.0018573883498615384
2098,YDL186W,3.7933865847821586e-05
2099,YOL053W,0.0006264053198561776
2100,YNL321W,7.592510207300444e-06
2101,YOL051W,0.0009398152602588608
2102,YLR173W,5.963944776300391e-05
2103,YPL175W,4.771748189898756e-05
2104,YGR258C,5.2691738532067384e-05
2105,YHR040W,1.626564483912587e-05
2106,YOR292C,4.52830315755938e-07
2107,YGR156W,0.012472734223841217
2108,YER019W,2.3702785180963783e-05
2109,YGR295C,1.8367298594462211e-06
2110,YDR061W,1.1767080362582687e-05
2111,YKR023W,0.0010130341357364925
2112,YHR052W,0.05961877842930073
2113,YAL032C,0.0009527243554290925
2114,YFR012W,6.834108870935236e-06
2115,YMR257C,5.572804199818532e-06
2116,YMR100W,1.4862411760011234e-05
2117,YLR227C,4.589153221690695e-05
2118,YML109W,5.251623908978364e-05
2119,YNR027W,2.775699669595711e-05
2120,YDL025C,3.1313560296551705e-05
2121,YOR123C,0.00012934067515093609
2122,YBR249C,9.660229919771641e-06
2123,YLR038C,6.927971451706429e-07
2124,YER076C,6.611148555128382e-07
2125,YOR229W,1.592995784624292e-06
2126,YDR232W,3.370569843337907e-05
2127,YER112W,0.0024129197636381097
2128,YLL041C,3.7302451767584505e-06
2129,YOR340C,0.0007518402666030249
2130,YGL094C,0.0008249302181732299
2131,YCR063W,0.0007836309780971219
2132,YIL066C,0.0006851337067532436
2133,YNL024C,5.2090049241210174e-05
2134,YML009C,0.0008554247286551939
2135,YHR110W,2.8323638173421917e-05
2136,YLR058C,1.8192884364594967e-05
2137,YLR207W,4.570898670384199e-05
2138,YLR213C,1.6820711732075438e-05
2139,YIL097W,5.010654669229737e-05
2140,YDR243C,0.0004215748564077357
2141,YJR088C,8.101528374269285e-07
2142,YML038C,5.491595729720327e-07
2143,YER006W,0.06856163881650854
2144,YDL099W,1.7819311986625763e-05
2145,YFR007W,1.699119083144581e-05
2146,YGR033C,6.930128631791948e-07
2147,YPR062W,0.0005423322552565347
2148,YKR046C,0.0021180334150951784
2149,YMR271C,8.561255475325841e-07
2150,YML022W,0.00034264840256348973
2151,YPR048W,1.8796508933430762e-05
2152,YKL142W,1.7960405684639986e-05
2153,YOR038C,6.231417520673667e-05
2154,YMR192W,0.0007249431462017912
2155,YIL088C,4.693408955693277e-06
2156,YLL021W,0.00010319222345261199
2157,YIR008C,0.0001372279110204156
2158,YNR004W,4.892276356376967e-06
2159,YOR306C,5.1745424188945814e-08
2160,YKL090W,3.25084346130501e-05
2161,YPL061W,2.8474257464222978e-05
2162,YHL048W,5.9649083949454844e-06
2163,YOR371C,3.140695551009823e-05
2164,YEL006W,4.45461952597065e-07
2165,YHR197W,0.045173835163497884
2166,YOL044W,4.128824956482617e-05
2167,YJL101C,0.000278928657535003
2168,YFL030W,5.325600937525695e-06
2169,YDL086W,0.00010049622218528839
2170,YKL219W,0.00022576016027182953
2171,YBR202W,0.0002504003603157202
2172,YKR026C,0.0005972661428412129
2173,YDR500C,0.0024988601312761183
2174,YIL126W,0.0005216523728390927
2175,YAL034W-A,9.467773982653085e-06
2176,YER144C,0.00022385113710961891
2177,YDR263C,3.401744941871474e-06
2178,YMR124W,9.658264841645412e-05
2179,YLR357W,0.0004285173937675285
2180,YNL298W,3.371655430270318e-05
2181,YGL056C,0.00028294394591666153
2182,YLL045C,0.1374100709125747
2183,YGR282C,0.00018399832504777848
2184,YDR520C,0.00027337195994526223
2185,YCR095C,0.00012620955375921612
2186,YEL023C,1.848181024612743e-05
2187,YER024W,0.0003450484510230065
2188,YFR014C,7.143620268865851e-05
2189,YGR275W,0.0002458792618973964
2190,YOR101W,0.00014332375791123258
2191,YMR055C,0.00029452319184512034
2192,YNL154C,0.000773379555740825
2193,YHR096C,2.788538387332848e-06
2194,YLR221C,0.00529010274335979
2195,YHL032C,1.530494986626652e-05
2196,YGL185C,0.00015026995842822512
2197,YPL093W,0.07657281563831031
2198,YHL040C,9.37836603003606e-06
2199,YDR050C,4.741126813029281e-05
2200,YBR072W,0.0008722229481879857
2201,YDR172W,0.0016812015139861707
2202,YPR129W,0.0006628484997228295
2203,YOR244W,0.00012213906287378743
2204,YKL073W,3.0217439707465476e-07
2205,YCL063W,0.0002149127535819737
2206,YCL064C,4.657298234592418e-05
2207,YNL221C,0.00029056186887220514
2208,YJL151C,7.355378291520602e-07
2209,YBL054W,5.460626078682172e-05
2210,YDL064W,1.1403575976737978e-05
2211,YPR188C,3.636798851444272e-05
2212,YOL008W,0.0006008258136832206
2213,YNL262W,0.003169916161621524
2214,YJL130C,0.0006495923586229105
2215,YDL141W,8.356277928432068e-06
2216,YNL003C,4.775852824671529e-06
2217,YLR079W,1.284589180129699e-06
2218,YOR328W,5.046854763511084e-06
2219,YEL005C,2.093076827288939e-06
2220,YNL122C,9.666261886441874e-05
2221,YHR186C,4.89661966997601e-05
2222,YKL151C,4.7071568560084664e-05
2223,YAL067C,1.8261842594479658e-06
2224,YNL155W,3.3844663977537424e-06
2225,YLL048C,1.8249084061630985e-05
2226,YOR185C,0.00041193002994502153
2227,YDR325W,6.143060357401304e-06
2228,YNR063W,1.1395688561704184e-05
2229,YBR276C,0.00012408087649757696
2230,YDR387C,1.876257518185495e-06
2231,YOR176W,0.0004109905861812122
2232,YIL027C,7.305629795115502e-06
2233,YAL027W,0.0006178665811440728
2234,YLR392C,2.4530797326133266e-05
2235,YKL127W,2.177385439677945e-05
2236,YPL193W,3.486335848342735e-06
2237,YNL011C,5.2561624666486805e-05
2238,YGR052W,3.833842343050149e-06
2239,YLR075W,0.10935973245580327
2240,YCR071C,0.001488320598505569
2241,YPR144C,0.02714940476233456
2242,YIL002C,5.576285675600801e-07
2243,YLL022C,0.0017415098922756644
2244,YDL076C,0.0001497343565330194
2245,YBR195C,0.00010668015291207813
2246,YHR029C,0.0424640054205026
2247,YLR295C,0.0001784044413988254
2248,YCR044C,1.4849496343625357e-05
2249,YNL027W,5.9378934054101344e-05
2250,YGL045W,1.4033973545233566e-05
2251,YLR257W,0.0007481212585543866
2252,YOR044W,5.1819833531501457e-05
2253,YBR060C,0.0032723124605860522
2254,YLR168C,9.448980877628115e-07
2255,YMR232W,1.7117074492049682e-07
2256,YKL045W,4.077085319765883e-06
2257,YMR102C,2.1104285328056734e-05
2258,YAL011W,0.0001181137850331135
2259,YBL042C,1.0685895144933599e-05
2260,YDL097C,0.0006803617049560768
2261,YDR497C,2.053423209224082e-05
2262,YPL088W,5.273365997114612e-05
2263,YGR195W,0.0009535107683817104
2264,YNL031C,6.0866899636875544e-05
2265,YMR184W,1.6678446760467893e-05
2266,YPL083C,8.930296871542702e-06
2267,YPL127C,0.028748895740325346
2268,YJL065C,3.838350982193899e-05
2269,YOR159C,0.0005540862942476032
2270,YDL211C,6.287454651508904e-07
2271,YPL065W,5.004472760627759e-06
2272,YJR143C,8.815739073911332e-05
2273,YDL053C,0.016225290231776927
2274,YCL039W,9.580527480042278e-05
2275,YDR144C,3.120648089986137e-05
2276,YIR014W,1.657371821795138e-05
2277,YEL015W,0.0008313577351563066
2278,YGR207C,3.109496799178704e-05
2279,YLR228C,6.863836623250087e-05
2280,YGL051W,0.0004303559532467829
2281,YKL081W,0.0007124170556946168
2282,YGR188C,2.7513716140265943e-05
2283,YBR290W,1.8313927164875232e-05
2284,YDR275W,5.424117806971827e-06
2285,YOR019W,1.8676511226354454e-05
2286,YLR319C,5.645638981558847e-06
2287,YPL210C,0.0009760712106277265
2288,YDL045C,2.517850527090604e-05
2289,YMR243C,6.659405798249707e-05
2290,YNL052W,3.215809473937137e-05
2291,YPL207W,1.5671480822240167e-05
2292,YDR043C,0.0006135634530746075
2293,YLR195C,3.603906586606718e-05
2294,YHR043C,2.0631408331753775e-05
2295,YNR014W,7.02300541640629e-05
2296,YGL099W,0.021258859727188897
2297,YLR047C,2.8248984573902894e-07
2298,YEL038W,3.3970266861478054e-06
2299,YGL184C,5.633523732922252e-06
2300,YDL161W,0.00022620498104622243
2301,YDL018C,4.200730255526243e-05
2302,YER141W,0.0013848326456587369
2303,YNL299W,6.980492333385297e-06
2304,YBL082C,0.0003228281466945228
2305,YLR234W,9.016081133244183e-06
2306,YJL025W,0.00018566063572926554
2307,YER149C,0.00011560683706635787
2308,YER025W,0.007914620989038664
2309,YNR049C,0.004186517427303347
2310,YIL127C,0.0007575749423864435
2311,YAL030W,0.0005473268572847769
2312,YKL059C,0.002644911156056532
2313,YPL216W,6.346099496278997e-06
2314,YKR041W,0.000852380337761929
2315,YER048C,2.9694654231375994e-06
2316,YLR455W,8.976104819399302e-05
2317,YBR204C,5.679438692706807e-08
2318,YGR261C,0.0012821324317461795
2319,YML037C,4.574694900241033e-06
2320,YNL149C,5.60915219302204e-05
2321,YPL055C,4.62560680712216e-05
2322,YDL190C,8.497177702421366e-05
2323,YJR017C,0.00017790318244757103
2324,YGL191W,8.399667210483339e-06
2325,YDR179W-A,0.0005502286546292736
2326,YDR012W,0.1038817237577732
2327,YMR023C,0.0008813397145769627
2328,YCL050C,5.0915103586782345e-06
2329,YPL256C,7.414898439673811e-06
2330,YGL151W,0.0006951283130557113
2331,YLR351C,1.094981099197138e-05
2332,YIR024C,2.4972263104486796e-05
2333,YPL172C,1.8561632304717192e-05
2334,YFR044C,0.0008217015573914192
2335,YGR168C,5.141727962243785e-06
2336,YBR225W,4.543570742103227e-05
2337,YDL139C,0.0005588606280219188
2338,YJL200C,6.612188614546564e-06
2339,YDL058W,0.0010627950899938614
2340,YLR205C,6.088112668997843e-06
2341,YOR217W,0.00035719079905434956
2342,YGL243W,7.842740919325609e-05
2343,YGL251C,0.0002669371902910562
2344,YOR284W,9.128957627815976e-07
2345,YNL238W,9.931117513106927e-06
2346,YGR203W,2.5520302933025317e-08
2347,YGL231C,3.2552103978919554e-06
2348,YOL097C,0.0003224587355084871
2349,YCR101C,3.0545012193851286e-07
2350,YLR143W,0.00022071815940246376
2351,YHR048W,0.00011811153280378817
2352,YFL017W-A,0.00020744337687202108
2353,YLR120C,0.00021289235147339906
2354,YPR078C,3.551360929651953e-05
2355,YOR241W,0.0005434821807942608
2356,YAL059W,0.0008840731806474409
2357,YKL168C,0.00037101451609662753
2358,YHL014C,0.0007013541283654604
2359,YHR031C,7.96906960039798e-06
2360,YKL011C,0.0007250240299986696
2361,YDR468C,2.6942449458926536e-05
2362,YBR167C,4.848537234810417e-06
2363,YBR057C,3.180343131872266e-06
2364,YNR044W,2.7492022016441372e-08
2365,YGL221C,9.150307826797138e-05
2366,YLR323C,8.645131183773677e-07
2367,YPL169C,0.0006286729192320638
2368,YOL159C,1.5186912566477181e-05
2369,YHL013C,0.00010490013875430107
2370,YML125C,0.0002064751444276612
2371,YER083C,2.0105839342098687e-05
2372,YBR087W,0.00015980761018838602
2373,YPL047W,0.00012067806310065956
2374,YDL124W,1.2743415436934543e-05
2375,YGR017W,1.972112508499467e-05
2376,YPR159W,4.330850372609592e-05
2377,YOR239W,0.0014718167385725193
2378,YML067C,0.0001665076063828372
2379,YDR430C,3.6210379225508506e-05
2380,YPR165W,1.478762492453141e-05
2381,YDL109C,0.00010572755777082756
2382,YGR024C,2.9606795369064046e-06
2383,YLR014C,0.0
2384,YPL023C,0.00015936098092153586
2385,YHR195W,1.3167500499166383e-06
2386,YHR206W,6.500933992842658e-06
2387,YPR153W,2.7933617756225006e-07
2388,YIL072W,0.00016924717146002202
2389,YBR208C,5.593272602096723e-06
2390,YPR001W,5.482302522309325e-07
2391,YJR139C,3.358792185177779e-05
2392,YBR237W,4.862715625427966e-06
2393,YDL028C,0.0005350468012474139
2394,YNL035C,0.00020674202957711405
2395,YDL117W,3.7419242352418292e-06
2396,YDL215C,3.13436642880498e-05
2397,YIL013C,4.452239231748212e-06
2398,YPR176C,1.9825492924117247e-06
2399,YMR087W,9.401889875972121e-06
2400,YMR142C,0.09340188877790169
2401,YML023C,2.605636501250012e-05
2402,YOR301W,0.00034672581215696596
2403,YOR305W,7.906730690634447e-08
2404,YMR109W,0.00019514613586031453
2405,YCR005C,8.402700765376391e-06
2406,YMR133W,5.120524806138407e-06
2407,YPL183C,0.0005062654735904258
2408,YDR260C,0.00013095086002290157
2409,YLR352W,1.1128961085612811e-06
2410,YOR377W,1.5856402702154162e-06
2411,YPR011C,2.924444170998416e-06
2412,YLR093C,0.0028225988405225287
2413,YLR220W,7.829989869403244e-06
2414,YKL193C,0.0009273442848654974
2415,YPR198W,0.0004714667373180482
2416,YJL156C,1.0388923128085452e-06
2417,YML028W,0.0005954039504768144
2418,YER021W,0.0006511566387921307
2419,YGL246C,0.0034306471852466936
2420,YLR350W,1.9503506683603527e-05
2421,YJR053W,1.2566383688142013e-06
2422,YER095W,2.6995337937861247e-06
2423,YER028C,2.343346391482331e-05
2424,YFL039C,0.0011545861046815204
2425,YCR087C-A,0.007029174851204242
2426,YLR240W,0.00014233988894310612
2427,YPR067W,0.03958485100092285
2428,YMR145C,0.0003168852093786668
2429,YNL248C,0.009714547689231263
2430,YGR147C,3.2122064892857414e-07
2431,YNL267W,3.7744749471505405e-06
2432,YNL320W,1.9285640985909657e-05
2433,YMR223W,0.00022852876569816083
2434,YER071C,7.917366498243255e-06
2435,YHR158C,3.0394286006034398e-05
2436,YOL032W,0.00038994657868797613
2437,YML110C,2.3782991292132954e-05
2438,YOR228C,4.079006140389603e-06
2439,YPL235W,0.0006017022587076432
2440,YMR041C,7.103173896349197e-06
2441,YGR094W,1.3779836906552851e-05
2442,YDR227W,3.258398028297964e-05
2443,YDL017W,1.9992195089995733e-07
2444,YJL103C,3.896130832156845e-07
2445,YPR152C,0.0002490791663030131
2446,YBR103W,2.803239832628713e-05
2447,YDR244W,3.615086183726277e-05
2448,YMR200W,2.505647360032895e-07
2449,YJL161W,7.082848011650376e-07
2450,YJR066W,2.0098121878146667e-05
2451,YGR083C,0.005520926971123136
2452,YLR174W,1.775439979175328e-05
2453,YKL167C,0.0010436131417080694
2454,YDR080W,0.0001139762803739846
2455,YOR246C,2.116129274113386e-05
2456,YIL119C,1.9848764046640385e-06
2457,YMR134W,0.0001048310705819033
2458,YNR061C,5.067043214376128e-06
2459,YPL022W,0.0009463411730199545
2460,YKR048C,0.0015898198164832971
2461,YKL116C,6.132425704717506e-05
2462,YKR083C,2.1081269300781234e-06
2463,YNL182C,0.026330533768015335
2464,YER068W,0.00016783239603078298
2465,YCR098C,6.858861954688962e-05
2466,YOR349W,0.0006868122958411096
2467,YER177W,0.00013557820034335196
2468,YLR348C,5.314829376027143e-06
2469,YMR035W,1.0879746262546178e-05
2470,YPL220W,0.0801932740472854
2471,YHR084W,1.6497336827397586e-05
2472,YKR001C,0.0005955844222846219
2473,YDL231C,2.4026110654377757e-05
2474,YPR110C,0.0010551905642045068
2475,YEL051W,0.0020389968843006934
2476,YIL128W,4.7754802871217226e-05
2477,YIL101C,1.2322023027627075e-05
2478,YOR183W,0.00012413996108385266
2479,YLR289W,3.065395780363013e-05
2480,YPR168W,0.0011372271486261205
2481,YPR094W,1.0245452920610177e-05
2482,YBL061C,0.0008715746345808736
2483,YDR334W,0.0001409254639183421
2484,YNL312W,0.0006893218766769781
2485,YDL072C,4.268029171840278e-05
2486,YOR093C,3.691626162453097e-05
2487,YGR111W,0.00037469024513823155
2488,YBR155W,6.307652439413244e-05
2489,YCL067C,4.964618309727651e-06
2490,YPL105C,2.030624641603782e-06
2491,YPL112C,0.0001838928439963012
2492,YPL230W,1.8678570330339805e-06
2493,YNL104C,3.1650527607313216e-05
2494,YHR101C,2.643795983502907e-05
2495,YDR054C,0.0006577425896906135
2496,YJL080C,0.005089806247613893
2497,YCR084C,0.00016968249733102477
2498,YDL061C,0.013327945774933514
2499,YDR205W,2.1734105283664437e-06
2500,YLR065C,3.0293365128880604e-05
2501,YNL216W,0.00035959335991988134
2502,YKL157W,2.7727583996697986e-05
2503,YBR176W,5.618817134736803e-07
2504,YJL013C,1.0278723640164047e-05
2505,YLR166C,0.0027486104185655263
2506,YIL150C,2.296893898384972e-05
2507,YKR053C,6.551577529722637e-06
2508,YBR068C,7.5222719105092615e-06
2509,YIL142W,0.0001305809201136061
2510,YGL021W,1.9171399736688076e-05
2511,YNR007C,0.00012322874942731133
2512,YGL187C,2.691130490252611e-05
2513,YOL155C,4.4984621254952765e-07
2514,YOR141C,0.00011099658336106722
2515,YBL057C,8.805849715962979e-05
2516,YJL082W,1.9380043351811555e-05
2517,YMR246W,1.5283506130606412e-05
2518,YDR316W,0.00031649669812579186
2519,YNL339C,7.544672218562595e-06
2520,YDR111C,0.00015819448744941542
2521,YMR263W,8.327811813182017e-05
2522,YBR135W,1.1683096513216603e-05
2523,YOR052C,0.0006995525658133544
2524,YLR384C,0.00013193187944290634
2525,YMR234W,5.874658501728867e-05
2526,YHL035C,2.29842570013254e-05
2527,YDR186C,0.000171510431253091
2528,YER163C,2.7802062489710004e-07
2529,YPL015C,1.3581274810753597e-06
2530,YCL045C,0.00030857955798435795
2531,YDR177W,6.565126058604704e-05
2532,YOR384W,1.1622058299061767e-05
2533,YGL138C,3.6249517193581818e-06
2534,YAR050W,0.0002361963048996961
2535,YPL018W,4.456644601782794e-05
2536,YDR224C,0.0051599674067554155
2537,YLL061W,0.00011627307061205328
2538,YBR146W,0.0013202783692265363
2539,YMR006C,1.5268699893838465e-07
2540,YBL008W,0.00015188864358077521
2541,YHR072W,0.00018754268274485432
2542,YOL146W,7.131908413629506e-06
2543,YDR322C-A,6.645646302691158e-06
2544,YOR142W,0.00010753775738422581
2545,YPR058W,0.00010728846658109075
2546,YGL010W,3.673650282307607e-06
2547,YDR126W,3.337553227593563e-06
2548,YOR163W,0.00045813514036349955
2549,YCR091W,0.000496894588739695
2550,YMR276W,0.0001333922612599103
2551,YLR127C,4.59376590576965e-05
2552,YPL042C,0.0012368069109480028
2553,YDL057W,2.794431253241779e-05
2554,YBR037C,8.84455928476525e-07
2555,YMR260C,0.0010819760763164574
2556,YNL176C,1.4489545609913745e-05
2557,YNL117W,0.0005702971826726385
2558,YPR022C,6.630203176061005e-05
2559,YLR307W,8.892983456439998e-06
2560,YGR071C,0.00013035044228117078
2561,YBR081C,0.00047521072167339866
2562,YMR275C,4.1776241017352256e-05
2563,YLR299W,0.0001232979877815004
2564,YML003W,1.114066413117907e-05
2565,YIR035C,3.235525199261473e-05
2566,YPR041W,0.01187202826365968
2567,YHL007C,6.40781369848102e-05
2568,YDL128W,1.0311267167257247e-05
2569,YJR158W,1.4690825257752053e-06
2570,YOR231W,5.894503680398055e-06
2571,YML117W,0.0009574386875960455
2572,YDL153C,0.0009558398537868175
2573,YDR332W,6.106260694098546e-06
2574,YKL117W,0.0007312858287932342
2575,YNL081C,0.00046791071619502075
2576,YPR184W,0.00011610777156388925
2577,YMR153W,7.234242443486797e-06
2578,YJR036C,1.1193430627900173e-05
2579,YOR279C,0.0006331599924919813
2580,YFR050C,0.00014211720996711475
2581,YDL150W,0.0005950441273270236
2582,YFR009W,0.0005636541934452566
2583,YLL035W,2.8146143882430716e-06
2584,YOL062C,0.00022162405011800452
2585,YLR430W,0.002522398966318208
2586,YGR159C,0.006954441152321058
2587,YHR045W,2.2852506851317635e-05
2588,YOR059C,1.0201051601375214e-05
2589,YLR050C,7.002141289790165e-06
2590,YIL109C,4.605994045726617e-05
2591,YDR330W,4.9948289499301064e-06
2592,YHR001W,4.1327321771142126e-05
2593,YMR053C,6.833086617550959e-06
2594,YOR074C,0.00016825625538229036
2595,YGL128C,0.0015404289477248478
2596,YKL201C,0.0004836630351744328
2597,YOR016C,0.000380485132892305
2598,YJL061W,8.395276954978715e-05
2599,YOR216C,9.781788523200502e-05
2600,YER009W,0.00010539691694804988
2601,YLR134W,4.607534790208414e-05
2602,YBR083W,5.012601175610565e-06
2603,YBR219C,6.049950281261284e-06
2604,YNL250W,0.0001627890447267267
2605,YOR249C,5.493551383112339e-05
2606,YKL120W,4.098189841308284e-06
2607,YBR061C,1.0913963826636937e-05
2608,YLR142W,1.9188175897243053e-05
2609,YPL232W,5.089519960999013e-06
2610,YJR140C,0.00012662871551934445
2611,YJL193W,3.1896635002748606e-05
2612,YPR119W,3.0759951250069415e-07
2613,YLR362W,0.00021421201276623322
2614,YLR185W,0.017989292815905077
2615,YMR162C,0.001260177746617251
2616,YPR085C,0.0001938508311584083
2617,YDR292C,3.6696375462304526e-05
2618,YGR037C,1.1922119014016307e-06
2619,YDR127W,0.0019440760420431043
2620,YDL230W,4.11597852058265e-05
2621,YJL095W,1.0659810919706032e-06
2622,YBR074W,7.5085100880529035e-06
2623,YPR133C,0.0002219999447500093
2624,YJL052W,0.00025835653046532765
2625,YHR165C,0.003992239969077943
2626,YML114C,6.370841184057288e-05
2627,YJL172W,1.3507816878175811e-05
2628,YOR147W,5.0814165619600437e-05
2629,YGL037C,1.6654797703804524e-07
2630,YNL026W,1.3365293896470637e-05
2631,YLR045C,1.874631642822229e-05
2632,YDL095W,9.560235509536798e-05
2633,YDR441C,1.7632785403599674e-05
2634,YDR113C,2.588313646575458e-08
2635,YBR114W,0.0006551741121607016
2636,YJL208C,1.5141704635852008e-05
2637,YMR008C,3.627497329090065e-05
2638,YMR209C,8.348956024289922e-05
2639,YEL013W,9.406386795088157e-06
2640,YGL105W,0.00021755086559056453
2641,YFL022C,8.608092631964557e-05
2642,YML121W,1.1238748872429918e-05
2643,YOL024W,2.7050921874785985e-06
2644,YBL036C,2.6941300814170612e-05
2645,YOL017W,3.215652387620147e-05
2646,YBL060W,5.561945246355423e-05
2647,YGL078C,0.00426705145194235
2648,YNL304W,1.476767419470631e-06
2649,YDR090C,1.6416330690909333e-06
2650,YKR096W,6.457672796052517e-05
2651,YGL006W,5.677234379824867e-05
2652,YBR161W,2.997715745989769e-05
2653,YGR214W,0.010600076663200982
2654,YLL012W,1.4523463476072735e-05
2655,YOR335C,0.00012645865505928955
2656,YLR080W,1.5255937651012027e-05
2657,YBR171W,0.00096890500078053
2658,YIR004W,0.0001179098945048498
2659,YEL050C,0.0012770457220172677
2660,YML005W,2.7412539230908936e-06
2661,YBR094W,0.00040279014512230776
2662,YBR203W,6.497850035985046e-05
2663,YNL223W,4.030233682178698e-05
2664,YGR248W,4.672266940375339e-05
2665,YDL046W,1.7042182806580505e-05
2666,YDR319C,3.5339788111201286e-06
2667,YBR218C,8.302264537783324e-05
2668,YPR037C,7.841931241494722e-05
2669,YMR080C,1.847170012638558e-05
2670,YER034W,2.512870455694356e-06
2671,YML057W,0.00029069330843796014
2672,YBL069W,4.52310779379753e-06
2673,YLR055C,0.0010543646051738567
2674,YIL009W,0.001761669440135753
2675,YBR302C,1.098458112114024e-05
2676,YNL010W,0.0002449983174441017
2677,YFR006W,2.2429181707676285e-05
2678,YDR487C,2.692345937364701e-05
2679,YDR527W,0.000661177424486629
2680,YNL220W,0.00016619839118383483
2681,YJR048W,4.16465382932435e-05
2682,YAR023C,0.00023378074241851545
2683,YFL048C,0.00020427951393551665
2684,YKL008C,0.0002550080173626197
2685,YNL033W,9.080447394745415e-07
2686,YGR048W,0.00013364621880279892
2687,YJL044C,0.00010161595606372958
2688,YKL107W,4.8716558834092044e-05
2689,YDR070C,0.00012333801460184576
2690,YOR091W,0.0010295147924755368
2691,YOL042W,5.620780516791453e-05
2692,YLR253W,8.137443302872397e-06
2693,YDR121W,0.0015450169389332239
2694,YNL192W,1.2409365370154127e-05
2695,YHR063C,7.11595391989905e-06
2696,YBR056W,4.724603811710796e-05
2697,YGL171W,0.00946701062676226
2698,YDR428C,1.1241922981310156e-06
2699,YHL012W,9.343890151843109e-06
2700,YGL025C,0.001979389784046141
2701,YGL223C,7.378858198291532e-06
2702,YCL001W-A,6.100570534103401e-05
2703,YKL143W,0.009245721027203937
2704,YMR206W,7.7323262131857e-06
2705,YPL090C,0.08872095898764558
2706,YGR227W,1.2136613109791603e-07
2707,YGR264C,0.0003128117541048349
2708,YFL040W,7.246624348892071e-06
2709,YJR061W,4.572774629377016e-05
2710,YJL012C,0.0004907950749283872
2711,YNR028W,8.269458003603103e-06
2712,YLR088W,5.436363890244547e-05
2713,YDR206W,8.808297752321354e-05
2714,YDR118W,5.73807893512669e-05
2715,YJL001W,0.0001424943938410604
2716,YKL052C,3.0806912731050173e-05
2717,YGL091C,1.771564618260383e-05
2718,YIL079C,3.920868513500001e-05
2719,YNL088W,0.012061884201055183
2720,YOR351C,2.8349389916590598e-08
2721,YFR016C,2.2445670809239705e-05
2722,YMR251W,1.671127496530818e-05
2723,YOR362C,9.471262102609159e-05
2724,YOR288C,0.0008172431819476679
2725,YAR008W,0.00029598293779664077
2726,YDR173C,5.663832676544973e-07
2727,YJR003C,1.0825823582698273e-05
2728,YPR042C,0.0005439873886744331
2729,YER133W,0.004279034322959845
2730,YLL033W,0.0002501825450292001
2731,YDR493W,0.0004091797995580609
2732,YIR023W,2.1089629074554632e-05
2733,YFL016C,0.0027545746094990303
2734,YOR196C,2.5383496680550653e-07
2735,YDL021W,5.592352721800413e-06
2736,YJR076C,0.0006854253157284633
2737,YLR394W,4.631836215170172e-06
2738,YBR222C,0.0026670517659154055
2739,YDR192C,6.404121050872054e-06
2740,YCR061W,8.986611872470575e-06
2741,YLR460C,1.6530223810957973e-05
2742,YMR305C,9.355390078350742e-06
2743,YDR262W,1.033803576621399e-07
2744,YFR040W,2.449709929475716e-05
2745,YJL166W,4.25145848574216e-06
2746,YER008C,0.00015311246146881204
2747,YNL030W,0.0038935377798684258
2748,YHR207C,4.5616592839614915e-05
2749,YDR336W,1.3630607033467909e-05
2750,YDR191W,5.5282952742436746e-05
2751,YGR154C,0.0007413739034902362
2752,YOL064C,4.065900210962384e-05
2753,YML097C,2.9189799064977253e-05
2754,YLL023C,0.006697007429847886
2755,YML042W,0.00024301177539177578
2756,YML048W,6.566701262651957e-05
2757,YLR435W,0.00045846554108824
2758,YFL023W,1.258208946042938e-05
2759,YGL157W,5.313001815641346e-05
2760,YBL033C,0.0008638937939633045
2761,YCL027W,0.0002209021204148091
2762,YHR187W,3.217497491615774e-05
2763,YBR063C,3.476455997810522e-07
2764,YCR020C,3.823302715590059e-07
2765,YML010W,0.0007002738180293604
2766,YOR119C,0.0003151444475054146
2767,YJL138C,0.0026939219904330842
2768,YNL066W,8.910669272379368e-07
2769,YBR265W,0.0011048172883683046
2770,YLR094C,0.0004671962714309638
2771,YDR518W,0.0001410365154071788
2772,YLR129W,0.024171308522515797
2773,YPR020W,2.625548588120568e-06
2774,YDR478W,0.00042257407194275465
2775,YEL072W,1.6437808163486106e-05
2776,YHR184W,1.1339794803876325e-05
2777,YGR141W,1.4688348731979103e-06
2778,YCL051W,4.6308802631665894e-05
2779,YNL204C,2.86075277545186e-05
2780,YGL030W,0.12188130384182377
2781,YNL093W,1.2159114902088937e-05
2782,YGR020C,0.000881863686514019
2783,YLR305C,0.0001997588464511076
2784,YER145C,2.5321316319986137e-06
2785,YDL115C,0.00022242543972713974
2786,YLR303W,6.232819428613638e-06
2787,YBR284W,7.281308942166208e-06
2788,YOR014W,0.000677710789929324
2789,YLR114C,8.932832759803468e-06
2790,YJL210W,3.8820032039542024e-05
2791,YKL072W,0.00010233811304979254
2792,YJL117W,0.004652447894478881
2793,YKL126W,0.0005282461435372347
2794,YLR427W,1.638004006276506e-05
2795,YPL084W,1.3323375017379724e-05
2796,YNL100W,1.4908307671507126e-05
2797,YHL024W,1.6577358263531786e-06
2798,YLR413W,0.0012928956954225631
2799,YKL048C,0.00016220495086830537
2800,YKR056W,2.419322157199638e-05
2801,YMR067C,6.165621387743106e-05
2802,YLR327C,6.922614025947845e-05
2803,YDR465C,6.620721856633518e-06
2804,YGL076C,0.10963870829315966
2805,YKL023W,0.0019839433371397017
2806,YBR073W,0.0012764498595183606
2807,YDR452W,3.5274148625143606e-05
2808,YBR019C,0.00026336065447222606
2809,YML070W,0.0002726172170211138
2810,YNL071W,6.873956782705098e-06
2811,YCR037C,0.0002164265468859365
2812,YLR183C,0.00013632629159601324
2813,YGR116W,0.0007802037361952226
2814,YDR302W,2.937324162622938e-07
2815,YPL227C,0.00022129548270815094
2816,YPL249C,5.7872160131804176e-05
2817,YHR049W,0.001109156222615622
2818,YBL089W,0.0001125357821164919
2819,YBR251W,0.001383851259070149
2820,YBR021W,0.0001824298851281417
2821,YDL212W,0.008996751499865705
2822,YNL049C,0.0020805610620564506
2823,YOR084W,2.2228691846975633e-06
2824,YKL055C,0.00048603090049269076
2825,YGL159W,4.73561225479824e-07
2826,YCL017C,8.118828778936952e-06
2827,YBR192W,0.00010813129886363975
2828,YDR377W,3.5940478888818166e-05
2829,YKL040C,9.012954176480828e-05
2830,YHL008C,1.5375781984352564e-05
2831,YAL047C,0.00047234781450187753
2832,YDR375C,9.816521886547618e-06
2833,YPR030W,4.3018242256374114e-05
2834,YGL232W,7.224179372198266e-05
2835,YBR272C,0.0013109144892896837
2836,YAL049C,0.00012170835943425968
2837,YHR022C,0.0003355599173079349
2838,YNL059C,0.0005705273407980699
2839,YIL019W,0.0014836095843324796
2840,YDR380W,5.528508510025792e-05
2841,YEL035C,6.029525911893654e-07
2842,YDR202C,4.956271035275866e-05
2843,YNR040W,2.115733777665649e-05
2844,YNL275W,3.6494003554875565e-07
2845,YKL135C,0.006272785571130755
2846,YNR067C,0.0006336303087407396
2847,YDR091C,0.006260109845562841
2848,YBR170C,5.7706634565792476e-05
2849,YEL030W,0.00010031394973478752
2850,YBR046C,0.00013362841223980715
2851,YLR179C,0.00022046275434773455
2852,YIL022W,0.0012097448467400804
2853,YLR165C,8.385521765543498e-06
2854,YMR180C,1.8419307035805235e-05
2855,YDR407C,0.0002707120400083287
2856,YJR015W,3.3141874024875966e-05
2857,YJL016W,0.0002655606603245488
2858,YIL084C,0.0007472108336140772
2859,YHR122W,0.0013517809637582567
2860,YCR021C,3.0437235565855823e-05
2861,YKL173W,0.0024046469732091854
2862,YOR104W,8.335216614532564e-07
2863,YNL294C,5.397588091762521e-06
2864,YPR173C,1.042732340687539e-05
2865,YOR237W,7.582887577977482e-06
2866,YCL030C,7.374994289010707e-05
2867,YKL185W,6.775735432243575e-05
2868,YBL023C,1.4533924331367253e-05
2869,YOL132W,3.5752850391546216e-06
2870,YHR078W,0.0001562607563818621
2871,YDR044W,0.00022688351319515907
2872,YGL001C,6.167754378315181e-06
2873,YBR162W-A,1.547151791245893e-05
2874,YGL192W,7.821596604466862e-06
2875,YPL043W,0.05233814319471425
2876,YDR084C,2.8611715917314246e-05
2877,YPL141C,7.027094578215407e-05
2878,YCR067C,0.000288517606812329
2879,YIL010W,2.1991239226273356e-05
2880,YDR279W,0.0006979492953701335
2881,YPL199C,2.385633904817222e-05
2882,YFR019W,0.0015959222503942356
2883,YDL104C,0.00011046954196957194
2884,YKR045C,0.0001388974950049182
2885,YDR117C,0.0011486141797926678
2886,YOL147C,1.2299881186913489e-05
2887,YNR068C,1.591075820530057e-05
2888,YMR139W,2.6803300509949767e-05
2889,YLR211C,3.440202005600633e-05
2890,YJL066C,2.7738161314286427e-05
2891,YLR064W,0.00023139480423569177
2892,YBR008C,1.6666079113803725e-06
2893,YNL246W,2.137689630794038e-07
2894,YBL001C,0.000349070418499262
2895,YDR349C,6.468280549776142e-05
2896,YJL046W,4.025540769239122e-06
2897,YIL041W,0.0003332073641032556
2898,YER178W,0.0001266666183566349
2899,YLR081W,3.5756592430437103e-06
2900,YLR092W,7.947081265387738e-06
2901,YMR258C,4.876947720837819e-06
2902,YBR242W,7.70191898110696e-06
2903,YGL253W,9.112974241515295e-07
2904,YGR150C,2.1569064712982666e-05
2905,YGR058W,1.7993262419213298e-05
2906,YIL076W,0.00019898227942393915
2907,YJR075W,8.047367154556858e-05
2908,YLR032W,2.7868834183352092e-05
2909,YMR247C,3.8179789388300096e-05
2910,YDR390C,0.0007007619218399397
2911,YDR006C,1.3357735308494675e-05
2912,YDR178W,0.00019893132516213375
2913,YJR021C,0.0003052020642646899
2914,YMR214W,4.854649807783575e-05
2915,YPL259C,0.00505225528972325
2916,YLL028W,0.002485818504474397
2917,YGR256W,3.87476203969478e-05
2918,YIL151C,7.466256890884528e-05
2919,YGL172W,0.0003991292314920479
2920,YOR171C,0.00021829029629909984
2921,YPL226W,0.0007967065218019197
2922,YLR193C,1.4236160923390594e-05
2923,YOR040W,4.980760081337265e-05
2924,YDL156W,0.0012283063687204654
2925,YKL100C,2.7269605744630897e-05
2926,YEL059C-A,9.059461337272638e-07
2927,YBL014C,8.178668382747266e-08
2928,YIL107C,0.00045393086098681674
2929,YOL124C,2.5077905750335194e-06
2930,YEL042W,2.3481378606144205e-06
2931,YDR346C,0.0028686099179867156
2932,YOL059W,0.0002315349698223989
2933,YKL161C,2.4292619944905658e-08
2934,YLR087C,0.00020426523425418034
2935,YDR035W,0.00037985307917429433
2936,YER167W,0.000418285418645167
2937,YHR164C,3.379997662415668e-05
2938,YDR345C,0.001107484957611363
2939,YLR106C,0.02059862109845628
2940,YPR191W,0.0006738333802128861
2941,YER126C,0.032346725437105366
2942,YOR136W,0.0008161119058486509
2943,YHL006C,3.971606615512775e-05
2944,YIL016W,0.005556008392681657
2945,YER106W,7.561474092038575e-09
2946,YKR076W,1.4392077354945278e-05
2947,YIL062C,0.0003552063676627105
2948,YMR146C,0.016230792009634065
2949,YMR170C,9.471105340908677e-05
2950,YBR115C,7.522056415279517e-05
2951,YOL149W,0.00020311859680921518
2952,YGR140W,7.78444193330037e-05
2953,YPR091C,4.162420606230672e-06
2954,YKR095W,0.0012118815963801342
2955,YHR179W,1.1683591410506991e-05
2956,YGR191W,3.5341892421543283e-06
2957,YDR437W,3.91343181527007e-07
2958,YBR082C,0.0012012358460163593
2959,YDR409W,0.0010278860211391703
2960,YPR183W,1.6021969028877105e-06
2961,YBR270C,1.0852146677221334e-05
2962,YPL234C,0.0002917691044247098
2963,YNL177C,0.0003840090012159032
2964,YGL023C,2.816717008691991e-05
2965,YJR009C,0.00024537461134151823
2966,YER143W,6.868591108385136e-05
2967,YNL135C,2.663633820646485e-05
2968,YHR077C,2.087874784465967e-05
2969,YNL051W,2.5458528370220832e-05
2970,YDR075W,9.704121636536811e-05
2971,YGL241W,0.0013409346430584988
2972,YJL087C,3.408101143321763e-05
2973,YBL080C,3.38972532021955e-06
2974,YNR012W,5.383734714089227e-07
2975,YDR300C,0.0005283542012780608
2976,YBL040C,9.837593932545948e-05
2977,YJR050W,0.00030246873259077745
2978,YBR109C,0.00019233223355120222
2979,YHL042W,1.4247451884409532e-06
2980,YOR342C,7.011484605209771e-06
2981,YPL120W,7.9988578087303e-05
2982,YLR367W,0.07705628261767374
2983,YOR130C,0.0001540362273213057
2984,YLR433C,1.4298074750962833e-05
2985,YML119W,8.745331009124195e-05
2986,YFR036W,0.00046879138247003137
2987,YNL068C,0.0013097970920763358
2988,YLL003W,0.0003255495701747382
2989,YJL090C,0.00026509220599724436
2990,YCL059C,0.0352647409098637
2991,YNL111C,3.945190998712242e-05
2992,YBR138C,1.4883203727773949e-05
2993,YDR283C,0.0008597749001425499
2994,YHR174W,9.908010173453842e-05
2995,YPL153C,0.00042557665778161254
2996,YMR173W,0.0005610394708146852
2997,YMR077C,2.0448666678713292e-06
2998,YLR186W,0.03562313329386489
2999,YCL008C,2.5953497976415343e-05
3000,YOR355W,0.00034756732784708625
3001,YLR314C,0.00044924475236210617
3002,YGR132C,0.00047349843654576214
3003,YCL018W,0.0004917005778202411
3004,YNL042W,4.14761345024283e-06
3005,YMR270C,7.176623912541161e-05
3006,YGR013W,0.0008634549266766223
3007,YLR028C,0.0004421040568124283
3008,YNR071C,3.22670421490209e-06
3009,YJL146W,5.666406956051706e-06
3010,YML006C,8.051496638922161e-05
3011,YDL113C,2.674371921008252e-05
3012,YGR276C,5.1715173665154864e-05
3013,YGL212W,0.0010434775301640523
3014,YPL104W,4.5868124777353186e-05
3015,YOR034C,1.015136153124882e-05
3016,YMR156C,6.806906434554952e-07
3017,YNL256W,1.7765313317066272e-05
3018,YDL169C,1.66455397721869e-05
3019,YGR130C,6.8962036286230674e-06
3020,YCR028C,1.2554684732783774e-05
3021,YLR036C,1.9725052939374704e-06
3022,YBR268W,0.000423973977491569
3023,YLR346C,4.453328541849359e-05
3024,YOR057W,2.9741943361500172e-05
3025,YDL102W,3.5606977115042263e-06
3026,YIR031C,3.4056125056830004e-05
3027,YAL055W,4.133946868739362e-06
3028,YKL020C,1.9478293108253278e-05
3029,YHR005C,3.450162668854445e-05
3030,YDR505C,7.494563727096527e-05
3031,YPL087W,0.001634516157380297
3032,YKL121W,2.9517818381341673e-06
3033,YOR232W,0.0008470641372537295
3034,YMR261C,0.0006027413991098944
3035,YDR351W,9.747218193421511e-05
3036,YML020W,4.370711109553809e-06
3037,YJL192C,1.3454918986344725e-06
3038,YNL087W,0.0012017491686978359
3039,YCL016C,1.3861529924260147e-05
3040,YKR089C,2.5897591981699802e-06
3041,YER092W,7.124824437627538e-05
3042,YDL179W,6.394265413028891e-05
3043,YBR101C,0.00016578037863958006
3044,YGR235C,3.094097112527059e-06
3045,YDL226C,6.815997097126064e-05
3046,YDR182W,1.1075118654765051e-05
3047,YGL061C,4.880294993478614e-05
3048,YDL087C,0.0017352792161276281
3049,YHR188C,2.122088458090897e-05
3050,YOR175C,1.5798158399536756e-05
3051,YNL148C,1.5796780707392572e-05
3052,YMR194W,0.1051969575931155
3053,YLR018C,1.8031595371019765e-05
3054,YMR284W,0.0003022421899980598
3055,YKL114C,8.125098856879223e-06
3056,YMR203W,0.0009560061540838383
3057,YGR015C,1.0100535244609737e-05
3058,YGL170C,3.925700279482463e-05
3059,YGL247W,0.00025492428319225476
3060,YHR067W,8.491996591882476e-05
3061,YBL009W,5.497008474269993e-06
3062,YDL045W-A,0.0004715850769656513
3063,YNL123W,1.8312918026534305e-05
3064,YPL040C,4.259156670665758e-06
3065,YPL119C,1.4557421157631497e-06
3066,YJL197W,6.1171790159839764e-06
3067,YDR001C,1.1157057680918727e-05
3068,YJL198W,0.0011206552637741316
3069,YBL091C-A,1.4671842579379752e-05
3070,YOL019W,0.0009307652785014833
3071,YHL034C,0.044086592429576514
3072,YIL039W,1.7327616516110775e-05
3073,YJL078C,1.422776842726604e-05
3074,YLL055W,1.2359763221470783e-07
3075,YJR151C,1.4020760343855486e-06
3076,YML101C,0.00019846755716778242
3077,YBR210W,4.0306641796326974e-08
3078,YGL057C,9.523538113549009e-05
3079,YGR067C,4.8374080180705027e-05
3080,YKR069W,0.00015272492930465438
3081,YPL005W,8.023306908297175e-06
3082,YPL070W,0.0002731319733343508
3083,YHR204W,1.2608640635404189e-05
3084,YJL034W,0.0013690899910162439
3085,YOR219C,1.1507606109741864e-05
3086,YOL012C,0.015877720029389652
3087,YML001W,1.950622161983477e-05
3088,YIL011W,2.6487003800442323e-06
3089,YKR007W,0.000583059483628577
3090,YIL035C,0.0009936241514674575
3091,YNL173C,0.0004660761320402842
3092,YPL224C,4.483247170639285e-05
3093,Q0120,1.2379919714046986e-06
3094,YCR088W,0.0017094846132327958
3095,YIL099W,8.655017078673053e-08
3096,YPL260W,0.001654166229505552
3097,YBR197C,2.571383206279849e-05
3098,YER134C,1.7864362466450018e-06
3099,YLR204W,1.046652781489193e-06
3100,YNL282W,1.2463591592137505e-05
3101,YPR023C,0.0003248872522283673
3102,YGL141W,6.33942850981754e-05
3103,YGL183C,1.4876706510061864e-06
3104,YDR226W,2.8645937592435818e-08
3105,YMR165C,9.880264812766737e-06
3106,YOL028C,1.3615888415746586e-05
3107,YER172C,0.0025987036661771364
3108,YKR066C,1.2328088758263615e-05
3109,YDL248W,9.65998173098433e-06
3110,YLR001C,1.0985375682544468e-05
3111,YCR004C,3.286932394679319e-05
3112,YJL111W,0.00019361519189042985
3113,YMR197C,4.7239010019476825e-05
3114,YPR113W,6.673370272265951e-07
3115,YOR287C,0.00015069900884224146
3116,YAR014C,0.0007836204759360888
3117,YOR363C,3.404221227327674e-05
3118,YKL092C,4.472286095749667e-05
3119,YER129W,5.2829569393534436e-05
3120,YBR140C,0.0006608490523644742
3121,YPR056W,0.0007165874778789023
3122,YDR304C,6.757978455461032e-05
3123,YJR142W,2.1355929215690082e-05
3124,YGR063C,0.0001415687889673896
3125,YEL034W,0.00012185095806780897
3126,YIL034C,0.0006080075306194201
3127,YPR104C,7.970147037799713e-05
3128,YNL236W,0.0020860944195120663
3129,YLR244C,0.00042875974480152196
3130,YDR454C,8.543876980975536e-08
3131,YFR032C-A,0.07814673223885878
3132,YKL171W,7.908710579359549e-05
3133,YBR026C,1.2162324948699389e-05
3134,YLR251W,0.00033296028068805693
3135,YNL283C,0.00033283404740706217
3136,YPR175W,0.0045736666733832846
3137,YKL175W,2.4487802860665162e-06
3138,YLR273C,1.5481188900329016e-07
3139,YAL040C,4.951030066251938e-05
3140,YML126C,5.693974024343148e-05
3141,YJL038C,2.58798343883637e-06
3142,YOR260W,0.0005752427545280352
3143,YPL163C,4.6823998392736976e-05
3144,YHR082C,0.0007071420360329412
3145,YPL106C,5.5084038817116555e-06
3146,YPL095C,5.793726863443417e-06
3147,YML064C,0.00013986679422380306
3148,YNL029C,1.5107033415455415e-05
3149,YDR139C,1.7901402782557714e-05
3150,YOL069W,8.522324004292438e-06
3151,YCR027C,6.249151400073098e-06
3152,YMR177W,8.029097181814629e-06
3153,YDR022C,8.376458252409043e-05
3154,YAL064C-A,3.253838550853339e-05
3155,YER090W,0.0003532844685062542
3156,YGL117W,2.7303674480289243e-05
3157,YCR105W,6.769438819550027e-06
3158,YMR176W,9.708116624442815e-05
3159,YDR103W,1.6853308854761239e-06
3160,YBR211C,2.040069425450921e-05
3161,YML115C,0.00010930376258282296
3162,YMR231W,2.0332460982762272e-05
3163,YAL021C,0.0006416388004921658
3164,YML049C,0.001934596069903502
3165,YKL026C,1.3011329397732799e-05
3166,YGR200C,3.3574422545656736e-05
3167,YGL098W,7.350468084155413e-06
3168,YDR376W,2.881755690125014e-06
3169,YGR008C,0.000731608050476767
3170,YDR037W,1.4214726589483168e-05
3171,YLR027C,4.320459750425353e-05
3172,YMR181C,9.666144135755708e-06
3173,YNL034W,1.1867602595368915e-07
3174,YDR320C,0.00029793851482790256
3175,YPR101W,0.0013960260903391644
3176,YDR322W,0.0017461551924205772
3177,YOR286W,0.0013592697427022267
3178,YOR297C,4.018943847380162e-06
3179,YIR027C,4.4457920166388014e-06
3180,YDL219W,0.0005522566520474681
3181,YDR011W,3.114855111300576e-05
3182,YPL122C,3.198398078059406e-05
3183,YEL061C,0.0002550001110109834
3184,YPR051W,2.1094493085020956e-07
3185,YBR271W,1.7312122288386782e-06
3186,YMR158W,0.0010428092489279171
3187,YBR160W,4.372533320818781e-05
3188,YOR001W,0.00031439063314558794
3189,YLR178C,0.0004196336302360451
3190,YLR373C,0.0002977110121442345
3191,YNL141W,3.896030745711133e-06
3192,YOR317W,3.896857334950331e-05
3193,YCL025C,3.4282182876581826e-05
3194,YIL140W,7.494070842343585e-05
3195,YJL184W,0.00043937702409214583
3196,YNL215W,7.952780635112462e-05
3197,YOL164W,9.9111944827834e-05
3198,YLR250W,0.00012608182866932668
3199,YJR117W,3.152226136862583e-05
3200,YLR432W,0.046408281111255535
3201,YHR003C,1.2863168405272277e-05
3202,YOL143C,6.677641875000805e-06
3203,YLR320W,0.00016102311818746794
3204,YIL045W,7.2038830242127315e-06
3205,YLR438W,6.3238894666552234e-06
3206,YLR218C,0.00023210726643635812
3207,YDR265W,1.7370691998579046e-05
3208,YLR417W,3.96201929426235e-06
3209,YGR049W,5.859484558479894e-06
3210,YOR179C,0.0005548687225966701
3211,YER155C,0.008807452017542662
3212,YPL212C,0.0010231052363347522
3213,YNL263C,1.0312931499677076e-05
3214,YPL091W,0.00011878011345162044
3215,YLR082C,1.5135932081353226e-05
3216,YPL019C,5.002961774336866e-05
3217,YEL043W,0.00032951213301746365
3218,YER170W,1.9805479090560983e-05
3219,YOR311C,2.6354759287786972e-06
3220,YPL007C,0.00049938298007732
3221,YDL006W,0.00011781053901328088
3222,YFR024C-A,0.0002014063410387747
3223,YPR016C,0.05488927730746687
3224,YML107C,6.797256224606184e-06
3225,YDR264C,2.290764128243197e-05
3226,YNL112W,0.04226681381745619
3227,YLR117C,0.001938079464091162
3228,YOR058C,0.0035003546137825367
3229,YGR138C,8.00510556236162e-06
3230,YBL003C,0.005021452295778356
3231,YNL265C,0.0007666914491025219
3232,YMR272C,2.4957053417339083e-05
3233,YDL090C,2.2486272567669964e-05
3234,YDR469W,0.0033902170803990937
3235,YJR099W,1.764563923711289e-05
3236,YLR024C,8.785078672073542e-06
3237,YJL162C,0.00011817954140907364
3238,YNR017W,0.0004925447228223624
3239,YHL004W,0.001445532527460561
3240,YGR078C,9.020647474345523e-06
3241,YLL031C,4.784146436769829e-05
3242,YPL135W,2.452337696716785e-06
3243,YMR116C,0.029691022986701725
3244,YMR085W,6.727388765182769e-06
3245,YOR347C,1.707226613974438e-05
3246,YNL274C,0.00010036383126127139
3247,YER165W,0.01788873203316829
3248,YBR198C,0.0006260315364258219
3249,YPL168W,5.2291440030322175e-05
3250,YMR189W,7.182869986113084e-05
3251,YNR022C,0.0002284211971265972
3252,YNL293W,3.0331537182576302e-05
3253,YLR396C,4.552715970161732e-05
3254,YOR068C,4.337624880710723e-06
3255,YGL163C,7.621185588057791e-06
3256,YIL026C,0.00030487121325328674
3257,YMR137C,0.0008786702396891607
3258,YLR344W,0.04232192505393977
3259,YCR020C-A,1.879614480794825e-07
3260,YKR077W,7.605281606295813e-06
3261,YER109C,3.2250202899474604e-05
3262,YIL125W,2.705894140467709e-05
3263,YOR148C,1.969279586128546e-05
3264,YPR193C,0.0004920018855994131
3265,YLR239C,0.0004115309534834323
3266,YLR411W,9.552129177772064e-06
3267,YGL014W,0.0673929079774305
3268,YJL041W,0.0003666598234211354
3269,YLR292C,0.0006931402083728725
3270,YPL039W,2.6196780266340405e-05
3271,YIL136W,2.932005241687349e-05
3272,YIL152W,0.002285560176837281
3273,YDR119W,4.799040783675193e-06
3274,YMR278W,0.00020920878442542312
3275,YMR079W,3.920946669303268e-05
3276,YIR007W,0.00047967647931004923
3277,YLL067C,5.416941250415771e-05
3278,YDR267C,7.62705457571222e-05
3279,YEL017W,2.6957607873832504e-05
3280,YGL219C,1.2351889702917045e-05
3281,YPR182W,0.0005201331907490665
3282,YBR216C,0.00045339376125269317
3283,YPR010C,0.004388784262481022
3284,YLL062C,6.590041715500341e-06
3285,YNL040W,4.487097247775201e-06
3286,YJL206C,2.0462602773228766e-05
3287,YOL065C,1.2077413413379305e-05
3288,YMR114C,0.00018987248465853664
3289,YHR132C,4.984202897330533e-05
3290,YJL129C,0.00042514356905098326
3291,YIL166C,4.512872940152376e-05
3292,YOR296W,0.0001594971356467391
3293,YJL024C,3.543997606486651e-05
3294,YGL050W,4.312258895947615e-08
3295,YDL035C,9.253189002517655e-05
3296,YJR130C,2.1461376205012772e-06
3297,YOL022C,8.267684640963637e-05
3298,YDR335W,0.0006670120581355373
3299,YLR335W,0.0007801447774551774
3300,YDL014W,0.10018136016156935
3301,YOL127W,0.1406828449793091
3302,YGR173W,0.001563603879898415
3303,YPL174C,0.00020059626794381675
3304,YFR015C,0.0002584553795870591
3305,YHL038C,0.00013022716286063862
3306,YNL325C,4.6153445634348985e-05
3307,YDL101C,1.3000498571845133e-05
3308,YNL116W,5.5140383711143745e-06
3309,YFR053C,0.00013822108666034576
3310,YPL117C,8.782332908205822e-05
3311,YBR098W,0.0002899270164359657
3312,YNL208W,7.145101134118788e-05
3313,YJL209W,2.074656529156975e-06
3314,YIL074C,8.382655276417612e-06
3315,YOR348C,3.914606102485355e-07
3316,YCL002C,2.7895211751458297e-05
3317,YBL006C,0.0004515814478076999
3318,YDR249C,0.00020387914606431013
3319,YGL133W,0.0010725761941416292
3320,YER130C,2.3782664340108147e-06
3321,YKL203C,0.000149294708064825
3322,YPR137W,0.017807960869127323
3323,YGR148C,0.0025872488776957064
3324,YLR057W,2.375451980398861e-05
3325,YBR294W,0.0004158234347852769
3326,YGL022W,4.504296951596428e-05
3327,YOR060C,4.1229038906535486e-05
3328,YMR140W,0.0002908012829164913
3329,YJR080C,3.397927264962601e-06
3330,YPL239W,0.0009718122602678912
3331,YML063W,0.1140040798717362
3332,YOL031C,0.0006439655924804582
3333,YDR434W,5.566314239049967e-05
3334,YAR027W,0.0009675114381634358
3335,YDL078C,0.0005004636607125655
3336,YOL095C,1.3531502796887477e-05
3337,YOR265W,5.7910265738640266e-05
3338,YCR077C,0.001187757584523551
3339,YML035C,1.4972103699672577e-05
3340,YDR045C,0.001541963757430194
3341,YBR084W,0.022289219699394732
3342,YOR154W,2.3047024942873963e-05
3343,YJR044C,2.8850041733120462e-05
3344,YDR289C,8.133483910070766e-05
3345,YER004W,2.9674657420068156e-05
3346,YCR075C,0.00014640557261665936
3347,YCL026C-A,0.00041610048083662044
3348,YEL019C,2.141193567580763e-05
3349,YDR276C,0.0005649968888284917
3350,YMR166C,6.7826296885886e-06
3351,YMR104C,2.4034228616885396e-05
3352,YJL063C,0.0010454764227454893
3353,YPL270W,3.160723470074354e-06
3354,YBL011W,5.379705184365173e-06
3355,YIL154C,0.0010576241695199784
3356,YGR009C,0.00030439452377891703
3357,YNL061W,0.06839942543598886
3358,YBL050W,0.0002505036325795026
3359,YOR390W,1.0491927542172399e-05
3360,YFR045W,1.8843771748403934e-05
3361,YDR062W,4.598038450327273e-05
3362,YDL227C,3.53382834528864e-05
3363,YBR252W,6.513897481869017e-06
3364,YMR012W,0.00858684848548506
3365,YNL133C,0.0010111038318547005
3366,YGL106W,0.00016355610733845833
3367,YER107C,1.6750177901784156e-05
3368,YHR169W,0.0034670608602917477
3369,YHR210C,2.2298399422032448e-06
3370,YER015W,1.474338411205517e-05
3371,YLL007C,0.00010963392098690763
3372,YMR004W,0.00018301383032851533
3373,YMR157C,4.0476583496629124e-05
3374,YBL075C,0.0010331246843065889
3375,YJR132W,0.0006899638798737516
3376,YLR070C,2.342668852991094e-06
3377,YBL105C,5.257898473027178e-05
3378,YDL065C,0.00010097728556599417
3379,YMR029C,0.0005374333035945018
3380,YER033C,5.803094113320145e-05
3381,YGL178W,9.717746288994123e-05
3382,YMR160W,2.6484842261928075e-05
3383,YCR011C,0.0002612521540640641
3384,YLR446W,4.7706491000722116e-05
3385,YPL217C,0.03508419685487277
3386,YOL107W,2.590246593223177e-06
3387,YDR446W,0.00045912120046584667
3388,YHR098C,8.378637176090143e-05
3389,YDR512C,2.917756858060748e-05
3390,YOR081C,2.922284511109266e-05
3391,YIL146C,1.94045496994674e-05
3392,YKL204W,0.0006252370933713112
3393,YGR043C,4.0474852271903644e-05
3394,YDR143C,0.0002832556769144432
3395,YPR102C,0.03394925428700658
3396,YPL109C,4.154309205371011e-06
3397,YKL085W,2.331215876144349e-05
3398,YGR126W,0.03794594951920825
3399,YDR522C,2.2148634213609895e-05
3400,YCL047C,1.5216552459064632e-05
3401,YOL026C,1.1275323682089132e-06
3402,YMR251W-A,0.0007718226186189545
3403,YER049W,0.00041208604935490274
3404,YDR298C,3.336887700673817e-05
3405,YDL232W,0.0003844408273497361
3406,YDR328C,0.00013090079500819262
3407,YER142C,4.9710173767690006e-05
3408,YPL020C,7.284838880454216e-05
3409,YDL185W,0.00018573665442209034
3410,YDR471W,0.13157486579952427
3411,YDR086C,2.2683776809915093e-06
3412,YOR077W,0.00040055717416434696
3413,YOL117W,0.000158759812180789
3414,YLR237W,8.92636249692108e-05
3415,YML018C,4.341875476218029e-06
3416,YNL273W,3.4621223910250875e-05
3417,YDR513W,4.468129854999856e-06
3418,YLR467W,1.2698924306203608e-06
3419,YOR083W,0.0005206941041237527
3420,YGR158C,0.001317054593952959
3421,YFL034W,0.00020992186562906066
3422,YGR186W,0.0005429026745920751
3423,YPR088C,0.0004329740721809203
3424,YJR008W,1.0572416259782714e-05
3425,YCR035C,0.0007571371102674069
3426,YDL236W,1.2464035453957136e-06
3427,YML096W,0.00023437801111893754
3428,YBR215W,6.576938206812403e-05
3429,YER162C,0.005221393532957652
3430,YOR323C,0.00021098473403367835
3431,YGL181W,3.5174033565593385e-05
3432,YPL028W,0.0005637857387144927
3433,YER066W,5.7355821822464575e-05
3434,YPL014W,8.397788153392113e-08
3435,YMR144W,7.136424186141434e-05
3436,YOR080W,8.924956846200097e-06
3437,YOR321W,8.233923667079147e-05
3438,YJL105W,8.121590136733097e-07
3439,YKR071C,0.001028319417996067
3440,YDL178W,4.848327681915793e-07
3441,YDL091C,2.0389146513450397e-06
3442,YAL060W,5.217049878868969e-05
3443,YNL054W,0.001563819139923356
3444,YOR039W,0.0009885247030133602
3445,YLR429W,0.0015494323334945223
3446,YBL103C,0.0004790818062877602
3447,YCL055W,0.00020674202957711405
3448,YPR005C,3.0147321627693558e-05
3449,YCR057C,0.02242036606072531
3450,YOL082W,7.4290132039978015e-06
3451,YIR029W,0.00023521013693096024
3452,YBR111C,4.966702557717883e-06
3453,YOL158C,2.1022821345831547e-09
3454,YOR129C,3.536993856297783e-05
3455,YKR019C,5.014777935473053e-07
3456,YJL147C,0.00011799613844217248
3457,YOL006C,0.0027159565203737452
3458,YJR091C,4.147752289836284e-05
3459,YHR201C,0.00016552624477304478
3460,YNR020C,6.97830173605564e-07
3461,YGR016W,0.0001380463015148645
3462,YER032W,1.5306355698794602e-05
3463,YKL056C,1.3127695771285016e-05
3464,YDL222C,7.007515490197162e-06
3465,YGR224W,1.6595827230234738e-05
3466,YDR517W,4.262187323716583e-05
3467,YOR157C,0.00017633287569160646
3468,YMR199W,0.0008772633091921923
3469,YGR271W,0.00012211484105227794
3470,YJL212C,0.0007424488910725435
3471,YFR049W,2.834660331231824e-05
3472,YMR215W,0.0002441505043691364
3473,YER179W,0.0002272648561909761
3474,YMR310C,0.004100567347232061
3475,YJL042W,6.78894168865237e-05
3476,YGR153W,4.909342984176234e-05
3477,YDR034C,1.537052938231278e-05
3478,YDR085C,0.00011577318890065661
3479,YBL026W,0.0012828644333151517
3480,YPR084W,6.218381469666181e-05
3481,YER082C,0.028233562959456414
3482,YHL030W,0.000608641301099207
3483,YEL004W,1.571828589696954e-05
3484,YPL126W,0.02672543646976176
3485,YJL132W,2.17476605478688e-05
3486,YOL021C,0.000870909685125124
3487,YLR039C,4.9003683526670247e-05
3488,YHR064C,0.005831451791263272
3489,YFL052W,0.0004987179936639674
3490,YJL213W,0.00013304452266065892
3491,YLR262C,0.000350761466837714
3492,YNR046W,2.1088574427768332e-06
3493,YLR300W,8.11145115595107e-05
3494,YOR226C,2.8921948184600046e-05
3495,YJR016C,4.865425982884736e-06
3496,YHR051W,6.965419905199026e-05
3497,YCR019W,5.6856366808741055e-05
3498,YDL176W,6.497843265140621e-05
3499,YKL188C,1.6754204501436865e-05
3500,YJL085W,0.00026329175946484347
3501,YJL128C,0.000829250466868369
3502,YMR179W,8.98987000856697e-06
3503,YNL195C,1.2492934182210046e-06
3504,YLR263W,2.8151449903688583e-05
3505,YLR026C,0.0006327903538672242
3506,YGR112W,0.002221016529239618
3507,YNL118C,0.00046587784933696985
3508,YLR019W,1.5132671925857474e-06
3509,YGR075C,0.0003920663863748581
3510,YBR236C,1.1992185653612519e-05
3511,YNL006W,0.00027953374464561605
3512,YJL053W,0.0005552155180102344
3513,YER079W,2.0329775821506415e-05
3514,YMR252C,1.8217283682434238e-05
3515,YKL146W,8.864864761806573e-07
3516,YBR031W,0.11151137101489941
3517,YML132W,0.0004016375755996413
3518,YIL023C,6.344356721294962e-07
3519,YGR113W,6.3487297132304145e-06
3520,YDL145C,0.0005576255623700648
3521,YHR121W,0.0025699009341800818
3522,YOR160W,0.00017878323417529996
3523,YEL071W,0.00032632169658123336
3524,YGR174C,0.0005566909621355652
3525,YKL025C,1.7152296315520112e-05
3526,YJR111C,6.085315221185467e-07
3527,YDR018C,1.1712131355000004e-06
3528,YMR211W,8.904491948354735e-07
3529,YGL009C,0.0002830026718045269
3530,YOR206W,0.056763437798445046
3531,YPL131W,0.10120176900303918
3532,YEL029C,8.585072981497156e-06
3533,YJL149W,0.001503079535376595
3534,YBR130C,0.0002742781935557308
3535,YBR092C,0.0018003301481329553
3536,YDR364C,0.0008064035112001163
3537,YGR233C,0.0003383937104410738
3538,YIL036W,0.0007796818618329864
3539,YJL168C,3.775659914552491e-05
3540,YBL095W,3.625184703248153e-07
3541,YOR031W,6.312202835604748e-07
3542,YHR154W,7.282573360048369e-05
3543,YOR194C,0.00013863960102764426
3544,YML083C,0.000144755784919497
3545,YKL070W,6.767985901950311e-05
3546,YPR148C,6.0898381226256765e-05
3547,YBL063W,5.4795293682381256e-05
3548,YOR047C,1.2259425374066968e-07
3549,YNL307C,0.0002468528418915191
3550,YJR045C,0.0011831010167895346
3551,YNL287W,0.003647940294064467
3552,YNL297C,3.269312245943523e-05
3553,YNR029C,0.00019892186224333342
3554,YGL107C,3.8782113335707045e-06
3555,YDR268W,5.432579768483423e-05
3556,YJL047C,4.342517097930213e-05
3557,YHR147C,0.001126032749877913
3558,YER036C,0.0027164391451785105
3559,YNL318C,3.9834018601668615e-06
3560,YBL044W,9.553610602255003e-07
3561,YER031C,4.46413314253442e-05
3562,YGR237C,0.0006099170289203381
3563,YPR116W,8.054001407638957e-06
3564,YOR273C,0.002350653676719275
3565,YOL108C,1.3658161189460703e-05
3566,YEL054C,0.03618777198445297
3567,YNL245C,0.0005131417767663898
3568,YDR525W-A,9.051779553434058e-05
3569,YDR368W,0.0001357805540976099
3570,YPL237W,0.01140043753289527
3571,YOR174W,0.0008587902983110947
3572,YDR415C,1.4617716936549992e-05
3573,YML036W,4.7114225855104316e-05
3574,YLR119W,6.890599016190322e-06
3575,YKR084C,0.0003743367901485497
3576,YKL080W,7.267611590001434e-05
3577,YAL023C,8.110242916773569e-05
3578,YGL136C,2.4670064862270732e-05
3579,YDL012C,5.761488800407612e-07
3580,YHR047C,0.0007706113747427329
3581,YCR099C,0.00046937436337464553
3582,YLR383W,0.0006163400218086934
3583,YDL119C,6.6270073853418306e-06
3584,YHR167W,0.0007991832418043121
3585,YLR145W,6.824682865272449e-05
3586,YJL216C,8.936413763579751e-08
3587,YDR088C,5.9147379410742036e-05
3588,YPL049C,9.387940145156647e-05
3589,YDR197W,2.7517305621481987e-05
3590,YML019W,4.939866452910242e-07
3591,YJR060W,0.0005370667867846678
3592,YMR052W,0.0008549397273741013
3593,YDR038C,1.6485001105646637e-05
3594,YKL208W,2.0421606347125487e-05
3595,YMR210W,2.5156740646815347e-05
3596,YDR436W,1.963141637009167e-05
3597,YML103C,0.00016338429046853703
3598,YGL234W,0.0017929134928025305
3599,YNR058W,0.0002937801700333655
3600,YHR163W,2.7255943324636563e-05
3601,YDR389W,0.0004418812736938896
3602,YMR213W,0.0015363491494525467
3603,YPL263C,0.0001846676798707501
3604,YNR062C,3.0438984353870627e-05
3605,YIR005W,1.1715195109572249e-05
3606,YEL020W-A,0.00047281762140489477
3607,YDR326C,0.0004637299589529661
3608,YJL054W,8.477104758547467e-06
3609,YGR229C,0.0006637435811101297
3610,YCL005W,9.284947860788496e-06
3611,YGR044C,1.354782978935679e-05
3612,YDR252W,2.655565822351928e-05
3613,YOR386W,1.9868386300209245e-05
3614,YDR464W,0.0001825528965005826
3615,YHR011W,1.7562880129244811e-07
3616,YBR052C,9.191114257484095e-06
3617,YLR172C,0.00013598350869208062
3618,YOL098C,0.0002878388213669962
3619,YDL164C,2.219948305146204e-05
3620,YJR150C,5.2676813904974865e-05
3621,YOR086C,0.003230551902662986
3622,YMR242C,0.13052612250265183
3623,YER069W,9.57842578950453e-05
3624,YKL041W,4.645549759273145e-05
3625,YIL158W,2.2017384918688618e-07
3626,YDR458C,0.0002227890376877418
3627,YPR141C,0.00014862431349898288
3628,YPR181C,0.002274114313410401
3629,YLR141W,2.1677121510590522e-05
3630,YDR030C,1.254286029027978e-07
3631,YDR087C,0.04056752290346101
3632,YMR185W,0.0006550097440401475
3633,YOL084W,5.7598992136657934e-06
3634,YCR012W,7.998977435213367e-05
3635,YJL093C,8.33436617961124e-06
3636,YHL044W,7.5487648104398215e-06
3637,YOR291W,2.303039965322742e-06
3638,YER120W,0.00021576354974616903
3639,YLR121C,1.0525047840867817e-05
3640,YPR174C,8.573090102775448e-05
3641,YJR094W-A,0.05268141699357571
3642,YMR024W,0.0007917601330680369
3643,YNL157W,0.0018507913933752324
3644,YNL106C,0.0018558620770884626
3645,YDR033W,1.6591329819867768e-05
3646,YNL124W,0.0012749739823764636
3647,YDR020C,1.1482539945768453e-05
3648,YCR024C-A,0.00010361893205319624
3649,YGR192C,2.151887289766897e-05
3650,YNL096C,0.08992248160245014
3651,YGR127W,6.731335320357442e-06
3652,YMR262W,5.204958375560049e-05
3653,YML127W,0.0011082728337555863
3654,YAR007C,0.00022287202121822305
3655,YAL025C,0.0006558056586554677
3656,YCL014W,0.0016696351109295952
3657,YKL098W,3.0272704350238895e-06
3658,YGR087C,0.00014495933445803064
3659,YOR266W,1.53965677726409e-06
3660,YIL014W,7.260144066542463e-06
3661,YKR036C,1.13312919770536e-05
3662,YER013W,5.206254671253758e-05
3663,YGR257C,7.4000628198008735e-06
3664,YNL098C,1.5857370074804427e-05
3665,YDR484W,0.0010539101850474328
3666,YDR371W,1.701529855308212e-05
3667,YER037W,4.67343528679741e-06
3668,YIR011C,0.0002128437773113116
3669,YOR304W,0.0006387716051939976
3670,YHR106W,6.835302539653629e-06
3671,YML026C,0.015762589475946026
3672,YCR069W,1.6989816765541962e-05
3673,YGR032W,0.0002182497567785653
3674,YNL094W,7.495580310509995e-08
3675,YKR035W-A,2.098138110970866e-05
3676,YNL255C,0.0017497974685466015
3677,YLR170C,0.0023596995266554357
3678,YJR122W,2.8125691907363228e-05
3679,YBR070C,1.738315116659327e-06
3680,YMR020W,8.372810575528248e-05
3681,YML120C,5.731397755656441e-05
3682,YKR018C,1.9068100991746525e-05
3683,YOR195W,0.00016508601074654626
3684,YOR204W,0.06418551192469722
3685,YDR051C,0.0001314994458053216
3686,YOR388C,0.0010918128851317111
3687,YKL104C,0.0010519113553827696
3688,YLR375W,1.0617732460936449e-05
3689,YKL016C,1.0199407245240568e-05
3690,YPR135W,2.2862953369309786e-05
3691,YGR208W,0.0010978017365198133
3692,YMR159C,4.518038272183941e-06
3693,YLR371W,0.00060846416127071
3694,YOL163W,6.420660800908182e-05
3695,YPR007C,2.05939944548812e-06
3696,YNL074C,3.910375478863813e-06
3697,YDR069C,8.536108488904998e-06
3698,YDR352W,3.58723803201031e-06
3699,YKL002W,2.938953188493066e-05
3700,YBR267W,0.0029389028457625296
3701,YFR043C,0.00023383408731683105
3702,YLR071C,0.0006895458361999875
3703,YBR162C,0.0001189492502942408
3704,YJR055W,3.5804838262987026e-06
3705,YHL016C,1.8033427248119591e-06
3706,YIL093C,0.001318036978391295
3707,YNL086W,2.079577587381553e-06
3708,YMR138W,0.000332338107193527
3709,YDR421W,3.2617559903952273e-06
3710,YOR338W,6.89382466561623e-07
3711,YGL005C,1.4629367390353842e-05
3712,YPR063C,0.00014756772511426074
3713,YER039C,6.05894073579911e-08
3714,YLR370C,0.00034195038421102144
3715,YDR331W,1.57148870974186e-07
3716,YBR288C,3.600276373036868e-05
3717,YDR404C,0.00020615312512996289
3718,YKL006C-A,3.2113334612344018e-06
3719,YBR213W,8.418476074665638e-06
3720,YKR075C,0.00020351541075899247
3721,YMR280C,0.001369463503426975
3722,YPL099C,9.692073748921337e-06
3723,YOR294W,0.04225123881115912
3724,YBL018C,4.580403812587074e-06
3725,YLR241W,2.8501907410686453e-06
3726,YJR138W,0.0024006639538076734
3727,YDL208W,0.019948957505188502
3728,YBR076W,0.00040445833401673794
3729,YML014W,3.874995304959464e-05
3730,YNL131W,8.735096783890091e-06
3731,YJL134W,3.0643065562809777e-07
3732,YER086W,0.003993304693530644
3733,YOL125W,9.184784654257325e-06
3734,YJL073W,0.0005879269158653327
3735,YAL041W,0.0005763502651550273
3736,YOL029C,1.8500941676365105e-05
3737,YKR021W,7.479755505732259e-06
3738,YDR083W,0.0023889100128211913
3739,YML032C,3.0422384173187173e-05
3740,YJL155C,0.00022635427671261203
3741,YMR061W,0.00465571392092844
3742,YAL009W,0.000553698558726115
3743,YER055C,0.00043651291887438783
3744,YKL218C,1.2596082377153668e-05
3745,YFR028C,0.0009028177073399803
3746,YGR232W,0.00029822464538696635
3747,YDR216W,0.0003017637449169152
3748,YML060W,0.000378042730626139
3749,YOR103C,2.1944830201309427e-05
3750,YMR267W,3.311559016975751e-05
3751,YOR085W,2.895189843029926e-05
3752,YJL062W,3.436565789474464e-06
3753,YDR373W,3.6716608123802344e-06
3754,YFR029W,8.554251948656453e-06
3755,YHR041C,0.001062038262227418
3756,YJL036W,0.0005256469591222197
3757,YGR042W,1.939330652761655e-05
3758,YDL143W,0.0046692743556711646
3759,YFL008W,0.00019020214573366238
3760,YJL187C,1.1013120062392871e-05
3761,YGR216C,6.7072658041346284e-06
3762,YNL284C,0.0007428732179374288
3763,YMR040W,0.00010429224899133907
3764,YER119C,3.04937831600403e-06
3765,YPL166W,2.19341383793067e-06
3766,YOR166C,6.026567263868037e-06
3767,YKL075C,0.0007985510159254844
3768,YBR007C,2.834670592700975e-05
3769,YLL018C,0.0004749550408497177
3770,YGR030C,6.614280158638865e-06
3771,YLR448W,0.11483770132694994
3772,YER186C,1.9205386887102763e-06
3773,YLL005C,2.3696696628054034e-05
3774,YPL125W,1.3303076682181292e-05
3775,YLR025W,0.000463477900192954
3776,YOL148C,0.0003923295394810192
3777,YPL064C,1.1308561667448602e-05
3778,YIL117C,4.9620590847607225e-06
3779,YMR273C,0.0012197727869869622
3780,YHR073W,3.577571143923183e-05
3781,YGR142W,5.770386615794669e-05
3782,YGR104C,0.0006324334114691954
3783,YCL010C,0.0015032908605362796
3784,YOL070C,5.598296478305648e-05
3785,YKR029C,4.176001271256549e-05
3786,YDR236C,6.301441325815548e-06
3787,YER078C,5.062800293360212e-06
3788,YNR031C,0.0002990265166267833
3789,YBR269C,9.825216026604857e-06
3790,YJL074C,0.001374648524940729
3791,YFR005C,3.8275587086836586e-05
3792,YEL066W,1.6537351289486257e-05
3793,YBL024W,0.0009432817001345279
3794,YGL012W,2.029198937568374e-05
3795,YMR171C,3.5082787108476856e-06
3796,YNL194C,1.7951153995987465e-05
3797,YER127W,0.0063490017008332265
3798,YHR108W,0.00026569326927700527
3799,YER011W,5.330009835622519e-07
3800,YKL222C,0.0002499607046311789
3801,YMR289W,6.4702299428849935e-06
3802,YKR010C,1.3379102756092521e-05
3803,YIL161W,0.0005955874072541722
3804,YDR140W,1.4591830462157565e-08
3805,YER110C,0.0070302631190809865
3806,YJL207C,1.6168897058224075e-05
3807,YJL097W,2.0229291296939375e-06
3808,YBL022C,7.503084346771461e-05
3809,YFR023W,6.055065858228675e-05
3810,YNL084C,0.0005874048179683665
3811,YOR106W,3.5156920169994674e-06
3812,YGL040C,6.814240008942242e-06
3813,YLR420W,8.640054344248442e-06
3814,YGL003C,0.0005412734160518584
3815,YGR010W,0.0001376986648921524
3816,YFL017C,2.757920844410005e-05
3817,YGR189C,1.0076860189851983e-05
3818,YDR277C,0.0002486724150232221
3819,YNL202W,4.0704249946715474e-05
3820,YKR074W,7.208178749283375e-05
3821,YKL084W,6.1246663042816416e-06
3822,YPR179C,9.823594431601491e-05
3823,YDR477W,0.00027378714427744866
3824,YBL078C,3.446060840605843e-06
3825,YBR295W,3.224278160257827e-05
3826,YGL226C-A,4.0169777935403976e-05
3827,YDL079C,1.1076470840552758e-05
3828,YPL029W,1.1976302387503399e-05
3829,YLR056W,1.0173599449635081e-05
3830,YMR135C,5.014983438189589e-05
3831,YJL189W,0.019243982970574013
3832,YML086C,1.416229942913024e-05
3833,YNL134C,2.4189226672007416e-05
3834,YER057C,0.0002438238304160663
3835,YPL048W,0.0002743766110362962
3836,YAL014C,0.00026302324287194736
3837,YGL111W,0.04079970679958105
3838,YLR191W,9.914086782860203e-05
3839,YLL058W,1.6707729110363398e-07
3840,YLR298C,0.0006746200271595583
3841,YJL014W,1.0820617151417856e-06
3842,YFL055W,1.2094989202453875e-05
3843,YJR062C,3.583149794406347e-05
3844,YHR143W,3.9027792231215186e-06
3845,YNL169C,2.34696118029276e-05
3846,YLR264W,0.011813328235398624
3847,YER027C,0.0003844544505490056
3848,YKL017C,2.637662205244103e-05
3849,YPR139C,0.005340384012705807
3850,YMR313C,5.822718724920193e-06
3851,YER023W,4.1310282877241273e-05
3852,YOR224C,0.000802109984850915
3853,YFR010W,0.0007271208287342235
3854,YML100W,0.0008981247403722501
3855,YLR096W,8.558575500215089e-05
3856,YBR080C,0.0004095797787288278
3857,YNL160W,0.00047443145198397486
3858,YLR412W,0.00026592035614560807
3859,YHR091C,6.072190021155259e-05
3860,YIL071C,4.693527799449709e-05
3861,YBR125C,2.1218530878304457e-05
3862,YMR285C,2.4904184127394854e-05
3863,YDL112W,0.0007988567741975405
3864,YAL043C,0.0019213255955196082
3865,YOR089C,2.001049840354367e-05
3866,YGR038W,5.48445077044629e-05
3867,YHR013C,0.00457194701227693
3868,YAL061W,0.0028522570767603
3869,YNR043W,0.00022603154033192378
3870,YDR132C,0.0008684183309525438
3871,YGR019W,7.3453414148203144e-06
3872,YKL154W,0.0020950831517838474
3873,YLR020C,4.173815032764851e-05
3874,YOL016C,2.7649556450491203e-05
3875,YKL216W,0.0006048179282372943
3876,YGR099W,5.443321637492145e-07
3877,YHL025W,0.0018051242445824053
3878,YAL031C,9.219750001577738e-07
3879,YGL162W,0.0003385678658170102
3880,YGL019W,0.001262262664693217
3881,YDR231C,4.900902234692615e-07
3882,YAL065C,1.1499059609816243e-07
3883,YBR156C,2.661075714735888e-05
3884,YDR358W,0.0006454150470694055
3885,YJR129C,0.000732747152275318
3886,YGR178C,0.0003323440318671439
3887,YEL039C,6.158577654706911e-05
3888,YKL103C,1.9152438128533533e-05
3889,YDL123W,5.692491058776743e-06
3890,YDR175C,0.0009830175094606335
3891,YLR210W,1.393464042029988e-05
3892,YKR022C,0.0008314350443207697
3893,YJL157C,1.4072432071837139e-05
3894,YGR201C,0.00013435042388722582
3895,YCL038C,0.00026778013654393964
3896,YDR489W,2.137281411405583e-05
3897,YHL050C,3.903649376019904e-06
3898,YMR075W,0.00027085986428051004
3899,YLR150W,0.0671465552661202
3900,YMR172W,0.0008426848909522228
3901,YJR095W,5.331409301273016e-06
3902,YDR466W,4.28030938283923e-05
3903,YGR221C,1.233197857566139e-05
3904,YPR069C,8.432162993877075e-05
3905,YMR132C,6.109268869432756e-06
3906,YDR240C,0.002053952627806887
3907,YDR130C,5.0436709527786584e-05
3908,YDR337W,0.0027817331736770465
3909,YJL011C,0.0015564195186056494
3910,YJL008C,0.0031315601524178013
3911,YDR482C,7.558750450110947e-06
3912,YDR179C,1.2960428953951294e-05
3913,YJL069C,0.006014395432522813
3914,YLR267W,6.345317293274682e-05
3915,YDL103C,0.0005498460409338795
3916,YIL047C,6.958699841859621e-07
3917,YLR199C,0.00037298093587984446
3918,YGR014W,4.914579493374567e-06
3919,YGL207W,0.00031508713356092797
3920,YCR023C,9.388323242123446e-06
3921,YIL155C,2.4455817983119395e-05
3922,YLR336C,0.000121947133131432
3923,YFL033C,3.7016627079452234e-05
3924,YLL027W,1.8158372971808546e-05
3925,YNL032W,6.624639902824315e-05
3926,YGR074W,0.002243862352542481
3927,YNL225C,2.112988292980567e-05
3928,YGL011C,0.00047787972919326535
3929,YOR230W,0.00012778150562315035
3930,YNR030W,4.7453677067495305e-05
3931,YDL225W,0.0011751530813106784
3932,YPL179W,4.534620526580615e-05
3933,YGR007W,6.889501688356189e-06
3934,YBR145W,5.814102015217969e-05
3935,YML051W,0.00027518693356637125
3936,YDL120W,0.0011884168790349775
3937,YMR236W,0.0017366610740777097
3938,YKR039W,2.8096307355524712e-05
3939,YLR192C,0.004317919551676551
3940,YDR158W,0.00014840116330481237
3941,YJR047C,0.00018977172699425726
3942,YDR481C,0.0006443706090782409
3943,YKL060C,0.00019173200453339437
3944,YDR398W,0.002050578586645609
3945,YDR439W,0.00010166149305377279
3946,YNL138W,7.335011959825889e-05
3947,YMR220W,8.700313338843195e-06
3948,YCL054W,0.03887544492985516
3949,YGL147C,0.11251873612205361
3950,YMR101C,0.0001895657166703598
3951,YGL054C,0.00019545642536928664
3952,YGR171C,0.00019206979498069196
3953,YBR148W,4.224787828835772e-05
3954,YHL001W,0.09276108282503853
3955,YIR012W,0.0007632350317332711
3956,YOR070C,4.425000676742828e-05
3957,YIL114C,0.00010325790631181327
3958,YHR142W,0.00017687666445676749
3959,YOR303W,3.106100508945779e-05
3960,YGL216W,2.875880455646882e-05
3961,YKL198C,6.48410498888107e-06
3962,YBR189W,0.09823508831250605
3963,YIR032C,9.541350179194814e-06
3964,YJL029C,4.002556638202183e-05
3965,YDL147W,0.0005461077190389907
3966,YKR080W,9.166707314634414e-06
3967,YNL233W,6.065394045195804e-05
3968,YGL123W,0.06528541781604766
3969,YHR170W,0.00487794501287002
3970,YBR139W,7.553978133300738e-05
3971,YPL154C,1.688595510844318e-05
3972,YKL003C,0.000602500022624744
3973,YNR055C,9.331399713462482e-05
3974,YDR207C,0.00021013860003450143
3975,YKR052C,1.683117043722556e-05
3976,YDL005C,0.0013676822087106244
3977,YGR144W,1.6568219545017658e-05
3978,YDL131W,0.010136567740615915
3979,YDR492W,1.0725785012190126e-06
3980,YOR145C,0.021604132583757738
3981,YGR274C,0.0016310332615932736
3982,YOR350C,6.42693758721089e-06
3983,YHR103W,4.637371576410145e-06
3984,YGL134W,1.0723795345508925e-05
3985,YLR369W,5.4325893914300965e-05
3986,YJR074W,0.0003569024356092523
3987,YOR313C,7.177697319805982e-06
3988,YKL093W,0.0002785888890896474
3989,YMR255W,0.007015687505962027
3990,YBR157C,0.0006815471728599999
3991,YOR156C,0.00013198823915210498
3992,YOR269W,2.1759824800235563e-05
3993,YML056C,0.047398603733749496
3994,YGR109C,4.017447895499565e-06
3995,YKR106W,5.028507689337454e-05
3996,YMR239C,0.00010355449583698728
3997,YIL177C,1.065625591947139e-05
3998,YIR025W,0.00014659317684555546
3999,YLR359W,0.00016132550279161306
4000,YDL146W,6.587262029978991e-06
4001,YJL140W,0.0002486648923963964
4002,YER080W,0.00017620185304870827
4003,YMR218C,3.567648779835553e-05
4004,YNL270C,0.00019025399830545418
4005,YGL148W,1.4467169458210316e-05
4006,YJR118C,3.4177035374994906e-06
4007,YIR010W,0.00034657047649759164
4008,YNL181W,6.771197640634405e-06
4009,YGL203C,9.282574493200874e-05
4010,YNR034W,6.687075090866488e-05
4011,YLR137W,0.0004592532317880528
4012,YLR281C,1.050344270642728e-05
4013,YER016W,2.7590112360358128e-05
4014,YHR115C,0.00046682019899136034
4015,YBR067C,7.82467395424453e-06
4016,YBL076C,0.0008247638127338951
4017,YDL210W,1.9545617192915962e-06
4018,YOR276W,0.00033449850620008014
4019,YHR137W,7.2896699975039306e-06
4020,YKL179C,0.0010653597396193155
4021,YLR216C,4.216963208153348e-05
4022,YMR098C,0.0004142015845728498
4023,YOR132W,0.0002654435812753531
4024,YBR275C,0.0002078956936986354
4025,YDL198C,6.0522884318187844e-05
4026,YMR090W,1.539277288047089e-05
4027,YML058W,8.700313338843195e-06
4028,YDR392W,0.0008196079274738766
4029,YNL136W,8.953870876290595e-05
4030,YPL033C,3.6137559458622926e-07
4031,YJR147W,2.008192036452459e-05
4032,YOL033W,8.585460456325956e-05
4033,YJL214W,2.8143767857495933e-06
4034,YJR010C-A,4.0976904641725634e-05
4035,YAL012W,1.0208257420772041e-06
4036,YMR019W,1.687418799199906e-05
4037,YDL042C,3.594910068689151e-05
4038,YCR060W,1.5250955641383363e-05
4039,YBR149W,7.309823033999462e-05
4040,YER093C-A,0.0002794447033594973
4041,YDR403W,6.4556451631068525e-06
4042,YDL069C,9.679840919915494e-05
4043,YPL150W,0.000803028744484867
4044,YKL022C,0.0012569738495166786
4045,YMR099C,0.0002177978564310638
4046,YNL069C,0.11054053448858885
4047,YPR114W,0.0015026147600282094
4048,YPR004C,0.0006140980025665858
4049,YNR011C,0.0001247515628149934
4050,YJL106W,2.837050650530239e-09
4051,YDR057W,1.0874280346102592e-05
4052,YLR110C,0.00032660427299092964
4053,YNL080C,9.605678864479461e-06
4054,YJL083W,2.11638731131643e-05
4055,YAL048C,0.007738699677283969
4056,YBR048W,0.12543238519939867
4057,YDR472W,3.328836556186512e-05
4058,YKR086W,0.0004892455477411097
4059,YOL151W,1.671117250183109e-05
4060,YKR091W,9.463815164219045e-06
4061,YPL257W,5.886209592530348e-05
4062,YDR321W,1.6978576765375334e-05
4063,YOR054C,6.277383192081998e-06
4064,YOR073W,0.0004255706257415928
4065,YML017W,0.0011620875253049359
4066,YGR246C,4.946731972003789e-06
4067,YGL194C,5.880219164069152e-05
4068,YFR046C,3.473460830589989e-05
4069,YBR258C,0.00030614672632194495
4070,YDR013W,7.249165444414114e-06
4071,YHR025W,5.9974416245445284e-06
4072,YMR136W,8.681339564823363e-06
4073,YNL224C,0.0008730078808096887
4074,YPR160W,0.00021340512943652658
4075,YMR229C,0.05398420808054892
4076,YGR123C,1.3849142705269835e-05
4077,YDL149W,1.3904387115785924e-05
4078,YPR131C,2.991389122371649e-07
4079,YGR179C,0.0001469964926795626
4080,YDR032C,0.00010969894826536962
4081,YJL056C,2.903125612862985e-05
4082,YOR369C,0.007926092232174452
4083,YIL098C,3.386051048916401e-05
4084,YOR360C,4.335729643600462e-05
4085,YDR063W,2.734335634081475e-05
4086,YDR049W,0.00023239416877858627
4087,YFR037C,0.0006861246714831715
4088,YDR388W,0.00010743858749891492
4089,YNL185C,0.0009675583727805957
4090,YOL144W,0.004609135458091191
4091,YPL157W,0.00044652122657403933
4092,YML031W,7.768946304212491e-06
4093,YJL023C,9.597619170228845e-06
4094,YDL089W,2.5797643596101357e-05
4095,YPR145W,8.753116369730589e-05
4096,YDR208W,8.954413914836333e-06
4097,YLR089C,0.0005163052387576342
4098,YKL067W,0.0006257175627110951
4099,YIL147C,0.00011116703804347991
4100,YBR263W,0.0031311936090454447
4101,YGR220C,0.001602945490563018
4102,YAR015W,1.581163394242078e-05
4103,YKR004C,0.00033486479711005205
4104,YCR046C,0.0013965697114037528
4105,YLR431C,3.433455106623948e-08
4106,YAR071W,4.4681759126333484e-05
4107,YHR105W,2.0222399504713007e-06
4108,YDR185C,1.521326878251496e-05
4109,YDR370C,9.800795369723606e-06
4110,YNL113W,0.0007865835133259232
4111,YMR277W,3.5356137681637465e-05
4112,YLR410W,0.00021414278147919918
4113,YGL070C,0.000206434956589136
4114,YKR003W,0.00010255086278140188
4115,YDR310C,0.0004926641800073861
4116,YDL110C,0.0005571125030184719
4117,YGL255W,2.501610215763454e-06
4118,YJL006C,0.00021506396249080546
4119,YPL011C,0.0009580160836367654
4120,YER001W,9.961143249208448e-05
4121,YDL108W,0.002320635999858063
4122,YOR033C,0.00017539620384814122
4123,YDR295C,1.3202691271874393e-05
4124,YLL051C,1.843239609042236e-05
4125,YGR286C,0.0002001421532491457
4126,YPL170W,2.7736686086518534e-05
4127,YDL083C,0.10500983563298302
4128,YKR055W,3.1433097559299595e-06
4129,YDR082W,2.4403900502116254e-05
4130,YPR138C,5.6880192981262485e-06
4131,YLR097C,3.741073810376414e-05
4132,YBL046W,3.321962276074467e-05
4133,YMR268C,0.0003811582912993691
4134,YOR330C,2.6444926301209696e-05
4135,YJL174W,0.0005277801847194348
4136,YLR007W,4.286397405975596e-06
4137,YML054C,1.1007844797396566e-05
4138,YBR039W,3.401096431178301e-05
4139,YKL206C,0.00010257549376220308
4140,YHR005C-A,0.00030120730491957126
4141,YBL090W,0.0046935342395330116
4142,YAL029C,0.0005580017514458787
4143,YJL003W,4.9834020414705324e-05
4144,YLR054C,2.246999604922133e-05
4145,YGL195W,0.0024130284029529633
4146,YPR025C,0.00421136976176924
4147,YNL336W,7.398589219961115e-05
4148,YJR103W,6.206134503073403e-05
4149,YHR094C,1.7982273911024943e-05
4150,YLR099C,7.373012367471283e-06
4151,YDR495C,7.643186849762296e-06
4152,YML118W,0.00014570204298813
4153,YOR320C,9.268915447158018e-07
4154,YKL064W,6.868042830984629e-05
4155,YER022W,0.000818244519759781
4156,YAL002W,0.00042124462978726973
4157,YDR519W,0.00022988331158473735
4158,YGL086W,5.517598116505182e-06
4159,YMR319C,2.3324675627075542e-05
4160,YEL052W,1.397123554235678e-06
4161,YGR284C,0.00042499904873210886
4162,YPL248C,2.3245271742314406e-05
4163,YER085C,1.8264289050844803e-05
4164,YJL033W,0.020951518264279025
4165,YML027W,0.0006282850068930864
4166,YDR296W,0.0019202563596374571
4167,YJL037W,1.101342590019282e-05
4168,YDR237W,0.004611516216752739
4169,YCL009C,0.00015770682997148455
4170,YLR116W,0.0016337495361070267
4171,YGL201C,0.00046090527140418207
4172,YDR363W-A,0.0005299434677880716
4173,YKR044W,0.00040386756049229
4174,YOR061W,0.0008356584490456233
4175,YGL059W,5.782930347928906e-07
4176,YPR149W,0.00010889235379711984
4177,YBL112C,2.9428681083047702e-06
4178,YCR068W,4.187362548782557e-05
4179,YGL068W,0.000349843714119039
4180,YOR165W,7.267858451718514e-05
4181,YOR213C,1.4997169968294492e-05
4182,YFL009W,2.676045735624409e-05
4183,YDL077C,1.4071850640666602e-05
4184,YAL033W,5.575178701256381e-06
4185,YOR022C,0.0006848020853133397
4186,YOR114W,8.624654108052176e-06
4187,YPL180W,2.674780844685957e-06
4188,YPL159C,1.893001623582195e-06
4189,YOL078W,0.0005719039314278409
4190,YNL209W,0.004179423351836999
4191,YFL041W,7.578925457793903e-05
4192,YBR279W,0.00016297476641733005
4193,YFL003C,6.331127320151473e-05
4194,YML025C,0.0013399526167131445
4195,YDR443C,0.005022420712117299
4196,YOL027C,0.00010707559347045442
4197,YBR017C,0.0050167554806418635
4198,YDR479C,0.002272029282838138
4199,YIL040W,1.2073070383869185e-05
4200,YMR312W,3.658682174392458e-05
4201,YLR439W,0.0017397635649572978
4202,YGL150C,0.00015260438209387084
4203,YMR294W,1.4663648357086162e-05
4204,YML066C,0.0006009750611943244
4205,YNR019W,0.00022894685446594903
4206,YGR180C,0.0002391030471663242
4207,YDR115W,0.0004119697662801081
4208,YKR058W,1.91623326377743e-06
4209,YJR096W,0.0021851927427048584
4210,YEL024W,5.8196012005879767e-05
4211,YEL021W,8.50744394554555e-05
4212,YHR168W,0.0002789117404875025
4213,YOL110W,1.6225020702985416e-05
4214,YLR133W,2.557908386685138e-05
4215,YOL136C,1.5215842661622567e-05
4216,YGL240W,7.548048699218558e-05
4217,YHR102W,4.567962647725088e-05
4218,YML013W,0.0009095917344922011
4219,YGL130W,5.7455011004549754e-05
4220,YDR480W,5.260871018536663e-05
4221,YNL302C,0.04816665384927228
4222,YHR159W,3.440202005600633e-05
4223,YGR285C,0.007785131662748435
4224,YDR359C,0.00037323280856471717
4225,YBL052C,8.251980234908117e-06
4226,YOR095C,2.7165409092162298e-05
4227,YLL013C,3.357477410923161e-05
4228,YDR092W,0.0009741915065764799
4229,YAL010C,0.00013319710185330874
4230,YPL211W,0.051880222632971075
4231,YPL255W,1.833602901976165e-05
4232,YER038C,5.7122100310864676e-05
4233,YDL207W,4.172277550546609e-05
4234,YLR347C,0.0008830396319862787
4235,YER091C,6.617840611464021e-05
4236,YDL241W,2.9097369216827758e-05
4237,YKR009C,0.00022444926815027493
4238,YDR534C,0.0006660463322062903
4239,YCR032W,6.412541361389833e-05
4240,YDR026C,0.0006478937110407202
4241,YMR207C,0.0008396078620433888
4242,YNL309W,5.348216334659545e-05
4243,YJL118W,3.146344852592997e-05
4244,YNL222W,0.0016944715971739996
4245,YML061C,1.006243303255706e-05
4246,YKL047W,1.9728887470210315e-05
4247,YLR130C,2.74611573064297e-06
4248,YAL019W,0.0010002857152770245
4249,YOR107W,2.063549730438445e-05
4250,YIL056W,8.044530515144744e-05
4251,YHR161C,3.4550196959947592e-06
4252,YGR161C,0.0016793829528057797
4253,YOR207C,0.0015834895436864737
4254,YNR047W,2.0269307668418885e-06
4255,YMR143W,0.010090369863080659
4256,YOR035C,0.00024609107408865913
4257,YKL205W,8.860372482985853e-06
4258,YNL007C,9.641444448562703e-06
4259,YMR167W,2.3530614478290435e-05
4260,YAR002W,0.00035818485847661147
4261,YEL025C,1.0906510611763853e-05
4262,YLR108C,0.00015762894028148377
4263,YCR094W,4.76001929422269e-05
4264,YHR062C,1.1881757713190635e-05
4265,YDR308C,0.003028670832965676
4266,YKL024C,0.0002692458490797999
4267,YDL216C,1.9627071412717906e-05
4268,YMR205C,0.0007652245204559379
4269,YIL156W,0.00023872928401533398
4270,YML012W,0.001095832395245275
4271,YOR023C,2.410142598794702e-05
4272,YIR002C,8.319923993280961e-05
4273,YNL258C,9.11613256954136e-06
4274,YPL149W,6.39822068475705e-05
4275,YDR414C,1.0489483495048037e-05
4276,YOR025W,1.9716989218479884e-09
4277,YGR027C,0.04413344758327628
4278,YPL041C,7.850665542887968e-06
4279,YNL103W,9.169145602425146e-06
4280,YGR118W,0.06454816254813378
4281,YGR057C,2.7243323044595816e-06
4282,YDL030W,0.0022531131704333265
4283,YBR071W,1.3846503954391009e-05
4284,YGR215W,0.0017990823030133332
4285,YDL148C,0.029526939738500624
4286,YDR444W,0.0008390207276609863
4287,YDL138W,1.1766887659067993e-06
4288,YHR182W,3.553302539416343e-05
4289,YCL024W,0.0003108914311213349
4290,YJR011C,5.758091155131053e-06
4291,YKL148C,1.4069820707759345e-06
4292,YAL042W,0.00016066877872046993
4293,YNL189W,0.0010576851942809126
4294,YBL047C,0.00010394273328805684
4295,YJR073C,7.017511841712161e-06
4296,YGR253C,7.633193747602518e-05
4297,YKR098C,4.046027278577516e-06
4298,YNL186W,1.8648136817055452e-05
4299,YDR539W,1.3218497945592255e-05
4300,YDR416W,0.001397214641145041
4301,YKL101W,0.0016168808565084378
4302,YDR449C,0.028588381714177925
4303,YCR081W,0.0009601352661548049
4304,YJL126W,0.00020060133144159527
4305,YCL058C,1.31349125900073e-05
4306,YJR160C,0.00010164797002327099
4307,YOL101C,2.319110348111757e-05
4308,YOR254C,0.001369596038516969
4309,YEL065W,6.088182827191713e-05
4310,YDL010W,2.0918560525419196e-05
4311,YMR119W,6.791084921533276e-06
4312,YHR133C,3.48762791590206e-06
4313,YOR007C,1.8725593198502476e-05
4314,YLR283W,0.000494496557419375
4315,YMR323W,3.9973951032781855e-05
4316,YDR531W,1.8804034373469513e-05
4317,YMR127C,7.737049288521756e-06
4318,YDL188C,9.755656301693942e-05
4319,YKL082C,5.225704133809186e-06
4320,YJL104W,2.900361169956268e-07
4321,YKL009W,0.05292330280607503
4322,YOR063W,0.15405107220084574
4323,YHR150W,2.4040880086716803e-06
4324,YDR463W,2.8811997773275823e-06
4325,YLR275W,0.001704896323792266
4326,YLR436C,0.0005060463399646989
4327,YMR191W,0.00021676747374468788
4328,YAR035W,1.4980775835997984e-05
4329,YMR212C,3.953508209547563e-05
4330,YBR291C,2.237822064972671e-05
4331,YLR215C,0.00018862339158626278
4332,YJL125C,4.17861854082409e-05
4333,YNL072W,1.8341552290389572e-05
4334,YOR127W,3.011218279571904e-07
4335,YIL008W,0.00010789945787449074
4336,YPL151C,0.001332404464439087
4337,YDR028C,0.0032414184290987026
4338,YLR426W,1.34420297894372e-06
4339,YMR317W,6.250302351222569e-06
4340,YOR161C,2.7318000432557058e-05
4341,YHR194W,9.691010471573938e-05
4342,YPR074C,3.087218885042985e-05
4343,YOR006C,2.2089223589876873e-05
4344,YLR321C,0.00019412344150431283
4345,YOR358W,0.0001672542566441044
4346,YHL021C,5.425570733607123e-05
4347,YDR354W,3.1522533558802406e-06
4348,YCR010C,1.6605993877609738e-06
4349,YKL012W,0.0009145274379584069
4350,YDR181C,7.05461222361434e-05
4351,YDR523C,2.097201243955979e-05
4352,YPL188W,0.0004921123059908365
4353,YPR109W,6.434899353016295e-06
4354,YHR199C,8.581450869112312e-05
4355,YDR514C,0.00020089550867208547
4356,YER147C,0.0001826593461663378
4357,YBL015W,2.0456131950921965e-05
4358,YJR112W,7.14852946721677e-05
4359,YKL050C,1.967014243053075e-05
4360,YKL212W,0.0019419599404119567
4361,YDR107C,5.4971724717451224e-05
4362,YML073C,0.1233282712492242
4363,YNL137C,0.001008369076620203
4364,YPL269W,2.820551638428291e-05
4365,YOL083W,4.4204355256516525e-05
4366,YPL024W,3.0821130468542134e-05
4367,YJR109C,0.0005447697136277083
4368,YGL189C,0.026896742936006284
4369,YDR166C,9.518164367773666e-05
4370,YHR138C,6.733685096791536e-06
4371,YLR242C,8.818334634620101e-06
4372,YJL043W,1.3252863377509783e-07
4373,YPL146C,0.03141818789600482
4374,YHR081W,0.00014747636770826828
4375,YLR355C,2.5957287775198964e-05
4376,YOL052C,3.644070229426841e-06
4377,YJL143W,1.0500556902836486e-07
4378,YJL081C,0.0008665743938466384
4379,YHL026C,0.00011908174718516971
4380,YDR017C,0.0009128205942019153
4381,YOR048C,0.0020618763300076313
4382,YHR071W,5.276052651678962e-07
4383,YHR146W,2.032655207933622e-05
4384,YDL168W,0.00017116112899084104
4385,YDR198C,1.8297299320554137e-06
4386,YOR115C,3.5250829684632205e-05
4387,YLR330W,0.0008162484256394615
4388,YMR315W,0.00040079980273070767
4389,YLR345W,0.006495547470648361
4390,YDR394W,0.0012904638063044062
4391,YPR108W,0.0005957490760754555
4392,YMR112C,0.003906498683761326
4393,YDL217C,0.00027886764012799317
4394,YBR091C,6.02921214107144e-06
4395,YOR212W,3.1723603728487654e-05
4396,YBL059W,6.267664361533338e-06
4397,YHR131C,7.053878576131872e-05
4398,YGR187C,0.0003838896623122894
4399,YOR293W,0.004985659184129725
4400,YMR283C,4.49738265318444e-06
4401,YLR450W,3.790270158194626e-05
4402,YKL170W,1.7519066688060777e-05
4403,YGL039W,5.215889024982835e-06
4404,YGR031W,0.0005231952323217948
4405,YJL185C,8.874426661808025e-06
4406,YMR017W,3.887811064169446e-06
4407,YJR119C,2.6327285818644106e-05
4408,YDR301W,0.002215317730201057
4409,YBL028C,8.372810575528248e-05
4410,YGR093W,4.459362301426668e-06
4411,YKL010C,0.0012424291337024258
4412,YHR109W,2.856709786340265e-05
4413,YOR153W,0.0003072813453305734
4414,YPR013C,1.207041388790501e-07
4415,YDR223W,6.425480705260542e-06
4416,YGR096W,6.7072396782848894e-06
4417,YPL054W,0.0007265783641395894
4418,YOR192C,3.6584187751761906e-05
4419,YPR118W,7.945036533672807e-05
4420,YNL163C,2.638624202840104e-05
4421,YPL231W,5.7096918481344905e-05
4422,YFR038W,3.532012670290853e-06
4423,YKR020W,7.049685764228022e-05
4424,YLR138W,3.162802149093119e-05
4425,YGL058W,0.0005058010975213479
4426,YLR016C,0.00013864046629684262
4427,YLR363C,0.000515087005868622
4428,YCL052C,4.860304757407075e-06
4429,YPL206C,0.00019674130373018164
4430,YPR147C,3.957323174088677e-08
4431,YML093W,0.0027653994966273547
4432,YOL109W,0.0001642240880761908
4433,YPR043W,0.0035464337047429254
4434,YDL070W,0.0008020605453618746
4435,YMR290C,0.10826821592106084
4436,YPR082C,0.001632417030171016
4437,YGL060W,9.250007165287222e-05
4438,YLR013W,8.567213859448774e-06
4439,YIL120W,4.040530762332184e-06
4440,YLR176C,4.031335686240299e-05
4441,YCR100C,3.006563002765142e-05
4442,YLR466W,0.00029506751359747156
4443,YOL054W,0.0009032460068180452
4444,YMR316W,8.896812257678477e-06
4445,YER158C,4.6451928022771435e-05
4446,YBL058W,6.122839750532315e-05
4447,YBL085W,0.0001568612423237073
4448,YMR221C,0.00012634214976802707
4449,YNL286W,2.785717383137554e-05
4450,YGL095C,8.813621667853625e-05
4451,YER101C,1.944558984820327e-06
4452,YBR175W,0.0003299958488647487
4453,YJR077C,0.001319563600311856
4454,YKL211C,0.0002247460608974905
4455,YOR071C,0.0003016469483265651
4456,YBR243C,4.460770474239708e-06
4457,YOR299W,6.509456045932924e-05
4458,YOL077C,0.0832887533474345
4459,YLR139C,0.0010018989779210414
4460,YDR076W,3.253838550853339e-05
4461,YDL167C,0.0001989887604033353
4462,YEL046C,0.00016426260551543416
4463,YDL004W,0.00032520337029423704
4464,YLL056C,7.015787677959103e-05
4465,YGL110C,0.0005357445312806555
4466,YPL165C,0.0015545021738919427
4467,YOL057W,8.693409999941103e-05
4468,YPR204W,1.1543812749464497e-05
4469,YMR054W,1.2432851142330914e-05
4470,YAL007C,0.00012234928961176814
4471,YOR270C,0.00019061315603543415
4472,YPR158W,9.577989926425152e-05
4473,YLR301W,1.6659583112944795e-05
4474,YKL217W,3.4089998201355427e-06
4475,YJL116C,7.57432775991696e-06
4476,YCR007C,0.00010321855455253322
4477,YDR204W,0.0006629972298443244
4478,YKL145W,0.0012962498137065142
4479,YCR026C,0.00028653799958459143
4480,YML071C,0.00010596896163082877
4481,YDR516C,2.9292504687516252e-05
4482,YLR048W,0.01151491909743726
4483,YOL002C,5.715900015795678e-06
4484,YDR167W,0.0013137635194196216
4485,YPL213W,0.0013948755443214899
4486,YMR311C,0.0017848681243226494
4487,YFR030W,0.0007284074248878699
4488,YNL107W,0.0007276426796147438
4489,YPL219W,1.0291478052460477e-05
4490,YDR494W,0.0005806234859348695
4491,YNL190W,2.0265480827412825e-05
4492,YOR090C,4.3194320863217974e-05
4493,YER064C,0.00018392376757027506
4494,YKR103W,3.5464803038427826e-06
4495,YLR288C,8.611000126673555e-06
4496,YDR312W,0.0018841212272250555
4497,YLR266C,5.955426672041367e-05
4498,YGR002C,0.0001553190579515411
4499,YIL111W,0.002799924231164461
4500,YPR034W,0.0008676138554986768
4501,YBR120C,0.00015048067597078324
4502,YOR315W,2.669816071720228e-06
4503,YGL236C,5.0426410111763825e-05
4504,YHR061C,0.0
4505,YGR194C,1.3041801704411193e-05
4506,YPR097W,1.0033374548723164e-06
4507,YGL081W,3.950431821582224e-05
4508,YKL033W,1.1265900956987141e-05
4509,YAL056W,3.720663489066302e-05
4510,YHR135C,2.8902303301938864e-05
4511,YDR229W,1.2463901033231696e-07
4512,YCL042W,8.980076787930336e-06
4513,YHR012W,0.0006257507234972301
4514,YKL074C,0.0006987757319055969
4515,YCL028W,0.0012390717089919177
4516,YGR236C,1.1199358883551316e-05
4517,YAL005C,3.855712111863752e-08
4518,YKL144C,0.000520779048790451
4519,YOR370C,7.276975495434502e-05
4520,YBL104C,0.0006015232227653867
4521,YEL031W,2.6929281674473333e-05
4522,YGL029W,0.0010590136696517856
4523,YPL032C,0.00020949437277353772
4524,YDR145W,0.0014058100812030768
4525,YER042W,6.1005254340436004e-05
4526,YHR087W,1.750979890663742e-05
4527,YER030W,0.00035234499179515207
4528,YGL226W,1.4735222193123421e-06
4529,YPL017C,7.083184542633138e-06
4530,YMR237W,0.0006668487714628622
4531,YKL181W,2.7872867259612442e-05
4532,YJL039C,7.529828776749073e-05
4533,YPL030W,0.0003278829462397474
4534,YNR009W,7.034367300343401e-06
4535,YKL021C,0.0011755742161524694
4536,YDR386W,3.263554892020687e-05
4537,YOL007C,0.000269117919858974
4538,YPL118W,0.0014696326381539006
4539,YDR273W,3.4212701506816075e-06
4540,YLR418C,8.617971259185524e-05
4541,YBR006W,2.8968676856433824e-05
4542,YLL036C,0.0013134240768661375
4543,YMR113W,1.1570472579690122e-05
4544,YHR028C,4.6913408723489e-06
4545,YML105C,0.0018739876741305827
4546,YDR541C,1.0924562678373234e-05
4547,YOR075W,2.101751120351944e-05
4548,YNR060W,0.00015588523666661805
4549,YPL096W,1.1443132757043298e-05
4550,YCL061C,6.173125164029509e-06
4551,YPL258C,0.00013156268263496616
4552,YBR235W,2.3478010824203134e-05
4553,YIL131C,4.868573908193866e-08
4554,YOR285W,2.164084883225868e-05
4555,YBR058C,5.396325609058981e-05
4556,YGL114W,4.84995514772585e-06
4557,YDR448W,0.001425091836990514
4558,YML074C,0.005194966531923549
4559,YPR134W,0.00021986914927639282
4560,YPL264C,1.2860630180680781e-06
4561,YHR143W-A,0.0016670080380115403
4562,YDR125C,0.0001389816711330529
4563,YJL176C,0.001172424025781939
4564,YKR011C,5.2124944047166494e-05
4565,YKR063C,2.4184010758848935e-05
4566,YDR457W,0.0020063901801112677
4567,YBR088C,2.4715712563394865e-05
4568,YNL280C,7.781106704370194e-06
4569,YOR131C,0.0013443060538331317
4570,YLR423C,8.481209262047019e-06
4571,YIL123W,7.574680273598224e-07
4572,YGR041W,3.8726650291117824e-05
4573,YDR459C,2.4322653975540596e-06
4574,YOL090W,0.00066938434394852
4575,YPL221W,0.0001519800334251663
4576,YPR049C,1.1298199513403241e-05
4577,YDL001W,1.8368552586851396e-06
4578,YBR119W,0.0005973625349617828
4579,YEL063C,8.535894388325344e-06
4580,YOR184W,0.0005635626244018078
4581,YFR052W,0.0004078211412081285
4582,YFL011W,7.471527701180327e-07
4583,YDR381W,0.015265476429242645
4584,YCL037C,0.03301861325854112
4585,YJR141W,4.837998517770455e-05
4586,YOL055C,1.2800333924543034e-05
4587,YNL075W,0.012067844638272917
4588,YJR153W,7.554379226991957e-05
4589,YML108W,0.00032528145900300934
4590,YGL122C,0.0018854157631193393
4591,YPL155C,7.397832675772268e-06
4592,YER072W,0.0006253179452871543
4593,YPL075W,3.4909070659685902e-06
4594,YPL178W,0.0008289143981855079
4595,YDR078C,1.5961719717544846e-09
4596,YPL215W,8.310884796825295e-06
4597,YPL057C,0.00019905337146934067
4598,YGR076C,0.0005627229494157426
4599,YLL010C,6.098109554373608e-06
4600,YOR012W,2.423680715676197e-07
4601,YLR223C,0.001230281153941648
4602,YNL016W,0.0012449950744663231
4603,YER118C,0.00010228384617722562
4604,YGL044C,0.0001375388439878212
4605,YGL073W,3.672593708557692e-05
4606,YJL222W,0.0008439469837505831
4607,YGR100W,6.672842961297181e-05
4608,YBL088C,0.0007983727774095307
4609,YDR372C,3.973131010029863e-05
4610,YGR198W,1.1077160105191756e-05
4611,YLR258W,0.00010056199156972759
4612,YLR046C,0.00012743600025773728
4613,YJL180C,3.1280498254005036e-06
4614,YDR195W,0.0067274083659504815
4615,YFR022W,0.00035241420085031723
4616,YKL006W,0.041276838908358135
4617,YIL075C,0.003002507993642088
4618,YDR163W,6.04456611626842e-07
4619,YBR159W,0.00046477879577467267
4620,YPL266W,0.02052426477098907
4621,YDR282C,0.00025022998757117727
4622,YHR181W,5.237350742282963e-06
4623,YGL112C,0.002671639095663955
4624,YJR123W,0.10895848254198978
4625,YKL013C,3.78771829216237e-05
4626,YJR063W,0.001685693441564662
4627,YBL097W,4.008693486918892e-05
4628,YPL108W,2.5537719642683e-08
4629,YBR041W,3.835173965839863e-06
4630,YKL108W,1.325690603321884e-05
4631,YGL066W,0.001042639343900979
4632,YLL050C,1.0333504322497408e-05
4633,YGR217W,6.212782445368652e-05
4634,YJR052W,2.4752450402949995e-07
4635,YNL326C,2.7153377668382906e-07
4636,YDL056W,1.91715435237245e-06
4637,YJR068W,0.0022437509571088263
4638,YDL195W,0.001169734697784075
4639,YDR162C,6.611163912478214e-05
4640,YHR127W,3.843424542817306e-05
4641,YBR180W,4.036367306915076e-05
4642,YNR021W,0.0007210421178069097
4643,YPL253C,0.0006179597199854681
4644,YGR055W,7.411827236807499e-05
4645,YLR278C,0.001107542113000429
4646,YML065W,0.008602554736994734
4647,YIL149C,1.9634474994283115e-05
4648,YPL191C,0.00037137177298226154
4649,YFL029C,1.0378409464850379e-05
4650,YPR086W,1.2237554555493228e-05
4651,YOL114C,9.99041225914464e-06
4652,YLR354C,3.205720050960442e-07
4653,YDR486C,0.00010553955100410319
4654,YFR033C,1.2285526984515374e-05
4655,YHR155W,0.00025705970601411026
4656,YNR032C-A,0.00010977741855751177
4657,YGL173C,0.0289141338460861
4658,YJL112W,6.747290914934865e-05
4659,YMR227C,0.0002686799958256322
4660,YLR407W,1.937870956191535e-05
4661,YOL093W,0.00010425447260832634
4662,YER018C,1.7774127289525697e-05
4663,YDL243C,1.1539977380257315e-05
4664,YJL186W,0.0001289503468634086
4665,YDR170C,0.003935248323738783
4666,YDR410C,0.00020864633156294154
4667,YBR050C,1.5219252993234182e-05
4668,YOR210W,0.0011433643792205421
4669,YLL024C,8.181745434566577e-06
4670,YAR019C,6.916232697062644e-05
4671,YNR074C,9.984079017405281e-06
4672,YLL019C,2.9488072543848732e-05
4673,YFR004W,0.0004135603751717887
4674,YLL038C,1.700071919611872e-05
4675,YOR251C,0.0010831750388928321
4676,YBR274W,0.0001232637060527824
4677,YML047C,6.046400112780811e-05
4678,YFR026C,3.182111658360803e-05
4679,YMR125W,0.007103443265420357
4680,YOL080C,7.647660832891071e-08
4681,YOR252W,0.0009299380870402861
4682,YGL252C,0.0007460746344139259
4683,YEL040W,0.0002212871879508942
4684,YKR092C,0.0020613757718768583
4685,YER060W,5.520918531252351e-06
4686,YGL115W,8.714400832967426e-05
4687,YOR357C,4.9470474292379545e-08
4688,YNL126W,2.2571694733498938e-05
4689,YOL140W,7.656892383320155e-06
4690,YPL074W,5.4517280754951066e-05
4691,YDR365C,0.01010816702267555
4692,YBR086C,0.0007201799598890059
4693,YML002W,1.1710189966386618e-05
4694,YLR312W-A,0.0006524629347342847
4695,YPL203W,5.197688903218771e-05
4696,YDR399W,4.87286879604778e-05
4697,YLR131C,7.25185940065924e-05
4698,YGR263C,2.832837138653272e-05
4699,YPR180W,0.00028361478968055577
4700,YJR007W,0.007189310718319471
4701,YIL118W,3.0448032771973663e-06
4702,YML030W,1.045020123464938e-05
4703,YOL034W,0.0006956046428028971
4704,YER096W,0.00014106687418296532
4705,YDR128W,3.1172561569825634e-05
4706,YDR214W,0.0006820322274892229
4707,YGL215W,1.3027479070350724e-07
4708,YKL180W,0.11032632195744368
4709,YDR016C,2.820373612437364e-06
4710,YHR190W,1.7399513567329158e-06
4711,YHR009C,4.9650085105595555e-06
4712,YKR002W,0.003646698551749646
4713,YLR009W,0.0010060334705162767
4714,YER088C,9.990979530940547e-07
4715,YER131W,0.03846901522691727
4716,YDR538W,4.960160197966978e-05
4717,YNL231C,2.34363664576284e-06
4718,YHR156C,0.0004847902795952849
4719,YGR095C,0.0003871434986676993
4720,YNL128W,6.061802418428981e-05
4721,YLR066W,3.262132453996802e-05
4722,YPL111W,2.660016046846751e-05
4723,YOR290C,0.0028146801233778452
4724,YOR255W,1.9347203994852756e-06
4725,YPL128C,0.0005999545737060094
4726,YLR068W,5.555436640946965e-05
4727,YKR101W,2.0467317057462633e-05
4728,YDR124W,6.311265060729722e-07
4729,YOR257W,2.073462412442038e-05
4730,YDL160C,0.0030882316450544663
4731,YNR054C,0.011700594297136503
4732,YCR015C,1.5278588852587163e-06
4733,YMR288W,0.0013671379214212857
4734,YHR085W,0.013971193463745504
4735,YLR105C,0.0001426091759639244
4736,YDL088C,0.0005565134227348493
4737,YFR042W,1.0517953512118142e-05
4738,YJR136C,5.407258539835086e-05
4739,YER103W,0.00016699305256038388
4740,YPL076W,1.6958115546126225e-05
4741,YMR235C,0.0005454048512605985
4742,YHL028W,4.475073662420278e-06
4743,YOR275C,0.00224502953868542
4744,YGL208W,0.00027439857890283065
4745,YNL188W,0.0001547844470738994
4746,YDR429C,0.007284765154223703
4747,YCR018C,1.5851979441302173e-05
4748,YDR306C,2.0041200377875974e-05
4749,YHL029C,5.634373330501588e-05
4750,YHR134W,0.0003843887061265362
4751,YPL196W,7.4836666243008975e-06
4752,YJL139C,2.0762113825379897e-06
4753,YJR006W,2.3206497912099737e-06
4754,YOL139C,0.01566063404957923
4755,YNL091W,0.00016502631598335824
4756,YGR280C,0.0023059991961249604
4757,YNR015W,0.00048161099804999756
4758,YIL124W,3.0678233688448867e-06
4759,YER104W,1.5449374311264066e-05
4760,YIL148W,2.2811595496651236e-05
4761,YGL002W,3.224749948496559e-05
4762,YGL026C,5.376462210695661e-06
4763,YBR033W,2.6389066277849605e-06
4764,YMR302C,0.001324824961940071
4765,YLR398C,0.001086997325002243
4766,YDL015C,0.004754038204740928
4767,YPL243W,0.0002053940283520164
4768,YBR128C,8.707077465357556e-07
4769,YLR051C,8.40648612146346e-06
4770,YKR024C,0.0028787841740470525
4771,YNL073W,6.174368228018722e-05
4772,YNL239W,6.357193446852531e-05
4773,YML007W,0.0018503419306836785
4774,YDR047W,1.1002540192582186e-05
4775,YIL046W,1.2659058153519876e-05
4776,YKL214C,0.0010110774483903487
4777,YBR169C,0.00011973424696976628
4778,YLR125W,2.2758415310504108e-05
4779,YPL173W,0.0005417363415500089
4780,YNL070W,1.4481411893665935e-07
4781,YMR121C,0.003009098152767438
4782,YDR027C,0.0011812148671186552
4783,YHR196W,0.01673341034468659
4784,YKL088W,4.9181689006451945e-05
4785,YNR037C,0.0012353738679553906
4786,YGL205W,5.070094392484204e-05
4787,YDR093W,2.321106231291032e-05
4788,YML133C,0.0007585245629684969
4789,YCL040W,8.221681445684492e-05
4790,YLR403W,1.8957912267502213e-05
4791,YPR008W,5.097965235250578e-05
4792,YOL013W-A,0.00047579978272000996
4793,YLR155C,1.8189352923556062e-07
4794,YOR253W,0.00015887000816909013
4795,YOR010C,2.2556797240111156e-06
4796,YFR017C,8.352037635768436e-06
4797,YMR044W,0.00012338480441153913
4798,YOL129W,3.0027233918492936e-06
4799,YLR337C,6.940209601790397e-05
4800,YLR328W,2.0225521952710055e-06
4801,YGL093W,3.2242756134350405e-06
4802,YKR054C,1.9103928398591592e-05
4803,YHL031C,3.383574697276059e-05
4804,YOR097C,7.521755703851613e-06
4805,YGR086C,0.0003995112388708803
4806,YOR078W,0.005813258016750194
4807,YBR207W,0.00015946172969515804
4808,YGR162W,0.010978053234531498
4809,YNL277W,8.165511960807672e-05
4810,YPR017C,7.281879257446438e-06
4811,YNL251C,0.001365061952461341
4812,YBR199W,0.0002679589230987938
4813,YPR107C,0.0011621856792533058
4814,YDR258C,1.5805107946712833e-05
4815,YPL113C,4.325908740702947e-05
4816,YER041W,0.0005236437887678242
4817,YGL063W,0.00023153309955742537
4818,YLR447C,0.00037225717592302585
4819,YPL046C,3.0519325858517306e-09
4820,YLR100W,0.00024965460600782696
4821,YDR496C,0.07775315049004736
4822,YJR101W,0.0013280790356025468
4823,YOR308C,0.0012285636004297801
4824,YBR127C,0.00011140585979277728
4825,YOR187W,2.91459161356421e-05
4826,YER182W,9.812583315514855e-06
4827,YLR180W,0.0031833098406287264
4828,YDR137W,2.8315528336346386e-06
4829,YDR201W,3.0609921505757343e-06
4830,YDR462W,0.0015686012383180244
4831,YCR073C,1.8696998775570307e-05
4832,YBR241C,6.483353094639252e-06
4833,YOL076W,2.1248364085456984e-05
4834,YDR060W,0.05980417672748032
4835,YDL129W,0.00021856722678767054
4836,YDR461W,0.0002796071911965513
4837,YDR200C,1.868493173573195e-05
4838,YDR419W,1.3003375211682141e-05
4839,YOL036W,5.007443287077887e-05
4840,YKR027W,0.0004776328046986997
4841,YOL116W,2.2896846426235043e-05
4842,YCR076C,8.203806178415893e-05
4843,YOR178C,1.160785293037882e-05
4844,YKR006C,0.00258836942125674
4845,YNR018W,5.60091050553488e-06
4846,YBR150C,1.140162622405292e-05
4847,YJR059W,1.4269377577096864e-05
4848,YLR162W,0.00015043983526372558
4849,YKL087C,6.628510944003032e-06
4850,YFL013C,0.00010547421070476017
4851,YLR393W,3.4905274304249243e-07
4852,YDR176W,0.00034914561050011404
4853,YMR106C,1.0389218434915294e-05
4854,YMR084W,2.7628323688219783e-05
4855,YLR262C-A,3.590687567738439e-05
4856,YPR095C,0.0007002333551883238
4857,YPL086C,0.0008574609434855432
4858,YAL016W,0.0010351479189106053
4859,YCR028C-A,5.3821651800597875e-05
4860,YDR280W,0.0012359090125028398
4861,YMR314W,0.0006294456114019633
4862,YPL158C,4.2045964799302345e-07
4863,YBR018C,3.118841666925089e-06
4864,YHR119W,0.004207828470350867
4865,YGR183C,4.726755576906447e-06
4866,YNL108C,0.00143361778593801
4867,YIL015W,0.00021674694070499432
4868,YDR242W,6.433562432237146e-05
4869,YDR400W,3.11440611498438e-05
4870,YDL202W,0.00016349150077231195
4871,YBR020W,1.157773901313973e-05
4872,YOR110W,3.737394006611961e-05
4873,YPR046W,7.793602428047568e-06
4874,YGR062C,8.056822815092003e-06
4875,YDR002W,0.0005603554755012255
4876,YOR389W,3.0073455815242665e-05
4877,YJR010W,2.359296972427737e-05
4878,YJR097W,3.8665375930646376e-06
4879,YMR097C,4.173593531857236e-05
4880,YDR378C,0.001332376138236403
4881,YGR012W,1.462934607636748e-05
4882,YIR009W,0.0005604286092786544
4883,YBL074C,0.0005571306730131789
4884,YFL010C,0.000800390837360147
4885,YPR155C,1.6422984405048792e-05
4886,YDR089W,2.9116302154985335e-05
4887,YJL167W,8.448017847314237e-05
4888,YNL278W,9.210419501397781e-06
4889,YGL013C,0.0003873240263053195
4890,YIL064W,3.6538187160733836e-07
4891,YPL161C,1.0699651775259708e-05
4892,YGR061C,0.00021152328189227789
4893,YKL215C,2.1594789739467015e-05
4894,YOR208W,0.00029908356801650797
4895,YHL047C,0.0006928230664958614
4896,YJR135C,4.058393968126676e-05
4897,YPR100W,0.0008574209916272256
4898,YGR245C,0.028708695512448323
4899,YOR133W,0.002293780654182343
4900,YER150W,1.7344162792638987e-05
4901,YJL163C,3.1742386374308775e-06
4902,YEL058W,4.0912730529568984e-05
4903,YDR506C,6.29980558394162e-05
4904,YMR169C,2.372500348550019e-05
4905,YGL120C,0.04065170436780779
4906,YKL140W,5.19325635170943e-05
4907,YHR183W,0.002146962334606446
4908,YGL154C,0.00011282854346650564
4909,YER154W,0.000799741981657111
4910,YFR018C,0.000410773011389649
4911,YDR105C,2.92317613377805e-06
4912,YMR083W,0.0007314379773219592
4913,YHR034C,3.990431163085404e-05
4914,YPL027W,2.7283386350062233e-05
4915,YPR186C,0.0005149102373045664
4916,YBR085W,0.0009457688289528077
4917,YPL012W,0.07087454268929022
4918,YLR136C,4.3550210962038835e-06
4919,YGR134W,6.288207127832971e-05
4920,YIL051C,9.426040225213455e-06
4921,YJR107W,1.2201798385663983e-05
4922,YLR425W,1.4871135852496596e-05
4923,YBL084C,0.0007864415052520115
4924,YKL095W,2.7257983015265637e-05
4925,YGR136W,0.000115266589639745
4926,YJR116W,2.398032323586588e-06
4927,YGL200C,0.0014226783357258652
4928,YOL104C,1.3712857264717005e-05
4929,YMR014W,0.000594061186443706
4930,YPL067C,6.73515528863753e-07
4931,YPL268W,1.4783459900427468e-05
4932,YOR327C,2.6395041871931285e-06
4933,YOR337W,4.75897634024213e-05
4934,YFR051C,0.0007092584829223394
4935,YPR060C,2.2232030559629774e-05
4936,YNL023C,0.0020234989584333512
4937,YDR533C,8.007944736402356e-05
4938,YDL073W,9.40894363116802e-06
4939,YLR043C,0.0005118076143481271
4940,YGR199W,4.509273808419354e-06
4941,YOL011W,2.2928181992279074e-05
4942,YML062C,0.0007847817602130433
4943,YEL002C,0.0007608634821497096
4944,YAL028W,3.421601704936149e-05
4945,YHL003C,6.585187185000166e-05
4946,YMR286W,0.0005012805256872391
4947,YBR264C,7.271812875957633e-06
4948,YBR105C,0.002891045658676794
4949,YDR067C,1.2458669386218149e-06
4950,YDL173W,0.0004652559441764155
4951,YLR059C,2.055167959387174e-05
4952,YKL039W,3.6612374492107105e-05
4953,YJL123C,0.0007907507638997219
4954,YML098W,0.00020209394574339425
4955,YGR209C,0.00048335955142325113
4956,YPL082C,0.004300390507343476
4957,YLR229C,2.634735279825298e-06
4958,YNL218W,3.987773798294536e-05
4959,YOR375C,8.246903317817479e-05
4960,YLR035C,0.00036089620722501924
4961,YOR120W,0.0004948365588277619
4962,YOR341W,0.0008125713175684623
4963,YHR083W,5.949792179507284e-06
4964,YHR018C,4.3167898983569567e-07
4965,YIL043C,0.0026209025121983623
4966,YCR014C,0.0009163692850479761
4967,YCR102C,4.893870845676428e-05
4968,YGR088W,0.00018386416152252918
4969,YGR254W,2.271986598284017e-05
4970,YDR361C,0.0023618187688978706
4971,YMR043W,6.727333131165895e-06
4972,YOR177C,1.855926673918089e-05
4973,YGR092W,0.0008159486899613461
4974,YLR175W,0.041170938679406036
4975,YGR152C,0.0004081521966926104
4976,YDR039C,7.709072676787495e-07
4977,YGL167C,0.0003877404030058295
4978,YHR216W,0.038090311888155585
4979,YGL048C,0.0007940315368596579
4980,YBR136W,0.00013841789568507887
4981,YKL042W,5.192928744468439e-05
4982,YER169W,2.028008684992183e-05
4983,YDR141C,0.0012479639508174972
4984,YBL002W,0.005309337874344714
4985,YMR074C,0.00013593320207483
4986,YLR200W,0.00015585084836370925
4987,YAL008W,2.1763004147629558e-05
4988,YLR364W,8.506478544591807e-05
4989,YML052W,4.69764658533753e-05
4990,YPL186C,1.6711841289504133e-06
4991,YHR008C,5.0162531172288774e-06
4992,YBR172C,0.0006592518027622098
4993,YLR265C,3.976532432713433e-06
4994,YHR166C,0.0001811767754383892
4995,YNL147W,0.000898107190433085
4996,YDR408C,7.338994689145244e-06
4997,YOR307C,9.619661289664186e-05
4998,YOR032C,3.3887468795448516e-06
4999,YER093C,0.001493724296577658
5000,YJR090C,6.901090750053336e-05
5001,YDR291W,0.001210755032756453
5002,YMR001C,0.00014579963448169245
